{"data":[{"latitude":"12.919616","longitude":"77.592469","responsecode":200},{"latitude":"12.919609999999999","longitude":"77.59284","responsecode":200},{"latitude":"12.92016","longitude":"77.59297","responsecode":200},{"latitude":"12.92025","longitude":"77.59303999999999","responsecode":200},{"latitude":"12.92037","longitude":"77.59313999999999","responsecode":200},{"latitude":"12.92045","longitude":"77.59321999999999","responsecode":200},{"latitude":"12.920580000000001","longitude":"77.59333999999998","responsecode":200},{"latitude":"12.920580000000001","longitude":"77.59340999999998","responsecode":200},{"latitude":"12.92074","longitude":"77.59341999999998","responsecode":200},{"latitude":"12.92093","longitude":"77.59342999999998","responsecode":200},{"latitude":"12.92126","longitude":"77.59342999999998","responsecode":200},{"latitude":"12.92162","longitude":"77.59343999999999","responsecode":200},{"latitude":"12.921940000000001","longitude":"77.59342999999998","responsecode":200},{"latitude":"12.92219","longitude":"77.59342999999998","responsecode":200},{"latitude":"12.922500000000001","longitude":"77.59342999999998","responsecode":200},{"latitude":"12.922820000000002","longitude":"77.59342999999998","responsecode":200},{"latitude":"12.923000000000002","longitude":"77.59342999999998","responsecode":200},{"latitude":"12.923080000000002","longitude":"77.59342999999998","responsecode":200},{"latitude":"12.92308","longitude":"77.59343","responsecode":200},{"latitude":"12.923200000000001","longitude":"77.59343","responsecode":200},{"latitude":"12.923190000000002","longitude":"77.59302","responsecode":200},{"latitude":"12.923190000000002","longitude":"77.59266","responsecode":200},{"latitude":"12.923200000000001","longitude":"77.59201999999999","responsecode":200},{"latitude":"12.923210000000001","longitude":"77.59154","responsecode":200},{"latitude":"12.92322","longitude":"77.59109","responsecode":200},{"latitude":"12.92324","longitude":"77.59066","responsecode":200},{"latitude":"12.92324","longitude":"77.59054","responsecode":200},{"latitude":"12.92325","longitude":"77.59018","responsecode":200},{"latitude":"12.923269999999999","longitude":"77.58963","responsecode":200},{"latitude":"12.923269999999999","longitude":"77.58954","responsecode":200},{"latitude":"12.923279999999998","longitude":"77.58894","responsecode":200},{"latitude":"12.92328","longitude":"77.58894","responsecode":200},{"latitude":"12.92328","longitude":"77.58894","responsecode":200},{"latitude":"12.92329","longitude":"77.58861999999999","responsecode":200},{"latitude":"12.92329","longitude":"77.58855999999999","responsecode":200},{"latitude":"12.9233","longitude":"77.58811999999999","responsecode":200},{"latitude":"12.92394","longitude":"77.58814","responsecode":200},{"latitude":"12.92468","longitude":"77.58815","responsecode":200},{"latitude":"12.92506","longitude":"77.58815","responsecode":200},{"latitude":"12.92529","longitude":"77.58815","responsecode":200},{"latitude":"12.92547","longitude":"77.58815","responsecode":200},{"latitude":"12.92585","longitude":"77.58816","responsecode":200},{"latitude":"12.92624","longitude":"77.58818000000001","responsecode":200},{"latitude":"12.92653","longitude":"77.58818000000001","responsecode":200},{"latitude":"12.926739999999999","longitude":"77.58818000000001","responsecode":200},{"latitude":"12.926809999999998","longitude":"77.58818000000001","responsecode":200},{"latitude":"12.927069999999999","longitude":"77.58819000000001","responsecode":200},{"latitude":"12.927749999999998","longitude":"77.58822","responsecode":200},{"latitude":"12.927759999999997","longitude":"77.58812","responsecode":200},{"latitude":"12.927779999999997","longitude":"77.58802","responsecode":200},{"latitude":"12.927819999999997","longitude":"77.5879","responsecode":200},{"latitude":"12.927869999999997","longitude":"77.58779","responsecode":200},{"latitude":"12.927929999999996","longitude":"77.58769","responsecode":200},{"latitude":"12.928009999999997","longitude":"77.5876","responsecode":200},{"latitude":"12.928079999999996","longitude":"77.58755","responsecode":200},{"latitude":"12.928169999999996","longitude":"77.58751","responsecode":200},{"latitude":"12.928297999999996","longitude":"77.587452","responsecode":200},{"latitude":"12.928298","longitude":"77.587452","responsecode":200},{"latitude":"12.92837","longitude":"77.58742","responsecode":200},{"latitude":"12.928439999999998","longitude":"77.58738","responsecode":200},{"latitude":"12.928479999999999","longitude":"77.58734","responsecode":200},{"latitude":"12.92851","longitude":"77.5873","responsecode":200},{"latitude":"12.928529999999999","longitude":"77.58725","responsecode":200},{"latitude":"12.928549999999998","longitude":"77.58718","responsecode":200},{"latitude":"12.928559999999997","longitude":"77.58711000000001","responsecode":200},{"latitude":"12.928569999999997","longitude":"77.587","responsecode":200},{"latitude":"12.928579999999997","longitude":"77.58658","responsecode":200},{"latitude":"12.928579999999997","longitude":"77.58626","responsecode":200},{"latitude":"12.928589999999996","longitude":"77.58615999999999","responsecode":200},{"latitude":"12.928629999999997","longitude":"77.58601999999999","responsecode":200},{"latitude":"12.928629999999997","longitude":"77.5859","responsecode":200},{"latitude":"12.928639999999996","longitude":"77.58574999999999","responsecode":200},{"latitude":"12.928649999999996","longitude":"77.58532999999998","responsecode":200},{"latitude":"12.928649999999996","longitude":"77.58518999999998","responsecode":200},{"latitude":"12.928659999999995","longitude":"77.58500999999998","responsecode":200},{"latitude":"12.92866","longitude":"77.58501","responsecode":200},{"latitude":"12.92866","longitude":"77.58501","responsecode":200},{"latitude":"12.92866","longitude":"77.58501","responsecode":200},{"latitude":"12.92857","longitude":"77.58489","responsecode":200},{"latitude":"12.92854","longitude":"77.58477","responsecode":200},{"latitude":"12.92854","longitude":"77.58477","responsecode":200},{"latitude":"12.92851","longitude":"77.58443","responsecode":200},{"latitude":"12.92852","longitude":"77.58418","responsecode":200},{"latitude":"12.92852","longitude":"77.58418","responsecode":200},{"latitude":"12.92869","longitude":"77.58396","responsecode":200},{"latitude":"12.92869","longitude":"77.58386","responsecode":200},{"latitude":"12.92869","longitude":"77.58385","responsecode":200},{"latitude":"12.928899999999999","longitude":"77.58385","responsecode":200},{"latitude":"12.929199999999998","longitude":"77.58385","responsecode":200},{"latitude":"12.929529999999998","longitude":"77.58385","responsecode":200},{"latitude":"12.930419999999998","longitude":"77.58386","responsecode":200},{"latitude":"12.930769999999997","longitude":"77.58385","responsecode":200},{"latitude":"12.930979999999996","longitude":"77.58385","responsecode":200},{"latitude":"12.931489999999997","longitude":"77.58387","responsecode":200},{"latitude":"12.931801999999996","longitude":"77.583886","responsecode":200},{"latitude":"12.931802","longitude":"77.583886","responsecode":200},{"latitude":"12.93208","longitude":"77.5839","responsecode":200},{"latitude":"12.93254","longitude":"77.58392","responsecode":200},{"latitude":"12.93269","longitude":"77.58393000000001","responsecode":200},{"latitude":"12.932799999999999","longitude":"77.58395000000002","responsecode":200},{"latitude":"12.932929999999999","longitude":"77.58398000000001","responsecode":200},{"latitude":"12.932949999999998","longitude":"77.58394000000001","responsecode":200},{"latitude":"12.932979999999999","longitude":"77.58390000000001","responsecode":200},{"latitude":"12.933019999999999","longitude":"77.58391000000002","responsecode":200},{"latitude":"12.93315","longitude":"77.58391000000002","responsecode":200},{"latitude":"12.9333","longitude":"77.58392000000002","responsecode":200},{"latitude":"12.933649999999998","longitude":"77.58395000000002","responsecode":200},{"latitude":"12.93391","longitude":"77.58396000000002","responsecode":200},{"latitude":"12.934259999999998","longitude":"77.58396000000002","responsecode":200},{"latitude":"12.934329999999997","longitude":"77.58396000000002","responsecode":200},{"latitude":"12.934439999999997","longitude":"77.58396000000002","responsecode":200},{"latitude":"12.934569999999997","longitude":"77.58397000000002","responsecode":200},{"latitude":"12.934719999999997","longitude":"77.58398000000003","responsecode":200},{"latitude":"12.934889999999998","longitude":"77.58400000000003","responsecode":200},{"latitude":"12.935039999999997","longitude":"77.58402000000004","responsecode":200},{"latitude":"12.935169999999998","longitude":"77.58403000000004","responsecode":200},{"latitude":"12.935289999999998","longitude":"77.58403000000004","responsecode":200},{"latitude":"12.935449999999998","longitude":"77.58403000000004","responsecode":200},{"latitude":"12.935659999999997","longitude":"77.58402000000004","responsecode":200},{"latitude":"12.935779999999998","longitude":"77.58401000000003","responsecode":200},{"latitude":"12.936119999999997","longitude":"77.58398000000004","responsecode":200},{"latitude":"12.936369999999997","longitude":"77.58398000000004","responsecode":200},{"latitude":"12.936509999999997","longitude":"77.58398000000004","responsecode":200},{"latitude":"12.93651","longitude":"77.58398","responsecode":200},{"latitude":"12.93662","longitude":"77.58398","responsecode":200},{"latitude":"12.9367","longitude":"77.58398","responsecode":200},{"latitude":"12.9367","longitude":"77.58408","responsecode":200},{"latitude":"12.93669","longitude":"77.58415","responsecode":200},{"latitude":"12.93665","longitude":"77.58426","responsecode":200},{"latitude":"12.93665","longitude":"77.58445","responsecode":200},{"latitude":"12.93665","longitude":"77.58481","responsecode":200},{"latitude":"12.93665","longitude":"77.58497","responsecode":200},{"latitude":"12.93668","longitude":"77.58497","responsecode":200},{"latitude":"12.936710000000001","longitude":"77.58499","responsecode":200},{"latitude":"12.936720000000001","longitude":"77.58502","responsecode":200},{"latitude":"12.936770000000001","longitude":"77.58505","responsecode":200},{"latitude":"12.93682","longitude":"77.58507","responsecode":200},{"latitude":"12.93689","longitude":"77.58508","responsecode":200},{"latitude":"12.93697","longitude":"77.58508","responsecode":200},{"latitude":"12.9372","longitude":"77.58508","responsecode":200},{"latitude":"12.937460000000002","longitude":"77.58508","responsecode":200},{"latitude":"12.937689","longitude":"77.585086","responsecode":200},{"latitude":"12.937689","longitude":"77.585086","responsecode":200},{"latitude":"12.93787","longitude":"77.58509000000001","responsecode":200},{"latitude":"12.93824","longitude":"77.58509000000001","responsecode":200},{"latitude":"12.93857","longitude":"77.58509000000001","responsecode":200},{"latitude":"12.93877","longitude":"77.58510000000001","responsecode":200},{"latitude":"12.93928","longitude":"77.58511000000001","responsecode":200},{"latitude":"12.93953","longitude":"77.58510000000001","responsecode":200},{"latitude":"12.939869999999999","longitude":"77.58511000000001","responsecode":200},{"latitude":"12.940589999999998","longitude":"77.58513000000002","responsecode":200},{"latitude":"12.941049999999999","longitude":"77.58514000000002","responsecode":200},{"latitude":"12.94146","longitude":"77.58515000000003","responsecode":200},{"latitude":"12.941609999999999","longitude":"77.58516000000003","responsecode":200},{"latitude":"12.94174","longitude":"77.58516000000003","responsecode":200},{"latitude":"12.942","longitude":"77.58516000000003","responsecode":200},{"latitude":"12.94219","longitude":"77.58516000000003","responsecode":200},{"latitude":"12.94235","longitude":"77.58516000000003","responsecode":200},{"latitude":"12.942559999999999","longitude":"77.58516000000003","responsecode":200},{"latitude":"12.942779999999999","longitude":"77.58516000000003","responsecode":200},{"latitude":"12.94301","longitude":"77.58517000000003","responsecode":200},{"latitude":"12.943299999999999","longitude":"77.58518000000004","responsecode":200},{"latitude":"12.943389999999999","longitude":"77.58518000000004","responsecode":200},{"latitude":"12.943599999999998","longitude":"77.58515000000004","responsecode":200},{"latitude":"12.943619999999997","longitude":"77.58513000000004","responsecode":200},{"latitude":"12.943649999999998","longitude":"77.58511000000003","responsecode":200},{"latitude":"12.943679999999999","longitude":"77.58510000000003","responsecode":200},{"latitude":"12.943679999999999","longitude":"77.58497000000003","responsecode":200},{"latitude":"12.94368","longitude":"77.58497","responsecode":200},{"latitude":"12.94368","longitude":"77.58493","responsecode":200},{"latitude":"12.943670000000001","longitude":"77.58407","responsecode":200},{"latitude":"12.943670000000001","longitude":"77.58373","responsecode":200},{"latitude":"12.943660000000001","longitude":"77.58326","responsecode":200},{"latitude":"12.943660000000001","longitude":"77.58314999999999","responsecode":200},{"latitude":"12.943660000000001","longitude":"77.58305999999999","responsecode":200},{"latitude":"12.943660000000001","longitude":"77.58299999999998","responsecode":200},{"latitude":"12.94363","longitude":"77.58288999999998","responsecode":200},{"latitude":"12.943620000000001","longitude":"77.58277999999997","responsecode":200},{"latitude":"12.943610000000001","longitude":"77.58261999999998","responsecode":200},{"latitude":"12.943610000000001","longitude":"77.58249999999998","responsecode":200},{"latitude":"12.943620000000001","longitude":"77.58240999999998","responsecode":200},{"latitude":"12.94364","longitude":"77.58229999999998","responsecode":200},{"latitude":"12.943670000000001","longitude":"77.58219999999997","responsecode":200},{"latitude":"12.943670000000001","longitude":"77.58193999999997","responsecode":200},{"latitude":"12.943660000000001","longitude":"77.58142999999997","responsecode":200},{"latitude":"12.94363","longitude":"77.58134999999997","responsecode":200},{"latitude":"12.943620000000001","longitude":"77.58117999999997","responsecode":200},{"latitude":"12.943620000000001","longitude":"77.58104999999998","responsecode":200},{"latitude":"12.943620000000001","longitude":"77.58086999999998","responsecode":200},{"latitude":"12.943620000000001","longitude":"77.58065999999998","responsecode":200},{"latitude":"12.94363","longitude":"77.58040999999999","responsecode":200},{"latitude":"12.943620000000001","longitude":"77.58011999999998","responsecode":200},{"latitude":"12.943660000000001","longitude":"77.58003999999998","responsecode":200},{"latitude":"12.94382","longitude":"77.58003999999998","responsecode":200},{"latitude":"12.94486","longitude":"77.58001299999998","responsecode":200},{"latitude":"12.94486","longitude":"77.580013","responsecode":200},{"latitude":"12.94535","longitude":"77.58","responsecode":200},{"latitude":"12.946159999999999","longitude":"77.57997","responsecode":200},{"latitude":"12.94728","longitude":"77.57999000000001","responsecode":200},{"latitude":"12.947899999999999","longitude":"77.57999000000001","responsecode":200},{"latitude":"12.948279999999999","longitude":"77.57998","responsecode":200},{"latitude":"12.94836","longitude":"77.57998","responsecode":200},{"latitude":"12.94862","longitude":"77.57997","responsecode":200},{"latitude":"12.94906","longitude":"77.57995","responsecode":200},{"latitude":"12.949449999999999","longitude":"77.57995","responsecode":200},{"latitude":"12.949629999999999","longitude":"77.57995","responsecode":200},{"latitude":"12.94963","longitude":"77.57995","responsecode":200},{"latitude":"12.949660000000002","longitude":"77.57995","responsecode":200},{"latitude":"12.950590000000002","longitude":"77.57994","responsecode":200},{"latitude":"12.950770000000002","longitude":"77.57994","responsecode":200},{"latitude":"12.951880000000003","longitude":"77.57992999999999","responsecode":200},{"latitude":"12.952330000000003","longitude":"77.57992999999999","responsecode":200},{"latitude":"12.952610000000004","longitude":"77.57994","responsecode":200},{"latitude":"12.953470000000003","longitude":"77.57994","responsecode":200},{"latitude":"12.953690000000003","longitude":"77.57994","responsecode":200},{"latitude":"12.953870000000004","longitude":"77.579934","responsecode":200},{"latitude":"12.95387","longitude":"77.579934","responsecode":200},{"latitude":"12.95401","longitude":"77.57992999999999","responsecode":200},{"latitude":"12.95425","longitude":"77.57992999999999","responsecode":200},{"latitude":"12.95462","longitude":"77.57992999999999","responsecode":200},{"latitude":"12.954880000000001","longitude":"77.57994","responsecode":200},{"latitude":"12.95513","longitude":"77.57994","responsecode":200},{"latitude":"12.95526","longitude":"77.57996","responsecode":200},{"latitude":"12.955250000000001","longitude":"77.58011","responsecode":200},{"latitude":"12.95536","longitude":"77.58021000000001","responsecode":200},{"latitude":"12.95592","longitude":"77.58077","responsecode":200},{"latitude":"12.956280000000001","longitude":"77.58109","responsecode":200},{"latitude":"12.956710000000001","longitude":"77.58145","responsecode":200},{"latitude":"12.95719","longitude":"77.58181","responsecode":200},{"latitude":"12.9573","longitude":"77.58189","responsecode":200},{"latitude":"12.95747","longitude":"77.58199","responsecode":200},{"latitude":"12.95772","longitude":"77.58212","responsecode":200},{"latitude":"12.95791","longitude":"77.58222","responsecode":200},{"latitude":"12.95823","longitude":"77.58238","responsecode":200},{"latitude":"12.95866","longitude":"77.58261","responsecode":200},{"latitude":"12.95886","longitude":"77.58271","responsecode":200},{"latitude":"12.95895","longitude":"77.58276000000001","responsecode":200},{"latitude":"12.95909","longitude":"77.58283","responsecode":200},{"latitude":"12.9595","longitude":"77.58304","responsecode":200},{"latitude":"12.95983","longitude":"77.58321","responsecode":200},{"latitude":"12.960370000000001","longitude":"77.58353","responsecode":200},{"latitude":"12.961030000000001","longitude":"77.58391","responsecode":200},{"latitude":"12.961480000000002","longitude":"77.58417","responsecode":200},{"latitude":"12.961780000000001","longitude":"77.58436","responsecode":200},{"latitude":"12.96255","longitude":"77.58476","responsecode":200},{"latitude":"12.96284","longitude":"77.58491000000001","responsecode":200},{"latitude":"12.963049999999999","longitude":"77.58500000000001","responsecode":200},{"latitude":"12.96322","longitude":"77.58505000000001","responsecode":200},{"latitude":"12.9634","longitude":"77.58511000000001","responsecode":200},{"latitude":"12.963596","longitude":"77.58518700000002","responsecode":200},{"latitude":"12.963596","longitude":"77.585187","responsecode":200},{"latitude":"12.96373","longitude":"77.58524","responsecode":200},{"latitude":"12.96384","longitude":"77.58529","responsecode":200},{"latitude":"12.963909999999998","longitude":"77.58524","responsecode":200},{"latitude":"12.963969999999998","longitude":"77.58532","responsecode":200},{"latitude":"12.964059999999998","longitude":"77.58542","responsecode":200},{"latitude":"12.964619999999998","longitude":"77.58591","responsecode":200},{"latitude":"12.965269999999999","longitude":"77.58649","responsecode":200},{"latitude":"12.965329999999998","longitude":"77.58654","responsecode":200},{"latitude":"12.965389999999998","longitude":"77.58659","responsecode":200},{"latitude":"12.965479999999998","longitude":"77.58664","responsecode":200},{"latitude":"12.965599999999998","longitude":"77.58669","responsecode":200},{"latitude":"12.965669999999998","longitude":"77.58671000000001","responsecode":200},{"latitude":"12.965729999999997","longitude":"77.58672000000001","responsecode":200},{"latitude":"12.965799999999996","longitude":"77.58674000000002","responsecode":200},{"latitude":"12.965899999999996","longitude":"77.58678000000002","responsecode":200},{"latitude":"12.966039999999996","longitude":"77.58689000000003","responsecode":200},{"latitude":"12.966359999999996","longitude":"77.58719000000002","responsecode":200},{"latitude":"12.966469999999996","longitude":"77.58726000000001","responsecode":200},{"latitude":"12.966569999999995","longitude":"77.58730000000001","responsecode":200},{"latitude":"12.966689999999996","longitude":"77.58734000000001","responsecode":200},{"latitude":"12.966819999999997","longitude":"77.58737","responsecode":200},{"latitude":"12.966929999999996","longitude":"77.58739000000001","responsecode":200},{"latitude":"12.967099999999997","longitude":"77.58741000000002","responsecode":200},{"latitude":"12.967479999999997","longitude":"77.58744000000002","responsecode":200},{"latitude":"12.967799999999997","longitude":"77.58725000000001","responsecode":200},{"latitude":"12.967989999999997","longitude":"77.58719","responsecode":200},{"latitude":"12.968400999999997","longitude":"77.586741","responsecode":200},{"latitude":"12.968401","longitude":"77.586741","responsecode":200},{"latitude":"12.96853","longitude":"77.5866","responsecode":200},{"latitude":"12.968679999999999","longitude":"77.58643000000001","responsecode":200},{"latitude":"12.968869999999999","longitude":"77.58623","responsecode":200},{"latitude":"12.968969999999999","longitude":"77.58611","responsecode":200},{"latitude":"12.969129999999998","longitude":"77.58591","responsecode":200},{"latitude":"12.969599999999998","longitude":"77.58537","responsecode":200},{"latitude":"12.969779999999998","longitude":"77.58516","responsecode":200},{"latitude":"12.970169999999998","longitude":"77.5847","responsecode":200},{"latitude":"12.971009999999998","longitude":"77.5838","responsecode":200},{"latitude":"12.971119999999997","longitude":"77.58368","responsecode":200},{"latitude":"12.971679999999997","longitude":"77.583","responsecode":200},{"latitude":"12.972049999999998","longitude":"77.58261","responsecode":200},{"latitude":"12.972169999999998","longitude":"77.58249","responsecode":200},{"latitude":"12.972269999999998","longitude":"77.58236000000001","responsecode":200},{"latitude":"12.972479999999997","longitude":"77.58208","responsecode":200},{"latitude":"12.972579999999997","longitude":"77.58194","responsecode":200},{"latitude":"12.972627999999997","longitude":"77.581849","responsecode":200},{"latitude":"12.972628","longitude":"77.581849","responsecode":200},{"latitude":"12.97269","longitude":"77.58173000000001","responsecode":200},{"latitude":"12.97281","longitude":"77.58153","responsecode":200},{"latitude":"12.972930000000002","longitude":"77.58128","responsecode":200},{"latitude":"12.973020000000002","longitude":"77.58109","responsecode":200},{"latitude":"12.973140000000003","longitude":"77.58084000000001","responsecode":200},{"latitude":"12.973360000000003","longitude":"77.58035000000001","responsecode":200},{"latitude":"12.973610000000003","longitude":"77.57979000000002","responsecode":200},{"latitude":"12.973760000000002","longitude":"77.57944000000002","responsecode":200},{"latitude":"12.973970000000001","longitude":"77.57895000000002","responsecode":200},{"latitude":"12.974060000000001","longitude":"77.57877000000002","responsecode":200},{"latitude":"12.974140000000002","longitude":"77.57858000000002","responsecode":200},{"latitude":"12.974190000000002","longitude":"77.57846000000002","responsecode":200},{"latitude":"12.974270000000002","longitude":"77.57830000000003","responsecode":200},{"latitude":"12.974310000000003","longitude":"77.57822000000003","responsecode":200},{"latitude":"12.974370000000002","longitude":"77.57808000000003","responsecode":200},{"latitude":"12.974540000000003","longitude":"77.57768000000003","responsecode":200},{"latitude":"12.974700000000002","longitude":"77.57726000000002","responsecode":200},{"latitude":"12.974760000000002","longitude":"77.57712000000002","responsecode":200},{"latitude":"12.974800000000002","longitude":"77.57704000000003","responsecode":200},{"latitude":"12.974850000000002","longitude":"77.57696000000003","responsecode":200},{"latitude":"12.974920000000001","longitude":"77.57691000000003","responsecode":200},{"latitude":"12.974960000000001","longitude":"77.57686000000002","responsecode":200},{"latitude":"12.975080000000002","longitude":"77.57668000000002","responsecode":200},{"latitude":"12.975180000000002","longitude":"77.57648000000002","responsecode":200},{"latitude":"12.975260000000002","longitude":"77.57632000000002","responsecode":200},{"latitude":"12.975360000000002","longitude":"77.57611000000003","responsecode":200},{"latitude":"12.975380000000001","longitude":"77.57604000000003","responsecode":200},{"latitude":"12.9754","longitude":"77.57597000000004","responsecode":200},{"latitude":"12.97541","longitude":"77.57588000000004","responsecode":200},{"latitude":"12.97542","longitude":"77.57581000000005","responsecode":200},{"latitude":"12.97551","longitude":"77.57497000000005","responsecode":200},{"latitude":"12.97553","longitude":"77.57478000000005","responsecode":200},{"latitude":"12.975539999999999","longitude":"77.57464000000004","responsecode":200},{"latitude":"12.97554","longitude":"77.57464","responsecode":200},{"latitude":"12.97554","longitude":"77.57464","responsecode":200},{"latitude":"12.975900000000001","longitude":"77.57469","responsecode":200},{"latitude":"12.97606","longitude":"77.5747","responsecode":200},{"latitude":"12.97622","longitude":"77.5747","responsecode":200},{"latitude":"12.97635","longitude":"77.57469","responsecode":200},{"latitude":"12.97646","longitude":"77.57467","responsecode":200},{"latitude":"12.97659","longitude":"77.57463","responsecode":200},{"latitude":"12.97676","longitude":"77.57457","responsecode":200},{"latitude":"12.97692","longitude":"77.57450999999999","responsecode":200},{"latitude":"12.97703","longitude":"77.57445999999999","responsecode":200},{"latitude":"12.977129999999999","longitude":"77.57439999999998","responsecode":200},{"latitude":"12.977219999999999","longitude":"77.57431999999999","responsecode":200},{"latitude":"12.977279999999999","longitude":"77.57425999999998","responsecode":200},{"latitude":"12.977369999999999","longitude":"77.57417999999998","responsecode":200},{"latitude":"12.97737","longitude":"77.57418","responsecode":200},{"latitude":"12.97737","longitude":"77.57418","responsecode":200},{"latitude":"12.97731","longitude":"77.57424","responsecode":200},{"latitude":"12.97746","longitude":"77.57409","responsecode":200},{"latitude":"12.97749","longitude":"77.57327","responsecode":200}],"Message":"Success","Issuccess":true,"exception":null,"RowCount":350,"responsecode":200}