{"data":[{"latitude":"12.88872","longitude":"77.47755","responsecode":200},{"latitude":"12.88899","longitude":"77.47743999999999","responsecode":200},{"latitude":"12.88925","longitude":"77.47726999999999","responsecode":200},{"latitude":"12.88955","longitude":"77.47700999999999","responsecode":200},{"latitude":"12.88968","longitude":"77.47691999999999","responsecode":200},{"latitude":"12.88983","longitude":"77.47686999999999","responsecode":200},{"latitude":"12.89009","longitude":"77.47677999999999","responsecode":200},{"latitude":"12.89025","longitude":"77.47673999999999","responsecode":200},{"latitude":"12.89055","longitude":"77.47664999999999","responsecode":200},{"latitude":"12.89077","longitude":"77.47653","responsecode":200},{"latitude":"12.89082","longitude":"77.47649","responsecode":200},{"latitude":"12.89086","longitude":"77.47646","responsecode":200},{"latitude":"12.8909","longitude":"77.47641","responsecode":200},{"latitude":"12.89089","longitude":"77.47634000000001","responsecode":200},{"latitude":"12.89103","longitude":"77.47600000000001","responsecode":200},{"latitude":"12.89114","longitude":"77.47568000000001","responsecode":200},{"latitude":"12.89125","longitude":"77.47538000000002","responsecode":200},{"latitude":"12.8917","longitude":"77.47435000000002","responsecode":200},{"latitude":"12.89172","longitude":"77.47423000000002","responsecode":200},{"latitude":"12.89177","longitude":"77.47410000000002","responsecode":200},{"latitude":"12.892719999999999","longitude":"77.47396000000002","responsecode":200},{"latitude":"12.893339999999998","longitude":"77.47390000000001","responsecode":200},{"latitude":"12.893689999999998","longitude":"77.47383000000002","responsecode":200},{"latitude":"12.894139999999998","longitude":"77.47377000000002","responsecode":200},{"latitude":"12.894379999999998","longitude":"77.47372000000001","responsecode":200},{"latitude":"12.894679999999997","longitude":"77.47362000000001","responsecode":200},{"latitude":"12.894849999999998","longitude":"77.47352000000001","responsecode":200},{"latitude":"12.895059999999997","longitude":"77.47352000000001","responsecode":200},{"latitude":"12.895359999999997","longitude":"77.47338","responsecode":200},{"latitude":"12.895589999999997","longitude":"77.47331000000001","responsecode":200},{"latitude":"12.895919999999997","longitude":"77.47335000000001","responsecode":200},{"latitude":"12.896419999999997","longitude":"77.47344000000001","responsecode":200},{"latitude":"12.896619999999997","longitude":"77.47350000000002","responsecode":200},{"latitude":"12.896809999999997","longitude":"77.47351000000002","responsecode":200},{"latitude":"12.896889999999997","longitude":"77.47345000000001","responsecode":200},{"latitude":"12.897009999999998","longitude":"77.47340000000001","responsecode":200},{"latitude":"12.897029999999997","longitude":"77.4732","responsecode":200},{"latitude":"12.897059999999998","longitude":"77.47315","responsecode":200},{"latitude":"12.897189999999998","longitude":"77.47305","responsecode":200},{"latitude":"12.89745","longitude":"77.4731","responsecode":200},{"latitude":"12.89754","longitude":"77.47283","responsecode":200},{"latitude":"12.897789999999999","longitude":"77.47298","responsecode":200},{"latitude":"12.897999999999998","longitude":"77.4731","responsecode":200},{"latitude":"12.898119999999999","longitude":"77.47317","responsecode":200},{"latitude":"12.89834","longitude":"77.4733","responsecode":200},{"latitude":"12.89842","longitude":"77.47336","responsecode":200},{"latitude":"12.89848","longitude":"77.47341","responsecode":200},{"latitude":"12.89853","longitude":"77.47348","responsecode":200},{"latitude":"12.89857","longitude":"77.47354","responsecode":200},{"latitude":"12.89861","longitude":"77.4736","responsecode":200},{"latitude":"12.89866","longitude":"77.47366000000001","responsecode":200},{"latitude":"12.89874","longitude":"77.47374","responsecode":200},{"latitude":"12.89889","longitude":"77.47388000000001","responsecode":200},{"latitude":"12.89916","longitude":"77.47411000000001","responsecode":200},{"latitude":"12.89943","longitude":"77.47433000000001","responsecode":200},{"latitude":"12.89953","longitude":"77.4744","responsecode":200},{"latitude":"12.899610000000001","longitude":"77.47445","responsecode":200},{"latitude":"12.899700000000001","longitude":"77.47449","responsecode":200},{"latitude":"12.89986","longitude":"77.47454","responsecode":200},{"latitude":"12.90006","longitude":"77.47459","responsecode":200},{"latitude":"12.90017","longitude":"77.47462","responsecode":200},{"latitude":"12.90025","longitude":"77.47465","responsecode":200},{"latitude":"12.90033","longitude":"77.47467999999999","responsecode":200},{"latitude":"12.90042","longitude":"77.47471999999999","responsecode":200},{"latitude":"12.90072","longitude":"77.47485999999999","responsecode":200},{"latitude":"12.901539999999999","longitude":"77.47519","responsecode":200},{"latitude":"12.901699999999998","longitude":"77.47524","responsecode":200},{"latitude":"12.901889999999998","longitude":"77.47529","responsecode":200},{"latitude":"12.902029999999998","longitude":"77.47532","responsecode":200},{"latitude":"12.902499999999998","longitude":"77.47541","responsecode":200},{"latitude":"12.902839999999998","longitude":"77.47549","responsecode":200},{"latitude":"12.903139999999997","longitude":"77.47556999999999","responsecode":200},{"latitude":"12.903369999999997","longitude":"77.47561999999999","responsecode":200},{"latitude":"12.903539999999998","longitude":"77.47564999999999","responsecode":200},{"latitude":"12.903969999999997","longitude":"77.47570999999999","responsecode":200},{"latitude":"12.90397","longitude":"77.47571","responsecode":200},{"latitude":"12.90397","longitude":"77.47571","responsecode":200},{"latitude":"12.904319999999998","longitude":"77.47577000000001","responsecode":200},{"latitude":"12.904449999999999","longitude":"77.47579000000002","responsecode":200},{"latitude":"12.904599999999999","longitude":"77.47582000000001","responsecode":200},{"latitude":"12.904729999999999","longitude":"77.47585000000001","responsecode":200},{"latitude":"12.905359999999998","longitude":"77.47601","responsecode":200},{"latitude":"12.905569999999997","longitude":"77.47605","responsecode":200},{"latitude":"12.905679999999997","longitude":"77.47606","responsecode":200},{"latitude":"12.905779999999996","longitude":"77.47606","responsecode":200},{"latitude":"12.905859999999997","longitude":"77.47605","responsecode":200},{"latitude":"12.905939999999998","longitude":"77.47602","responsecode":200},{"latitude":"12.906039999999997","longitude":"77.47597","responsecode":200},{"latitude":"12.906119999999998","longitude":"77.47592","responsecode":200},{"latitude":"12.906189999999997","longitude":"77.47588","responsecode":200},{"latitude":"12.906239999999997","longitude":"77.47586","responsecode":200},{"latitude":"12.906289999999997","longitude":"77.47586","responsecode":200},{"latitude":"12.906389999999996","longitude":"77.47586","responsecode":200},{"latitude":"12.906959999999996","longitude":"77.47591","responsecode":200},{"latitude":"12.907099999999996","longitude":"77.47593","responsecode":200},{"latitude":"12.907279999999997","longitude":"77.47594000000001","responsecode":200},{"latitude":"12.907379999999996","longitude":"77.47593","responsecode":200},{"latitude":"12.907459999999997","longitude":"77.47592","responsecode":200},{"latitude":"12.90746","longitude":"77.47592","responsecode":200},{"latitude":"12.90746","longitude":"77.47592","responsecode":200},{"latitude":"12.90734","longitude":"77.47569","responsecode":200},{"latitude":"12.907309999999999","longitude":"77.47561","responsecode":200},{"latitude":"12.90725","longitude":"77.47544","responsecode":200},{"latitude":"12.90721","longitude":"77.47528000000001","responsecode":200},{"latitude":"12.907169999999999","longitude":"77.47512000000002","responsecode":200},{"latitude":"12.907129999999999","longitude":"77.47492000000001","responsecode":200},{"latitude":"12.907079999999999","longitude":"77.47464000000001","responsecode":200},{"latitude":"12.90706","longitude":"77.4745","responsecode":200},{"latitude":"12.90701","longitude":"77.4743","responsecode":200},{"latitude":"12.906979999999999","longitude":"77.47419","responsecode":200},{"latitude":"12.906949999999998","longitude":"77.47407999999999","responsecode":200},{"latitude":"12.906909999999998","longitude":"77.47395999999999","responsecode":200},{"latitude":"12.906879999999997","longitude":"77.47384999999998","responsecode":200},{"latitude":"12.906829999999998","longitude":"77.47371999999999","responsecode":200},{"latitude":"12.906759999999998","longitude":"77.47357999999998","responsecode":200},{"latitude":"12.906699999999999","longitude":"77.47345999999999","responsecode":200},{"latitude":"12.90663","longitude":"77.47332999999999","responsecode":200},{"latitude":"12.9066","longitude":"77.47328999999999","responsecode":200},{"latitude":"12.90654","longitude":"77.47321","responsecode":200},{"latitude":"12.90645","longitude":"77.47309999999999","responsecode":200},{"latitude":"12.90654","longitude":"77.47301999999999","responsecode":200},{"latitude":"12.90662","longitude":"77.47314999999999","responsecode":200},{"latitude":"12.90669","longitude":"77.47326","responsecode":200},{"latitude":"12.906759999999998","longitude":"77.47337","responsecode":200},{"latitude":"12.906869999999998","longitude":"77.47358","responsecode":200},{"latitude":"12.906959999999998","longitude":"77.47376","responsecode":200},{"latitude":"12.907029999999997","longitude":"77.47393","responsecode":200},{"latitude":"12.907069999999997","longitude":"77.47404999999999","responsecode":200},{"latitude":"12.907139999999997","longitude":"77.47429","responsecode":200},{"latitude":"12.907199999999996","longitude":"77.47455","responsecode":200},{"latitude":"12.907259999999996","longitude":"77.47488999999999","responsecode":200},{"latitude":"12.907319999999995","longitude":"77.47513999999998","responsecode":200},{"latitude":"12.907349999999996","longitude":"77.47522999999998","responsecode":200},{"latitude":"12.907399999999996","longitude":"77.47536999999998","responsecode":200},{"latitude":"12.907459999999995","longitude":"77.47550999999999","responsecode":200},{"latitude":"12.907539999999996","longitude":"77.47569999999999","responsecode":200},{"latitude":"12.907599999999995","longitude":"77.47581999999998","responsecode":200},{"latitude":"12.907809999999994","longitude":"77.47613999999999","responsecode":200},{"latitude":"12.907899999999994","longitude":"77.47626999999999","responsecode":200},{"latitude":"12.908179999999994","longitude":"77.47668999999999","responsecode":200},{"latitude":"12.908299999999995","longitude":"77.47689","responsecode":200},{"latitude":"12.908489999999995","longitude":"77.47717","responsecode":200},{"latitude":"12.908649999999994","longitude":"77.47742","responsecode":200},{"latitude":"12.908749999999994","longitude":"77.4776","responsecode":200},{"latitude":"12.908859999999994","longitude":"77.47782","responsecode":200},{"latitude":"12.908959999999993","longitude":"77.47804","responsecode":200},{"latitude":"12.909009999999993","longitude":"77.47819","responsecode":200},{"latitude":"12.909079999999992","longitude":"77.47834999999999","responsecode":200},{"latitude":"12.909119999999993","longitude":"77.47842999999999","responsecode":200},{"latitude":"12.909159999999993","longitude":"77.47851999999999","responsecode":200},{"latitude":"12.909199999999993","longitude":"77.47861999999999","responsecode":200},{"latitude":"12.909249999999993","longitude":"77.47874999999999","responsecode":200},{"latitude":"12.909399999999993","longitude":"77.47913","responsecode":200},{"latitude":"12.909739999999992","longitude":"77.48013","responsecode":200},{"latitude":"12.909799999999992","longitude":"77.48033000000001","responsecode":200},{"latitude":"12.909859999999991","longitude":"77.4805","responsecode":200},{"latitude":"12.90991999999999","longitude":"77.48069000000001","responsecode":200},{"latitude":"12.910099999999991","longitude":"77.48111000000002","responsecode":200},{"latitude":"12.910179999999992","longitude":"77.48131000000002","responsecode":200},{"latitude":"12.91024999999999","longitude":"77.48148000000002","responsecode":200},{"latitude":"12.91031999999999","longitude":"77.48166000000002","responsecode":200},{"latitude":"12.91035999999999","longitude":"77.48177000000003","responsecode":200},{"latitude":"12.91038999999999","longitude":"77.48187000000003","responsecode":200},{"latitude":"12.910419999999991","longitude":"77.48200000000003","responsecode":200},{"latitude":"12.91042","longitude":"77.482","responsecode":200},{"latitude":"12.91042","longitude":"77.482","responsecode":200},{"latitude":"12.91043","longitude":"77.48207","responsecode":200},{"latitude":"12.91044","longitude":"77.48216","responsecode":200},{"latitude":"12.910449999999999","longitude":"77.48240999999999","responsecode":200},{"latitude":"12.910459999999999","longitude":"77.48259999999999","responsecode":200},{"latitude":"12.910459999999999","longitude":"77.48272999999999","responsecode":200},{"latitude":"12.91044","longitude":"77.4831","responsecode":200},{"latitude":"12.91043","longitude":"77.48339999999999","responsecode":200},{"latitude":"12.91043","longitude":"77.48373999999998","responsecode":200},{"latitude":"12.91044","longitude":"77.48383999999999","responsecode":200},{"latitude":"12.910459999999999","longitude":"77.48395","responsecode":200},{"latitude":"12.910479999999998","longitude":"77.48404","responsecode":200},{"latitude":"12.910509999999999","longitude":"77.48411999999999","responsecode":200},{"latitude":"12.910549999999999","longitude":"77.48418","responsecode":200},{"latitude":"12.910599999999999","longitude":"77.48424","responsecode":200},{"latitude":"12.910659999999998","longitude":"77.4843","responsecode":200},{"latitude":"12.910729999999997","longitude":"77.48437","responsecode":200},{"latitude":"12.910799999999997","longitude":"77.48443","responsecode":200},{"latitude":"12.910869999999996","longitude":"77.48448","responsecode":200},{"latitude":"12.910929999999995","longitude":"77.48452","responsecode":200},{"latitude":"12.910999999999994","longitude":"77.48456","responsecode":200},{"latitude":"12.911069999999993","longitude":"77.48459","responsecode":200},{"latitude":"12.911289999999994","longitude":"77.48465999999999","responsecode":200},{"latitude":"12.911429999999994","longitude":"77.48470999999999","responsecode":200},{"latitude":"12.912009999999993","longitude":"77.48487999999999","responsecode":200},{"latitude":"12.912229999999994","longitude":"77.48494","responsecode":200},{"latitude":"12.912329999999994","longitude":"77.48496999999999","responsecode":200},{"latitude":"12.912459999999994","longitude":"77.48500999999999","responsecode":200},{"latitude":"12.912569999999993","longitude":"77.48505999999999","responsecode":200},{"latitude":"12.912659999999994","longitude":"77.48510999999999","responsecode":200},{"latitude":"12.912739999999994","longitude":"77.48517","responsecode":200},{"latitude":"12.912809999999993","longitude":"77.48523","responsecode":200},{"latitude":"12.912879999999992","longitude":"77.4853","responsecode":200},{"latitude":"12.913209999999992","longitude":"77.48564999999999","responsecode":200},{"latitude":"12.913289999999993","longitude":"77.48573999999999","responsecode":200},{"latitude":"12.913549999999994","longitude":"77.48601","responsecode":200},{"latitude":"12.913819999999994","longitude":"77.48626999999999","responsecode":200},{"latitude":"12.914038999999994","longitude":"77.48647399999999","responsecode":200},{"latitude":"12.914039","longitude":"77.486474","responsecode":200},{"latitude":"12.91427","longitude":"77.48669","responsecode":200},{"latitude":"12.91445","longitude":"77.48684999999999","responsecode":200},{"latitude":"12.91482","longitude":"77.48719999999999","responsecode":200},{"latitude":"12.91511","longitude":"77.48749999999998","responsecode":200},{"latitude":"12.91526","longitude":"77.48766999999998","responsecode":200},{"latitude":"12.91542","longitude":"77.48785999999998","responsecode":200},{"latitude":"12.9155","longitude":"77.48795999999999","responsecode":200},{"latitude":"12.91558","longitude":"77.48807999999998","responsecode":200},{"latitude":"12.91592","longitude":"77.48859999999998","responsecode":200},{"latitude":"12.91628","longitude":"77.48912999999997","responsecode":200},{"latitude":"12.916500000000001","longitude":"77.48943999999997","responsecode":200},{"latitude":"12.91666","longitude":"77.48963999999998","responsecode":200},{"latitude":"12.91686","longitude":"77.48986999999998","responsecode":200},{"latitude":"12.917069999999999","longitude":"77.49005999999999","responsecode":200},{"latitude":"12.91739","longitude":"77.49031999999998","responsecode":200},{"latitude":"12.917494","longitude":"77.49040899999999","responsecode":200},{"latitude":"12.917494","longitude":"77.490409","responsecode":200},{"latitude":"12.91753","longitude":"77.49044","responsecode":200},{"latitude":"12.91765","longitude":"77.49053","responsecode":200},{"latitude":"12.91776","longitude":"77.49061","responsecode":200},{"latitude":"12.91793","longitude":"77.49072000000001","responsecode":200},{"latitude":"12.91803","longitude":"77.49079","responsecode":200},{"latitude":"12.91814","longitude":"77.49086","responsecode":200},{"latitude":"12.918239999999999","longitude":"77.49091","responsecode":200},{"latitude":"12.918339999999999","longitude":"77.49095","responsecode":200},{"latitude":"12.918529999999999","longitude":"77.49101999999999","responsecode":200},{"latitude":"12.9187","longitude":"77.49108999999999","responsecode":200},{"latitude":"12.91889","longitude":"77.49117999999999","responsecode":200},{"latitude":"12.91901","longitude":"77.49124999999998","responsecode":200},{"latitude":"12.91914","longitude":"77.49134999999998","responsecode":200},{"latitude":"12.919260000000001","longitude":"77.49144999999999","responsecode":200},{"latitude":"12.919380000000002","longitude":"77.49155999999999","responsecode":200},{"latitude":"12.919490000000001","longitude":"77.49167","responsecode":200},{"latitude":"12.919590000000001","longitude":"77.49178","responsecode":200},{"latitude":"12.9197","longitude":"77.49191","responsecode":200},{"latitude":"12.919870000000001","longitude":"77.49212","responsecode":200},{"latitude":"12.919970000000001","longitude":"77.49225","responsecode":200},{"latitude":"12.920110000000001","longitude":"77.49243","responsecode":200},{"latitude":"12.920200000000001","longitude":"77.49254","responsecode":200},{"latitude":"12.920290000000001","longitude":"77.49263","responsecode":200},{"latitude":"12.920470000000002","longitude":"77.49279","responsecode":200},{"latitude":"12.920620000000001","longitude":"77.4929","responsecode":200},{"latitude":"12.920740000000002","longitude":"77.49298","responsecode":200},{"latitude":"12.920850000000002","longitude":"77.49304000000001","responsecode":200},{"latitude":"12.920980000000002","longitude":"77.49313000000001","responsecode":200},{"latitude":"12.921260000000002","longitude":"77.49333000000001","responsecode":200},{"latitude":"12.921460000000002","longitude":"77.49351000000001","responsecode":200},{"latitude":"12.921660000000001","longitude":"77.49373000000001","responsecode":200},{"latitude":"12.92176","longitude":"77.49383000000002","responsecode":200},{"latitude":"12.92183","longitude":"77.49395000000001","responsecode":200},{"latitude":"12.921899999999999","longitude":"77.49408000000001","responsecode":200},{"latitude":"12.921969999999998","longitude":"77.49422000000001","responsecode":200},{"latitude":"12.922079999999998","longitude":"77.49443000000001","responsecode":200},{"latitude":"12.922189999999997","longitude":"77.49463000000002","responsecode":200},{"latitude":"12.922399999999996","longitude":"77.49501000000002","responsecode":200},{"latitude":"12.922649999999996","longitude":"77.49544000000002","responsecode":200},{"latitude":"12.922749999999995","longitude":"77.49561000000001","responsecode":200},{"latitude":"12.922829999999996","longitude":"77.49576000000002","responsecode":200},{"latitude":"12.922869999999996","longitude":"77.49584500000002","responsecode":200},{"latitude":"12.92287","longitude":"77.495845","responsecode":200},{"latitude":"12.92291","longitude":"77.49593","responsecode":200},{"latitude":"12.922979999999999","longitude":"77.4961","responsecode":200},{"latitude":"12.923049999999998","longitude":"77.49628","responsecode":200},{"latitude":"12.923089999999998","longitude":"77.49639","responsecode":200},{"latitude":"12.923119999999999","longitude":"77.49648","responsecode":200},{"latitude":"12.923169999999999","longitude":"77.49664","responsecode":200},{"latitude":"12.923219999999999","longitude":"77.49678","responsecode":200},{"latitude":"12.923269999999999","longitude":"77.4969","responsecode":200},{"latitude":"12.923329999999998","longitude":"77.49703","responsecode":200},{"latitude":"12.923379999999998","longitude":"77.49712","responsecode":200},{"latitude":"12.923439999999998","longitude":"77.49722","responsecode":200},{"latitude":"12.923519999999998","longitude":"77.49734","responsecode":200},{"latitude":"12.923609999999998","longitude":"77.49745","responsecode":200},{"latitude":"12.923869999999999","longitude":"77.49776","responsecode":200},{"latitude":"12.924009999999999","longitude":"77.49791","responsecode":200},{"latitude":"12.92414","longitude":"77.49806000000001","responsecode":200},{"latitude":"12.92431","longitude":"77.49822","responsecode":200},{"latitude":"12.9246","longitude":"77.4985","responsecode":200},{"latitude":"12.92477","longitude":"77.49870000000001","responsecode":200},{"latitude":"12.92484","longitude":"77.49877000000001","responsecode":200},{"latitude":"12.92497","longitude":"77.4989","responsecode":200},{"latitude":"12.92518","longitude":"77.49913000000001","responsecode":200},{"latitude":"12.925256","longitude":"77.49921300000001","responsecode":200},{"latitude":"12.925256","longitude":"77.499213","responsecode":200},{"latitude":"12.925289999999999","longitude":"77.49925","responsecode":200},{"latitude":"12.925419999999999","longitude":"77.49938","responsecode":200},{"latitude":"12.92578","longitude":"77.49976000000001","responsecode":200},{"latitude":"12.92591","longitude":"77.49989000000001","responsecode":200},{"latitude":"12.926","longitude":"77.49999000000001","responsecode":200},{"latitude":"12.92607","longitude":"77.50007000000001","responsecode":200},{"latitude":"12.926499999999999","longitude":"77.50063","responsecode":200},{"latitude":"12.926699999999999","longitude":"77.5009","responsecode":200},{"latitude":"12.92687","longitude":"77.50114","responsecode":200},{"latitude":"12.927069999999999","longitude":"77.50143000000001","responsecode":200},{"latitude":"12.92747","longitude":"77.50199","responsecode":200},{"latitude":"12.927579999999999","longitude":"77.50214000000001","responsecode":200},{"latitude":"12.927689999999998","longitude":"77.50227000000001","responsecode":200},{"latitude":"12.927789999999998","longitude":"77.50238000000002","responsecode":200},{"latitude":"12.927909999999999","longitude":"77.50250000000001","responsecode":200},{"latitude":"12.928109999999998","longitude":"77.50270000000002","responsecode":200},{"latitude":"12.928309999999998","longitude":"77.50289000000002","responsecode":200},{"latitude":"12.928499999999998","longitude":"77.50304000000003","responsecode":200},{"latitude":"12.928679999999998","longitude":"77.50320000000002","responsecode":200},{"latitude":"12.928839999999997","longitude":"77.50335000000003","responsecode":200},{"latitude":"12.928919999999998","longitude":"77.50343000000002","responsecode":200},{"latitude":"12.929029999999997","longitude":"77.50356000000002","responsecode":200},{"latitude":"12.929139999999997","longitude":"77.50372000000002","responsecode":200},{"latitude":"12.929229999999997","longitude":"77.50388000000001","responsecode":200},{"latitude":"12.929309999999997","longitude":"77.50406000000001","responsecode":200},{"latitude":"12.929369999999997","longitude":"77.50422","responsecode":200},{"latitude":"12.929479999999996","longitude":"77.50458","responsecode":200},{"latitude":"12.929509999999997","longitude":"77.50472","responsecode":200},{"latitude":"12.929549999999997","longitude":"77.50485","responsecode":200},{"latitude":"12.929599999999997","longitude":"77.50499","responsecode":200},{"latitude":"12.929669999999996","longitude":"77.50514000000001","responsecode":200},{"latitude":"12.929729999999996","longitude":"77.50524000000001","responsecode":200},{"latitude":"12.929799999999995","longitude":"77.50535000000002","responsecode":200},{"latitude":"12.929869999999994","longitude":"77.50545000000002","responsecode":200},{"latitude":"12.929949999999995","longitude":"77.50554000000002","responsecode":200},{"latitude":"12.930009999999994","longitude":"77.50560000000003","responsecode":200},{"latitude":"12.930071999999994","longitude":"77.50565000000003","responsecode":200},{"latitude":"12.930072","longitude":"77.50565","responsecode":200},{"latitude":"12.930109999999999","longitude":"77.50568","responsecode":200},{"latitude":"12.93029","longitude":"77.50581","responsecode":200},{"latitude":"12.930449999999999","longitude":"77.5059","responsecode":200},{"latitude":"12.930789999999998","longitude":"77.50608","responsecode":200},{"latitude":"12.930949999999998","longitude":"77.50617","responsecode":200},{"latitude":"12.931119999999998","longitude":"77.50628","responsecode":200},{"latitude":"12.931219999999998","longitude":"77.50636","responsecode":200},{"latitude":"12.931319999999998","longitude":"77.50646","responsecode":200},{"latitude":"12.931419999999997","longitude":"77.50658","responsecode":200},{"latitude":"12.931489999999997","longitude":"77.50668","responsecode":200},{"latitude":"12.931579999999997","longitude":"77.50681","responsecode":200},{"latitude":"12.932449999999998","longitude":"77.50812","responsecode":200},{"latitude":"12.932549999999997","longitude":"77.50825","responsecode":200},{"latitude":"12.932699999999997","longitude":"77.50844000000001","responsecode":200},{"latitude":"12.932839999999997","longitude":"77.5086","responsecode":200},{"latitude":"12.932999999999996","longitude":"77.50878","responsecode":200},{"latitude":"12.933119999999997","longitude":"77.5089","responsecode":200},{"latitude":"12.933419999999996","longitude":"77.50918","responsecode":200},{"latitude":"12.933709999999996","longitude":"77.50951","responsecode":200},{"latitude":"12.933939999999996","longitude":"77.50979000000001","responsecode":200},{"latitude":"12.934219999999996","longitude":"77.51011000000001","responsecode":200},{"latitude":"12.934389999999997","longitude":"77.51032000000001","responsecode":200},{"latitude":"12.934539999999997","longitude":"77.51052000000001","responsecode":200},{"latitude":"12.934659999999997","longitude":"77.51070000000001","responsecode":200},{"latitude":"12.934799999999997","longitude":"77.51093000000002","responsecode":200},{"latitude":"12.934929999999998","longitude":"77.51116000000002","responsecode":200},{"latitude":"12.935009999999998","longitude":"77.51132000000001","responsecode":200},{"latitude":"12.935059999999998","longitude":"77.51143000000002","responsecode":200},{"latitude":"12.935109999999998","longitude":"77.51155000000001","responsecode":200},{"latitude":"12.935149999999998","longitude":"77.51165000000002","responsecode":200},{"latitude":"12.935259999999998","longitude":"77.51194000000002","responsecode":200},{"latitude":"12.935619999999998","longitude":"77.51294000000003","responsecode":200},{"latitude":"12.935659999999999","longitude":"77.51307000000003","responsecode":200},{"latitude":"12.935719999999998","longitude":"77.51330000000003","responsecode":200},{"latitude":"12.93572","longitude":"77.5133","responsecode":200},{"latitude":"12.93572","longitude":"77.5133","responsecode":200},{"latitude":"12.93576","longitude":"77.51346","responsecode":200},{"latitude":"12.93581","longitude":"77.51366","responsecode":200},{"latitude":"12.93584","longitude":"77.51379","responsecode":200},{"latitude":"12.93589","longitude":"77.51396","responsecode":200},{"latitude":"12.93593","longitude":"77.51411999999999","responsecode":200},{"latitude":"12.935970000000001","longitude":"77.51427999999999","responsecode":200},{"latitude":"12.936000000000002","longitude":"77.51442999999999","responsecode":200},{"latitude":"12.936020000000001","longitude":"77.51454","responsecode":200},{"latitude":"12.936050000000002","longitude":"77.51472","responsecode":200},{"latitude":"12.93607","longitude":"77.51486","responsecode":200},{"latitude":"12.936150000000001","longitude":"77.51531","responsecode":200},{"latitude":"12.93622","longitude":"77.51575","responsecode":200},{"latitude":"12.93629","longitude":"77.51635","responsecode":200},{"latitude":"12.93632","longitude":"77.51658","responsecode":200},{"latitude":"12.93634","longitude":"77.51675","responsecode":200},{"latitude":"12.93637","longitude":"77.51699","responsecode":200},{"latitude":"12.93639","longitude":"77.5172","responsecode":200},{"latitude":"12.936409999999999","longitude":"77.51745","responsecode":200},{"latitude":"12.936429999999998","longitude":"77.51781","responsecode":200},{"latitude":"12.936439999999997","longitude":"77.51811","responsecode":200},{"latitude":"12.936459999999997","longitude":"77.51844","responsecode":200},{"latitude":"12.936469999999996","longitude":"77.51856","responsecode":200},{"latitude":"12.93647","longitude":"77.51856","responsecode":200},{"latitude":"12.93647","longitude":"77.51856","responsecode":200},{"latitude":"12.93648","longitude":"77.5187","responsecode":200},{"latitude":"12.936499999999999","longitude":"77.51877999999999","responsecode":200},{"latitude":"12.936569999999998","longitude":"77.51902","responsecode":200},{"latitude":"12.936649999999998","longitude":"77.51928","responsecode":200},{"latitude":"12.936739999999999","longitude":"77.51955","responsecode":200},{"latitude":"12.936819999999999","longitude":"77.51978","responsecode":200},{"latitude":"12.9369","longitude":"77.52001","responsecode":200},{"latitude":"12.93696","longitude":"77.52016","responsecode":200},{"latitude":"12.93704","longitude":"77.52034","responsecode":200},{"latitude":"12.93713","longitude":"77.52048","responsecode":200},{"latitude":"12.93723","longitude":"77.52061","responsecode":200},{"latitude":"12.93733","longitude":"77.52072000000001","responsecode":200},{"latitude":"12.937429999999999","longitude":"77.52082000000001","responsecode":200},{"latitude":"12.93756","longitude":"77.52094000000001","responsecode":200},{"latitude":"12.937759999999999","longitude":"77.52113000000001","responsecode":200},{"latitude":"12.93789","longitude":"77.52124000000002","responsecode":200},{"latitude":"12.93799","longitude":"77.52134000000002","responsecode":200},{"latitude":"12.93808","longitude":"77.52144000000003","responsecode":200},{"latitude":"12.938189999999999","longitude":"77.52157000000003","responsecode":200},{"latitude":"12.938289999999999","longitude":"77.52170000000002","responsecode":200},{"latitude":"12.938379999999999","longitude":"77.52182000000002","responsecode":200},{"latitude":"12.93846","longitude":"77.52194000000001","responsecode":200},{"latitude":"12.938529999999998","longitude":"77.52205000000002","responsecode":200},{"latitude":"12.938649999999999","longitude":"77.52224000000002","responsecode":200},{"latitude":"12.93877","longitude":"77.52243000000003","responsecode":200},{"latitude":"12.9389","longitude":"77.52263000000004","responsecode":200},{"latitude":"12.93905","longitude":"77.52284000000003","responsecode":200},{"latitude":"12.93921","longitude":"77.52303000000003","responsecode":200},{"latitude":"12.93938","longitude":"77.52320000000003","responsecode":200},{"latitude":"12.9396","longitude":"77.52341000000003","responsecode":200},{"latitude":"12.939820000000001","longitude":"77.52362000000002","responsecode":200},{"latitude":"12.939839000000001","longitude":"77.52363700000002","responsecode":200},{"latitude":"12.939839","longitude":"77.523637","responsecode":200},{"latitude":"12.939919999999999","longitude":"77.52371","responsecode":200},{"latitude":"12.94004","longitude":"77.52382","responsecode":200},{"latitude":"12.94023","longitude":"77.52399","responsecode":200},{"latitude":"12.94038","longitude":"77.52411","responsecode":200},{"latitude":"12.940579999999999","longitude":"77.52426","responsecode":200},{"latitude":"12.940769999999999","longitude":"77.52439","responsecode":200},{"latitude":"12.940959999999999","longitude":"77.52452","responsecode":200},{"latitude":"12.941119999999998","longitude":"77.52462","responsecode":200},{"latitude":"12.941209999999998","longitude":"77.52468","responsecode":200},{"latitude":"12.941359999999998","longitude":"77.52477","responsecode":200},{"latitude":"12.942149999999998","longitude":"77.52527","responsecode":200},{"latitude":"12.942409999999999","longitude":"77.52544","responsecode":200},{"latitude":"12.94249","longitude":"77.52550000000001","responsecode":200},{"latitude":"12.942559999999999","longitude":"77.52555000000001","responsecode":200},{"latitude":"12.942689999999999","longitude":"77.52565000000001","responsecode":200},{"latitude":"12.942839999999999","longitude":"77.52575000000002","responsecode":200},{"latitude":"12.942870999999998","longitude":"77.52577300000002","responsecode":200},{"latitude":"12.942871","longitude":"77.525773","responsecode":200},{"latitude":"12.94299","longitude":"77.52586","responsecode":200},{"latitude":"12.94315","longitude":"77.52597999999999","responsecode":200},{"latitude":"12.94327","longitude":"77.52606999999999","responsecode":200},{"latitude":"12.94357","longitude":"77.52627999999999","responsecode":200},{"latitude":"12.94381","longitude":"77.52645999999999","responsecode":200},{"latitude":"12.944049999999999","longitude":"77.52665999999999","responsecode":200},{"latitude":"12.944139999999999","longitude":"77.52673999999999","responsecode":200},{"latitude":"12.94428","longitude":"77.52687999999999","responsecode":200},{"latitude":"12.9444","longitude":"77.52700999999999","responsecode":200},{"latitude":"12.94463","longitude":"77.52727999999999","responsecode":200},{"latitude":"12.94484","longitude":"77.52752","responsecode":200},{"latitude":"12.944949999999999","longitude":"77.52763999999999","responsecode":200},{"latitude":"12.945039999999999","longitude":"77.52774","responsecode":200},{"latitude":"12.94512","longitude":"77.52781999999999","responsecode":200},{"latitude":"12.945179999999999","longitude":"77.52787","responsecode":200},{"latitude":"12.945239999999998","longitude":"77.52790999999999","responsecode":200},{"latitude":"12.945339999999998","longitude":"77.52796","responsecode":200},{"latitude":"12.945469999999998","longitude":"77.52801","responsecode":200},{"latitude":"12.945569999999998","longitude":"77.52805","responsecode":200},{"latitude":"12.945639999999997","longitude":"77.5281","responsecode":200},{"latitude":"12.945699999999997","longitude":"77.52816","responsecode":200},{"latitude":"12.945759999999996","longitude":"77.52823","responsecode":200},{"latitude":"12.945809999999996","longitude":"77.52830999999999","responsecode":200},{"latitude":"12.945849999999997","longitude":"77.52838999999999","responsecode":200},{"latitude":"12.945889999999997","longitude":"77.52848999999999","responsecode":200},{"latitude":"12.945909999999996","longitude":"77.52857999999999","responsecode":200},{"latitude":"12.945909999999996","longitude":"77.52871999999999","responsecode":200},{"latitude":"12.945899999999996","longitude":"77.5289","responsecode":200},{"latitude":"12.946209999999997","longitude":"77.52959","responsecode":200},{"latitude":"12.946284999999998","longitude":"77.529764","responsecode":200},{"latitude":"12.946285","longitude":"77.529764","responsecode":200},{"latitude":"12.94656","longitude":"77.5304","responsecode":200},{"latitude":"12.946629999999999","longitude":"77.53053","responsecode":200},{"latitude":"12.94671","longitude":"77.53068999999999","responsecode":200},{"latitude":"12.94689","longitude":"77.53105","responsecode":200},{"latitude":"12.947","longitude":"77.53126999999999","responsecode":200},{"latitude":"12.94708","longitude":"77.53147999999999","responsecode":200},{"latitude":"12.947149999999999","longitude":"77.53168999999998","responsecode":200},{"latitude":"12.947209999999998","longitude":"77.53187999999999","responsecode":200},{"latitude":"12.947309999999998","longitude":"77.53224999999999","responsecode":200},{"latitude":"12.947409999999998","longitude":"77.53259999999999","responsecode":200},{"latitude":"12.947459999999998","longitude":"77.53277999999999","responsecode":200},{"latitude":"12.947469999999997","longitude":"77.53286999999999","responsecode":200},{"latitude":"12.947459999999998","longitude":"77.53298999999998","responsecode":200},{"latitude":"12.947629999999998","longitude":"77.53348999999999","responsecode":200},{"latitude":"12.947709999999999","longitude":"77.53371999999999","responsecode":200},{"latitude":"12.947779999999998","longitude":"77.53392","responsecode":200},{"latitude":"12.947829999999998","longitude":"77.53403","responsecode":200},{"latitude":"12.947879999999998","longitude":"77.53415","responsecode":200},{"latitude":"12.947929999999998","longitude":"77.53424","responsecode":200},{"latitude":"12.947979999999998","longitude":"77.53433","responsecode":200},{"latitude":"12.948059999999998","longitude":"77.53448","responsecode":200},{"latitude":"12.948139999999999","longitude":"77.53461","responsecode":200},{"latitude":"12.948279999999999","longitude":"77.53486","responsecode":200},{"latitude":"12.94855","longitude":"77.53535","responsecode":200},{"latitude":"12.948699999999999","longitude":"77.53559999999999","responsecode":200},{"latitude":"12.9487","longitude":"77.5356","responsecode":200},{"latitude":"12.9487","longitude":"77.5356","responsecode":200},{"latitude":"12.94886","longitude":"77.53583","responsecode":200},{"latitude":"12.94898","longitude":"77.536","responsecode":200},{"latitude":"12.94913","longitude":"77.53617","responsecode":200},{"latitude":"12.9494","longitude":"77.53648","responsecode":200},{"latitude":"12.949760000000001","longitude":"77.53684","responsecode":200},{"latitude":"12.949910000000001","longitude":"77.53701","responsecode":200},{"latitude":"12.950080000000002","longitude":"77.53721","responsecode":200},{"latitude":"12.950170000000002","longitude":"77.53729","responsecode":200},{"latitude":"12.950250000000002","longitude":"77.53735","responsecode":200},{"latitude":"12.950330000000003","longitude":"77.53739","responsecode":200},{"latitude":"12.950420000000003","longitude":"77.53743","responsecode":200},{"latitude":"12.950540000000004","longitude":"77.53746","responsecode":200},{"latitude":"12.950670000000004","longitude":"77.53748999999999","responsecode":200},{"latitude":"12.950790000000005","longitude":"77.5375","responsecode":200},{"latitude":"12.950870000000005","longitude":"77.53747999999999","responsecode":200},{"latitude":"12.951280000000006","longitude":"77.53728999999998","responsecode":200},{"latitude":"12.951377000000006","longitude":"77.53724899999999","responsecode":200},{"latitude":"12.951377","longitude":"77.537249","responsecode":200},{"latitude":"12.951590000000001","longitude":"77.53716","responsecode":200},{"latitude":"12.951950000000002","longitude":"77.53704","responsecode":200},{"latitude":"12.951980000000002","longitude":"77.53712","responsecode":200},{"latitude":"12.952120000000003","longitude":"77.53715","responsecode":200},{"latitude":"12.952190000000002","longitude":"77.53716","responsecode":200},{"latitude":"12.952310000000002","longitude":"77.5372","responsecode":200},{"latitude":"12.952410000000002","longitude":"77.53724","responsecode":200},{"latitude":"12.952490000000003","longitude":"77.53728","responsecode":200},{"latitude":"12.952690000000002","longitude":"77.53742","responsecode":200},{"latitude":"12.952740000000002","longitude":"77.53744999999999","responsecode":200},{"latitude":"12.952820000000003","longitude":"77.5375","responsecode":200},{"latitude":"12.952900000000003","longitude":"77.53756","responsecode":200},{"latitude":"12.952960000000003","longitude":"77.53763","responsecode":200},{"latitude":"12.953020000000002","longitude":"77.53770999999999","responsecode":200},{"latitude":"12.953070000000002","longitude":"77.53778999999999","responsecode":200},{"latitude":"12.953110000000002","longitude":"77.5379","responsecode":200},{"latitude":"12.953150000000003","longitude":"77.53802999999999","responsecode":200},{"latitude":"12.953230000000003","longitude":"77.53831","responsecode":200},{"latitude":"12.953150000000003","longitude":"77.5389","responsecode":200},{"latitude":"12.953050000000003","longitude":"77.53975","responsecode":200},{"latitude":"12.953010000000003","longitude":"77.54001","responsecode":200},{"latitude":"12.952980000000002","longitude":"77.54015","responsecode":200},{"latitude":"12.952940000000002","longitude":"77.5403","responsecode":200},{"latitude":"12.952890000000002","longitude":"77.54047","responsecode":200},{"latitude":"12.952890000000002","longitude":"77.54074","responsecode":200},{"latitude":"12.952890000000002","longitude":"77.54091","responsecode":200},{"latitude":"12.952910000000001","longitude":"77.54111999999999","responsecode":200},{"latitude":"12.95293","longitude":"77.54127999999999","responsecode":200},{"latitude":"12.95295","longitude":"77.54136999999999","responsecode":200},{"latitude":"12.95298","longitude":"77.54146999999999","responsecode":200},{"latitude":"12.95301","longitude":"77.54153","responsecode":200},{"latitude":"12.953050000000001","longitude":"77.54159999999999","responsecode":200},{"latitude":"12.953090000000001","longitude":"77.54166999999998","responsecode":200},{"latitude":"12.953140000000001","longitude":"77.54174999999998","responsecode":200},{"latitude":"12.953199000000001","longitude":"77.54182899999998","responsecode":200},{"latitude":"12.953199","longitude":"77.541829","responsecode":200},{"latitude":"12.95323","longitude":"77.54187","responsecode":200},{"latitude":"12.953389999999999","longitude":"77.54206","responsecode":200},{"latitude":"12.953489999999999","longitude":"77.54218","responsecode":200},{"latitude":"12.953529999999999","longitude":"77.54224","responsecode":200},{"latitude":"12.953579999999999","longitude":"77.54232","responsecode":200},{"latitude":"12.953629999999999","longitude":"77.54242","responsecode":200},{"latitude":"12.953669999999999","longitude":"77.54251000000001","responsecode":200},{"latitude":"12.953829999999998","longitude":"77.54299","responsecode":200},{"latitude":"12.953879999999998","longitude":"77.54314000000001","responsecode":200},{"latitude":"12.953929999999998","longitude":"77.54326","responsecode":200},{"latitude":"12.953989999999997","longitude":"77.54338","responsecode":200},{"latitude":"12.954049999999997","longitude":"77.54349","responsecode":200},{"latitude":"12.954109999999996","longitude":"77.54359000000001","responsecode":200},{"latitude":"12.954219999999996","longitude":"77.54375","responsecode":200},{"latitude":"12.954279999999995","longitude":"77.54383","responsecode":200},{"latitude":"12.954349999999994","longitude":"77.54392","responsecode":200},{"latitude":"12.954459999999994","longitude":"77.54406","responsecode":200},{"latitude":"12.954939999999993","longitude":"77.54462","responsecode":200},{"latitude":"12.955109999999994","longitude":"77.54482","responsecode":200},{"latitude":"12.955239999999995","longitude":"77.54498","responsecode":200},{"latitude":"12.955349999999994","longitude":"77.54513","responsecode":200},{"latitude":"12.955439999999994","longitude":"77.54527","responsecode":200},{"latitude":"12.955559999999995","longitude":"77.54545","responsecode":200},{"latitude":"12.955659999999995","longitude":"77.54561","responsecode":200},{"latitude":"12.955739999999995","longitude":"77.54575","responsecode":200},{"latitude":"12.955879999999995","longitude":"77.54601","responsecode":200},{"latitude":"12.95588","longitude":"77.54601","responsecode":200},{"latitude":"12.95588","longitude":"77.54601","responsecode":200},{"latitude":"12.95598","longitude":"77.54617999999999","responsecode":200},{"latitude":"12.95605","longitude":"77.54630999999999","responsecode":200},{"latitude":"12.956159999999999","longitude":"77.54652999999999","responsecode":200},{"latitude":"12.95624","longitude":"77.54668999999998","responsecode":200},{"latitude":"12.956309999999998","longitude":"77.54683999999999","responsecode":200},{"latitude":"12.956369999999998","longitude":"77.54702999999999","responsecode":200},{"latitude":"12.956409999999998","longitude":"77.54718999999999","responsecode":200},{"latitude":"12.956439999999999","longitude":"77.54733999999999","responsecode":200},{"latitude":"12.95652","longitude":"77.5478","responsecode":200},{"latitude":"12.956629999999999","longitude":"77.54836999999999","responsecode":200},{"latitude":"12.956669999999999","longitude":"77.54857999999999","responsecode":200},{"latitude":"12.956719999999999","longitude":"77.54887","responsecode":200},{"latitude":"12.95675","longitude":"77.54906","responsecode":200},{"latitude":"12.956819999999999","longitude":"77.54956","responsecode":200},{"latitude":"12.956839999999998","longitude":"77.5497","responsecode":200},{"latitude":"12.956899999999997","longitude":"77.55005","responsecode":200},{"latitude":"12.956999999999997","longitude":"77.55051","responsecode":200},{"latitude":"12.957049999999997","longitude":"77.55074","responsecode":200},{"latitude":"12.957089999999997","longitude":"77.5509","responsecode":200},{"latitude":"12.957139999999997","longitude":"77.55105999999999","responsecode":200},{"latitude":"12.957159999999996","longitude":"77.55112999999999","responsecode":200},{"latitude":"12.957209999999996","longitude":"77.55128999999998","responsecode":200},{"latitude":"12.957329999999997","longitude":"77.55167999999998","responsecode":200},{"latitude":"12.957389999999997","longitude":"77.55184999999997","responsecode":200},{"latitude":"12.95739","longitude":"77.55185","responsecode":200},{"latitude":"12.95739","longitude":"77.55185","responsecode":200},{"latitude":"12.95745","longitude":"77.55204","responsecode":200},{"latitude":"12.95748","longitude":"77.55215000000001","responsecode":200},{"latitude":"12.95757","longitude":"77.55247000000001","responsecode":200},{"latitude":"12.9577","longitude":"77.55288000000002","responsecode":200},{"latitude":"12.95781","longitude":"77.55321000000002","responsecode":200},{"latitude":"12.95792","longitude":"77.55352000000002","responsecode":200},{"latitude":"12.95802","longitude":"77.55382000000002","responsecode":200},{"latitude":"12.95811","longitude":"77.55410000000002","responsecode":200},{"latitude":"12.958179999999999","longitude":"77.55431000000002","responsecode":200},{"latitude":"12.958269999999999","longitude":"77.55454000000002","responsecode":200},{"latitude":"12.958329999999998","longitude":"77.55468000000002","responsecode":200},{"latitude":"12.958409999999999","longitude":"77.55483000000002","responsecode":200},{"latitude":"12.958519999999998","longitude":"77.55498000000003","responsecode":200},{"latitude":"12.958609999999998","longitude":"77.55510000000002","responsecode":200},{"latitude":"12.958709999999998","longitude":"77.55520000000003","responsecode":200},{"latitude":"12.958809999999998","longitude":"77.55528000000002","responsecode":200},{"latitude":"12.958929999999999","longitude":"77.55536000000002","responsecode":200},{"latitude":"12.9591","longitude":"77.55546000000002","responsecode":200},{"latitude":"12.959209999999999","longitude":"77.55552000000003","responsecode":200},{"latitude":"12.959299999999999","longitude":"77.55557000000003","responsecode":200},{"latitude":"12.959399999999999","longitude":"77.55563000000004","responsecode":200},{"latitude":"12.959489999999999","longitude":"77.55569000000004","responsecode":200},{"latitude":"12.95961","longitude":"77.55578000000004","responsecode":200},{"latitude":"12.959719999999999","longitude":"77.55594000000004","responsecode":200},{"latitude":"12.959869999999999","longitude":"77.55611000000003","responsecode":200},{"latitude":"12.959979999999998","longitude":"77.55629000000003","responsecode":200},{"latitude":"12.960089999999997","longitude":"77.55647000000003","responsecode":200},{"latitude":"12.960249999999997","longitude":"77.55671000000004","responsecode":200},{"latitude":"12.960361999999996","longitude":"77.55687300000004","responsecode":200},{"latitude":"12.960362","longitude":"77.556873","responsecode":200},{"latitude":"12.96038","longitude":"77.5569","responsecode":200},{"latitude":"12.96049","longitude":"77.55707","responsecode":200},{"latitude":"12.96058","longitude":"77.55718999999999","responsecode":200},{"latitude":"12.96067","longitude":"77.55731999999999","responsecode":200},{"latitude":"12.96075","longitude":"77.55745999999999","responsecode":200},{"latitude":"12.96077","longitude":"77.55749999999999","responsecode":200},{"latitude":"12.96082","longitude":"77.55758999999999","responsecode":200},{"latitude":"12.96091","longitude":"77.55776999999999","responsecode":200},{"latitude":"12.96098","longitude":"77.55792999999998","responsecode":200},{"latitude":"12.96102","longitude":"77.55804999999998","responsecode":200},{"latitude":"12.96107","longitude":"77.55821999999998","responsecode":200},{"latitude":"12.9611","longitude":"77.55834999999998","responsecode":200},{"latitude":"12.96114","longitude":"77.55853999999998","responsecode":200},{"latitude":"12.96124","longitude":"77.55896999999997","responsecode":200},{"latitude":"12.9613","longitude":"77.55921999999997","responsecode":200},{"latitude":"12.961369999999999","longitude":"77.55950999999997","responsecode":200},{"latitude":"12.961479999999998","longitude":"77.55996999999998","responsecode":200},{"latitude":"12.961509999999999","longitude":"77.56010999999998","responsecode":200},{"latitude":"12.961529999999998","longitude":"77.56023999999998","responsecode":200},{"latitude":"12.961579999999998","longitude":"77.56052999999999","responsecode":200},{"latitude":"12.961599999999997","longitude":"77.56069999999998","responsecode":200},{"latitude":"12.961609999999997","longitude":"77.56082999999998","responsecode":200},{"latitude":"12.961619999999996","longitude":"77.56101999999998","responsecode":200},{"latitude":"12.961619999999996","longitude":"77.56129999999999","responsecode":200},{"latitude":"12.961629999999996","longitude":"77.56166999999999","responsecode":200},{"latitude":"12.961639999999996","longitude":"77.56186","responsecode":200},{"latitude":"12.961649999999995","longitude":"77.56204","responsecode":200},{"latitude":"12.961689999999995","longitude":"77.56231","responsecode":200},{"latitude":"12.961719999999996","longitude":"77.56248","responsecode":200},{"latitude":"12.961759999999996","longitude":"77.56267","responsecode":200},{"latitude":"12.961799999999997","longitude":"77.56282999999999","responsecode":200},{"latitude":"12.961849999999997","longitude":"77.56302","responsecode":200},{"latitude":"12.961929999999997","longitude":"77.56326999999999","responsecode":200},{"latitude":"12.962049999999998","longitude":"77.56361999999999","responsecode":200},{"latitude":"12.962369999999998","longitude":"77.56443999999999","responsecode":200},{"latitude":"12.962419999999998","longitude":"77.56459","responsecode":200},{"latitude":"12.962499999999999","longitude":"77.56483999999999","responsecode":200},{"latitude":"12.962599999999998","longitude":"77.56517999999998","responsecode":200},{"latitude":"12.962839999999998","longitude":"77.56595999999999","responsecode":200},{"latitude":"12.962979999999998","longitude":"77.56644999999999","responsecode":200},{"latitude":"12.963039999999998","longitude":"77.56665999999998","responsecode":200},{"latitude":"12.963089999999998","longitude":"77.56682999999998","responsecode":200},{"latitude":"12.963189999999997","longitude":"77.56708999999998","responsecode":200},{"latitude":"12.963349999999997","longitude":"77.56746999999999","responsecode":200},{"latitude":"12.963469999999997","longitude":"77.56762999999998","responsecode":200},{"latitude":"12.963549999999998","longitude":"77.56772999999998","responsecode":200},{"latitude":"12.963619999999997","longitude":"77.56783999999999","responsecode":200},{"latitude":"12.963719999999997","longitude":"77.56799","responsecode":200},{"latitude":"12.963779999999996","longitude":"77.56806999999999","responsecode":200},{"latitude":"12.963839999999996","longitude":"77.56813","responsecode":200},{"latitude":"12.963929999999996","longitude":"77.56819","responsecode":200},{"latitude":"12.963999999999995","longitude":"77.56821000000001","responsecode":200},{"latitude":"12.964089999999995","longitude":"77.56822000000001","responsecode":200},{"latitude":"12.964679999999996","longitude":"77.56822000000001","responsecode":200},{"latitude":"12.964889999999995","longitude":"77.56821000000001","responsecode":200},{"latitude":"12.965149999999996","longitude":"77.5682","responsecode":200},{"latitude":"12.965300999999997","longitude":"77.568195","responsecode":200},{"latitude":"12.965301","longitude":"77.568195","responsecode":200},{"latitude":"12.96573","longitude":"77.56818","responsecode":200},{"latitude":"12.965950000000001","longitude":"77.56815999999999","responsecode":200},{"latitude":"12.96611","longitude":"77.56814999999999","responsecode":200},{"latitude":"12.96625","longitude":"77.56814999999999","responsecode":200},{"latitude":"12.96635","longitude":"77.56814999999999","responsecode":200},{"latitude":"12.96641","longitude":"77.56813999999999","responsecode":200},{"latitude":"12.96663","longitude":"77.56812999999998","responsecode":200},{"latitude":"12.96681","longitude":"77.56811999999998","responsecode":200},{"latitude":"12.966980000000001","longitude":"77.56810999999998","responsecode":200},{"latitude":"12.967210000000001","longitude":"77.56809999999997","responsecode":200},{"latitude":"12.967610000000002","longitude":"77.56807999999997","responsecode":200},{"latitude":"12.967810000000002","longitude":"77.56807999999997","responsecode":200},{"latitude":"12.968190000000002","longitude":"77.56806999999996","responsecode":200},{"latitude":"12.968380000000002","longitude":"77.56805999999996","responsecode":200},{"latitude":"12.968620000000001","longitude":"77.56804999999996","responsecode":200},{"latitude":"12.96883","longitude":"77.56803999999995","responsecode":200},{"latitude":"12.969570000000001","longitude":"77.56808999999996","responsecode":200},{"latitude":"12.969970000000002","longitude":"77.56811999999995","responsecode":200},{"latitude":"12.970220000000001","longitude":"77.56814999999995","responsecode":200},{"latitude":"12.970400000000001","longitude":"77.56817999999994","responsecode":200},{"latitude":"12.970630000000002","longitude":"77.56823999999995","responsecode":200},{"latitude":"12.971030000000003","longitude":"77.56834999999995","responsecode":200},{"latitude":"12.971330000000002","longitude":"77.56845999999996","responsecode":200},{"latitude":"12.971800000000002","longitude":"77.56863999999996","responsecode":200},{"latitude":"12.973220000000001","longitude":"77.56912999999996","responsecode":200},{"latitude":"12.973670000000002","longitude":"77.56930999999996","responsecode":200},{"latitude":"12.974260000000003","longitude":"77.56955999999995","responsecode":200},{"latitude":"12.974360000000003","longitude":"77.56960999999995","responsecode":200},{"latitude":"12.974390000000003","longitude":"77.56961999999996","responsecode":200},{"latitude":"12.974490000000003","longitude":"77.56966999999996","responsecode":200},{"latitude":"12.974580000000003","longitude":"77.56973999999995","responsecode":200},{"latitude":"12.974640000000003","longitude":"77.56980999999995","responsecode":200},{"latitude":"12.974670000000003","longitude":"77.56986999999995","responsecode":200},{"latitude":"12.974690000000002","longitude":"77.56994999999995","responsecode":200},{"latitude":"12.974700000000002","longitude":"77.57005999999996","responsecode":200},{"latitude":"12.974710000000002","longitude":"77.57015999999996","responsecode":200},{"latitude":"12.974710000000002","longitude":"77.57026999999997","responsecode":200},{"latitude":"12.97471","longitude":"77.57027","responsecode":200},{"latitude":"12.97471","longitude":"77.57027","responsecode":200},{"latitude":"12.97471","longitude":"77.57028","responsecode":200},{"latitude":"12.9748","longitude":"77.57069","responsecode":200},{"latitude":"12.97472","longitude":"77.57086","responsecode":200},{"latitude":"12.974717","longitude":"77.570859","responsecode":200},{"latitude":"12.97466","longitude":"77.57101","responsecode":200},{"latitude":"12.97463","longitude":"77.57113","responsecode":200},{"latitude":"12.974599999999999","longitude":"77.57128999999999","responsecode":200},{"latitude":"12.974569999999998","longitude":"77.57151999999999","responsecode":200},{"latitude":"12.974559999999999","longitude":"77.57176","responsecode":200},{"latitude":"12.974559999999999","longitude":"77.572","responsecode":200},{"latitude":"12.974559999999999","longitude":"77.57222","responsecode":200},{"latitude":"12.974559999999999","longitude":"77.57231","responsecode":200},{"latitude":"12.97454","longitude":"77.57255","responsecode":200},{"latitude":"12.97452","longitude":"77.57312","responsecode":200},{"latitude":"12.97451","longitude":"77.57329","responsecode":200},{"latitude":"12.97448","longitude":"77.57372","responsecode":200},{"latitude":"12.97447","longitude":"77.57395","responsecode":200},{"latitude":"12.97448","longitude":"77.57410999999999","responsecode":200},{"latitude":"12.97451","longitude":"77.57426999999998","responsecode":200},{"latitude":"12.97456","longitude":"77.57438999999998","responsecode":200},{"latitude":"12.97461","longitude":"77.57447999999998","responsecode":200},{"latitude":"12.97466","longitude":"77.57454999999997","responsecode":200},{"latitude":"12.97483","longitude":"77.57457999999997","responsecode":200},{"latitude":"12.97554","longitude":"77.57463999999997","responsecode":200},{"latitude":"12.97554","longitude":"77.57464","responsecode":200},{"latitude":"12.97554","longitude":"77.57464","responsecode":200},{"latitude":"12.975900000000001","longitude":"77.57469","responsecode":200},{"latitude":"12.97606","longitude":"77.5747","responsecode":200},{"latitude":"12.97622","longitude":"77.5747","responsecode":200},{"latitude":"12.97635","longitude":"77.57469","responsecode":200},{"latitude":"12.97646","longitude":"77.57467","responsecode":200},{"latitude":"12.97659","longitude":"77.57463","responsecode":200},{"latitude":"12.97676","longitude":"77.57457","responsecode":200},{"latitude":"12.97692","longitude":"77.57450999999999","responsecode":200},{"latitude":"12.97703","longitude":"77.57445999999999","responsecode":200},{"latitude":"12.977129999999999","longitude":"77.57439999999998","responsecode":200},{"latitude":"12.977219999999999","longitude":"77.57431999999999","responsecode":200},{"latitude":"12.977279999999999","longitude":"77.57425999999998","responsecode":200},{"latitude":"12.977369999999999","longitude":"77.57417999999998","responsecode":200},{"latitude":"12.97737","longitude":"77.57418","responsecode":200},{"latitude":"12.97737","longitude":"77.57418","responsecode":200},{"latitude":"12.97731","longitude":"77.57424","responsecode":200},{"latitude":"12.97746","longitude":"77.57409","responsecode":200},{"latitude":"12.97749","longitude":"77.57327","responsecode":200}],"Message":"Success","Issuccess":true,"exception":null,"RowCount":774,"responsecode":200}