{"data":[{"latitude":"12.97757","longitude":"77.5715","responsecode":200},{"latitude":"12.97757","longitude":"77.57133","responsecode":200},{"latitude":"12.97757","longitude":"77.57125","responsecode":200},{"latitude":"12.97757","longitude":"77.57109000000001","responsecode":200},{"latitude":"12.97757","longitude":"77.57100000000001","responsecode":200},{"latitude":"12.97776","longitude":"77.57099000000001","responsecode":200},{"latitude":"12.97785","longitude":"77.57099000000001","responsecode":200},{"latitude":"12.97817","longitude":"77.57102","responsecode":200},{"latitude":"12.97831","longitude":"77.57103000000001","responsecode":200},{"latitude":"12.97852","longitude":"77.57104000000001","responsecode":200},{"latitude":"12.9788","longitude":"77.57106000000002","responsecode":200},{"latitude":"12.97904","longitude":"77.57108000000002","responsecode":200},{"latitude":"12.97921","longitude":"77.57110000000003","responsecode":200},{"latitude":"12.97935","longitude":"77.57112000000004","responsecode":200},{"latitude":"12.97954","longitude":"77.57115000000003","responsecode":200},{"latitude":"12.97964","longitude":"77.57114000000003","responsecode":200},{"latitude":"12.97977","longitude":"77.57114000000003","responsecode":200},{"latitude":"12.97987","longitude":"77.57115000000003","responsecode":200},{"latitude":"12.97987","longitude":"77.57110000000003","responsecode":200},{"latitude":"12.97988","longitude":"77.57106000000003","responsecode":200},{"latitude":"12.979899999999999","longitude":"77.57103000000004","responsecode":200},{"latitude":"12.979919999999998","longitude":"77.57101000000003","responsecode":200},{"latitude":"12.979949999999999","longitude":"77.57099000000002","responsecode":200},{"latitude":"12.97998","longitude":"77.57098000000002","responsecode":200},{"latitude":"12.98002","longitude":"77.57098000000002","responsecode":200},{"latitude":"12.98005","longitude":"77.57099000000002","responsecode":200},{"latitude":"12.98035","longitude":"77.57080000000002","responsecode":200},{"latitude":"12.98044","longitude":"77.57074000000001","responsecode":200},{"latitude":"12.98056","longitude":"77.57068000000001","responsecode":200},{"latitude":"12.9807","longitude":"77.57062","responsecode":200},{"latitude":"12.980780000000001","longitude":"77.5706","responsecode":200},{"latitude":"12.981010000000001","longitude":"77.57059","responsecode":200},{"latitude":"12.981090000000002","longitude":"77.57056999999999","responsecode":200},{"latitude":"12.981170000000002","longitude":"77.57054999999998","responsecode":200},{"latitude":"12.981240000000001","longitude":"77.57051999999999","responsecode":200},{"latitude":"12.98131","longitude":"77.57047999999999","responsecode":200},{"latitude":"12.98142","longitude":"77.57041999999998","responsecode":200},{"latitude":"12.98161","longitude":"77.57028999999999","responsecode":200},{"latitude":"12.9817","longitude":"77.57023999999998","responsecode":200},{"latitude":"12.98185","longitude":"77.57014999999998","responsecode":200},{"latitude":"12.98203","longitude":"77.56999999999998","responsecode":200},{"latitude":"12.98218","longitude":"77.56982999999998","responsecode":200},{"latitude":"12.98226","longitude":"77.56970999999999","responsecode":200},{"latitude":"12.98231","longitude":"77.56958999999999","responsecode":200},{"latitude":"12.98238","longitude":"77.56929","responsecode":200},{"latitude":"12.982399999999998","longitude":"77.5692","responsecode":200},{"latitude":"12.982429999999999","longitude":"77.56902","responsecode":200},{"latitude":"12.982449999999998","longitude":"77.56882999999999","responsecode":200},{"latitude":"12.982469999999998","longitude":"77.56858","responsecode":200},{"latitude":"12.982469999999998","longitude":"77.56845","responsecode":200},{"latitude":"12.982459999999998","longitude":"77.56832","responsecode":200},{"latitude":"12.982409999999998","longitude":"77.56816","responsecode":200},{"latitude":"12.982310999999997","longitude":"77.567823","responsecode":200},{"latitude":"12.982311","longitude":"77.567823","responsecode":200},{"latitude":"12.98213","longitude":"77.56731","responsecode":200},{"latitude":"12.98195","longitude":"77.56671","responsecode":200},{"latitude":"12.98188","longitude":"77.56664","responsecode":200},{"latitude":"12.98185","longitude":"77.56656000000001","responsecode":200},{"latitude":"12.98179","longitude":"77.56632","responsecode":200},{"latitude":"12.98181","longitude":"77.56603","responsecode":200},{"latitude":"12.98184","longitude":"77.56587999999999","responsecode":200},{"latitude":"12.98183","longitude":"77.56577999999999","responsecode":200},{"latitude":"12.98183","longitude":"77.56555999999999","responsecode":200},{"latitude":"12.98189","longitude":"77.56508","responsecode":200},{"latitude":"12.98191","longitude":"77.56488999999999","responsecode":200},{"latitude":"12.98191","longitude":"77.56483999999999","responsecode":200},{"latitude":"12.9819","longitude":"77.56475999999999","responsecode":200},{"latitude":"12.98186","longitude":"77.56463","responsecode":200},{"latitude":"12.98179","longitude":"77.56452999999999","responsecode":200},{"latitude":"12.9817","longitude":"77.56447999999999","responsecode":200},{"latitude":"12.98157","longitude":"77.56445","responsecode":200},{"latitude":"12.98129","longitude":"77.56445","responsecode":200},{"latitude":"12.98085","longitude":"77.56443999999999","responsecode":200},{"latitude":"12.98044","longitude":"77.56442999999999","responsecode":200},{"latitude":"12.97974","longitude":"77.56442999999999","responsecode":200},{"latitude":"12.97969","longitude":"77.56442999999999","responsecode":200},{"latitude":"12.9795","longitude":"77.56443399999999","responsecode":200},{"latitude":"12.9795","longitude":"77.564434","responsecode":200},{"latitude":"12.979239999999999","longitude":"77.56444","responsecode":200},{"latitude":"12.979109999999999","longitude":"77.56447","responsecode":200},{"latitude":"12.978819999999999","longitude":"77.56458","responsecode":200},{"latitude":"12.97862","longitude":"77.56465","responsecode":200},{"latitude":"12.97797","longitude":"77.56488","responsecode":200},{"latitude":"12.977879999999999","longitude":"77.56488","responsecode":200},{"latitude":"12.977759999999998","longitude":"77.56488","responsecode":200},{"latitude":"12.977619999999998","longitude":"77.56485","responsecode":200},{"latitude":"12.977349999999998","longitude":"77.5648","responsecode":200},{"latitude":"12.976989999999997","longitude":"77.56473000000001","responsecode":200},{"latitude":"12.976309999999998","longitude":"77.56460000000001","responsecode":200},{"latitude":"12.976059999999999","longitude":"77.56457000000002","responsecode":200},{"latitude":"12.975919999999999","longitude":"77.56455000000001","responsecode":200},{"latitude":"12.975859999999999","longitude":"77.56453","responsecode":200},{"latitude":"12.975779999999999","longitude":"77.56445000000001","responsecode":200},{"latitude":"12.975739999999998","longitude":"77.56436000000001","responsecode":200},{"latitude":"12.975719999999999","longitude":"77.56421","responsecode":200},{"latitude":"12.975719999999999","longitude":"77.56395","responsecode":200},{"latitude":"12.975719999999999","longitude":"77.56360000000001","responsecode":200},{"latitude":"12.97571","longitude":"77.56333000000001","responsecode":200},{"latitude":"12.97574","longitude":"77.56321000000001","responsecode":200},{"latitude":"12.97571","longitude":"77.56306000000001","responsecode":200},{"latitude":"12.97569","longitude":"77.56293000000001","responsecode":200},{"latitude":"12.97569","longitude":"77.56293","responsecode":200},{"latitude":"12.97569","longitude":"77.56293","responsecode":200},{"latitude":"12.97568","longitude":"77.56272","responsecode":200},{"latitude":"12.97568","longitude":"77.56255","responsecode":200},{"latitude":"12.97569","longitude":"77.56231","responsecode":200},{"latitude":"12.97571","longitude":"77.56169","responsecode":200},{"latitude":"12.975679999999999","longitude":"77.5616","responsecode":200},{"latitude":"12.97567","longitude":"77.56153","responsecode":200},{"latitude":"12.975679999999999","longitude":"77.5613","responsecode":200},{"latitude":"12.975679999999999","longitude":"77.56108","responsecode":200},{"latitude":"12.975686","longitude":"77.56079","responsecode":200},{"latitude":"12.975686","longitude":"77.56079","responsecode":200},{"latitude":"12.97569","longitude":"77.56058999999999","responsecode":200},{"latitude":"12.97569","longitude":"77.56030999999999","responsecode":200},{"latitude":"12.97569","longitude":"77.56024","responsecode":200},{"latitude":"12.9757","longitude":"77.56008999999999","responsecode":200},{"latitude":"12.97571","longitude":"77.55984","responsecode":200},{"latitude":"12.97571","longitude":"77.55972999999999","responsecode":200},{"latitude":"12.97571","longitude":"77.55957999999998","responsecode":200},{"latitude":"12.975719999999999","longitude":"77.55929999999998","responsecode":200},{"latitude":"12.975719999999999","longitude":"77.55898999999998","responsecode":200},{"latitude":"12.97571","longitude":"77.55872999999998","responsecode":200},{"latitude":"12.97571","longitude":"77.55864999999999","responsecode":200},{"latitude":"12.975679999999999","longitude":"77.55813999999998","responsecode":200},{"latitude":"12.97566","longitude":"77.55771999999997","responsecode":200},{"latitude":"12.97565","longitude":"77.55756999999997","responsecode":200},{"latitude":"12.97564","longitude":"77.55736999999996","responsecode":200},{"latitude":"12.97563","longitude":"77.55720999999997","responsecode":200},{"latitude":"12.975620000000001","longitude":"77.55710999999997","responsecode":200},{"latitude":"12.975610000000001","longitude":"77.55686999999996","responsecode":200},{"latitude":"12.975590000000002","longitude":"77.55635999999996","responsecode":200},{"latitude":"12.975590000000002","longitude":"77.55622999999996","responsecode":200},{"latitude":"12.975590000000002","longitude":"77.55612999999995","responsecode":200},{"latitude":"12.975580000000003","longitude":"77.55582999999996","responsecode":200},{"latitude":"12.975573000000002","longitude":"77.55563899999996","responsecode":200},{"latitude":"12.975573","longitude":"77.555639","responsecode":200},{"latitude":"12.975560000000002","longitude":"77.55531","responsecode":200},{"latitude":"12.975550000000002","longitude":"77.55516","responsecode":200},{"latitude":"12.975540000000002","longitude":"77.555","responsecode":200},{"latitude":"12.975530000000003","longitude":"77.55470000000001","responsecode":200},{"latitude":"12.975520000000003","longitude":"77.55457000000001","responsecode":200},{"latitude":"12.975510000000003","longitude":"77.55430000000001","responsecode":200},{"latitude":"12.975500000000004","longitude":"77.55385000000001","responsecode":200},{"latitude":"12.975490000000004","longitude":"77.55369000000002","responsecode":200},{"latitude":"12.975480000000005","longitude":"77.55358000000001","responsecode":200},{"latitude":"12.975470000000005","longitude":"77.55347","responsecode":200},{"latitude":"12.975450000000006","longitude":"77.55332","responsecode":200},{"latitude":"12.975430000000006","longitude":"77.55324","responsecode":200},{"latitude":"12.975390000000006","longitude":"77.55313","responsecode":200},{"latitude":"12.975360000000006","longitude":"77.55306","responsecode":200},{"latitude":"12.975300000000006","longitude":"77.55293","responsecode":200},{"latitude":"12.975250000000006","longitude":"77.55282","responsecode":200},{"latitude":"12.975200000000006","longitude":"77.55274","responsecode":200},{"latitude":"12.975070000000006","longitude":"77.55254","responsecode":200},{"latitude":"12.974990000000005","longitude":"77.55242999999999","responsecode":200},{"latitude":"12.974910000000005","longitude":"77.55231999999998","responsecode":200},{"latitude":"12.974760000000005","longitude":"77.55215999999999","responsecode":200},{"latitude":"12.974710000000005","longitude":"77.55208999999999","responsecode":200},{"latitude":"12.974500000000006","longitude":"77.55187","responsecode":200},{"latitude":"12.974350000000006","longitude":"77.55167999999999","responsecode":200},{"latitude":"12.974250000000007","longitude":"77.55154999999999","responsecode":200},{"latitude":"12.974210000000006","longitude":"77.55147","responsecode":200},{"latitude":"12.974020000000007","longitude":"77.55122","responsecode":200},{"latitude":"12.973860000000007","longitude":"77.55098","responsecode":200},{"latitude":"12.973770000000007","longitude":"77.5508","responsecode":200},{"latitude":"12.973720000000007","longitude":"77.55066","responsecode":200},{"latitude":"12.973700000000008","longitude":"77.55057","responsecode":200},{"latitude":"12.973690000000008","longitude":"77.55046999999999","responsecode":200},{"latitude":"12.973690000000008","longitude":"77.55033999999999","responsecode":200},{"latitude":"12.973700000000008","longitude":"77.55017","responsecode":200},{"latitude":"12.973720000000007","longitude":"77.55005","responsecode":200},{"latitude":"12.973750000000008","longitude":"77.54993999999999","responsecode":200},{"latitude":"12.973800000000008","longitude":"77.54982","responsecode":200},{"latitude":"12.973900000000008","longitude":"77.54963","responsecode":200},{"latitude":"12.974010000000007","longitude":"77.54946","responsecode":200},{"latitude":"12.974330000000007","longitude":"77.54907","responsecode":200},{"latitude":"12.974461000000007","longitude":"77.54892","responsecode":200},{"latitude":"12.974461","longitude":"77.54892","responsecode":200},{"latitude":"12.97475","longitude":"77.54858999999999","responsecode":200},{"latitude":"12.97478","longitude":"77.54849999999999","responsecode":200},{"latitude":"12.97479","longitude":"77.54843","responsecode":200},{"latitude":"12.97478","longitude":"77.54836999999999","responsecode":200},{"latitude":"12.974760000000002","longitude":"77.54830999999999","responsecode":200},{"latitude":"12.974520000000002","longitude":"77.54811999999998","responsecode":200},{"latitude":"12.974380000000002","longitude":"77.54799999999999","responsecode":200},{"latitude":"12.974260000000001","longitude":"77.54786999999999","responsecode":200},{"latitude":"12.974070000000001","longitude":"77.54766","responsecode":200},{"latitude":"12.97403","longitude":"77.54755999999999","responsecode":200},{"latitude":"12.974","longitude":"77.54745999999999","responsecode":200},{"latitude":"12.97399","longitude":"77.54739","responsecode":200},{"latitude":"12.97394","longitude":"77.5469","responsecode":200},{"latitude":"12.97394","longitude":"77.54657999999999","responsecode":200},{"latitude":"12.97394","longitude":"77.54658","responsecode":200},{"latitude":"12.97394","longitude":"77.54604","responsecode":200},{"latitude":"12.97395","longitude":"77.54530000000001","responsecode":200},{"latitude":"12.97395","longitude":"77.5447","responsecode":200},{"latitude":"12.97395","longitude":"77.54464","responsecode":200},{"latitude":"12.97395","longitude":"77.54435","responsecode":200},{"latitude":"12.97395","longitude":"77.54401999999999","responsecode":200},{"latitude":"12.97394","longitude":"77.54388999999999","responsecode":200},{"latitude":"12.973920000000001","longitude":"77.54373999999999","responsecode":200},{"latitude":"12.97389","longitude":"77.54355999999999","responsecode":200},{"latitude":"12.973840000000001","longitude":"77.54327999999998","responsecode":200},{"latitude":"12.973970000000001","longitude":"77.54323999999998","responsecode":200},{"latitude":"12.973770000000002","longitude":"77.54231999999999","responsecode":200},{"latitude":"12.973680000000002","longitude":"77.54189999999998","responsecode":200},{"latitude":"12.973617","longitude":"77.54162599999998","responsecode":200},{"latitude":"12.973617","longitude":"77.541626","responsecode":200},{"latitude":"12.97347","longitude":"77.54097999999999","responsecode":200},{"latitude":"12.97311","longitude":"77.53941999999999","responsecode":200},{"latitude":"12.97307","longitude":"77.53922999999999","responsecode":200},{"latitude":"12.97302","longitude":"77.53905999999999","responsecode":200},{"latitude":"12.97295","longitude":"77.53887999999999","responsecode":200},{"latitude":"12.97282","longitude":"77.53859999999999","responsecode":200},{"latitude":"12.972990000000001","longitude":"77.53849999999998","responsecode":200},{"latitude":"12.973030000000001","longitude":"77.53840999999998","responsecode":200},{"latitude":"12.973123000000001","longitude":"77.53816499999998","responsecode":200},{"latitude":"12.973123","longitude":"77.538165","responsecode":200},{"latitude":"12.97327","longitude":"77.53778000000001","responsecode":200},{"latitude":"12.97344","longitude":"77.53727","responsecode":200},{"latitude":"12.9736","longitude":"77.53685","responsecode":200},{"latitude":"12.97467","longitude":"77.53717","responsecode":200},{"latitude":"12.97567","longitude":"77.53741000000001","responsecode":200},{"latitude":"12.975629999999999","longitude":"77.53711000000001","responsecode":200},{"latitude":"12.97561","longitude":"77.53690000000002","responsecode":200},{"latitude":"12.9756","longitude":"77.53663000000002","responsecode":200},{"latitude":"12.9756","longitude":"77.53663","responsecode":200},{"latitude":"12.9756","longitude":"77.53663","responsecode":200},{"latitude":"12.97558","longitude":"77.53601","responsecode":200},{"latitude":"12.97558","longitude":"77.53553000000001","responsecode":200},{"latitude":"12.97558","longitude":"77.53541000000001","responsecode":200},{"latitude":"12.97558","longitude":"77.53505000000001","responsecode":200},{"latitude":"12.97559","longitude":"77.53490000000001","responsecode":200},{"latitude":"12.97561","longitude":"77.53466","responsecode":200},{"latitude":"12.975629999999999","longitude":"77.53444","responsecode":200},{"latitude":"12.97566","longitude":"77.53419000000001","responsecode":200},{"latitude":"12.975719999999999","longitude":"77.53386","responsecode":200},{"latitude":"12.9758","longitude":"77.53344","responsecode":200},{"latitude":"12.975869999999999","longitude":"77.53314","responsecode":200},{"latitude":"12.975929999999998","longitude":"77.53284000000001","responsecode":200},{"latitude":"12.975989999999998","longitude":"77.53253000000001","responsecode":200},{"latitude":"12.976079999999998","longitude":"77.53206","responsecode":200},{"latitude":"12.976109999999998","longitude":"77.53190000000001","responsecode":200},{"latitude":"12.97614","longitude":"77.5317","responsecode":200},{"latitude":"12.97617","longitude":"77.53141","responsecode":200},{"latitude":"12.97597","longitude":"77.53135999999999","responsecode":200},{"latitude":"12.97585","longitude":"77.53132","responsecode":200},{"latitude":"12.975622","longitude":"77.531235","responsecode":200},{"latitude":"12.975622","longitude":"77.531235","responsecode":200},{"latitude":"12.9755","longitude":"77.53119","responsecode":200},{"latitude":"12.97524","longitude":"77.53108999999999","responsecode":200},{"latitude":"12.97501","longitude":"77.53102","responsecode":200},{"latitude":"12.974689999999999","longitude":"77.53092","responsecode":200},{"latitude":"12.97444","longitude":"77.53079","responsecode":200},{"latitude":"12.974039999999999","longitude":"77.53054999999999","responsecode":200},{"latitude":"12.973919999999998","longitude":"77.53048999999999","responsecode":200},{"latitude":"12.973797999999999","longitude":"77.53041399999998","responsecode":200},{"latitude":"12.973798","longitude":"77.530414","responsecode":200},{"latitude":"12.97368","longitude":"77.53034","responsecode":200},{"latitude":"12.97352","longitude":"77.53023999999999","responsecode":200},{"latitude":"12.97333","longitude":"77.53004999999999","responsecode":200},{"latitude":"12.97297","longitude":"77.52966999999998","responsecode":200},{"latitude":"12.97289","longitude":"77.52955999999998","responsecode":200},{"latitude":"12.97287","longitude":"77.52878999999997","responsecode":200},{"latitude":"12.97286","longitude":"77.52866999999998","responsecode":200},{"latitude":"12.97277","longitude":"77.52860999999997","responsecode":200},{"latitude":"12.97265","longitude":"77.52855999999997","responsecode":200},{"latitude":"12.97255","longitude":"77.52852999999998","responsecode":200},{"latitude":"12.97223","longitude":"77.52841999999997","responsecode":200},{"latitude":"12.97203","longitude":"77.52833999999997","responsecode":200},{"latitude":"12.97195","longitude":"77.52828999999997","responsecode":200},{"latitude":"12.97189","longitude":"77.52822999999997","responsecode":200},{"latitude":"12.97186","longitude":"77.52812999999996","responsecode":200},{"latitude":"12.97186","longitude":"77.52802999999996","responsecode":200},{"latitude":"12.971879999999999","longitude":"77.52788999999996","responsecode":200},{"latitude":"12.971979999999999","longitude":"77.52721999999996","responsecode":200},{"latitude":"12.971979999999999","longitude":"77.52709999999996","responsecode":200},{"latitude":"12.971949999999998","longitude":"77.52699999999996","responsecode":200},{"latitude":"12.971659999999998","longitude":"77.52689999999996","responsecode":200},{"latitude":"12.971519999999998","longitude":"77.52685999999996","responsecode":200},{"latitude":"12.971359999999999","longitude":"77.52681999999996","responsecode":200},{"latitude":"12.97136","longitude":"77.52682","responsecode":200},{"latitude":"12.97136","longitude":"77.52682","responsecode":200},{"latitude":"12.9711","longitude":"77.52676","responsecode":200},{"latitude":"12.97091","longitude":"77.52669999999999","responsecode":200},{"latitude":"12.97084","longitude":"77.52667999999998","responsecode":200},{"latitude":"12.970740000000001","longitude":"77.52664999999999","responsecode":200},{"latitude":"12.970630000000002","longitude":"77.52658","responsecode":200},{"latitude":"12.970590000000001","longitude":"77.52653","responsecode":200},{"latitude":"12.970570000000002","longitude":"77.52646","responsecode":200},{"latitude":"12.970570000000002","longitude":"77.52638","responsecode":200},{"latitude":"12.970630000000002","longitude":"77.52616","responsecode":200},{"latitude":"12.970660000000002","longitude":"77.52600000000001","responsecode":200},{"latitude":"12.970690000000003","longitude":"77.52582000000001","responsecode":200},{"latitude":"12.970730000000003","longitude":"77.52546000000001","responsecode":200},{"latitude":"12.970770000000003","longitude":"77.52499","responsecode":200},{"latitude":"12.97077","longitude":"77.52499","responsecode":200},{"latitude":"12.97077","longitude":"77.52499","responsecode":200},{"latitude":"12.97047","longitude":"77.52489","responsecode":200},{"latitude":"12.97019","longitude":"77.52477","responsecode":200},{"latitude":"12.97005","longitude":"77.52470000000001","responsecode":200},{"latitude":"12.969990000000001","longitude":"77.52469","responsecode":200},{"latitude":"12.9699","longitude":"77.52468","responsecode":200},{"latitude":"12.969750000000001","longitude":"77.52467","responsecode":200},{"latitude":"12.969650000000001","longitude":"77.52466","responsecode":200},{"latitude":"12.969500000000002","longitude":"77.52465","responsecode":200},{"latitude":"12.969350000000002","longitude":"77.52463999999999","responsecode":200},{"latitude":"12.969250000000002","longitude":"77.52462999999999","responsecode":200},{"latitude":"12.969140000000003","longitude":"77.52460999999998","responsecode":200},{"latitude":"12.969050000000003","longitude":"77.52458999999998","responsecode":200},{"latitude":"12.968770000000003","longitude":"77.52448999999997","responsecode":200},{"latitude":"12.968450000000002","longitude":"77.52430999999997","responsecode":200},{"latitude":"12.968240000000003","longitude":"77.52421999999997","responsecode":200},{"latitude":"12.968030000000004","longitude":"77.52411999999997","responsecode":200},{"latitude":"12.967730000000005","longitude":"77.52396999999996","responsecode":200},{"latitude":"12.967590000000005","longitude":"77.52389999999997","responsecode":200},{"latitude":"12.96759","longitude":"77.5239","responsecode":200},{"latitude":"12.96759","longitude":"77.5239","responsecode":200},{"latitude":"12.967419999999999","longitude":"77.52382","responsecode":200},{"latitude":"12.967319999999999","longitude":"77.52378","responsecode":200},{"latitude":"12.96707","longitude":"77.52367","responsecode":200},{"latitude":"12.96688","longitude":"77.52360999999999","responsecode":200},{"latitude":"12.96674","longitude":"77.52358","responsecode":200},{"latitude":"12.96654","longitude":"77.52353","responsecode":200},{"latitude":"12.96637","longitude":"77.52350999999999","responsecode":200},{"latitude":"12.96626","longitude":"77.52348999999998","responsecode":200},{"latitude":"12.9661","longitude":"77.52346999999997","responsecode":200},{"latitude":"12.965990000000001","longitude":"77.52344999999997","responsecode":200},{"latitude":"12.965860000000001","longitude":"77.52338999999996","responsecode":200},{"latitude":"12.965770000000001","longitude":"77.52334999999997","responsecode":200},{"latitude":"12.96565","longitude":"77.52330999999997","responsecode":200},{"latitude":"12.96553","longitude":"77.52328999999996","responsecode":200},{"latitude":"12.96528","longitude":"77.52330999999997","responsecode":200},{"latitude":"12.96513","longitude":"77.52333999999996","responsecode":200},{"latitude":"12.96513","longitude":"77.52334","responsecode":200},{"latitude":"12.96513","longitude":"77.52334","responsecode":200},{"latitude":"12.96505","longitude":"77.52337","responsecode":200},{"latitude":"12.96483","longitude":"77.52345","responsecode":200},{"latitude":"12.964509999999999","longitude":"77.52356999999999","responsecode":200},{"latitude":"12.96436","longitude":"77.52363","responsecode":200},{"latitude":"12.964129999999999","longitude":"77.52367","responsecode":200},{"latitude":"12.963989999999999","longitude":"77.52367","responsecode":200},{"latitude":"12.963819999999998","longitude":"77.52368","responsecode":200},{"latitude":"12.963539999999998","longitude":"77.52365","responsecode":200},{"latitude":"12.963219999999998","longitude":"77.52361","responsecode":200},{"latitude":"12.963099999999997","longitude":"77.52358000000001","responsecode":200},{"latitude":"12.962989999999998","longitude":"77.52353000000001","responsecode":200},{"latitude":"12.962839999999998","longitude":"77.52344000000001","responsecode":200},{"latitude":"12.962799999999998","longitude":"77.52341000000001","responsecode":200},{"latitude":"12.962669999999997","longitude":"77.52334000000002","responsecode":200},{"latitude":"12.962509999999998","longitude":"77.52326000000002","responsecode":200},{"latitude":"12.962399999999999","longitude":"77.52324000000002","responsecode":200},{"latitude":"12.962309999999999","longitude":"77.52320000000002","responsecode":200},{"latitude":"12.96224","longitude":"77.52316000000002","responsecode":200},{"latitude":"12.96219","longitude":"77.52306000000002","responsecode":200},{"latitude":"12.96217","longitude":"77.52298000000002","responsecode":200},{"latitude":"12.96216","longitude":"77.52283000000001","responsecode":200},{"latitude":"12.96213","longitude":"77.52265000000001","responsecode":200},{"latitude":"12.96205","longitude":"77.52249000000002","responsecode":200},{"latitude":"12.96195","longitude":"77.52234000000001","responsecode":200},{"latitude":"12.96182","longitude":"77.52217000000002","responsecode":200},{"latitude":"12.96178","longitude":"77.52204000000002","responsecode":200},{"latitude":"12.96177","longitude":"77.52191000000002","responsecode":200},{"latitude":"12.96177","longitude":"77.52191","responsecode":200},{"latitude":"12.96177","longitude":"77.52191","responsecode":200},{"latitude":"12.96176","longitude":"77.52175000000001","responsecode":200},{"latitude":"12.96178","longitude":"77.52155","responsecode":200},{"latitude":"12.961789999999999","longitude":"77.52135","responsecode":200},{"latitude":"12.96182","longitude":"77.52092999999999","responsecode":200},{"latitude":"12.96182","longitude":"77.52086999999999","responsecode":200},{"latitude":"12.96181","longitude":"77.52081999999999","responsecode":200},{"latitude":"12.96177","longitude":"77.52075999999998","responsecode":200},{"latitude":"12.96173","longitude":"77.52070999999998","responsecode":200},{"latitude":"12.961699999999999","longitude":"77.52067999999998","responsecode":200},{"latitude":"12.961559999999999","longitude":"77.52062999999998","responsecode":200},{"latitude":"12.961459999999999","longitude":"77.52059999999999","responsecode":200},{"latitude":"12.961289999999998","longitude":"77.52053999999998","responsecode":200},{"latitude":"12.960959999999998","longitude":"77.52044999999998","responsecode":200},{"latitude":"12.960849999999999","longitude":"77.52042999999998","responsecode":200},{"latitude":"12.960659999999999","longitude":"77.52039999999998","responsecode":200},{"latitude":"12.960529999999999","longitude":"77.52037999999997","responsecode":200},{"latitude":"12.960399999999998","longitude":"77.52031999999997","responsecode":200},{"latitude":"12.960309999999998","longitude":"77.52022999999997","responsecode":200},{"latitude":"12.960239999999999","longitude":"77.52012999999997","responsecode":200},{"latitude":"12.96004","longitude":"77.51973999999997","responsecode":200},{"latitude":"12.95993","longitude":"77.51957999999998","responsecode":200},{"latitude":"12.95986","longitude":"77.51950999999998","responsecode":200},{"latitude":"12.959810000000001","longitude":"77.51946999999998","responsecode":200},{"latitude":"12.95969","longitude":"77.51938999999999","responsecode":200},{"latitude":"12.95936","longitude":"77.51927999999998","responsecode":200},{"latitude":"12.95921","longitude":"77.51922999999998","responsecode":200},{"latitude":"12.959010000000001","longitude":"77.51915999999999","responsecode":200},{"latitude":"12.958770000000001","longitude":"77.51906999999999","responsecode":200},{"latitude":"12.958670000000001","longitude":"77.51907999999999","responsecode":200},{"latitude":"12.958560000000002","longitude":"77.51906999999999","responsecode":200},{"latitude":"12.958430000000002","longitude":"77.51902999999999","responsecode":200},{"latitude":"12.95843","longitude":"77.51903","responsecode":200},{"latitude":"12.95843","longitude":"77.51903","responsecode":200},{"latitude":"12.95827","longitude":"77.51897","responsecode":200},{"latitude":"12.95818","longitude":"77.51894","responsecode":200},{"latitude":"12.95809","longitude":"77.51889","responsecode":200},{"latitude":"12.95796","longitude":"77.51879","responsecode":200},{"latitude":"12.95811","longitude":"77.51862","responsecode":200},{"latitude":"12.958179999999999","longitude":"77.51847","responsecode":200},{"latitude":"12.958249999999998","longitude":"77.51826","responsecode":200},{"latitude":"12.958349999999998","longitude":"77.51795","responsecode":200},{"latitude":"12.958389999999998","longitude":"77.51783999999999","responsecode":200},{"latitude":"12.958469999999998","longitude":"77.51759","responsecode":200},{"latitude":"12.958529999999998","longitude":"77.51741","responsecode":200},{"latitude":"12.958589999999997","longitude":"77.51724","responsecode":200},{"latitude":"12.958719999999998","longitude":"77.51699","responsecode":200},{"latitude":"12.958779999999997","longitude":"77.51689","responsecode":200},{"latitude":"12.958809999999998","longitude":"77.51684","responsecode":200},{"latitude":"12.95881","longitude":"77.51684","responsecode":200},{"latitude":"12.95887","longitude":"77.51674","responsecode":200},{"latitude":"12.95904","longitude":"77.51646","responsecode":200},{"latitude":"12.95927","longitude":"77.5161","responsecode":200},{"latitude":"12.95945","longitude":"77.51576999999999","responsecode":200},{"latitude":"12.9595","longitude":"77.51565","responsecode":200},{"latitude":"12.95956","longitude":"77.51552","responsecode":200},{"latitude":"12.95962","longitude":"77.51539","responsecode":200},{"latitude":"12.95975","longitude":"77.51508","responsecode":200},{"latitude":"12.95984","longitude":"77.51486","responsecode":200},{"latitude":"12.9601","longitude":"77.51419","responsecode":200},{"latitude":"12.96045","longitude":"77.51333","responsecode":200},{"latitude":"12.960519999999999","longitude":"77.51315","responsecode":200},{"latitude":"12.960579999999998","longitude":"77.51299","responsecode":200},{"latitude":"12.960679999999998","longitude":"77.51267","responsecode":200},{"latitude":"12.960789999999998","longitude":"77.51247","responsecode":200},{"latitude":"12.960879999999998","longitude":"77.51212","responsecode":200},{"latitude":"12.961069999999998","longitude":"77.51158","responsecode":200},{"latitude":"12.961109999999998","longitude":"77.51132","responsecode":200},{"latitude":"12.961119999999998","longitude":"77.51111","responsecode":200},{"latitude":"12.961109999999998","longitude":"77.51083","responsecode":200},{"latitude":"12.961089999999999","longitude":"77.51071","responsecode":200},{"latitude":"12.96107","longitude":"77.51053","responsecode":200},{"latitude":"12.96103","longitude":"77.51029","responsecode":200},{"latitude":"12.960989999999999","longitude":"77.50995","responsecode":200},{"latitude":"12.960973999999998","longitude":"77.50982900000001","responsecode":200},{"latitude":"12.960974","longitude":"77.509829","responsecode":200},{"latitude":"12.96093","longitude":"77.50950999999999","responsecode":200},{"latitude":"12.96087","longitude":"77.50909999999999","responsecode":200},{"latitude":"12.96082","longitude":"77.50876999999998","responsecode":200},{"latitude":"12.96075","longitude":"77.50824999999999","responsecode":200},{"latitude":"12.960690000000001","longitude":"77.50769999999999","responsecode":200},{"latitude":"12.960682000000002","longitude":"77.50758999999998","responsecode":200},{"latitude":"12.960682","longitude":"77.50759","responsecode":200},{"latitude":"12.96067","longitude":"77.50742","responsecode":200},{"latitude":"12.960650000000001","longitude":"77.50721999999999","responsecode":200},{"latitude":"12.960640000000001","longitude":"77.50708999999999","responsecode":200},{"latitude":"12.96061","longitude":"77.50693","responsecode":200},{"latitude":"12.960540000000002","longitude":"77.50647","responsecode":200},{"latitude":"12.960490000000002","longitude":"77.50616","responsecode":200},{"latitude":"12.960470000000003","longitude":"77.50604999999999","responsecode":200},{"latitude":"12.960440000000002","longitude":"77.50576999999998","responsecode":200},{"latitude":"12.960330000000003","longitude":"77.50514999999999","responsecode":200},{"latitude":"12.960346000000003","longitude":"77.50494999999998","responsecode":200},{"latitude":"12.960346","longitude":"77.50495","responsecode":200},{"latitude":"12.96035","longitude":"77.50489999999999","responsecode":200},{"latitude":"12.96043","longitude":"77.50456999999999","responsecode":200},{"latitude":"12.96045","longitude":"77.50441","responsecode":200},{"latitude":"12.960049999999999","longitude":"77.50424","responsecode":200},{"latitude":"12.95952","longitude":"77.50404999999999","responsecode":200},{"latitude":"12.959259999999999","longitude":"77.50395999999999","responsecode":200},{"latitude":"12.958339999999998","longitude":"77.50358999999999","responsecode":200},{"latitude":"12.958009999999998","longitude":"77.50344999999999","responsecode":200},{"latitude":"12.957779999999998","longitude":"77.50334999999998","responsecode":200},{"latitude":"12.957619999999999","longitude":"77.50328999999998","responsecode":200},{"latitude":"12.957639999999998","longitude":"77.50316999999998","responsecode":200},{"latitude":"12.957750999999998","longitude":"77.50283999999998","responsecode":200},{"latitude":"12.957751","longitude":"77.50284","responsecode":200},{"latitude":"12.95794","longitude":"77.50228000000001","responsecode":200},{"latitude":"12.95799","longitude":"77.50214000000001","responsecode":200},{"latitude":"12.95808","longitude":"77.50189000000002","responsecode":200},{"latitude":"12.958110000000001","longitude":"77.50181000000002","responsecode":200},{"latitude":"12.95818","longitude":"77.50165000000003","responsecode":200},{"latitude":"12.95828","longitude":"77.50147000000003","responsecode":200},{"latitude":"12.95838","longitude":"77.50134000000003","responsecode":200},{"latitude":"12.95856","longitude":"77.50108000000003","responsecode":200},{"latitude":"12.9587","longitude":"77.50086000000003","responsecode":200},{"latitude":"12.958820000000001","longitude":"77.50065000000004","responsecode":200},{"latitude":"12.958839000000001","longitude":"77.50063900000004","responsecode":200},{"latitude":"12.958839","longitude":"77.500639","responsecode":200},{"latitude":"12.95894","longitude":"77.50058000000001","responsecode":200},{"latitude":"12.95756","longitude":"77.50009000000001","responsecode":200},{"latitude":"12.957680000000002","longitude":"77.49991000000001","responsecode":200},{"latitude":"12.957740000000001","longitude":"77.49984000000002","responsecode":200},{"latitude":"12.95799","longitude":"77.49928000000003","responsecode":200},{"latitude":"12.95805","longitude":"77.49910000000003","responsecode":200},{"latitude":"12.95813","longitude":"77.49893000000003","responsecode":200},{"latitude":"12.95823","longitude":"77.49864000000002","responsecode":200},{"latitude":"12.95834","longitude":"77.49830000000003","responsecode":200},{"latitude":"12.95844","longitude":"77.49789000000003","responsecode":200},{"latitude":"12.958509999999999","longitude":"77.49754000000003","responsecode":200},{"latitude":"12.958499999999999","longitude":"77.49743000000002","responsecode":200},{"latitude":"12.95848","longitude":"77.49712000000002","responsecode":200},{"latitude":"12.95847","longitude":"77.49702000000002","responsecode":200},{"latitude":"12.958450000000001","longitude":"77.49671000000002","responsecode":200},{"latitude":"12.958620000000002","longitude":"77.49561000000003","responsecode":200},{"latitude":"12.95883","longitude":"77.49449000000003","responsecode":200},{"latitude":"12.95888","longitude":"77.49419000000003","responsecode":200},{"latitude":"12.95897","longitude":"77.49376000000004","responsecode":200},{"latitude":"12.95903","longitude":"77.49338000000003","responsecode":200},{"latitude":"12.95909","longitude":"77.49309000000002","responsecode":200},{"latitude":"12.95914","longitude":"77.49279000000003","responsecode":200},{"latitude":"12.95915","longitude":"77.49270000000003","responsecode":200},{"latitude":"12.9592","longitude":"77.49248000000003","responsecode":200},{"latitude":"12.959219999999998","longitude":"77.49237000000002","responsecode":200},{"latitude":"12.959259999999999","longitude":"77.49218000000002","responsecode":200},{"latitude":"12.959279999999998","longitude":"77.49206000000002","responsecode":200},{"latitude":"12.959329999999998","longitude":"77.49180000000003","responsecode":200},{"latitude":"12.959349999999997","longitude":"77.49169000000002","responsecode":200},{"latitude":"12.959389999999997","longitude":"77.49155000000002","responsecode":200},{"latitude":"12.959449999999997","longitude":"77.49131000000001","responsecode":200},{"latitude":"12.959529999999997","longitude":"77.49102","responsecode":200},{"latitude":"12.959609999999998","longitude":"77.49071","responsecode":200},{"latitude":"12.959689999999998","longitude":"77.49043","responsecode":200},{"latitude":"12.959709999999998","longitude":"77.49037","responsecode":200},{"latitude":"12.959779999999997","longitude":"77.49014","responsecode":200},{"latitude":"12.959839999999996","longitude":"77.48993","responsecode":200},{"latitude":"12.959889999999996","longitude":"77.48977000000001","responsecode":200},{"latitude":"12.959979999999996","longitude":"77.48944","responsecode":200},{"latitude":"12.959989999999996","longitude":"77.48939","responsecode":200},{"latitude":"12.960069999999996","longitude":"77.48913","responsecode":200},{"latitude":"12.96007","longitude":"77.48913","responsecode":200},{"latitude":"12.96007","longitude":"77.48913","responsecode":200},{"latitude":"12.96057","longitude":"77.48927","responsecode":200},{"latitude":"12.96099","longitude":"77.48939","responsecode":200},{"latitude":"12.96101","longitude":"77.48908","responsecode":200},{"latitude":"12.96104","longitude":"77.48874","responsecode":200},{"latitude":"12.96108","longitude":"77.48830000000001","responsecode":200},{"latitude":"12.9618","longitude":"77.48849000000001","responsecode":200},{"latitude":"12.96209","longitude":"77.48856","responsecode":200},{"latitude":"12.96234","longitude":"77.48862000000001","responsecode":200},{"latitude":"12.96261","longitude":"77.48866000000001","responsecode":200},{"latitude":"12.96288","longitude":"77.48870000000001","responsecode":200},{"latitude":"12.96319","longitude":"77.48875000000001","responsecode":200},{"latitude":"12.963330000000001","longitude":"77.48879000000001","responsecode":200},{"latitude":"12.963790000000001","longitude":"77.48889000000001","responsecode":200},{"latitude":"12.963930000000001","longitude":"77.48893000000001","responsecode":200},{"latitude":"12.964039000000001","longitude":"77.48895700000001","responsecode":200}],"Message":"Success","Issuccess":true,"exception":null,"RowCount":542,"responsecode":200}