{"data":[{"latitude":"12.97437","longitude":"77.52051","responsecode":200},{"latitude":"12.97424","longitude":"77.52121","responsecode":200},{"latitude":"12.97459","longitude":"77.52132","responsecode":200},{"latitude":"12.974639999999999","longitude":"77.52134000000001","responsecode":200},{"latitude":"12.97482","longitude":"77.52141","responsecode":200},{"latitude":"12.97491","longitude":"77.52144","responsecode":200},{"latitude":"12.97514","longitude":"77.52150999999999","responsecode":200},{"latitude":"12.975109999999999","longitude":"77.52181999999999","responsecode":200},{"latitude":"12.975769999999999","longitude":"77.52188999999998","responsecode":200},{"latitude":"12.976259999999998","longitude":"77.52193999999999","responsecode":200},{"latitude":"12.976629999999998","longitude":"77.52200999999998","responsecode":200},{"latitude":"12.976589999999998","longitude":"77.52234999999997","responsecode":200},{"latitude":"12.976559999999997","longitude":"77.52264999999997","responsecode":200},{"latitude":"12.976519999999997","longitude":"77.52291999999997","responsecode":200},{"latitude":"12.976479999999997","longitude":"77.52334999999997","responsecode":200},{"latitude":"12.976472999999997","longitude":"77.52345899999996","responsecode":200},{"latitude":"12.976473","longitude":"77.523459","responsecode":200},{"latitude":"12.976460000000001","longitude":"77.52368","responsecode":200},{"latitude":"12.976440000000002","longitude":"77.52398","responsecode":200},{"latitude":"12.976430000000002","longitude":"77.52414999999999","responsecode":200},{"latitude":"12.976430000000002","longitude":"77.52426999999999","responsecode":200},{"latitude":"12.976430000000002","longitude":"77.52447","responsecode":200},{"latitude":"12.976430000000002","longitude":"77.52457","responsecode":200},{"latitude":"12.976410000000003","longitude":"77.52493","responsecode":200},{"latitude":"12.976370000000003","longitude":"77.5254","responsecode":200},{"latitude":"12.976340000000002","longitude":"77.52575","responsecode":200},{"latitude":"12.976330000000003","longitude":"77.52590000000001","responsecode":200},{"latitude":"12.97633","longitude":"77.5259","responsecode":200},{"latitude":"12.97633","longitude":"77.5259","responsecode":200},{"latitude":"12.976310000000002","longitude":"77.52622","responsecode":200},{"latitude":"12.976310000000002","longitude":"77.52646","responsecode":200},{"latitude":"12.976310000000002","longitude":"77.52656","responsecode":200},{"latitude":"12.976310000000002","longitude":"77.52676000000001","responsecode":200},{"latitude":"12.976310000000002","longitude":"77.52691000000002","responsecode":200},{"latitude":"12.976310000000002","longitude":"77.52701000000002","responsecode":200},{"latitude":"12.976320000000001","longitude":"77.52716000000002","responsecode":200},{"latitude":"12.97633","longitude":"77.52752000000002","responsecode":200},{"latitude":"12.97634","longitude":"77.52770000000002","responsecode":200},{"latitude":"12.97635","longitude":"77.52791000000002","responsecode":200},{"latitude":"12.97635","longitude":"77.52801000000002","responsecode":200},{"latitude":"12.97636","longitude":"77.52823000000002","responsecode":200},{"latitude":"12.97636","longitude":"77.52835000000002","responsecode":200},{"latitude":"12.97635","longitude":"77.52854000000002","responsecode":200},{"latitude":"12.97635","longitude":"77.52874000000003","responsecode":200},{"latitude":"12.97635","longitude":"77.52884000000003","responsecode":200},{"latitude":"12.97634","longitude":"77.52901000000003","responsecode":200},{"latitude":"12.9763","longitude":"77.52950000000003","responsecode":200},{"latitude":"12.97629","longitude":"77.52965000000003","responsecode":200},{"latitude":"12.97626","longitude":"77.53032000000003","responsecode":200},{"latitude":"12.97625","longitude":"77.53051000000004","responsecode":200},{"latitude":"12.976236","longitude":"77.53080000000004","responsecode":200},{"latitude":"12.976236","longitude":"77.5308","responsecode":200},{"latitude":"12.97623","longitude":"77.53093","responsecode":200},{"latitude":"12.97621","longitude":"77.53115","responsecode":200},{"latitude":"12.97618","longitude":"77.53141","responsecode":200},{"latitude":"12.976149999999999","longitude":"77.53169","responsecode":200},{"latitude":"12.976119999999998","longitude":"77.53188","responsecode":200},{"latitude":"12.976089999999997","longitude":"77.53207","responsecode":200},{"latitude":"12.975999999999997","longitude":"77.53249000000001","responsecode":200},{"latitude":"12.975929999999998","longitude":"77.53279","responsecode":200},{"latitude":"12.975889999999998","longitude":"77.533","responsecode":200},{"latitude":"12.975869999999999","longitude":"77.53314","responsecode":200},{"latitude":"12.9758","longitude":"77.53344","responsecode":200},{"latitude":"12.975719999999999","longitude":"77.53386","responsecode":200},{"latitude":"12.97566","longitude":"77.53419000000001","responsecode":200},{"latitude":"12.975629999999999","longitude":"77.53444","responsecode":200},{"latitude":"12.97561","longitude":"77.53466","responsecode":200},{"latitude":"12.97559","longitude":"77.53490000000001","responsecode":200},{"latitude":"12.97558","longitude":"77.53505000000001","responsecode":200},{"latitude":"12.97558","longitude":"77.53541000000001","responsecode":200},{"latitude":"12.97558","longitude":"77.53553000000001","responsecode":200},{"latitude":"12.97558","longitude":"77.53601","responsecode":200},{"latitude":"12.975594000000001","longitude":"77.53646","responsecode":200},{"latitude":"12.975594","longitude":"77.53646","responsecode":200},{"latitude":"12.9756","longitude":"77.53663","responsecode":200},{"latitude":"12.97561","longitude":"77.5369","responsecode":200},{"latitude":"12.975629999999999","longitude":"77.53711","responsecode":200},{"latitude":"12.97567","longitude":"77.53741","responsecode":200},{"latitude":"12.9757","longitude":"77.53769","responsecode":200},{"latitude":"12.97571","longitude":"77.53799","responsecode":200},{"latitude":"12.975729999999999","longitude":"77.53838999999999","responsecode":200},{"latitude":"12.975739999999998","longitude":"77.53859","responsecode":200},{"latitude":"12.975559999999998","longitude":"77.53854","responsecode":200},{"latitude":"12.975229999999998","longitude":"77.53847","responsecode":200},{"latitude":"12.975069999999999","longitude":"77.53851","responsecode":200},{"latitude":"12.974269999999999","longitude":"77.53838","responsecode":200},{"latitude":"12.97369","longitude":"77.53832","responsecode":200},{"latitude":"12.973749999999999","longitude":"77.53843","responsecode":200},{"latitude":"12.97303","longitude":"77.53841","responsecode":200},{"latitude":"12.97298","longitude":"77.53851","responsecode":200},{"latitude":"12.97283","longitude":"77.53864","responsecode":200},{"latitude":"12.9727","longitude":"77.53845","responsecode":200},{"latitude":"12.9726","longitude":"77.53833999999999","responsecode":200},{"latitude":"12.9725","longitude":"77.53822999999998","responsecode":200},{"latitude":"12.97239","longitude":"77.53812999999998","responsecode":200},{"latitude":"12.972290000000001","longitude":"77.53805999999999","responsecode":200},{"latitude":"12.97217","longitude":"77.53797999999999","responsecode":200},{"latitude":"12.97208","longitude":"77.53792999999999","responsecode":200},{"latitude":"12.971966","longitude":"77.53786799999999","responsecode":200},{"latitude":"12.971966","longitude":"77.537868","responsecode":200},{"latitude":"12.971870000000001","longitude":"77.53782","responsecode":200},{"latitude":"12.97175","longitude":"77.53777","responsecode":200},{"latitude":"12.97157","longitude":"77.5377","responsecode":200},{"latitude":"12.97099","longitude":"77.53751","responsecode":200},{"latitude":"12.970740000000001","longitude":"77.53742","responsecode":200},{"latitude":"12.969980000000001","longitude":"77.53715","responsecode":200},{"latitude":"12.96972","longitude":"77.53706","responsecode":200},{"latitude":"12.9688","longitude":"77.53675","responsecode":200},{"latitude":"12.96827","longitude":"77.53656","responsecode":200},{"latitude":"12.96801","longitude":"77.53645999999999","responsecode":200},{"latitude":"12.967841","longitude":"77.53639499999998","responsecode":200},{"latitude":"12.967841","longitude":"77.536395","responsecode":200},{"latitude":"12.96775","longitude":"77.53636","responsecode":200},{"latitude":"12.967540000000001","longitude":"77.53628","responsecode":200},{"latitude":"12.967300000000002","longitude":"77.53618","responsecode":200},{"latitude":"12.967010000000002","longitude":"77.53604","responsecode":200},{"latitude":"12.966720000000002","longitude":"77.5359","responsecode":200},{"latitude":"12.966000000000003","longitude":"77.53555","responsecode":200},{"latitude":"12.966","longitude":"77.53555","responsecode":200},{"latitude":"12.966","longitude":"77.53555","responsecode":200},{"latitude":"12.96483","longitude":"77.53502","responsecode":200},{"latitude":"12.964569999999998","longitude":"77.53490000000001","responsecode":200},{"latitude":"12.964479999999998","longitude":"77.53487000000001","responsecode":200},{"latitude":"12.964339999999998","longitude":"77.53481000000001","responsecode":200},{"latitude":"12.963299999999998","longitude":"77.53437000000001","responsecode":200},{"latitude":"12.962819999999999","longitude":"77.53416000000001","responsecode":200},{"latitude":"12.962559999999998","longitude":"77.53405000000001","responsecode":200},{"latitude":"12.961849999999998","longitude":"77.53374000000001","responsecode":200},{"latitude":"12.961409999999999","longitude":"77.53355","responsecode":200},{"latitude":"12.96107","longitude":"77.5334","responsecode":200},{"latitude":"12.96087","longitude":"77.53332","responsecode":200},{"latitude":"12.96066","longitude":"77.53324","responsecode":200},{"latitude":"12.960500000000001","longitude":"77.53319","responsecode":200},{"latitude":"12.96038","longitude":"77.53317","responsecode":200},{"latitude":"12.960270000000001","longitude":"77.53316","responsecode":200},{"latitude":"12.960160000000002","longitude":"77.53316","responsecode":200},{"latitude":"12.960050000000003","longitude":"77.53317","responsecode":200},{"latitude":"12.959980000000003","longitude":"77.53318","responsecode":200},{"latitude":"12.959870000000004","longitude":"77.53321","responsecode":200},{"latitude":"12.959770000000004","longitude":"77.53323999999999","responsecode":200},{"latitude":"12.959600000000004","longitude":"77.5333","responsecode":200},{"latitude":"12.959370000000003","longitude":"77.53339","responsecode":200},{"latitude":"12.959170000000004","longitude":"77.53347","responsecode":200},{"latitude":"12.958860000000003","longitude":"77.53359999999999","responsecode":200},{"latitude":"12.958520000000004","longitude":"77.53375","responsecode":200},{"latitude":"12.958200000000003","longitude":"77.53389","responsecode":200},{"latitude":"12.958086000000003","longitude":"77.533941","responsecode":200},{"latitude":"12.958086","longitude":"77.533941","responsecode":200},{"latitude":"12.95771","longitude":"77.53411","responsecode":200},{"latitude":"12.95709","longitude":"77.53437","responsecode":200},{"latitude":"12.95696","longitude":"77.53442","responsecode":200},{"latitude":"12.95684","longitude":"77.53446","responsecode":200},{"latitude":"12.956719999999999","longitude":"77.5345","responsecode":200},{"latitude":"12.956589999999998","longitude":"77.53452999999999","responsecode":200},{"latitude":"12.956339999999999","longitude":"77.53459","responsecode":200},{"latitude":"12.956169999999998","longitude":"77.53461999999999","responsecode":200},{"latitude":"12.955979999999998","longitude":"77.53465999999999","responsecode":200},{"latitude":"12.955589999999999","longitude":"77.53473999999999","responsecode":200},{"latitude":"12.955359999999999","longitude":"77.53479999999999","responsecode":200},{"latitude":"12.955269999999999","longitude":"77.53483999999999","responsecode":200},{"latitude":"12.955139999999998","longitude":"77.53490999999998","responsecode":200},{"latitude":"12.955039999999999","longitude":"77.53498999999998","responsecode":200},{"latitude":"12.954939999999999","longitude":"77.53506999999998","responsecode":200},{"latitude":"12.954819999999998","longitude":"77.53518999999997","responsecode":200},{"latitude":"12.954689999999998","longitude":"77.53530999999997","responsecode":200},{"latitude":"12.954359999999998","longitude":"77.53563999999997","responsecode":200},{"latitude":"12.954189999999997","longitude":"77.53580999999997","responsecode":200},{"latitude":"12.954059999999997","longitude":"77.53592999999996","responsecode":200},{"latitude":"12.953859999999997","longitude":"77.53611999999997","responsecode":200},{"latitude":"12.953709999999997","longitude":"77.53626999999997","responsecode":200},{"latitude":"12.95371","longitude":"77.53627","responsecode":200},{"latitude":"12.95371","longitude":"77.53627","responsecode":200},{"latitude":"12.95366","longitude":"77.53639","responsecode":200},{"latitude":"12.953619999999999","longitude":"77.5365","responsecode":200},{"latitude":"12.953589999999998","longitude":"77.53659","responsecode":200},{"latitude":"12.953559999999998","longitude":"77.53671","responsecode":200},{"latitude":"12.953509999999998","longitude":"77.53694","responsecode":200},{"latitude":"12.953469999999998","longitude":"77.53715","responsecode":200},{"latitude":"12.953419999999998","longitude":"77.53739","responsecode":200},{"latitude":"12.953399999999998","longitude":"77.53750000000001","responsecode":200},{"latitude":"12.953359999999998","longitude":"77.53771","responsecode":200},{"latitude":"12.953229999999998","longitude":"77.53831000000001","responsecode":200},{"latitude":"12.953149999999997","longitude":"77.53890000000001","responsecode":200},{"latitude":"12.953049999999998","longitude":"77.53975000000001","responsecode":200},{"latitude":"12.953009999999997","longitude":"77.54001000000001","responsecode":200},{"latitude":"12.952979999999997","longitude":"77.54015000000001","responsecode":200},{"latitude":"12.952939999999996","longitude":"77.54030000000002","responsecode":200},{"latitude":"12.952889999999996","longitude":"77.54047000000001","responsecode":200},{"latitude":"12.952889999999996","longitude":"77.54074000000001","responsecode":200},{"latitude":"12.952889999999996","longitude":"77.54091000000001","responsecode":200},{"latitude":"12.952909999999996","longitude":"77.54112","responsecode":200},{"latitude":"12.952929999999995","longitude":"77.54128","responsecode":200},{"latitude":"12.952949999999994","longitude":"77.54137","responsecode":200},{"latitude":"12.952979999999995","longitude":"77.54147","responsecode":200},{"latitude":"12.953009999999995","longitude":"77.54153000000001","responsecode":200},{"latitude":"12.953049999999996","longitude":"77.5416","responsecode":200},{"latitude":"12.953089999999996","longitude":"77.54167","responsecode":200},{"latitude":"12.953139999999996","longitude":"77.54175","responsecode":200},{"latitude":"12.953198999999996","longitude":"77.54182899999999","responsecode":200},{"latitude":"12.953199","longitude":"77.541829","responsecode":200},{"latitude":"12.95323","longitude":"77.54187","responsecode":200},{"latitude":"12.953389999999999","longitude":"77.54206","responsecode":200},{"latitude":"12.953489999999999","longitude":"77.54218","responsecode":200},{"latitude":"12.953529999999999","longitude":"77.54224","responsecode":200},{"latitude":"12.953579999999999","longitude":"77.54232","responsecode":200},{"latitude":"12.953629999999999","longitude":"77.54242","responsecode":200},{"latitude":"12.953669999999999","longitude":"77.54251000000001","responsecode":200},{"latitude":"12.953829999999998","longitude":"77.54299","responsecode":200},{"latitude":"12.953879999999998","longitude":"77.54314000000001","responsecode":200},{"latitude":"12.953929999999998","longitude":"77.54326","responsecode":200},{"latitude":"12.953989999999997","longitude":"77.54338","responsecode":200},{"latitude":"12.954049999999997","longitude":"77.54349","responsecode":200},{"latitude":"12.954109999999996","longitude":"77.54359000000001","responsecode":200},{"latitude":"12.954219999999996","longitude":"77.54375","responsecode":200},{"latitude":"12.954279999999995","longitude":"77.54383","responsecode":200},{"latitude":"12.954349999999994","longitude":"77.54392","responsecode":200},{"latitude":"12.954459999999994","longitude":"77.54406","responsecode":200},{"latitude":"12.954939999999993","longitude":"77.54462","responsecode":200},{"latitude":"12.955109999999994","longitude":"77.54482","responsecode":200},{"latitude":"12.955239999999995","longitude":"77.54498","responsecode":200},{"latitude":"12.955349999999994","longitude":"77.54513","responsecode":200},{"latitude":"12.955439999999994","longitude":"77.54527","responsecode":200},{"latitude":"12.955559999999995","longitude":"77.54545","responsecode":200},{"latitude":"12.955659999999995","longitude":"77.54561","responsecode":200},{"latitude":"12.955739999999995","longitude":"77.54575","responsecode":200},{"latitude":"12.955879999999995","longitude":"77.54601","responsecode":200},{"latitude":"12.95588","longitude":"77.54601","responsecode":200},{"latitude":"12.95588","longitude":"77.54601","responsecode":200},{"latitude":"12.95598","longitude":"77.54617999999999","responsecode":200},{"latitude":"12.95605","longitude":"77.54630999999999","responsecode":200},{"latitude":"12.956159999999999","longitude":"77.54652999999999","responsecode":200},{"latitude":"12.95624","longitude":"77.54668999999998","responsecode":200},{"latitude":"12.956309999999998","longitude":"77.54683999999999","responsecode":200},{"latitude":"12.956369999999998","longitude":"77.54702999999999","responsecode":200},{"latitude":"12.956409999999998","longitude":"77.54718999999999","responsecode":200},{"latitude":"12.956439999999999","longitude":"77.54733999999999","responsecode":200},{"latitude":"12.95652","longitude":"77.5478","responsecode":200},{"latitude":"12.956629999999999","longitude":"77.54836999999999","responsecode":200},{"latitude":"12.956669999999999","longitude":"77.54857999999999","responsecode":200},{"latitude":"12.956719999999999","longitude":"77.54887","responsecode":200},{"latitude":"12.95675","longitude":"77.54906","responsecode":200},{"latitude":"12.956819999999999","longitude":"77.54956","responsecode":200},{"latitude":"12.956839999999998","longitude":"77.5497","responsecode":200},{"latitude":"12.956899999999997","longitude":"77.55005","responsecode":200},{"latitude":"12.956999999999997","longitude":"77.55051","responsecode":200},{"latitude":"12.957049999999997","longitude":"77.55074","responsecode":200},{"latitude":"12.957089999999997","longitude":"77.5509","responsecode":200},{"latitude":"12.957139999999997","longitude":"77.55105999999999","responsecode":200},{"latitude":"12.957159999999996","longitude":"77.55112999999999","responsecode":200},{"latitude":"12.957209999999996","longitude":"77.55128999999998","responsecode":200},{"latitude":"12.957329999999997","longitude":"77.55167999999998","responsecode":200},{"latitude":"12.957389999999997","longitude":"77.55184999999997","responsecode":200},{"latitude":"12.95739","longitude":"77.55185","responsecode":200},{"latitude":"12.95739","longitude":"77.55185","responsecode":200},{"latitude":"12.95745","longitude":"77.55204","responsecode":200},{"latitude":"12.95748","longitude":"77.55215000000001","responsecode":200},{"latitude":"12.95757","longitude":"77.55247000000001","responsecode":200},{"latitude":"12.9577","longitude":"77.55288000000002","responsecode":200},{"latitude":"12.95781","longitude":"77.55321000000002","responsecode":200},{"latitude":"12.95792","longitude":"77.55352000000002","responsecode":200},{"latitude":"12.95802","longitude":"77.55382000000002","responsecode":200},{"latitude":"12.95811","longitude":"77.55410000000002","responsecode":200},{"latitude":"12.958179999999999","longitude":"77.55431000000002","responsecode":200},{"latitude":"12.958269999999999","longitude":"77.55454000000002","responsecode":200},{"latitude":"12.958329999999998","longitude":"77.55468000000002","responsecode":200},{"latitude":"12.958409999999999","longitude":"77.55483000000002","responsecode":200},{"latitude":"12.958519999999998","longitude":"77.55498000000003","responsecode":200},{"latitude":"12.958609999999998","longitude":"77.55510000000002","responsecode":200},{"latitude":"12.958709999999998","longitude":"77.55520000000003","responsecode":200},{"latitude":"12.958809999999998","longitude":"77.55528000000002","responsecode":200},{"latitude":"12.958929999999999","longitude":"77.55536000000002","responsecode":200},{"latitude":"12.9591","longitude":"77.55546000000002","responsecode":200},{"latitude":"12.959209999999999","longitude":"77.55552000000003","responsecode":200},{"latitude":"12.959299999999999","longitude":"77.55557000000003","responsecode":200},{"latitude":"12.959399999999999","longitude":"77.55563000000004","responsecode":200},{"latitude":"12.959489999999999","longitude":"77.55569000000004","responsecode":200},{"latitude":"12.95961","longitude":"77.55578000000004","responsecode":200},{"latitude":"12.959719999999999","longitude":"77.55594000000004","responsecode":200},{"latitude":"12.959869999999999","longitude":"77.55611000000003","responsecode":200},{"latitude":"12.959979999999998","longitude":"77.55629000000003","responsecode":200},{"latitude":"12.960089999999997","longitude":"77.55647000000003","responsecode":200},{"latitude":"12.960249999999997","longitude":"77.55671000000004","responsecode":200},{"latitude":"12.960361999999996","longitude":"77.55687300000004","responsecode":200},{"latitude":"12.960362","longitude":"77.556873","responsecode":200},{"latitude":"12.96038","longitude":"77.5569","responsecode":200},{"latitude":"12.96049","longitude":"77.55707","responsecode":200},{"latitude":"12.96058","longitude":"77.55718999999999","responsecode":200},{"latitude":"12.96067","longitude":"77.55731999999999","responsecode":200},{"latitude":"12.96075","longitude":"77.55745999999999","responsecode":200},{"latitude":"12.96077","longitude":"77.55749999999999","responsecode":200},{"latitude":"12.96082","longitude":"77.55758999999999","responsecode":200},{"latitude":"12.96091","longitude":"77.55776999999999","responsecode":200},{"latitude":"12.96098","longitude":"77.55792999999998","responsecode":200},{"latitude":"12.96102","longitude":"77.55804999999998","responsecode":200},{"latitude":"12.96107","longitude":"77.55821999999998","responsecode":200},{"latitude":"12.9611","longitude":"77.55834999999998","responsecode":200},{"latitude":"12.96114","longitude":"77.55853999999998","responsecode":200},{"latitude":"12.96124","longitude":"77.55896999999997","responsecode":200},{"latitude":"12.9613","longitude":"77.55921999999997","responsecode":200},{"latitude":"12.961369999999999","longitude":"77.55950999999997","responsecode":200},{"latitude":"12.961479999999998","longitude":"77.55996999999998","responsecode":200},{"latitude":"12.961509999999999","longitude":"77.56010999999998","responsecode":200},{"latitude":"12.961529999999998","longitude":"77.56023999999998","responsecode":200},{"latitude":"12.961579999999998","longitude":"77.56052999999999","responsecode":200},{"latitude":"12.961599999999997","longitude":"77.56069999999998","responsecode":200},{"latitude":"12.961609999999997","longitude":"77.56082999999998","responsecode":200},{"latitude":"12.961619999999996","longitude":"77.56101999999998","responsecode":200},{"latitude":"12.961619999999996","longitude":"77.56129999999999","responsecode":200},{"latitude":"12.961629999999996","longitude":"77.56166999999999","responsecode":200},{"latitude":"12.961639999999996","longitude":"77.56186","responsecode":200},{"latitude":"12.961649999999995","longitude":"77.56204","responsecode":200},{"latitude":"12.961689999999995","longitude":"77.56231","responsecode":200},{"latitude":"12.961719999999996","longitude":"77.56248","responsecode":200},{"latitude":"12.961759999999996","longitude":"77.56267","responsecode":200},{"latitude":"12.961799999999997","longitude":"77.56282999999999","responsecode":200},{"latitude":"12.961849999999997","longitude":"77.56302","responsecode":200},{"latitude":"12.961929999999997","longitude":"77.56326999999999","responsecode":200},{"latitude":"12.962049999999998","longitude":"77.56361999999999","responsecode":200},{"latitude":"12.962369999999998","longitude":"77.56443999999999","responsecode":200},{"latitude":"12.962419999999998","longitude":"77.56459","responsecode":200},{"latitude":"12.962499999999999","longitude":"77.56483999999999","responsecode":200},{"latitude":"12.962599999999998","longitude":"77.56517999999998","responsecode":200},{"latitude":"12.962839999999998","longitude":"77.56595999999999","responsecode":200},{"latitude":"12.962979999999998","longitude":"77.56644999999999","responsecode":200},{"latitude":"12.963039999999998","longitude":"77.56665999999998","responsecode":200},{"latitude":"12.963089999999998","longitude":"77.56682999999998","responsecode":200},{"latitude":"12.963189999999997","longitude":"77.56708999999998","responsecode":200},{"latitude":"12.963349999999997","longitude":"77.56746999999999","responsecode":200},{"latitude":"12.963469999999997","longitude":"77.56762999999998","responsecode":200},{"latitude":"12.963549999999998","longitude":"77.56772999999998","responsecode":200},{"latitude":"12.963619999999997","longitude":"77.56783999999999","responsecode":200},{"latitude":"12.963719999999997","longitude":"77.56799","responsecode":200},{"latitude":"12.963779999999996","longitude":"77.56806999999999","responsecode":200},{"latitude":"12.963839999999996","longitude":"77.56813","responsecode":200},{"latitude":"12.963929999999996","longitude":"77.56819","responsecode":200},{"latitude":"12.963999999999995","longitude":"77.56821000000001","responsecode":200},{"latitude":"12.964089999999995","longitude":"77.56822000000001","responsecode":200},{"latitude":"12.964679999999996","longitude":"77.56822000000001","responsecode":200},{"latitude":"12.964889999999995","longitude":"77.56821000000001","responsecode":200},{"latitude":"12.965149999999996","longitude":"77.5682","responsecode":200},{"latitude":"12.965300999999997","longitude":"77.568195","responsecode":200},{"latitude":"12.965301","longitude":"77.568195","responsecode":200},{"latitude":"12.96573","longitude":"77.56818","responsecode":200},{"latitude":"12.965950000000001","longitude":"77.56815999999999","responsecode":200},{"latitude":"12.96611","longitude":"77.56814999999999","responsecode":200},{"latitude":"12.96625","longitude":"77.56814999999999","responsecode":200},{"latitude":"12.96635","longitude":"77.56814999999999","responsecode":200},{"latitude":"12.96641","longitude":"77.56813999999999","responsecode":200},{"latitude":"12.96663","longitude":"77.56812999999998","responsecode":200},{"latitude":"12.96681","longitude":"77.56811999999998","responsecode":200},{"latitude":"12.966980000000001","longitude":"77.56810999999998","responsecode":200},{"latitude":"12.967210000000001","longitude":"77.56809999999997","responsecode":200},{"latitude":"12.967610000000002","longitude":"77.56807999999997","responsecode":200},{"latitude":"12.967810000000002","longitude":"77.56807999999997","responsecode":200},{"latitude":"12.968190000000002","longitude":"77.56806999999996","responsecode":200},{"latitude":"12.968380000000002","longitude":"77.56805999999996","responsecode":200},{"latitude":"12.968620000000001","longitude":"77.56804999999996","responsecode":200},{"latitude":"12.96883","longitude":"77.56803999999995","responsecode":200},{"latitude":"12.969570000000001","longitude":"77.56808999999996","responsecode":200},{"latitude":"12.969970000000002","longitude":"77.56811999999995","responsecode":200},{"latitude":"12.970220000000001","longitude":"77.56814999999995","responsecode":200},{"latitude":"12.970400000000001","longitude":"77.56817999999994","responsecode":200},{"latitude":"12.970630000000002","longitude":"77.56823999999995","responsecode":200},{"latitude":"12.971030000000003","longitude":"77.56834999999995","responsecode":200},{"latitude":"12.971330000000002","longitude":"77.56845999999996","responsecode":200},{"latitude":"12.971800000000002","longitude":"77.56863999999996","responsecode":200},{"latitude":"12.973220000000001","longitude":"77.56912999999996","responsecode":200},{"latitude":"12.973670000000002","longitude":"77.56930999999996","responsecode":200},{"latitude":"12.974260000000003","longitude":"77.56955999999995","responsecode":200},{"latitude":"12.974360000000003","longitude":"77.56960999999995","responsecode":200},{"latitude":"12.974390000000003","longitude":"77.56961999999996","responsecode":200},{"latitude":"12.974490000000003","longitude":"77.56966999999996","responsecode":200},{"latitude":"12.974580000000003","longitude":"77.56973999999995","responsecode":200},{"latitude":"12.974640000000003","longitude":"77.56980999999995","responsecode":200},{"latitude":"12.974670000000003","longitude":"77.56986999999995","responsecode":200},{"latitude":"12.974690000000002","longitude":"77.56994999999995","responsecode":200},{"latitude":"12.974700000000002","longitude":"77.57005999999996","responsecode":200},{"latitude":"12.974710000000002","longitude":"77.57015999999996","responsecode":200},{"latitude":"12.974710000000002","longitude":"77.57026999999997","responsecode":200},{"latitude":"12.97471","longitude":"77.57027","responsecode":200},{"latitude":"12.97471","longitude":"77.57027","responsecode":200},{"latitude":"12.97471","longitude":"77.57028","responsecode":200},{"latitude":"12.9748","longitude":"77.57069","responsecode":200},{"latitude":"12.97472","longitude":"77.57086","responsecode":200},{"latitude":"12.974717","longitude":"77.570859","responsecode":200},{"latitude":"12.97466","longitude":"77.57101","responsecode":200},{"latitude":"12.97463","longitude":"77.57113","responsecode":200},{"latitude":"12.974599999999999","longitude":"77.57128999999999","responsecode":200},{"latitude":"12.974569999999998","longitude":"77.57151999999999","responsecode":200},{"latitude":"12.974559999999999","longitude":"77.57176","responsecode":200},{"latitude":"12.974559999999999","longitude":"77.572","responsecode":200},{"latitude":"12.974559999999999","longitude":"77.57222","responsecode":200},{"latitude":"12.974559999999999","longitude":"77.57231","responsecode":200},{"latitude":"12.97454","longitude":"77.57255","responsecode":200},{"latitude":"12.97452","longitude":"77.57312","responsecode":200},{"latitude":"12.97451","longitude":"77.57329","responsecode":200},{"latitude":"12.97448","longitude":"77.57372","responsecode":200},{"latitude":"12.97447","longitude":"77.57395","responsecode":200},{"latitude":"12.97448","longitude":"77.57410999999999","responsecode":200},{"latitude":"12.97451","longitude":"77.57426999999998","responsecode":200},{"latitude":"12.97456","longitude":"77.57438999999998","responsecode":200},{"latitude":"12.97461","longitude":"77.57447999999998","responsecode":200},{"latitude":"12.97466","longitude":"77.57454999999997","responsecode":200},{"latitude":"12.97483","longitude":"77.57457999999997","responsecode":200},{"latitude":"12.97554","longitude":"77.57463999999997","responsecode":200},{"latitude":"12.97554","longitude":"77.57464","responsecode":200},{"latitude":"12.97554","longitude":"77.57464","responsecode":200},{"latitude":"12.975900000000001","longitude":"77.57469","responsecode":200},{"latitude":"12.97606","longitude":"77.5747","responsecode":200},{"latitude":"12.97622","longitude":"77.5747","responsecode":200},{"latitude":"12.97635","longitude":"77.57469","responsecode":200},{"latitude":"12.97646","longitude":"77.57467","responsecode":200},{"latitude":"12.97659","longitude":"77.57463","responsecode":200},{"latitude":"12.97676","longitude":"77.57457","responsecode":200},{"latitude":"12.97692","longitude":"77.57450999999999","responsecode":200},{"latitude":"12.97703","longitude":"77.57445999999999","responsecode":200},{"latitude":"12.977129999999999","longitude":"77.57439999999998","responsecode":200},{"latitude":"12.977219999999999","longitude":"77.57431999999999","responsecode":200},{"latitude":"12.977279999999999","longitude":"77.57425999999998","responsecode":200},{"latitude":"12.977369999999999","longitude":"77.57417999999998","responsecode":200},{"latitude":"12.97737","longitude":"77.57418","responsecode":200},{"latitude":"12.97737","longitude":"77.57418","responsecode":200},{"latitude":"12.97731","longitude":"77.57424","responsecode":200},{"latitude":"12.97746","longitude":"77.57409","responsecode":200},{"latitude":"12.97749","longitude":"77.57327","responsecode":200}],"Message":"Success","Issuccess":true,"exception":null,"RowCount":425,"responsecode":200}