{"data":[{"latitude":"13.094647","longitude":"77.499707","responsecode":200},{"latitude":"13.0945","longitude":"77.4997","responsecode":200},{"latitude":"13.09446","longitude":"77.49961","responsecode":200},{"latitude":"13.09443","longitude":"77.4993","responsecode":200},{"latitude":"13.09443","longitude":"77.49918000000001","responsecode":200},{"latitude":"13.09446","longitude":"77.49881","responsecode":200},{"latitude":"13.09447","longitude":"77.49839","responsecode":200},{"latitude":"13.094489999999999","longitude":"77.49788","responsecode":200},{"latitude":"13.09447","longitude":"77.49731","responsecode":200},{"latitude":"13.09445","longitude":"77.49677","responsecode":200},{"latitude":"13.0944","longitude":"77.4967","responsecode":200},{"latitude":"13.09486","longitude":"77.49584","responsecode":200},{"latitude":"13.09501","longitude":"77.49557","responsecode":200},{"latitude":"13.09623","longitude":"77.49582","responsecode":200},{"latitude":"13.09628","longitude":"77.49548999999999","responsecode":200},{"latitude":"13.09649","longitude":"77.49457999999998","responsecode":200},{"latitude":"13.09642","longitude":"77.49446999999998","responsecode":200},{"latitude":"13.09641","longitude":"77.49439999999998","responsecode":200},{"latitude":"13.09642","longitude":"77.49435999999999","responsecode":200},{"latitude":"13.09645","longitude":"77.49431999999999","responsecode":200},{"latitude":"13.09674","longitude":"77.49412999999998","responsecode":200},{"latitude":"13.09681","longitude":"77.49408999999999","responsecode":200},{"latitude":"13.09809","longitude":"77.49323999999999","responsecode":200},{"latitude":"13.098889999999999","longitude":"77.49292999999999","responsecode":200},{"latitude":"13.09945","longitude":"77.49253999999999","responsecode":200},{"latitude":"13.09982","longitude":"77.49224999999998","responsecode":200},{"latitude":"13.1","longitude":"77.49206999999998","responsecode":200},{"latitude":"13.10041","longitude":"77.49146999999998","responsecode":200},{"latitude":"13.10046","longitude":"77.49141999999998","responsecode":200},{"latitude":"13.10055","longitude":"77.49138999999998","responsecode":200},{"latitude":"13.10083","longitude":"77.49159999999998","responsecode":200},{"latitude":"13.10115","longitude":"77.49151999999998","responsecode":200},{"latitude":"13.10143","longitude":"77.49148999999998","responsecode":200},{"latitude":"13.10171","longitude":"77.49147999999998","responsecode":200},{"latitude":"13.10191","longitude":"77.49153999999999","responsecode":200},{"latitude":"13.10211","longitude":"77.49163999999999","responsecode":200},{"latitude":"13.10225","longitude":"77.49158999999999","responsecode":200},{"latitude":"13.10252","longitude":"77.49159999999999","responsecode":200},{"latitude":"13.102780000000001","longitude":"77.49159999999999","responsecode":200},{"latitude":"13.103320000000002","longitude":"77.49157999999998","responsecode":200},{"latitude":"13.103750000000002","longitude":"77.49161999999998","responsecode":200},{"latitude":"13.103970000000002","longitude":"77.49161999999998","responsecode":200},{"latitude":"13.104220000000002","longitude":"77.49159999999998","responsecode":200},{"latitude":"13.104620000000002","longitude":"77.49157999999997","responsecode":200},{"latitude":"13.104930000000003","longitude":"77.49156999999997","responsecode":200},{"latitude":"13.105084000000003","longitude":"77.49155899999997","responsecode":200},{"latitude":"13.105084","longitude":"77.491559","responsecode":200},{"latitude":"13.10521","longitude":"77.49154999999999","responsecode":200},{"latitude":"13.10553","longitude":"77.49153999999999","responsecode":200},{"latitude":"13.10583","longitude":"77.49151999999998","responsecode":200},{"latitude":"13.10595","longitude":"77.49149999999997","responsecode":200},{"latitude":"13.10606","longitude":"77.49145999999998","responsecode":200},{"latitude":"13.10618","longitude":"77.49136999999997","responsecode":200},{"latitude":"13.10625","longitude":"77.49127999999997","responsecode":200},{"latitude":"13.10637","longitude":"77.49090999999997","responsecode":200},{"latitude":"13.10656","longitude":"77.49043999999996","responsecode":200},{"latitude":"13.106634","longitude":"77.49018799999996","responsecode":200},{"latitude":"13.106634","longitude":"77.490188","responsecode":200},{"latitude":"13.10664","longitude":"77.49017","responsecode":200},{"latitude":"13.106570000000001","longitude":"77.49016","responsecode":200},{"latitude":"13.10649","longitude":"77.49012","responsecode":200},{"latitude":"13.106440000000001","longitude":"77.49006","responsecode":200},{"latitude":"13.1064","longitude":"77.48997","responsecode":200},{"latitude":"13.106340000000001","longitude":"77.48971","responsecode":200},{"latitude":"13.106270000000002","longitude":"77.4894","responsecode":200},{"latitude":"13.106240000000001","longitude":"77.48923","responsecode":200},{"latitude":"13.106180000000002","longitude":"77.48895","responsecode":200},{"latitude":"13.106150000000001","longitude":"77.4888","responsecode":200},{"latitude":"13.106100000000001","longitude":"77.48861","responsecode":200},{"latitude":"13.105900000000002","longitude":"77.48813","responsecode":200},{"latitude":"13.105870000000001","longitude":"77.48805","responsecode":200},{"latitude":"13.105660000000002","longitude":"77.4875","responsecode":200},{"latitude":"13.105550000000003","longitude":"77.48723","responsecode":200},{"latitude":"13.105490000000003","longitude":"77.48702999999999","responsecode":200},{"latitude":"13.105350000000003","longitude":"77.48615","responsecode":200},{"latitude":"13.105320000000003","longitude":"77.48599999999999","responsecode":200},{"latitude":"13.105110000000003","longitude":"77.48465999999999","responsecode":200},{"latitude":"13.104900000000004","longitude":"77.48317999999999","responsecode":200},{"latitude":"13.104820000000004","longitude":"77.48282999999999","responsecode":200},{"latitude":"13.104690000000003","longitude":"77.48266","responsecode":200},{"latitude":"13.104490000000004","longitude":"77.48246999999999","responsecode":200},{"latitude":"13.104430000000004","longitude":"77.48241999999999","responsecode":200},{"latitude":"13.104370000000005","longitude":"77.48236999999999","responsecode":200},{"latitude":"13.104260000000005","longitude":"77.48227999999999","responsecode":200},{"latitude":"13.104120000000005","longitude":"77.48218999999999","responsecode":200},{"latitude":"13.103830000000006","longitude":"77.48196999999999","responsecode":200},{"latitude":"13.103680000000006","longitude":"77.48185999999998","responsecode":200},{"latitude":"13.103140000000005","longitude":"77.48147999999998","responsecode":200},{"latitude":"13.103010000000005","longitude":"77.48137999999997","responsecode":200},{"latitude":"13.102850000000005","longitude":"77.48128999999997","responsecode":200},{"latitude":"13.102650000000006","longitude":"77.48119999999997","responsecode":200},{"latitude":"13.102320000000006","longitude":"77.48108999999997","responsecode":200},{"latitude":"13.102280000000006","longitude":"77.48107999999996","responsecode":200},{"latitude":"13.102190000000006","longitude":"77.48105999999996","responsecode":200},{"latitude":"13.102070000000005","longitude":"77.48102999999996","responsecode":200},{"latitude":"13.101410000000005","longitude":"77.48085999999996","responsecode":200},{"latitude":"13.101250000000006","longitude":"77.48083999999996","responsecode":200},{"latitude":"13.10125","longitude":"77.48084","responsecode":200},{"latitude":"13.10125","longitude":"77.48084","responsecode":200},{"latitude":"13.10121","longitude":"77.48118","responsecode":200},{"latitude":"13.10118","longitude":"77.4814","responsecode":200},{"latitude":"13.10114","longitude":"77.48169999999999","responsecode":200},{"latitude":"13.101099999999999","longitude":"77.48208","responsecode":200},{"latitude":"13.101069999999998","longitude":"77.4823","responsecode":200},{"latitude":"13.101029999999998","longitude":"77.48257","responsecode":200},{"latitude":"13.100979999999998","longitude":"77.48292","responsecode":200},{"latitude":"13.100949999999997","longitude":"77.48308999999999","responsecode":200},{"latitude":"13.100919999999997","longitude":"77.48328","responsecode":200},{"latitude":"13.100889999999996","longitude":"77.48344999999999","responsecode":200},{"latitude":"13.100859999999996","longitude":"77.48352999999999","responsecode":200},{"latitude":"13.100799999999996","longitude":"77.48359999999998","responsecode":200},{"latitude":"13.100749999999996","longitude":"77.48363999999998","responsecode":200},{"latitude":"13.100659999999996","longitude":"77.48367999999998","responsecode":200},{"latitude":"13.100549999999997","longitude":"77.48370999999997","responsecode":200},{"latitude":"13.100009999999996","longitude":"77.48379999999997","responsecode":200},{"latitude":"13.099569999999996","longitude":"77.48386999999997","responsecode":200},{"latitude":"13.099189999999997","longitude":"77.48392999999997","responsecode":200},{"latitude":"13.098909999999997","longitude":"77.48398999999998","responsecode":200},{"latitude":"13.098729999999996","longitude":"77.48401999999997","responsecode":200},{"latitude":"13.098599999999996","longitude":"77.48404999999997","responsecode":200},{"latitude":"13.098419999999996","longitude":"77.48407999999996","responsecode":200},{"latitude":"13.097739999999996","longitude":"77.48418999999997","responsecode":200},{"latitude":"13.097579999999997","longitude":"77.48421999999997","responsecode":200},{"latitude":"13.097419999999998","longitude":"77.48426999999997","responsecode":200},{"latitude":"13.097339999999997","longitude":"77.48430999999997","responsecode":200},{"latitude":"13.097279999999998","longitude":"77.48434999999996","responsecode":200},{"latitude":"13.097199999999997","longitude":"77.48442999999996","responsecode":200},{"latitude":"13.097119999999997","longitude":"77.48453999999997","responsecode":200},{"latitude":"13.096999999999996","longitude":"77.48478999999996","responsecode":200},{"latitude":"13.096939999999996","longitude":"77.48496999999996","responsecode":200},{"latitude":"13.096899999999996","longitude":"77.48507999999997","responsecode":200},{"latitude":"13.096839999999997","longitude":"77.48522999999997","responsecode":200},{"latitude":"13.096699999999997","longitude":"77.48545999999997","responsecode":200},{"latitude":"13.096469999999997","longitude":"77.48573999999998","responsecode":200},{"latitude":"13.096249999999996","longitude":"77.48597999999998","responsecode":200},{"latitude":"13.095619999999997","longitude":"77.48662999999998","responsecode":200},{"latitude":"13.094929999999996","longitude":"77.48733999999997","responsecode":200},{"latitude":"13.094629999999997","longitude":"77.48762999999998","responsecode":200},{"latitude":"13.094339999999997","longitude":"77.48791999999999","responsecode":200},{"latitude":"13.093869999999997","longitude":"77.48837999999999","responsecode":200},{"latitude":"13.093789999999997","longitude":"77.48845999999999","responsecode":200},{"latitude":"13.093649999999997","longitude":"77.48859999999999","responsecode":200},{"latitude":"13.093429999999996","longitude":"77.48884","responsecode":200},{"latitude":"13.09343","longitude":"77.48884","responsecode":200},{"latitude":"13.09343","longitude":"77.48884","responsecode":200},{"latitude":"13.093309999999999","longitude":"77.48903","responsecode":200},{"latitude":"13.093259999999999","longitude":"77.48914","responsecode":200},{"latitude":"13.093139999999998","longitude":"77.48951000000001","responsecode":200},{"latitude":"13.092989999999999","longitude":"77.48988000000001","responsecode":200},{"latitude":"13.092719999999998","longitude":"77.49041000000001","responsecode":200},{"latitude":"13.092359999999998","longitude":"77.49099000000001","responsecode":200},{"latitude":"13.092279999999997","longitude":"77.49110000000002","responsecode":200},{"latitude":"13.092109999999996","longitude":"77.49126000000001","responsecode":200},{"latitude":"13.091939999999996","longitude":"77.49138","responsecode":200},{"latitude":"13.091659999999996","longitude":"77.49154","responsecode":200},{"latitude":"13.091529999999995","longitude":"77.49162","responsecode":200},{"latitude":"13.091369999999996","longitude":"77.49173","responsecode":200},{"latitude":"13.091209999999997","longitude":"77.49187","responsecode":200},{"latitude":"13.091099999999997","longitude":"77.49199","responsecode":200},{"latitude":"13.090939999999998","longitude":"77.49221","responsecode":200},{"latitude":"13.090879999999999","longitude":"77.49229","responsecode":200},{"latitude":"13.090619999999998","longitude":"77.49256","responsecode":200},{"latitude":"13.090329999999998","longitude":"77.49282","responsecode":200},{"latitude":"13.090049999999998","longitude":"77.49305","responsecode":200},{"latitude":"13.089619999999998","longitude":"77.49337","responsecode":200},{"latitude":"13.089319999999999","longitude":"77.49361999999999","responsecode":200},{"latitude":"13.089129999999999","longitude":"77.4938","responsecode":200},{"latitude":"13.08893","longitude":"77.494","responsecode":200},{"latitude":"13.08855","longitude":"77.49442","responsecode":200},{"latitude":"13.08831","longitude":"77.49468","responsecode":200},{"latitude":"13.08787","longitude":"77.49508","responsecode":200},{"latitude":"13.087651000000001","longitude":"77.495273","responsecode":200},{"latitude":"13.087651","longitude":"77.495273","responsecode":200},{"latitude":"13.08762","longitude":"77.4953","responsecode":200},{"latitude":"13.08748","longitude":"77.49543","responsecode":200},{"latitude":"13.087349999999999","longitude":"77.49556","responsecode":200},{"latitude":"13.087","longitude":"77.49589","responsecode":200},{"latitude":"13.08679","longitude":"77.4961","responsecode":200},{"latitude":"13.08671","longitude":"77.49618","responsecode":200},{"latitude":"13.08658","longitude":"77.49632","responsecode":200},{"latitude":"13.08635","longitude":"77.49659","responsecode":200},{"latitude":"13.086219999999999","longitude":"77.4968","responsecode":200},{"latitude":"13.086079999999999","longitude":"77.49708","responsecode":200},{"latitude":"13.086049999999998","longitude":"77.49714999999999","responsecode":200},{"latitude":"13.085989999999999","longitude":"77.49731999999999","responsecode":200},{"latitude":"13.08593","longitude":"77.49746999999999","responsecode":200},{"latitude":"13.08588","longitude":"77.49758999999999","responsecode":200},{"latitude":"13.085759999999999","longitude":"77.49779999999998","responsecode":200},{"latitude":"13.085669999999999","longitude":"77.49791999999998","responsecode":200},{"latitude":"13.085409999999998","longitude":"77.49819999999998","responsecode":200},{"latitude":"13.085089999999997","longitude":"77.49848999999999","responsecode":200},{"latitude":"13.085049999999997","longitude":"77.49855","responsecode":200},{"latitude":"13.084979999999998","longitude":"77.49861","responsecode":200},{"latitude":"13.084829999999998","longitude":"77.49872","responsecode":200},{"latitude":"13.084708","longitude":"77.498818","responsecode":200},{"latitude":"13.084708","longitude":"77.498818","responsecode":200},{"latitude":"13.084359999999998","longitude":"77.4991","responsecode":200},{"latitude":"13.084139999999998","longitude":"77.49929","responsecode":200},{"latitude":"13.083919999999997","longitude":"77.49946","responsecode":200},{"latitude":"13.083539999999998","longitude":"77.49971","responsecode":200},{"latitude":"13.083429999999998","longitude":"77.49976","responsecode":200},{"latitude":"13.083329999999998","longitude":"77.4998","responsecode":200},{"latitude":"13.083129999999999","longitude":"77.4999","responsecode":200},{"latitude":"13.08297","longitude":"77.49996","responsecode":200},{"latitude":"13.08279","longitude":"77.50001","responsecode":200},{"latitude":"13.082619999999999","longitude":"77.50007000000001","responsecode":200},{"latitude":"13.082429999999999","longitude":"77.50015","responsecode":200},{"latitude":"13.082049999999999","longitude":"77.50028","responsecode":200},{"latitude":"13.08194","longitude":"77.50031","responsecode":200},{"latitude":"13.08166","longitude":"77.50041","responsecode":200},{"latitude":"13.08152","longitude":"77.50052000000001","responsecode":200},{"latitude":"13.08146","longitude":"77.50058000000001","responsecode":200},{"latitude":"13.08131","longitude":"77.50087000000002","responsecode":200},{"latitude":"13.08117","longitude":"77.50121000000001","responsecode":200},{"latitude":"13.08095","longitude":"77.50171000000002","responsecode":200},{"latitude":"13.080729999999999","longitude":"77.50224000000001","responsecode":200},{"latitude":"13.080689999999999","longitude":"77.50233000000001","responsecode":200},{"latitude":"13.08058","longitude":"77.50255000000001","responsecode":200},{"latitude":"13.08049","longitude":"77.50264000000001","responsecode":200},{"latitude":"13.080406","longitude":"77.50251900000002","responsecode":200},{"latitude":"13.080406","longitude":"77.502519","responsecode":200},{"latitude":"13.08038","longitude":"77.50248","responsecode":200},{"latitude":"13.08029","longitude":"77.50238","responsecode":200},{"latitude":"13.0801","longitude":"77.50223","responsecode":200},{"latitude":"13.07975","longitude":"77.50198","responsecode":200},{"latitude":"13.07958","longitude":"77.50185","responsecode":200},{"latitude":"13.07943","longitude":"77.50173000000001","responsecode":200},{"latitude":"13.07935","longitude":"77.50167","responsecode":200},{"latitude":"13.0793","longitude":"77.50163","responsecode":200},{"latitude":"13.07925","longitude":"77.50158","responsecode":200},{"latitude":"13.07914","longitude":"77.50150000000001","responsecode":200},{"latitude":"13.07909","longitude":"77.50149","responsecode":200},{"latitude":"13.07904","longitude":"77.50150000000001","responsecode":200},{"latitude":"13.078970000000002","longitude":"77.50153","responsecode":200},{"latitude":"13.078880000000002","longitude":"77.50159000000001","responsecode":200},{"latitude":"13.078810000000002","longitude":"77.50165000000001","responsecode":200},{"latitude":"13.078640000000002","longitude":"77.50183000000001","responsecode":200},{"latitude":"13.078210000000002","longitude":"77.50227000000001","responsecode":200},{"latitude":"13.077510000000002","longitude":"77.50293","responsecode":200},{"latitude":"13.077310000000002","longitude":"77.5031","responsecode":200},{"latitude":"13.077100000000003","longitude":"77.50326","responsecode":200},{"latitude":"13.076780000000003","longitude":"77.5035","responsecode":200},{"latitude":"13.076580000000003","longitude":"77.50367","responsecode":200},{"latitude":"13.076400000000003","longitude":"77.50385","responsecode":200},{"latitude":"13.075820000000004","longitude":"77.50444","responsecode":200},{"latitude":"13.075660000000005","longitude":"77.50461","responsecode":200},{"latitude":"13.075610000000005","longitude":"77.50465","responsecode":200},{"latitude":"13.075510000000005","longitude":"77.50468","responsecode":200},{"latitude":"13.075472000000005","longitude":"77.504674","responsecode":200},{"latitude":"13.075472","longitude":"77.504674","responsecode":200},{"latitude":"13.07545","longitude":"77.50466999999999","responsecode":200},{"latitude":"13.07533","longitude":"77.50460999999999","responsecode":200},{"latitude":"13.07522","longitude":"77.50451999999999","responsecode":200},{"latitude":"13.07516","longitude":"77.50447999999999","responsecode":200},{"latitude":"13.07508","longitude":"77.50444999999999","responsecode":200},{"latitude":"13.07494","longitude":"77.50431999999999","responsecode":200},{"latitude":"13.07467","longitude":"77.5041","responsecode":200},{"latitude":"13.07434","longitude":"77.50385999999999","responsecode":200},{"latitude":"13.07385","longitude":"77.50344999999999","responsecode":200},{"latitude":"13.07366","longitude":"77.50330999999998","responsecode":200},{"latitude":"13.07351","longitude":"77.50321999999998","responsecode":200},{"latitude":"13.07342","longitude":"77.50317999999999","responsecode":200},{"latitude":"13.07334","longitude":"77.50315999999998","responsecode":200},{"latitude":"13.07323","longitude":"77.50314999999998","responsecode":200},{"latitude":"13.07323","longitude":"77.50315","responsecode":200},{"latitude":"13.07323","longitude":"77.50315","responsecode":200},{"latitude":"13.07304","longitude":"77.50316000000001","responsecode":200},{"latitude":"13.07292","longitude":"77.5032","responsecode":200},{"latitude":"13.07283","longitude":"77.50323","responsecode":200},{"latitude":"13.0727","longitude":"77.50328","responsecode":200},{"latitude":"13.072519999999999","longitude":"77.50334000000001","responsecode":200},{"latitude":"13.07176","longitude":"77.50367000000001","responsecode":200},{"latitude":"13.07148","longitude":"77.50380000000001","responsecode":200},{"latitude":"13.07119","longitude":"77.50391000000002","responsecode":200},{"latitude":"13.071019999999999","longitude":"77.50394000000001","responsecode":200},{"latitude":"13.070889999999999","longitude":"77.50396000000002","responsecode":200},{"latitude":"13.07082","longitude":"77.50396000000002","responsecode":200},{"latitude":"13.07073","longitude":"77.50396000000002","responsecode":200},{"latitude":"13.07066","longitude":"77.50394900000002","responsecode":200},{"latitude":"13.07066","longitude":"77.503949","responsecode":200},{"latitude":"13.07047","longitude":"77.50392000000001","responsecode":200},{"latitude":"13.07018","longitude":"77.50388000000001","responsecode":200},{"latitude":"13.06893","longitude":"77.50368","responsecode":200},{"latitude":"13.06884","longitude":"77.50367","responsecode":200},{"latitude":"13.06859","longitude":"77.50363","responsecode":200},{"latitude":"13.06816","longitude":"77.50357","responsecode":200},{"latitude":"13.06755","longitude":"77.50347","responsecode":200},{"latitude":"13.06703","longitude":"77.50339","responsecode":200},{"latitude":"13.066840000000001","longitude":"77.50337999999999","responsecode":200},{"latitude":"13.066748","longitude":"77.503374","responsecode":200},{"latitude":"13.066748","longitude":"77.503374","responsecode":200},{"latitude":"13.06667","longitude":"77.50336999999999","responsecode":200},{"latitude":"13.06659","longitude":"77.50337999999999","responsecode":200},{"latitude":"13.0665","longitude":"77.50340999999999","responsecode":200},{"latitude":"13.0663","longitude":"77.50352","responsecode":200},{"latitude":"13.06613","longitude":"77.50363","responsecode":200},{"latitude":"13.06602","longitude":"77.5037","responsecode":200},{"latitude":"13.06576","longitude":"77.50386999999999","responsecode":200},{"latitude":"13.065629999999999","longitude":"77.50390999999999","responsecode":200},{"latitude":"13.065529999999999","longitude":"77.50397999999998","responsecode":200},{"latitude":"13.065409999999998","longitude":"77.50405999999998","responsecode":200},{"latitude":"13.065159999999999","longitude":"77.50422999999998","responsecode":200},{"latitude":"13.06467","longitude":"77.50453999999998","responsecode":200},{"latitude":"13.06447","longitude":"77.50466999999998","responsecode":200},{"latitude":"13.06431","longitude":"77.50476999999998","responsecode":200},{"latitude":"13.063838","longitude":"77.50505899999997","responsecode":200},{"latitude":"13.063838","longitude":"77.505059","responsecode":200},{"latitude":"13.06382","longitude":"77.50507","responsecode":200},{"latitude":"13.06355","longitude":"77.50524","responsecode":200},{"latitude":"13.06331","longitude":"77.5054","responsecode":200},{"latitude":"13.06308","longitude":"77.50554","responsecode":200},{"latitude":"13.063039999999999","longitude":"77.50560999999999","responsecode":200},{"latitude":"13.06297","longitude":"77.50564999999999","responsecode":200},{"latitude":"13.06281","longitude":"77.50574999999999","responsecode":200},{"latitude":"13.062420000000001","longitude":"77.50599","responsecode":200},{"latitude":"13.06211","longitude":"77.50618","responsecode":200},{"latitude":"13.06182","longitude":"77.50637","responsecode":200},{"latitude":"13.06155","longitude":"77.50654","responsecode":200},{"latitude":"13.06137","longitude":"77.50666","responsecode":200},{"latitude":"13.0612","longitude":"77.50675","responsecode":200},{"latitude":"13.061079999999999","longitude":"77.50681","responsecode":200},{"latitude":"13.060949999999998","longitude":"77.50685","responsecode":200},{"latitude":"13.060639999999998","longitude":"77.50688","responsecode":200},{"latitude":"13.060349999999998","longitude":"77.50692","responsecode":200},{"latitude":"13.059979999999998","longitude":"77.50694","responsecode":200},{"latitude":"13.059809999999997","longitude":"77.50696","responsecode":200},{"latitude":"13.059429999999997","longitude":"77.507","responsecode":200},{"latitude":"13.058509999999997","longitude":"77.50706000000001","responsecode":200},{"latitude":"13.057789999999997","longitude":"77.50712000000001","responsecode":200},{"latitude":"13.057569999999997","longitude":"77.50714000000002","responsecode":200},{"latitude":"13.057379999999997","longitude":"77.50716000000003","responsecode":200},{"latitude":"13.056809999999997","longitude":"77.50729000000003","responsecode":200},{"latitude":"13.056649999999998","longitude":"77.50733000000002","responsecode":200},{"latitude":"13.05665","longitude":"77.50733","responsecode":200},{"latitude":"13.05665","longitude":"77.50733","responsecode":200},{"latitude":"13.05636","longitude":"77.50741","responsecode":200},{"latitude":"13.05607","longitude":"77.50747","responsecode":200},{"latitude":"13.05592","longitude":"77.50748","responsecode":200},{"latitude":"13.05575","longitude":"77.50750000000001","responsecode":200},{"latitude":"13.05554","longitude":"77.50753","responsecode":200},{"latitude":"13.05536","longitude":"77.50755000000001","responsecode":200},{"latitude":"13.05508","longitude":"77.50758","responsecode":200},{"latitude":"13.05432","longitude":"77.50765","responsecode":200},{"latitude":"13.05415","longitude":"77.50767","responsecode":200},{"latitude":"13.05395","longitude":"77.50769000000001","responsecode":200},{"latitude":"13.052950000000001","longitude":"77.50785","responsecode":200},{"latitude":"13.05269","longitude":"77.50789","responsecode":200},{"latitude":"13.05217","longitude":"77.5079","responsecode":200},{"latitude":"13.05188","longitude":"77.5079","responsecode":200},{"latitude":"13.05156","longitude":"77.50786000000001","responsecode":200},{"latitude":"13.05148","longitude":"77.50786000000001","responsecode":200},{"latitude":"13.05126","longitude":"77.50785200000001","responsecode":200},{"latitude":"13.05126","longitude":"77.507852","responsecode":200},{"latitude":"13.05121","longitude":"77.50785","responsecode":200},{"latitude":"13.0511","longitude":"77.50784","responsecode":200},{"latitude":"13.0509","longitude":"77.50782","responsecode":200},{"latitude":"13.0508","longitude":"77.50780999999999","responsecode":200},{"latitude":"13.050590000000001","longitude":"77.50778999999999","responsecode":200},{"latitude":"13.050500000000001","longitude":"77.50777999999998","responsecode":200},{"latitude":"13.05024","longitude":"77.50775999999998","responsecode":200},{"latitude":"13.050030000000001","longitude":"77.50772999999998","responsecode":200},{"latitude":"13.049700000000001","longitude":"77.50767999999998","responsecode":200},{"latitude":"13.049560000000001","longitude":"77.50765999999997","responsecode":200},{"latitude":"13.049410000000002","longitude":"77.50765999999997","responsecode":200},{"latitude":"13.049250000000002","longitude":"77.50767999999998","responsecode":200},{"latitude":"13.048970000000002","longitude":"77.50772999999998","responsecode":200},{"latitude":"13.048750000000002","longitude":"77.50777999999998","responsecode":200},{"latitude":"13.048470000000002","longitude":"77.50782999999998","responsecode":200},{"latitude":"13.048180000000002","longitude":"77.50788999999999","responsecode":200},{"latitude":"13.047860000000002","longitude":"77.50795","responsecode":200},{"latitude":"13.047670000000002","longitude":"77.50798999999999","responsecode":200},{"latitude":"13.047550000000001","longitude":"77.50801999999999","responsecode":200},{"latitude":"13.04738","longitude":"77.50806999999999","responsecode":200},{"latitude":"13.0473","longitude":"77.50807999999999","responsecode":200},{"latitude":"13.04717","longitude":"77.50806999999999","responsecode":200},{"latitude":"13.04694","longitude":"77.508","responsecode":200},{"latitude":"13.046579999999999","longitude":"77.50784","responsecode":200},{"latitude":"13.046129999999998","longitude":"77.50767","responsecode":200},{"latitude":"13.046009999999997","longitude":"77.50762","responsecode":200},{"latitude":"13.045759999999998","longitude":"77.50751","responsecode":200},{"latitude":"13.045469999999998","longitude":"77.50738","responsecode":200},{"latitude":"13.045419999999998","longitude":"77.50762999999999","responsecode":200},{"latitude":"13.045334999999998","longitude":"77.507927","responsecode":200},{"latitude":"13.045335","longitude":"77.507927","responsecode":200},{"latitude":"13.04528","longitude":"77.50811999999999","responsecode":200},{"latitude":"13.04515","longitude":"77.50845","responsecode":200},{"latitude":"13.04497","longitude":"77.50887","responsecode":200},{"latitude":"13.0449","longitude":"77.50883","responsecode":200},{"latitude":"13.04388","longitude":"77.51075","responsecode":200},{"latitude":"13.043709999999999","longitude":"77.51113000000001","responsecode":200},{"latitude":"13.043579999999999","longitude":"77.51142000000002","responsecode":200},{"latitude":"13.043409999999998","longitude":"77.51187000000002","responsecode":200},{"latitude":"13.043369999999998","longitude":"77.51199000000001","responsecode":200},{"latitude":"13.043269999999998","longitude":"77.51230000000001","responsecode":200},{"latitude":"13.043179999999998","longitude":"77.51258000000001","responsecode":200},{"latitude":"13.043099999999997","longitude":"77.51284000000001","responsecode":200},{"latitude":"13.043086999999998","longitude":"77.51287900000001","responsecode":200},{"latitude":"13.043087","longitude":"77.512879","responsecode":200},{"latitude":"13.04288","longitude":"77.51353","responsecode":200},{"latitude":"13.04274","longitude":"77.51400000000001","responsecode":200},{"latitude":"13.04261","longitude":"77.51442000000002","responsecode":200},{"latitude":"13.04252","longitude":"77.51467000000001","responsecode":200},{"latitude":"13.042589999999999","longitude":"77.51469000000002","responsecode":200},{"latitude":"13.042509999999998","longitude":"77.51493000000002","responsecode":200},{"latitude":"13.042329999999998","longitude":"77.51543000000002","responsecode":200},{"latitude":"13.042229999999998","longitude":"77.51567000000003","responsecode":200},{"latitude":"13.041989999999998","longitude":"77.51616000000003","responsecode":200},{"latitude":"13.041899999999998","longitude":"77.51633000000002","responsecode":200},{"latitude":"13.041759999999998","longitude":"77.51655000000002","responsecode":200},{"latitude":"13.041499999999997","longitude":"77.51693000000003","responsecode":200},{"latitude":"13.040869999999998","longitude":"77.51760000000003","responsecode":200},{"latitude":"13.040589999999998","longitude":"77.51791000000003","responsecode":200},{"latitude":"13.040289999999999","longitude":"77.51828000000003","responsecode":200},{"latitude":"13.040169999999998","longitude":"77.51845000000003","responsecode":200},{"latitude":"13.040119999999998","longitude":"77.51851000000003","responsecode":200},{"latitude":"13.039969999999999","longitude":"77.51871000000004","responsecode":200},{"latitude":"13.039909999999999","longitude":"77.51879700000003","responsecode":200},{"latitude":"13.03991","longitude":"77.518797","responsecode":200},{"latitude":"13.03982","longitude":"77.51893000000001","responsecode":200},{"latitude":"13.03964","longitude":"77.51923000000001","responsecode":200},{"latitude":"13.03935","longitude":"77.51971","responsecode":200},{"latitude":"13.039000000000001","longitude":"77.52041","responsecode":200},{"latitude":"13.03883","longitude":"77.52077","responsecode":200},{"latitude":"13.038350000000001","longitude":"77.52163","responsecode":200},{"latitude":"13.038110000000001","longitude":"77.52204","responsecode":200},{"latitude":"13.038020000000001","longitude":"77.52222","responsecode":200},{"latitude":"13.03794","longitude":"77.52238","responsecode":200},{"latitude":"13.03789","longitude":"77.52233","responsecode":200},{"latitude":"13.037790000000001","longitude":"77.52251","responsecode":200},{"latitude":"13.03725","longitude":"77.52351","responsecode":200},{"latitude":"13.036340000000001","longitude":"77.52514000000001","responsecode":200},{"latitude":"13.036240000000001","longitude":"77.52533000000001","responsecode":200},{"latitude":"13.036080000000002","longitude":"77.52560000000001","responsecode":200},{"latitude":"13.035980000000002","longitude":"77.52578400000002","responsecode":200},{"latitude":"13.03598","longitude":"77.525784","responsecode":200},{"latitude":"13.03576","longitude":"77.52619","responsecode":200},{"latitude":"13.03568","longitude":"77.52636","responsecode":200},{"latitude":"13.03554","longitude":"77.52673","responsecode":200},{"latitude":"13.03549","longitude":"77.52687","responsecode":200},{"latitude":"13.035319999999999","longitude":"77.52755","responsecode":200},{"latitude":"13.03525","longitude":"77.52783000000001","responsecode":200},{"latitude":"13.03491","longitude":"77.52923000000001","responsecode":200},{"latitude":"13.03486","longitude":"77.52944000000001","responsecode":200},{"latitude":"13.0348","longitude":"77.52966","responsecode":200},{"latitude":"13.03477","longitude":"77.52973","responsecode":200},{"latitude":"13.034712","longitude":"77.529871","responsecode":200},{"latitude":"13.034712","longitude":"77.529871","responsecode":200},{"latitude":"13.034680000000002","longitude":"77.52995","responsecode":200},{"latitude":"13.034590000000001","longitude":"77.53018","responsecode":200},{"latitude":"13.03442","longitude":"77.53055","responsecode":200},{"latitude":"13.034220000000001","longitude":"77.53092000000001","responsecode":200},{"latitude":"13.033370000000001","longitude":"77.53236000000001","responsecode":200},{"latitude":"13.032999000000002","longitude":"77.532976","responsecode":200},{"latitude":"13.032999","longitude":"77.532976","responsecode":200},{"latitude":"13.03272","longitude":"77.53344","responsecode":200},{"latitude":"13.03262","longitude":"77.53359999999999","responsecode":200},{"latitude":"13.03255","longitude":"77.5337","responsecode":200},{"latitude":"13.03246","longitude":"77.5338","responsecode":200},{"latitude":"13.03238","longitude":"77.53386","responsecode":200},{"latitude":"13.03224","longitude":"77.53416","responsecode":200},{"latitude":"13.03199","longitude":"77.53463","responsecode":200},{"latitude":"13.0319","longitude":"77.53479","responsecode":200},{"latitude":"13.03173","longitude":"77.53509","responsecode":200},{"latitude":"13.03153","longitude":"77.53544","responsecode":200},{"latitude":"13.031438","longitude":"77.53561499999999","responsecode":200},{"latitude":"13.031438","longitude":"77.535615","responsecode":200},{"latitude":"13.0313","longitude":"77.53588","responsecode":200},{"latitude":"13.03094","longitude":"77.53658","responsecode":200},{"latitude":"13.030539999999998","longitude":"77.53726","responsecode":200},{"latitude":"13.030489999999999","longitude":"77.53734","responsecode":200},{"latitude":"13.030229999999998","longitude":"77.53772000000001","responsecode":200},{"latitude":"13.029809999999998","longitude":"77.53845000000001","responsecode":200},{"latitude":"13.029429999999998","longitude":"77.53914000000002","responsecode":200},{"latitude":"13.028929999999997","longitude":"77.54000000000002","responsecode":200},{"latitude":"13.028729999999998","longitude":"77.54037000000002","responsecode":200},{"latitude":"13.028286999999997","longitude":"77.54119400000002","responsecode":200},{"latitude":"13.028287","longitude":"77.541194","responsecode":200},{"latitude":"13.028080000000001","longitude":"77.54158000000001","responsecode":200},{"latitude":"13.027930000000001","longitude":"77.54189000000001","responsecode":200},{"latitude":"13.02762","longitude":"77.54251000000001","responsecode":200},{"latitude":"13.027330000000001","longitude":"77.54303","responsecode":200},{"latitude":"13.02706","longitude":"77.54351","responsecode":200},{"latitude":"13.02691","longitude":"77.54379","responsecode":200},{"latitude":"13.02682","longitude":"77.54395","responsecode":200},{"latitude":"13.02659","longitude":"77.5444","responsecode":200},{"latitude":"13.02659","longitude":"77.5444","responsecode":200},{"latitude":"13.02659","longitude":"77.5444","responsecode":200},{"latitude":"13.02626","longitude":"77.54491","responsecode":200},{"latitude":"13.026110000000001","longitude":"77.54517","responsecode":200},{"latitude":"13.025670000000002","longitude":"77.54598","responsecode":200},{"latitude":"13.025380000000002","longitude":"77.54649","responsecode":200},{"latitude":"13.024970000000001","longitude":"77.54722000000001","responsecode":200},{"latitude":"13.024820000000002","longitude":"77.54748000000001","responsecode":200},{"latitude":"13.024750000000003","longitude":"77.54761","responsecode":200},{"latitude":"13.024638000000003","longitude":"77.547773","responsecode":200},{"latitude":"13.024638","longitude":"77.547773","responsecode":200},{"latitude":"13.02449","longitude":"77.54799000000001","responsecode":200},{"latitude":"13.0243","longitude":"77.54832000000002","responsecode":200},{"latitude":"13.0242","longitude":"77.54849000000002","responsecode":200},{"latitude":"13.02393","longitude":"77.54886000000002","responsecode":200},{"latitude":"13.02376","longitude":"77.54912000000002","responsecode":200},{"latitude":"13.023499999999999","longitude":"77.54956000000001","responsecode":200},{"latitude":"13.0232","longitude":"77.55002000000002","responsecode":200},{"latitude":"13.0229","longitude":"77.55053000000002","responsecode":200},{"latitude":"13.022639999999999","longitude":"77.55097000000002","responsecode":200},{"latitude":"13.022379999999998","longitude":"77.55131000000002","responsecode":200},{"latitude":"13.022199999999998","longitude":"77.55150000000002","responsecode":200},{"latitude":"13.022049999999998","longitude":"77.55165000000002","responsecode":200},{"latitude":"13.021769999999998","longitude":"77.55186000000002","responsecode":200},{"latitude":"13.021599999999998","longitude":"77.55197000000003","responsecode":200},{"latitude":"13.020829999999998","longitude":"77.55237000000002","responsecode":200},{"latitude":"13.020549999999998","longitude":"77.55252000000003","responsecode":200},{"latitude":"13.019899999999998","longitude":"77.55288000000003","responsecode":200},{"latitude":"13.019599999999999","longitude":"77.55302000000003","responsecode":200},{"latitude":"13.019189999999998","longitude":"77.55319000000003","responsecode":200},{"latitude":"13.019009999999998","longitude":"77.55325000000003","responsecode":200},{"latitude":"13.018869999999998","longitude":"77.55329000000003","responsecode":200},{"latitude":"13.018528999999997","longitude":"77.55338400000004","responsecode":200},{"latitude":"13.018529","longitude":"77.553384","responsecode":200},{"latitude":"13.01804","longitude":"77.55351999999999","responsecode":200},{"latitude":"13.017859999999999","longitude":"77.55357","responsecode":200},{"latitude":"13.017219999999998","longitude":"77.55372999999999","responsecode":200},{"latitude":"13.016849999999998","longitude":"77.55379999999998","responsecode":200},{"latitude":"13.016609999999998","longitude":"77.55382999999998","responsecode":200},{"latitude":"13.016209999999997","longitude":"77.55384999999998","responsecode":200},{"latitude":"13.016069999999997","longitude":"77.55386999999999","responsecode":200},{"latitude":"13.015959999999998","longitude":"77.55390999999999","responsecode":200},{"latitude":"13.015869999999998","longitude":"77.55395999999999","responsecode":200},{"latitude":"13.015799999999999","longitude":"77.55402","responsecode":200},{"latitude":"13.015709999999999","longitude":"77.55412","responsecode":200},{"latitude":"13.015619999999998","longitude":"77.55424","responsecode":200},{"latitude":"13.015559999999999","longitude":"77.55434","responsecode":200},{"latitude":"13.015519999999999","longitude":"77.55445","responsecode":200},{"latitude":"13.0155","longitude":"77.55457","responsecode":200},{"latitude":"13.01549","longitude":"77.55467","responsecode":200},{"latitude":"13.0155","longitude":"77.55485","responsecode":200},{"latitude":"13.01554","longitude":"77.55511","responsecode":200},{"latitude":"13.01562","longitude":"77.55535","responsecode":200},{"latitude":"13.0157","longitude":"77.55551","responsecode":200},{"latitude":"13.01575","longitude":"77.5556","responsecode":200},{"latitude":"13.015830000000001","longitude":"77.55573","responsecode":200},{"latitude":"13.0159","longitude":"77.55584","responsecode":200},{"latitude":"13.01599","longitude":"77.55595000000001","responsecode":200},{"latitude":"13.01613","longitude":"77.55609000000001","responsecode":200},{"latitude":"13.016250000000001","longitude":"77.55619000000002","responsecode":200},{"latitude":"13.01645","longitude":"77.55631000000001","responsecode":200},{"latitude":"13.01656","longitude":"77.55637000000002","responsecode":200},{"latitude":"13.01667","longitude":"77.55643000000002","responsecode":200},{"latitude":"13.016739999999999","longitude":"77.55643000000002","responsecode":200},{"latitude":"13.016799999999998","longitude":"77.55645000000003","responsecode":200},{"latitude":"13.016889999999998","longitude":"77.55642000000003","responsecode":200},{"latitude":"13.017009999999999","longitude":"77.55645000000003","responsecode":200},{"latitude":"13.017349999999999","longitude":"77.55665000000003","responsecode":200},{"latitude":"13.017449999999998","longitude":"77.55671000000004","responsecode":200},{"latitude":"13.017459999999998","longitude":"77.55656000000003","responsecode":200},{"latitude":"13.01746","longitude":"77.55656","responsecode":200},{"latitude":"13.01746","longitude":"77.55656","responsecode":200},{"latitude":"13.01744","longitude":"77.55646","responsecode":200},{"latitude":"13.017380000000001","longitude":"77.5561","responsecode":200},{"latitude":"13.017410000000002","longitude":"77.55599","responsecode":200},{"latitude":"13.017510000000001","longitude":"77.55596","responsecode":200},{"latitude":"13.018520000000002","longitude":"77.55595","responsecode":200},{"latitude":"13.018700000000003","longitude":"77.55601","responsecode":200},{"latitude":"13.018750000000002","longitude":"77.55606","responsecode":200},{"latitude":"13.018750000000002","longitude":"77.55611","responsecode":200},{"latitude":"13.018670000000002","longitude":"77.55651","responsecode":200},{"latitude":"13.018630000000002","longitude":"77.55656","responsecode":200},{"latitude":"13.018570000000002","longitude":"77.55658000000001","responsecode":200},{"latitude":"13.018350000000002","longitude":"77.55656","responsecode":200},{"latitude":"13.018290000000002","longitude":"77.55657000000001","responsecode":200},{"latitude":"13.018250000000002","longitude":"77.55661","responsecode":200},{"latitude":"13.018190000000002","longitude":"77.55678","responsecode":200},{"latitude":"13.018140000000002","longitude":"77.55697","responsecode":200},{"latitude":"13.018140000000002","longitude":"77.55709","responsecode":200},{"latitude":"13.018170000000003","longitude":"77.55713","responsecode":200},{"latitude":"13.018420000000003","longitude":"77.5573","responsecode":200},{"latitude":"13.018450000000003","longitude":"77.55734","responsecode":200},{"latitude":"13.018540000000003","longitude":"77.55739","responsecode":200},{"latitude":"13.018640000000003","longitude":"77.55748","responsecode":200},{"latitude":"13.018700000000003","longitude":"77.55757","responsecode":200},{"latitude":"13.018770000000002","longitude":"77.55772999999999","responsecode":200},{"latitude":"13.018780000000001","longitude":"77.55787","responsecode":200},{"latitude":"13.018740000000001","longitude":"77.55802","responsecode":200},{"latitude":"13.0187","longitude":"77.55811","responsecode":200},{"latitude":"13.018460000000001","longitude":"77.5585","responsecode":200},{"latitude":"13.018360000000001","longitude":"77.55866999999999","responsecode":200},{"latitude":"13.018270000000001","longitude":"77.55878","responsecode":200},{"latitude":"13.018200000000002","longitude":"77.55884","responsecode":200},{"latitude":"13.018060000000002","longitude":"77.55905","responsecode":200},{"latitude":"13.017790000000002","longitude":"77.55948","responsecode":200},{"latitude":"13.017640000000002","longitude":"77.55972999999999","responsecode":200},{"latitude":"13.017360000000002","longitude":"77.56020999999998","responsecode":200},{"latitude":"13.017130000000002","longitude":"77.56058999999999","responsecode":200},{"latitude":"13.016960000000001","longitude":"77.56087","responsecode":200},{"latitude":"13.01617","longitude":"77.56226","responsecode":200},{"latitude":"13.01595","longitude":"77.56263","responsecode":200},{"latitude":"13.01565","longitude":"77.56316","responsecode":200},{"latitude":"13.015400000000001","longitude":"77.56358999999999","responsecode":200},{"latitude":"13.015100000000002","longitude":"77.56407999999999","responsecode":200},{"latitude":"13.014960000000002","longitude":"77.56429999999999","responsecode":200},{"latitude":"13.014380000000003","longitude":"77.56528999999999","responsecode":200},{"latitude":"13.014270000000003","longitude":"77.56548","responsecode":200},{"latitude":"13.014150000000003","longitude":"77.56568","responsecode":200},{"latitude":"13.014070000000002","longitude":"77.56582","responsecode":200},{"latitude":"13.014020000000002","longitude":"77.5659","responsecode":200},{"latitude":"13.013960000000003","longitude":"77.566","responsecode":200},{"latitude":"13.013220000000002","longitude":"77.56718000000001","responsecode":200},{"latitude":"13.013042000000002","longitude":"77.567498","responsecode":200},{"latitude":"13.013042","longitude":"77.567498","responsecode":200},{"latitude":"13.01299","longitude":"77.56759","responsecode":200},{"latitude":"13.01232","longitude":"77.56877999999999","responsecode":200},{"latitude":"13.01218","longitude":"77.56904999999999","responsecode":200},{"latitude":"13.012170000000001","longitude":"77.56913999999999","responsecode":200},{"latitude":"13.012100000000002","longitude":"77.56922999999999","responsecode":200},{"latitude":"13.012050000000002","longitude":"77.56925","responsecode":200},{"latitude":"13.011990000000003","longitude":"77.56925","responsecode":200},{"latitude":"13.011940000000003","longitude":"77.56924","responsecode":200},{"latitude":"13.011900000000002","longitude":"77.56921","responsecode":200},{"latitude":"13.011870000000002","longitude":"77.56914","responsecode":200},{"latitude":"13.011870000000002","longitude":"77.5691","responsecode":200},{"latitude":"13.011480000000002","longitude":"77.56911000000001","responsecode":200},{"latitude":"13.011290000000002","longitude":"77.56911000000001","responsecode":200},{"latitude":"13.011060000000002","longitude":"77.56912000000001","responsecode":200},{"latitude":"13.010040000000002","longitude":"77.56914000000002","responsecode":200},{"latitude":"13.009880000000003","longitude":"77.56915000000002","responsecode":200},{"latitude":"13.009540000000003","longitude":"77.56916000000002","responsecode":200},{"latitude":"13.009340000000003","longitude":"77.56916000000002","responsecode":200},{"latitude":"13.009020000000003","longitude":"77.56917000000003","responsecode":200},{"latitude":"13.008930000000003","longitude":"77.56917000000003","responsecode":200},{"latitude":"13.00893","longitude":"77.56917","responsecode":200},{"latitude":"13.00893","longitude":"77.56917","responsecode":200},{"latitude":"13.00861","longitude":"77.56918","responsecode":200},{"latitude":"13.00795","longitude":"77.56920000000001","responsecode":200},{"latitude":"13.00789","longitude":"77.56920000000001","responsecode":200},{"latitude":"13.00755","longitude":"77.56920000000001","responsecode":200},{"latitude":"13.0073","longitude":"77.56921000000001","responsecode":200},{"latitude":"13.006950000000002","longitude":"77.56922000000002","responsecode":200},{"latitude":"13.006810000000002","longitude":"77.56922000000002","responsecode":200},{"latitude":"13.006460000000002","longitude":"77.56923000000002","responsecode":200},{"latitude":"13.006290000000002","longitude":"77.56923000000002","responsecode":200},{"latitude":"13.005500000000001","longitude":"77.56925000000003","responsecode":200},{"latitude":"13.004890000000001","longitude":"77.56926000000003","responsecode":200},{"latitude":"13.004740000000002","longitude":"77.56926000000003","responsecode":200},{"latitude":"13.004500000000002","longitude":"77.56927000000003","responsecode":200},{"latitude":"13.004085000000002","longitude":"77.56930100000004","responsecode":200},{"latitude":"13.004085","longitude":"77.569301","responsecode":200},{"latitude":"13.00384","longitude":"77.56931999999999","responsecode":200},{"latitude":"13.00362","longitude":"77.56933","responsecode":200},{"latitude":"13.00282","longitude":"77.56933","responsecode":200},{"latitude":"13.002369999999999","longitude":"77.56934","responsecode":200},{"latitude":"13.00237","longitude":"77.56934","responsecode":200},{"latitude":"13.00237","longitude":"77.56934","responsecode":200},{"latitude":"13.001890000000001","longitude":"77.56935","responsecode":200},{"latitude":"13.001370000000001","longitude":"77.56937","responsecode":200},{"latitude":"13.001190000000001","longitude":"77.56937","responsecode":200},{"latitude":"13.00102","longitude":"77.56938000000001","responsecode":200},{"latitude":"13.00038","longitude":"77.56944000000001","responsecode":200},{"latitude":"13.00019","longitude":"77.56946000000002","responsecode":200},{"latitude":"13.00013","longitude":"77.56946000000002","responsecode":200},{"latitude":"12.999685000000001","longitude":"77.56944100000003","responsecode":200},{"latitude":"12.999685","longitude":"77.569441","responsecode":200},{"latitude":"12.99921","longitude":"77.56942","responsecode":200},{"latitude":"12.99832","longitude":"77.56942","responsecode":200},{"latitude":"12.9976","longitude":"77.56943","responsecode":200},{"latitude":"12.9974","longitude":"77.56944","responsecode":200},{"latitude":"12.99727","longitude":"77.569443","responsecode":200},{"latitude":"12.99727","longitude":"77.569443","responsecode":200},{"latitude":"12.99699","longitude":"77.56945","responsecode":200},{"latitude":"12.996920000000001","longitude":"77.56945","responsecode":200},{"latitude":"12.99684","longitude":"77.56945","responsecode":200},{"latitude":"12.99685","longitude":"77.56957","responsecode":200},{"latitude":"12.99689","longitude":"77.57056","responsecode":200},{"latitude":"12.9969","longitude":"77.57096","responsecode":200},{"latitude":"12.9969","longitude":"77.57123","responsecode":200},{"latitude":"12.9969","longitude":"77.57144","responsecode":200},{"latitude":"12.9969","longitude":"77.57158","responsecode":200},{"latitude":"12.9969","longitude":"77.5719","responsecode":200},{"latitude":"12.99691","longitude":"77.57213","responsecode":200},{"latitude":"12.99692","longitude":"77.57288","responsecode":200},{"latitude":"12.99692","longitude":"77.57309","responsecode":200},{"latitude":"12.996879999999999","longitude":"77.57324","responsecode":200},{"latitude":"12.99659","longitude":"77.57326","responsecode":200},{"latitude":"12.99634","longitude":"77.5733","responsecode":200},{"latitude":"12.99589","longitude":"77.57348","responsecode":200},{"latitude":"12.9957","longitude":"77.57355","responsecode":200},{"latitude":"12.99503","longitude":"77.57372","responsecode":200},{"latitude":"12.99493","longitude":"77.57374999999999","responsecode":200},{"latitude":"12.99482","longitude":"77.57377999999999","responsecode":200},{"latitude":"12.99465","longitude":"77.57382999999999","responsecode":200},{"latitude":"12.99436","longitude":"77.57386999999999","responsecode":200},{"latitude":"12.994261","longitude":"77.57388499999999","responsecode":200},{"latitude":"12.994261","longitude":"77.573885","responsecode":200},{"latitude":"12.99403","longitude":"77.57392","responsecode":200},{"latitude":"12.993870000000001","longitude":"77.57395","responsecode":200},{"latitude":"12.9937","longitude":"77.57397999999999","responsecode":200},{"latitude":"12.99313","longitude":"77.57405999999999","responsecode":200},{"latitude":"12.99291","longitude":"77.57410999999999","responsecode":200},{"latitude":"12.99278","longitude":"77.57418999999999","responsecode":200},{"latitude":"12.99264","longitude":"77.57433999999999","responsecode":200},{"latitude":"12.99253","longitude":"77.57449","responsecode":200},{"latitude":"12.992420000000001","longitude":"77.57464999999999","responsecode":200},{"latitude":"12.992310000000002","longitude":"77.57481999999999","responsecode":200},{"latitude":"12.992100000000002","longitude":"77.57513999999999","responsecode":200},{"latitude":"12.991930000000002","longitude":"77.57543","responsecode":200},{"latitude":"12.991660000000001","longitude":"77.5752","responsecode":200},{"latitude":"12.991420000000002","longitude":"77.57503","responsecode":200},{"latitude":"12.99125","longitude":"77.57493","responsecode":200},{"latitude":"12.99112","longitude":"77.57486","responsecode":200},{"latitude":"12.99085","longitude":"77.57474","responsecode":200},{"latitude":"12.9907","longitude":"77.57468","responsecode":200},{"latitude":"12.99062","longitude":"77.57465","responsecode":200},{"latitude":"12.99052","longitude":"77.57461","responsecode":200},{"latitude":"12.99036","longitude":"77.57455","responsecode":200},{"latitude":"12.990160000000001","longitude":"77.57448000000001","responsecode":200},{"latitude":"12.989830000000001","longitude":"77.57437","responsecode":200},{"latitude":"12.989740000000001","longitude":"77.57434","responsecode":200},{"latitude":"12.989670000000002","longitude":"77.57432","responsecode":200},{"latitude":"12.989490000000002","longitude":"77.57427","responsecode":200},{"latitude":"12.989250000000002","longitude":"77.57421","responsecode":200},{"latitude":"12.989050000000002","longitude":"77.57417","responsecode":200},{"latitude":"12.988820000000002","longitude":"77.57413","responsecode":200},{"latitude":"12.988740000000002","longitude":"77.5741","responsecode":200},{"latitude":"12.988540000000002","longitude":"77.57416","responsecode":200},{"latitude":"12.98854","longitude":"77.57416","responsecode":200},{"latitude":"12.98854","longitude":"77.57416","responsecode":200},{"latitude":"12.98831","longitude":"77.57419","responsecode":200},{"latitude":"12.98816","longitude":"77.57421000000001","responsecode":200},{"latitude":"12.98804","longitude":"77.57423000000001","responsecode":200},{"latitude":"12.98782","longitude":"77.57427000000001","responsecode":200},{"latitude":"12.987549999999999","longitude":"77.57433000000002","responsecode":200},{"latitude":"12.987149999999998","longitude":"77.57440000000001","responsecode":200},{"latitude":"12.986799999999999","longitude":"77.57446000000002","responsecode":200},{"latitude":"12.98655","longitude":"77.57450000000001","responsecode":200},{"latitude":"12.986099999999999","longitude":"77.57458000000001","responsecode":200},{"latitude":"12.98552","longitude":"77.57467000000001","responsecode":200},{"latitude":"12.985389999999999","longitude":"77.57469000000002","responsecode":200},{"latitude":"12.98496","longitude":"77.57476000000001","responsecode":200},{"latitude":"12.98476","longitude":"77.57478000000002","responsecode":200},{"latitude":"12.98466","longitude":"77.57479000000002","responsecode":200},{"latitude":"12.98451","longitude":"77.57479000000002","responsecode":200},{"latitude":"12.98432","longitude":"77.57479000000002","responsecode":200},{"latitude":"12.98406","longitude":"77.57478000000002","responsecode":200},{"latitude":"12.98308","longitude":"77.57469000000002","responsecode":200},{"latitude":"12.98255","longitude":"77.57460000000002","responsecode":200},{"latitude":"12.98221","longitude":"77.57459000000001","responsecode":200},{"latitude":"12.98165","longitude":"77.57463000000001","responsecode":200},{"latitude":"12.9814","longitude":"77.57465000000002","responsecode":200},{"latitude":"12.981330000000002","longitude":"77.57470000000002","responsecode":200},{"latitude":"12.981260000000002","longitude":"77.57472000000003","responsecode":200},{"latitude":"12.980970000000003","longitude":"77.57477000000003","responsecode":200},{"latitude":"12.980900000000004","longitude":"77.57478000000003","responsecode":200},{"latitude":"12.980810000000004","longitude":"77.57480000000004","responsecode":200},{"latitude":"12.980740000000004","longitude":"77.57481000000004","responsecode":200},{"latitude":"12.980740000000004","longitude":"77.57494000000004","responsecode":200},{"latitude":"12.980735000000005","longitude":"77.57503000000004","responsecode":200},{"latitude":"12.980735","longitude":"77.57503","responsecode":200},{"latitude":"12.98073","longitude":"77.57514","responsecode":200},{"latitude":"12.98073","longitude":"77.57529000000001","responsecode":200},{"latitude":"12.98073","longitude":"77.57546","responsecode":200},{"latitude":"12.98069","longitude":"77.57673000000001","responsecode":200},{"latitude":"12.98068","longitude":"77.57696000000001","responsecode":200},{"latitude":"12.98067","longitude":"77.57735000000001","responsecode":200},{"latitude":"12.98066","longitude":"77.57761","responsecode":200},{"latitude":"12.98061","longitude":"77.57860000000001","responsecode":200},{"latitude":"12.98058","longitude":"77.57874000000001","responsecode":200},{"latitude":"12.98056","longitude":"77.57879000000001","responsecode":200},{"latitude":"12.98052","longitude":"77.57884000000001","responsecode":200},{"latitude":"12.98046","longitude":"77.57943000000002","responsecode":200},{"latitude":"12.98037","longitude":"77.58049000000001","responsecode":200},{"latitude":"12.98025","longitude":"77.58092","responsecode":200},{"latitude":"12.98019","longitude":"77.58108","responsecode":200},{"latitude":"12.980120000000001","longitude":"77.58122","responsecode":200},{"latitude":"12.979630000000002","longitude":"77.58195","responsecode":200},{"latitude":"12.979280000000003","longitude":"77.58247","responsecode":200},{"latitude":"12.978860000000003","longitude":"77.58311","responsecode":200},{"latitude":"12.978730000000002","longitude":"77.58331000000001","responsecode":200},{"latitude":"12.978650000000002","longitude":"77.58343","responsecode":200},{"latitude":"12.978390000000001","longitude":"77.58384000000001","responsecode":200},{"latitude":"12.97813","longitude":"77.58424000000001","responsecode":200},{"latitude":"12.97802","longitude":"77.5844","responsecode":200},{"latitude":"12.977960000000001","longitude":"77.58448","responsecode":200},{"latitude":"12.97784","longitude":"77.58466","responsecode":200},{"latitude":"12.97772","longitude":"77.58484","responsecode":200},{"latitude":"12.97742","longitude":"77.58525","responsecode":200},{"latitude":"12.977310000000001","longitude":"77.5854","responsecode":200},{"latitude":"12.97722","longitude":"77.58553","responsecode":200},{"latitude":"12.97713","longitude":"77.58567000000001","responsecode":200},{"latitude":"12.977035","longitude":"77.58580400000001","responsecode":200},{"latitude":"12.977035","longitude":"77.585804","responsecode":200},{"latitude":"12.976840000000001","longitude":"77.58608","responsecode":200},{"latitude":"12.976590000000002","longitude":"77.58641999999999","responsecode":200},{"latitude":"12.976230000000001","longitude":"77.58689","responsecode":200},{"latitude":"12.976140000000001","longitude":"77.587","responsecode":200},{"latitude":"12.97601","longitude":"77.58713","responsecode":200},{"latitude":"12.976","longitude":"77.58725","responsecode":200},{"latitude":"12.97597","longitude":"77.5873","responsecode":200},{"latitude":"12.97589","longitude":"77.58735","responsecode":200},{"latitude":"12.97585","longitude":"77.58736","responsecode":200},{"latitude":"12.9758","longitude":"77.58735","responsecode":200},{"latitude":"12.97575","longitude":"77.58733","responsecode":200},{"latitude":"12.97571","longitude":"77.58729","responsecode":200},{"latitude":"12.97569","longitude":"77.58725","responsecode":200},{"latitude":"12.97568","longitude":"77.58716","responsecode":200},{"latitude":"12.97522","longitude":"77.58694","responsecode":200},{"latitude":"12.97479","longitude":"77.58677","responsecode":200},{"latitude":"12.974450000000001","longitude":"77.58665","responsecode":200},{"latitude":"12.974310000000001","longitude":"77.58662000000001","responsecode":200},{"latitude":"12.974160000000001","longitude":"77.5866","responsecode":200},{"latitude":"12.97394","longitude":"77.5866","responsecode":200},{"latitude":"12.97386","longitude":"77.586602","responsecode":200},{"latitude":"12.97386","longitude":"77.586602","responsecode":200},{"latitude":"12.97363","longitude":"77.58661","responsecode":200},{"latitude":"12.97341","longitude":"77.58663","responsecode":200},{"latitude":"12.97311","longitude":"77.58669","responsecode":200},{"latitude":"12.97264","longitude":"77.58675000000001","responsecode":200},{"latitude":"12.97136","longitude":"77.58694000000001","responsecode":200},{"latitude":"12.97024","longitude":"77.58708000000001","responsecode":200},{"latitude":"12.96953","longitude":"77.58716000000001","responsecode":200},{"latitude":"12.969451000000001","longitude":"77.58716900000002","responsecode":200},{"latitude":"12.969451","longitude":"77.587169","responsecode":200},{"latitude":"12.968459999999999","longitude":"77.58728","responsecode":200},{"latitude":"12.9683","longitude":"77.58731","responsecode":200},{"latitude":"12.9681","longitude":"77.58737","responsecode":200},{"latitude":"12.96796","longitude":"77.58744","responsecode":200},{"latitude":"12.96781","longitude":"77.58761","responsecode":200},{"latitude":"12.96783","longitude":"77.5878","responsecode":200},{"latitude":"12.96782","longitude":"77.58814","responsecode":200},{"latitude":"12.96783","longitude":"77.58842","responsecode":200},{"latitude":"12.967659999999999","longitude":"77.58843","responsecode":200},{"latitude":"12.967509999999999","longitude":"77.58843","responsecode":200},{"latitude":"12.96731","longitude":"77.58840000000001","responsecode":200},{"latitude":"12.967079","longitude":"77.58815200000001","responsecode":200},{"latitude":"12.967079","longitude":"77.588152","responsecode":200},{"latitude":"12.96677","longitude":"77.58782","responsecode":200},{"latitude":"12.96662","longitude":"77.58769","responsecode":200},{"latitude":"12.966380000000001","longitude":"77.58747","responsecode":200},{"latitude":"12.966000000000001","longitude":"77.58713","responsecode":200},{"latitude":"12.965810000000001","longitude":"77.58697000000001","responsecode":200},{"latitude":"12.96554","longitude":"77.58677","responsecode":200},{"latitude":"12.96509","longitude":"77.58643000000001","responsecode":200},{"latitude":"12.96457","longitude":"77.58598","responsecode":200},{"latitude":"12.96435","longitude":"77.58579","responsecode":200},{"latitude":"12.963899999999999","longitude":"77.58537","responsecode":200},{"latitude":"12.963859999999999","longitude":"77.58530999999999","responsecode":200},{"latitude":"12.963819999999998","longitude":"77.58520999999999","responsecode":200},{"latitude":"12.963699999999998","longitude":"77.58461999999999","responsecode":200},{"latitude":"12.963659999999997","longitude":"77.58436999999999","responsecode":200},{"latitude":"12.963619999999997","longitude":"77.58400999999999","responsecode":200},{"latitude":"12.963568999999998","longitude":"77.58374599999999","responsecode":200},{"latitude":"12.963569","longitude":"77.583746","responsecode":200},{"latitude":"12.96349","longitude":"77.58334","responsecode":200},{"latitude":"12.963470000000001","longitude":"77.58299000000001","responsecode":200},{"latitude":"12.963400000000002","longitude":"77.58237000000001","responsecode":200},{"latitude":"12.963390000000002","longitude":"77.58196000000001","responsecode":200},{"latitude":"12.963400000000002","longitude":"77.58173000000001","responsecode":200},{"latitude":"12.963410000000001","longitude":"77.58163","responsecode":200},{"latitude":"12.963460000000001","longitude":"77.58114","responsecode":200},{"latitude":"12.963070000000002","longitude":"77.5811","responsecode":200},{"latitude":"12.962860000000003","longitude":"77.58109","responsecode":200},{"latitude":"12.962460000000002","longitude":"77.58107","responsecode":200},{"latitude":"12.962490000000003","longitude":"77.58068","responsecode":200},{"latitude":"12.962500000000002","longitude":"77.58059","responsecode":200},{"latitude":"12.962570000000001","longitude":"77.57976000000001","responsecode":200},{"latitude":"12.962690000000002","longitude":"77.57864000000001","responsecode":200},{"latitude":"12.962700000000002","longitude":"77.57860000000001","responsecode":200},{"latitude":"12.962790000000002","longitude":"77.57808000000001","responsecode":200},{"latitude":"12.962810000000001","longitude":"77.57796000000002","responsecode":200},{"latitude":"12.96291","longitude":"77.57749000000001","responsecode":200},{"latitude":"12.96235","longitude":"77.57764000000002","responsecode":200},{"latitude":"12.96183","longitude":"77.57773000000002","responsecode":200},{"latitude":"12.961630000000001","longitude":"77.57774000000002","responsecode":200},{"latitude":"12.961440000000001","longitude":"77.57773000000002","responsecode":200},{"latitude":"12.961370000000002","longitude":"77.57773000000002","responsecode":200},{"latitude":"12.960360000000001","longitude":"77.57767000000001","responsecode":200},{"latitude":"12.959670000000001","longitude":"77.57768000000002","responsecode":200},{"latitude":"12.959320000000002","longitude":"77.57768000000002","responsecode":200},{"latitude":"12.959130000000002","longitude":"77.57768000000002","responsecode":200},{"latitude":"12.958970000000003","longitude":"77.57767000000001","responsecode":200},{"latitude":"12.958820000000003","longitude":"77.57766000000001","responsecode":200},{"latitude":"12.959040000000003","longitude":"77.57710000000002","responsecode":200},{"latitude":"12.959210000000004","longitude":"77.57657000000002","responsecode":200},{"latitude":"12.959260000000004","longitude":"77.57641000000002","responsecode":200},{"latitude":"12.959320000000004","longitude":"77.57619000000003","responsecode":200},{"latitude":"12.959380000000003","longitude":"77.57599000000002","responsecode":200},{"latitude":"12.959530000000003","longitude":"77.57544000000001","responsecode":200},{"latitude":"12.959720000000003","longitude":"77.57476000000001","responsecode":200},{"latitude":"12.959780000000002","longitude":"77.57456","responsecode":200},{"latitude":"12.960050000000003","longitude":"77.57462000000001","responsecode":200},{"latitude":"12.960730000000002","longitude":"77.57490000000001","responsecode":200},{"latitude":"12.96108","longitude":"77.57507000000001","responsecode":200},{"latitude":"12.961480000000002","longitude":"77.57528","responsecode":200},{"latitude":"12.961850000000002","longitude":"77.5755","responsecode":200},{"latitude":"12.962000000000002","longitude":"77.57562","responsecode":200},{"latitude":"12.962250000000001","longitude":"77.57592","responsecode":200},{"latitude":"12.961730000000001","longitude":"77.57703","responsecode":200},{"latitude":"12.961579","longitude":"77.577378","responsecode":200},{"latitude":"12.961579","longitude":"77.577378","responsecode":200},{"latitude":"12.961579","longitude":"77.577378","responsecode":200}],"Message":"Success","Issuccess":true,"exception":null,"RowCount":898,"responsecode":200}