{"data":[{"latitude":"13.064824","longitude":"77.443273","responsecode":200},{"latitude":"13.06481","longitude":"77.44336","responsecode":200},{"latitude":"13.06507","longitude":"77.44345","responsecode":200},{"latitude":"13.065150000000001","longitude":"77.44349","responsecode":200},{"latitude":"13.0653","longitude":"77.44354","responsecode":200},{"latitude":"13.0656","longitude":"77.44369999999999","responsecode":200},{"latitude":"13.06602","longitude":"77.44389","responsecode":200},{"latitude":"13.0662","longitude":"77.44394","responsecode":200},{"latitude":"13.0667","longitude":"77.4442","responsecode":200},{"latitude":"13.06714","longitude":"77.44447","responsecode":200},{"latitude":"13.06837","longitude":"77.44465","responsecode":200},{"latitude":"13.07004","longitude":"77.44534","responsecode":200},{"latitude":"13.070315","longitude":"77.44484","responsecode":200},{"latitude":"13.070315","longitude":"77.44484","responsecode":200},{"latitude":"13.070580000000001","longitude":"77.44436","responsecode":200},{"latitude":"13.071180000000002","longitude":"77.44330000000001","responsecode":200},{"latitude":"13.071850000000001","longitude":"77.44208","responsecode":200},{"latitude":"13.07206","longitude":"77.44171","responsecode":200},{"latitude":"13.07224","longitude":"77.44138","responsecode":200},{"latitude":"13.07262","longitude":"77.44068","responsecode":200},{"latitude":"13.07271","longitude":"77.44051","responsecode":200},{"latitude":"13.072790000000001","longitude":"77.44037","responsecode":200},{"latitude":"13.073080000000001","longitude":"77.43985","responsecode":200},{"latitude":"13.07318","longitude":"77.43967","responsecode":200},{"latitude":"13.073260000000001","longitude":"77.43952","responsecode":200},{"latitude":"13.073338000000001","longitude":"77.439379","responsecode":200},{"latitude":"13.073338","longitude":"77.439379","responsecode":200},{"latitude":"13.07347","longitude":"77.43914000000001","responsecode":200},{"latitude":"13.07356","longitude":"77.43897000000001","responsecode":200},{"latitude":"13.074150000000001","longitude":"77.43792","responsecode":200},{"latitude":"13.074460000000002","longitude":"77.43737","responsecode":200},{"latitude":"13.074800000000002","longitude":"77.43676","responsecode":200},{"latitude":"13.074970000000002","longitude":"77.43644","responsecode":200},{"latitude":"13.075080000000002","longitude":"77.43625","responsecode":200},{"latitude":"13.075170000000002","longitude":"77.43607","responsecode":200},{"latitude":"13.075221","longitude":"77.435984","responsecode":200},{"latitude":"13.075221","longitude":"77.435984","responsecode":200},{"latitude":"13.075330000000001","longitude":"77.4358","responsecode":200},{"latitude":"13.07557","longitude":"77.43534","responsecode":200},{"latitude":"13.075740000000001","longitude":"77.43502","responsecode":200},{"latitude":"13.075820000000002","longitude":"77.43487999999999","responsecode":200},{"latitude":"13.075900000000003","longitude":"77.43472","responsecode":200},{"latitude":"13.075940000000003","longitude":"77.43464","responsecode":200},{"latitude":"13.076140000000002","longitude":"77.43422","responsecode":200},{"latitude":"13.076190000000002","longitude":"77.43410999999999","responsecode":200},{"latitude":"13.076330000000002","longitude":"77.43382999999999","responsecode":200},{"latitude":"13.076370000000002","longitude":"77.43374999999999","responsecode":200},{"latitude":"13.076760000000002","longitude":"77.43289999999999","responsecode":200},{"latitude":"13.076810000000002","longitude":"77.43278999999998","responsecode":200},{"latitude":"13.076860000000002","longitude":"77.43266999999999","responsecode":200},{"latitude":"13.076910000000002","longitude":"77.43252999999999","responsecode":200},{"latitude":"13.07698","longitude":"77.43233999999998","responsecode":200},{"latitude":"13.07705","longitude":"77.43213999999998","responsecode":200},{"latitude":"13.07724","longitude":"77.43158999999997","responsecode":200},{"latitude":"13.07733","longitude":"77.43132599999997","responsecode":200},{"latitude":"13.07733","longitude":"77.431326","responsecode":200},{"latitude":"13.07775","longitude":"77.4301","responsecode":200},{"latitude":"13.07784","longitude":"77.42981999999999","responsecode":200},{"latitude":"13.0779","longitude":"77.42963999999999","responsecode":200},{"latitude":"13.07808","longitude":"77.42913999999999","responsecode":200},{"latitude":"13.07811","longitude":"77.42902","responsecode":200},{"latitude":"13.07815","longitude":"77.42887999999999","responsecode":200},{"latitude":"13.078370000000001","longitude":"77.42811999999999","responsecode":200},{"latitude":"13.078400000000002","longitude":"77.42801999999999","responsecode":200},{"latitude":"13.078460000000002","longitude":"77.42783999999999","responsecode":200},{"latitude":"13.078550000000002","longitude":"77.42759","responsecode":200},{"latitude":"13.078640000000002","longitude":"77.42734","responsecode":200},{"latitude":"13.078760000000003","longitude":"77.42698","responsecode":200},{"latitude":"13.078810000000002","longitude":"77.42684","responsecode":200},{"latitude":"13.079000000000002","longitude":"77.42628","responsecode":200},{"latitude":"13.079150000000002","longitude":"77.42584000000001","responsecode":200},{"latitude":"13.079210000000002","longitude":"77.42565","responsecode":200},{"latitude":"13.07928","longitude":"77.42545","responsecode":200},{"latitude":"13.07937","longitude":"77.42522","responsecode":200},{"latitude":"13.079450000000001","longitude":"77.42497999999999","responsecode":200},{"latitude":"13.07952","longitude":"77.42473999999999","responsecode":200},{"latitude":"13.0797","longitude":"77.42420999999999","responsecode":200},{"latitude":"13.0797","longitude":"77.42421","responsecode":200},{"latitude":"13.0797","longitude":"77.42421","responsecode":200}],"Message":"Success","Issuccess":true,"exception":null,"RowCount":79,"responsecode":200}