{"data":[{"latitude":"12.964418","longitude":"77.577355","responsecode":200},{"latitude":"12.96443","longitude":"77.57746999999999","responsecode":200},{"latitude":"12.96444","longitude":"77.57751999999999","responsecode":200},{"latitude":"12.96444","longitude":"77.57758","responsecode":200},{"latitude":"12.96444","longitude":"77.57764","responsecode":200},{"latitude":"12.96442","longitude":"77.57794","responsecode":200},{"latitude":"12.96438","longitude":"77.57836","responsecode":200},{"latitude":"12.964310000000001","longitude":"77.57901","responsecode":200},{"latitude":"12.96418","longitude":"77.58037","responsecode":200},{"latitude":"12.96414","longitude":"77.58081","responsecode":200},{"latitude":"12.96411","longitude":"77.58116","responsecode":200},{"latitude":"12.96408","longitude":"77.58155","responsecode":200},{"latitude":"12.96406","longitude":"77.58179999999999","responsecode":200},{"latitude":"12.96403","longitude":"77.58221999999999","responsecode":200},{"latitude":"12.96401","longitude":"77.58237999999999","responsecode":200},{"latitude":"12.96398","longitude":"77.58271999999998","responsecode":200},{"latitude":"12.96396","longitude":"77.58295999999999","responsecode":200},{"latitude":"12.96393","longitude":"77.58345999999999","responsecode":200},{"latitude":"12.96392","longitude":"77.58375999999998","responsecode":200},{"latitude":"12.96391","longitude":"77.58394999999999","responsecode":200},{"latitude":"12.96391","longitude":"77.58401999999998","responsecode":200},{"latitude":"12.96387","longitude":"77.58411999999998","responsecode":200},{"latitude":"12.96385","longitude":"77.58421999999999","responsecode":200},{"latitude":"12.963830000000002","longitude":"77.58433999999998","responsecode":200},{"latitude":"12.96383","longitude":"77.58434","responsecode":200},{"latitude":"12.96382","longitude":"77.58447","responsecode":200},{"latitude":"12.96381","longitude":"77.58461","responsecode":200},{"latitude":"12.96381","longitude":"77.58472","responsecode":200},{"latitude":"12.96382","longitude":"77.58484","responsecode":200},{"latitude":"12.96384","longitude":"77.58497","responsecode":200},{"latitude":"12.96387","longitude":"77.58511","responsecode":200},{"latitude":"12.96391","longitude":"77.58524","responsecode":200},{"latitude":"12.96397","longitude":"77.58532","responsecode":200},{"latitude":"12.96406","longitude":"77.58542","responsecode":200},{"latitude":"12.96462","longitude":"77.58591","responsecode":200},{"latitude":"12.96527","longitude":"77.58649","responsecode":200},{"latitude":"12.96533","longitude":"77.58654","responsecode":200},{"latitude":"12.96539","longitude":"77.58659","responsecode":200},{"latitude":"12.96548","longitude":"77.58664","responsecode":200},{"latitude":"12.96562","longitude":"77.58670000000001","responsecode":200},{"latitude":"12.96567","longitude":"77.58671000000001","responsecode":200},{"latitude":"12.965729999999999","longitude":"77.58672000000001","responsecode":200},{"latitude":"12.965799999999998","longitude":"77.58674000000002","responsecode":200},{"latitude":"12.965859999999997","longitude":"77.58677000000002","responsecode":200},{"latitude":"12.965959999999997","longitude":"77.58683000000002","responsecode":200},{"latitude":"12.966039999999998","longitude":"77.58689000000003","responsecode":200},{"latitude":"12.966359999999998","longitude":"77.58719000000002","responsecode":200},{"latitude":"12.966469999999997","longitude":"77.58726000000001","responsecode":200},{"latitude":"12.966569999999997","longitude":"77.58730000000001","responsecode":200},{"latitude":"12.966689999999998","longitude":"77.58734000000001","responsecode":200},{"latitude":"12.966819999999998","longitude":"77.58737","responsecode":200},{"latitude":"12.966929999999998","longitude":"77.58739000000001","responsecode":200},{"latitude":"12.967099999999999","longitude":"77.58741000000002","responsecode":200},{"latitude":"12.967479999999998","longitude":"77.58744000000002","responsecode":200},{"latitude":"12.967799999999999","longitude":"77.58725000000001","responsecode":200},{"latitude":"12.967989999999999","longitude":"77.58719","responsecode":200},{"latitude":"12.968390999999999","longitude":"77.586751","responsecode":200},{"latitude":"12.968391","longitude":"77.586751","responsecode":200},{"latitude":"12.968530000000001","longitude":"77.5866","responsecode":200},{"latitude":"12.96868","longitude":"77.58643000000001","responsecode":200},{"latitude":"12.96887","longitude":"77.58623","responsecode":200},{"latitude":"12.96897","longitude":"77.58611","responsecode":200},{"latitude":"12.96913","longitude":"77.58591","responsecode":200},{"latitude":"12.9696","longitude":"77.58537","responsecode":200},{"latitude":"12.96978","longitude":"77.58516","responsecode":200},{"latitude":"12.97017","longitude":"77.5847","responsecode":200},{"latitude":"12.97101","longitude":"77.5838","responsecode":200},{"latitude":"12.971119999999999","longitude":"77.58368","responsecode":200},{"latitude":"12.97168","longitude":"77.583","responsecode":200},{"latitude":"12.97205","longitude":"77.58261","responsecode":200},{"latitude":"12.97217","longitude":"77.58249","responsecode":200},{"latitude":"12.97227","longitude":"77.58236000000001","responsecode":200},{"latitude":"12.97248","longitude":"77.58208","responsecode":200},{"latitude":"12.972539","longitude":"77.581997","responsecode":200},{"latitude":"12.972539","longitude":"77.581997","responsecode":200},{"latitude":"12.972579999999999","longitude":"77.58194","responsecode":200},{"latitude":"12.972689999999998","longitude":"77.58173000000001","responsecode":200},{"latitude":"12.972809999999999","longitude":"77.58153","responsecode":200},{"latitude":"12.97293","longitude":"77.58128","responsecode":200},{"latitude":"12.97302","longitude":"77.58109","responsecode":200},{"latitude":"12.97314","longitude":"77.58084000000001","responsecode":200},{"latitude":"12.973360000000001","longitude":"77.58035000000001","responsecode":200},{"latitude":"12.97361","longitude":"77.57979000000002","responsecode":200},{"latitude":"12.97376","longitude":"77.57944000000002","responsecode":200},{"latitude":"12.97397","longitude":"77.57895000000002","responsecode":200},{"latitude":"12.97406","longitude":"77.57877000000002","responsecode":200},{"latitude":"12.97414","longitude":"77.57858000000002","responsecode":200},{"latitude":"12.97419","longitude":"77.57846000000002","responsecode":200},{"latitude":"12.97427","longitude":"77.57830000000003","responsecode":200},{"latitude":"12.974310000000001","longitude":"77.57822000000003","responsecode":200},{"latitude":"12.97437","longitude":"77.57808000000003","responsecode":200},{"latitude":"12.974540000000001","longitude":"77.57768000000003","responsecode":200},{"latitude":"12.9747","longitude":"77.57726000000002","responsecode":200},{"latitude":"12.97476","longitude":"77.57712000000002","responsecode":200},{"latitude":"12.9748","longitude":"77.57704000000003","responsecode":200},{"latitude":"12.97485","longitude":"77.57696000000003","responsecode":200},{"latitude":"12.97492","longitude":"77.57691000000003","responsecode":200},{"latitude":"12.97496","longitude":"77.57686000000002","responsecode":200},{"latitude":"12.97508","longitude":"77.57668000000002","responsecode":200},{"latitude":"12.97518","longitude":"77.57648000000002","responsecode":200},{"latitude":"12.97526","longitude":"77.57632000000002","responsecode":200},{"latitude":"12.97536","longitude":"77.57611000000003","responsecode":200},{"latitude":"12.97538","longitude":"77.57604000000003","responsecode":200},{"latitude":"12.975399999999999","longitude":"77.57597000000004","responsecode":200},{"latitude":"12.975409999999998","longitude":"77.57588000000004","responsecode":200},{"latitude":"12.975419999999998","longitude":"77.57581000000005","responsecode":200},{"latitude":"12.975449999999999","longitude":"77.57553000000004","responsecode":200},{"latitude":"12.97545","longitude":"77.57553","responsecode":200},{"latitude":"12.97551","longitude":"77.57497000000001","responsecode":200},{"latitude":"12.97553","longitude":"77.57478","responsecode":200},{"latitude":"12.975539999999999","longitude":"77.57464","responsecode":200},{"latitude":"12.97554","longitude":"77.57464","responsecode":200},{"latitude":"12.97554","longitude":"77.57464","responsecode":200},{"latitude":"12.975900000000001","longitude":"77.57469","responsecode":200},{"latitude":"12.97606","longitude":"77.5747","responsecode":200},{"latitude":"12.97622","longitude":"77.5747","responsecode":200},{"latitude":"12.97635","longitude":"77.57469","responsecode":200},{"latitude":"12.97646","longitude":"77.57467","responsecode":200},{"latitude":"12.97659","longitude":"77.57463","responsecode":200},{"latitude":"12.97676","longitude":"77.57457","responsecode":200},{"latitude":"12.97692","longitude":"77.57450999999999","responsecode":200},{"latitude":"12.97703","longitude":"77.57445999999999","responsecode":200},{"latitude":"12.977129999999999","longitude":"77.57439999999998","responsecode":200},{"latitude":"12.977219999999999","longitude":"77.57431999999999","responsecode":200},{"latitude":"12.977279999999999","longitude":"77.57425999999998","responsecode":200},{"latitude":"12.977306999999998","longitude":"77.57423599999998","responsecode":200},{"latitude":"12.977307","longitude":"77.574236","responsecode":200},{"latitude":"12.977307","longitude":"77.574236","responsecode":200},{"latitude":"12.97731","longitude":"77.57424","responsecode":200},{"latitude":"12.97746","longitude":"77.57409","responsecode":200},{"latitude":"12.97751","longitude":"77.57141","responsecode":200},{"latitude":"12.97751","longitude":"77.57141","responsecode":200},{"latitude":"12.97749","longitude":"77.57098","responsecode":200},{"latitude":"12.97932","longitude":"77.57111","responsecode":200},{"latitude":"12.97954","longitude":"77.57115","responsecode":200},{"latitude":"12.97954","longitude":"77.57115","responsecode":200},{"latitude":"12.97967","longitude":"77.57124","responsecode":200},{"latitude":"12.97978","longitude":"77.57133","responsecode":200},{"latitude":"12.97988","longitude":"77.57142","responsecode":200},{"latitude":"12.97998","longitude":"77.57152","responsecode":200},{"latitude":"12.980049999999999","longitude":"77.57161","responsecode":200},{"latitude":"12.980109999999998","longitude":"77.5717","responsecode":200},{"latitude":"12.980159999999998","longitude":"77.57178","responsecode":200},{"latitude":"12.980249999999998","longitude":"77.57191","responsecode":200},{"latitude":"12.980279999999999","longitude":"77.57207","responsecode":200},{"latitude":"12.98031","longitude":"77.57222999999999","responsecode":200},{"latitude":"12.980319999999999","longitude":"77.57229999999998","responsecode":200},{"latitude":"12.980329999999999","longitude":"77.57238999999998","responsecode":200},{"latitude":"12.980339999999998","longitude":"77.57247999999998","responsecode":200},{"latitude":"12.980359999999997","longitude":"77.57258999999999","responsecode":200},{"latitude":"12.980349999999998","longitude":"77.57267999999999","responsecode":200},{"latitude":"12.980359999999997","longitude":"77.57275999999999","responsecode":200},{"latitude":"12.980489999999998","longitude":"77.57323999999998","responsecode":200},{"latitude":"12.980519999999999","longitude":"77.57335999999998","responsecode":200},{"latitude":"12.98055","longitude":"77.57350999999998","responsecode":200},{"latitude":"12.98058","longitude":"77.57367999999998","responsecode":200},{"latitude":"12.980649999999999","longitude":"77.57428999999998","responsecode":200},{"latitude":"12.980749999999999","longitude":"77.57454999999997","responsecode":200},{"latitude":"12.980839999999999","longitude":"77.57470999999997","responsecode":200},{"latitude":"12.980899999999998","longitude":"77.57477999999996","responsecode":200},{"latitude":"12.980969999999997","longitude":"77.57484999999996","responsecode":200},{"latitude":"12.981039999999997","longitude":"77.57490999999996","responsecode":200},{"latitude":"12.981129999999997","longitude":"77.57496999999996","responsecode":200},{"latitude":"12.981269999999997","longitude":"77.57504999999996","responsecode":200},{"latitude":"12.981449999999997","longitude":"77.57513999999996","responsecode":200},{"latitude":"12.981649999999997","longitude":"77.57523999999997","responsecode":200},{"latitude":"12.981759999999996","longitude":"77.57530999999996","responsecode":200},{"latitude":"12.981899999999996","longitude":"77.57539999999996","responsecode":200},{"latitude":"12.982089999999996","longitude":"77.57553999999996","responsecode":200},{"latitude":"12.982219999999996","longitude":"77.57564999999997","responsecode":200},{"latitude":"12.982349999999997","longitude":"77.57577999999997","responsecode":200},{"latitude":"12.982419999999996","longitude":"77.57585999999996","responsecode":200},{"latitude":"12.982679999999997","longitude":"77.57616999999996","responsecode":200},{"latitude":"12.982729999999997","longitude":"77.57626999999997","responsecode":200},{"latitude":"12.982863999999996","longitude":"77.57642599999997","responsecode":200},{"latitude":"12.982864","longitude":"77.576426","responsecode":200},{"latitude":"12.98297","longitude":"77.57655","responsecode":200},{"latitude":"12.98312","longitude":"77.57670999999999","responsecode":200},{"latitude":"12.983189999999999","longitude":"77.57681","responsecode":200},{"latitude":"12.983239999999999","longitude":"77.5769","responsecode":200},{"latitude":"12.98327","longitude":"77.57696999999999","responsecode":200},{"latitude":"12.98335","longitude":"77.57708","responsecode":200},{"latitude":"12.98343","longitude":"77.57718","responsecode":200},{"latitude":"12.98351","longitude":"77.5773","responsecode":200},{"latitude":"12.98358","longitude":"77.57741999999999","responsecode":200},{"latitude":"12.983649999999999","longitude":"77.57755999999999","responsecode":200},{"latitude":"12.983699999999999","longitude":"77.57768999999999","responsecode":200},{"latitude":"12.983769999999998","longitude":"77.57789999999999","responsecode":200},{"latitude":"12.983839999999997","longitude":"77.57816999999999","responsecode":200},{"latitude":"12.983859999999996","longitude":"77.57825999999999","responsecode":200},{"latitude":"12.984039999999997","longitude":"77.57826999999999","responsecode":200},{"latitude":"12.984119999999997","longitude":"77.57827999999999","responsecode":200},{"latitude":"12.984189999999996","longitude":"77.5783","responsecode":200},{"latitude":"12.984279999999996","longitude":"77.57835","responsecode":200},{"latitude":"12.984339999999996","longitude":"77.57839","responsecode":200},{"latitude":"12.984429999999996","longitude":"77.57844","responsecode":200},{"latitude":"12.984549999999997","longitude":"77.57851","responsecode":200},{"latitude":"12.984769999999997","longitude":"77.57866","responsecode":200},{"latitude":"12.984899999999998","longitude":"77.57874","responsecode":200},{"latitude":"12.985209999999999","longitude":"77.57892","responsecode":200},{"latitude":"12.985389999999999","longitude":"77.57901","responsecode":200},{"latitude":"12.985819999999999","longitude":"77.57924","responsecode":200},{"latitude":"12.985979999999998","longitude":"77.57933","responsecode":200},{"latitude":"12.986119999999998","longitude":"77.57941","responsecode":200},{"latitude":"12.986219999999998","longitude":"77.57943999999999","responsecode":200},{"latitude":"12.986309999999998","longitude":"77.5795","responsecode":200},{"latitude":"12.986459999999997","longitude":"77.57961","responsecode":200},{"latitude":"12.986509999999997","longitude":"77.57964","responsecode":200},{"latitude":"12.986569999999997","longitude":"77.57969","responsecode":200},{"latitude":"12.986609999999997","longitude":"77.57972","responsecode":200},{"latitude":"12.986969999999998","longitude":"77.57997999999999","responsecode":200},{"latitude":"12.987029999999997","longitude":"77.58003","responsecode":200},{"latitude":"12.987089999999997","longitude":"77.58008","responsecode":200},{"latitude":"12.987159999999996","longitude":"77.58017","responsecode":200},{"latitude":"12.987249999999996","longitude":"77.58019999999999","responsecode":200},{"latitude":"12.987340999999995","longitude":"77.58024099999999","responsecode":200},{"latitude":"12.987341","longitude":"77.580241","responsecode":200},{"latitude":"12.98736","longitude":"77.58025","responsecode":200},{"latitude":"12.98746","longitude":"77.58031000000001","responsecode":200},{"latitude":"12.98781","longitude":"77.58052","responsecode":200},{"latitude":"12.98799","longitude":"77.58065","responsecode":200},{"latitude":"12.98821","longitude":"77.58079000000001","responsecode":200},{"latitude":"12.98851","longitude":"77.58099000000001","responsecode":200},{"latitude":"12.98883","longitude":"77.58111000000001","responsecode":200},{"latitude":"12.98898","longitude":"77.58121000000001","responsecode":200},{"latitude":"12.98955","longitude":"77.58155000000001","responsecode":200},{"latitude":"12.99019","longitude":"77.58187000000001","responsecode":200},{"latitude":"12.99081","longitude":"77.58223000000001","responsecode":200},{"latitude":"12.99109","longitude":"77.58241000000001","responsecode":200},{"latitude":"12.99118","longitude":"77.58247000000001","responsecode":200},{"latitude":"12.99214","longitude":"77.58312000000001","responsecode":200},{"latitude":"12.992249999999999","longitude":"77.5832","responsecode":200},{"latitude":"12.992569999999999","longitude":"77.58346","responsecode":200},{"latitude":"12.992779999999998","longitude":"77.58365","responsecode":200},{"latitude":"12.993099999999998","longitude":"77.58394000000001","responsecode":200},{"latitude":"12.993289999999998","longitude":"77.58407000000001","responsecode":200},{"latitude":"12.993379999999998","longitude":"77.58413000000002","responsecode":200},{"latitude":"12.993459999999999","longitude":"77.58421000000001","responsecode":200},{"latitude":"12.993599999999999","longitude":"77.58433000000001","responsecode":200},{"latitude":"12.993689999999999","longitude":"77.58441","responsecode":200},{"latitude":"12.993739999999999","longitude":"77.58447000000001","responsecode":200},{"latitude":"12.99378","longitude":"77.58455000000001","responsecode":200},{"latitude":"12.993799999999998","longitude":"77.58464000000001","responsecode":200},{"latitude":"12.993819999999998","longitude":"77.58476","responsecode":200},{"latitude":"12.993839999999997","longitude":"77.58486","responsecode":200},{"latitude":"12.993819999999998","longitude":"77.58493","responsecode":200},{"latitude":"12.993789999999997","longitude":"77.58507","responsecode":200},{"latitude":"12.993799999999997","longitude":"77.5851","responsecode":200},{"latitude":"12.993869999999996","longitude":"77.5851","responsecode":200},{"latitude":"12.994039999999996","longitude":"77.5851","responsecode":200},{"latitude":"12.994189999999996","longitude":"77.58507","responsecode":200},{"latitude":"12.994369999999996","longitude":"77.58505","responsecode":200},{"latitude":"12.994539999999997","longitude":"77.58502999999999","responsecode":200},{"latitude":"12.994839999999996","longitude":"77.58497999999999","responsecode":200},{"latitude":"12.995109999999997","longitude":"77.58492999999999","responsecode":200},{"latitude":"12.995339999999997","longitude":"77.58488999999999","responsecode":200},{"latitude":"12.995499999999996","longitude":"77.58485999999999","responsecode":200},{"latitude":"12.995719999999997","longitude":"77.58480999999999","responsecode":200},{"latitude":"12.995939999999997","longitude":"77.58474999999999","responsecode":200},{"latitude":"12.996079999999997","longitude":"77.58469999999998","responsecode":200},{"latitude":"12.996199999999998","longitude":"77.58466999999999","responsecode":200},{"latitude":"12.996279999999999","longitude":"77.58464","responsecode":200},{"latitude":"12.9965","longitude":"77.58458999999999","responsecode":200},{"latitude":"12.996939999999999","longitude":"77.58451","responsecode":200},{"latitude":"12.997219999999999","longitude":"77.58445999999999","responsecode":200},{"latitude":"12.99762","longitude":"77.58439","responsecode":200},{"latitude":"12.99772","longitude":"77.58436999999999","responsecode":200},{"latitude":"12.9978","longitude":"77.58435999999999","responsecode":200},{"latitude":"12.99786","longitude":"77.58434999999999","responsecode":200},{"latitude":"12.99846","longitude":"77.58422999999999","responsecode":200},{"latitude":"12.99869","longitude":"77.5842","responsecode":200},{"latitude":"12.99899","longitude":"77.58408999999999","responsecode":200},{"latitude":"12.99916","longitude":"77.58403999999999","responsecode":200},{"latitude":"12.9993","longitude":"77.58399999999999","responsecode":200},{"latitude":"12.99942","longitude":"77.58397","responsecode":200},{"latitude":"12.99957","longitude":"77.58394999999999","responsecode":200},{"latitude":"12.99971","longitude":"77.58388","responsecode":200},{"latitude":"12.99971","longitude":"77.58388","responsecode":200},{"latitude":"12.99971","longitude":"77.58388","responsecode":200},{"latitude":"12.9998","longitude":"77.5839","responsecode":200},{"latitude":"12.99994","longitude":"77.58392","responsecode":200},{"latitude":"13.00018","longitude":"77.58397000000001","responsecode":200},{"latitude":"13.0006","longitude":"77.58406000000001","responsecode":200},{"latitude":"13.00103","longitude":"77.58407000000001","responsecode":200},{"latitude":"13.00185","longitude":"77.58406000000001","responsecode":200},{"latitude":"13.002379999999999","longitude":"77.58406000000001","responsecode":200},{"latitude":"13.002569999999999","longitude":"77.58404","responsecode":200},{"latitude":"13.002729999999998","longitude":"77.58403","responsecode":200},{"latitude":"13.002779999999998","longitude":"77.58402","responsecode":200},{"latitude":"13.002889999999997","longitude":"77.58404","responsecode":200},{"latitude":"13.003079999999997","longitude":"77.58404","responsecode":200},{"latitude":"13.003259999999997","longitude":"77.58405","responsecode":200},{"latitude":"13.003539999999997","longitude":"77.58407000000001","responsecode":200},{"latitude":"13.003699999999997","longitude":"77.58407000000001","responsecode":200},{"latitude":"13.003849999999996","longitude":"77.58407000000001","responsecode":200},{"latitude":"13.004039999999996","longitude":"77.58406000000001","responsecode":200},{"latitude":"13.004199999999996","longitude":"77.58406000000001","responsecode":200},{"latitude":"13.004629999999995","longitude":"77.58407000000001","responsecode":200},{"latitude":"13.004939999999996","longitude":"77.58406000000001","responsecode":200},{"latitude":"13.005689999999996","longitude":"77.58402000000001","responsecode":200},{"latitude":"13.005839999999996","longitude":"77.584","responsecode":200},{"latitude":"13.005899999999995","longitude":"77.584","responsecode":200},{"latitude":"13.006139999999995","longitude":"77.58398","responsecode":200},{"latitude":"13.006609999999995","longitude":"77.58395","responsecode":200},{"latitude":"13.006769999999994","longitude":"77.58394","responsecode":200},{"latitude":"13.007079999999995","longitude":"77.58393","responsecode":200},{"latitude":"13.007849999999994","longitude":"77.5839","responsecode":200},{"latitude":"13.008679999999995","longitude":"77.58384","responsecode":200},{"latitude":"13.009009999999995","longitude":"77.58382999999999","responsecode":200},{"latitude":"13.009559999999995","longitude":"77.58382999999999","responsecode":200},{"latitude":"13.009819999999996","longitude":"77.58381999999999","responsecode":200},{"latitude":"13.010009999999996","longitude":"77.58381999999999","responsecode":200},{"latitude":"13.010169999999995","longitude":"77.58381999999999","responsecode":200},{"latitude":"13.010479999999996","longitude":"77.58380999999999","responsecode":200},{"latitude":"13.010569999999996","longitude":"77.58380999999999","responsecode":200},{"latitude":"13.01057","longitude":"77.58381","responsecode":200},{"latitude":"13.01066","longitude":"77.58381","responsecode":200},{"latitude":"13.01085","longitude":"77.58381","responsecode":200},{"latitude":"13.011","longitude":"77.58381","responsecode":200},{"latitude":"13.01194","longitude":"77.58382","responsecode":200},{"latitude":"13.014249999999999","longitude":"77.58387","responsecode":200},{"latitude":"13.014479999999999","longitude":"77.58391","responsecode":200},{"latitude":"13.014589999999998","longitude":"77.58391","responsecode":200},{"latitude":"13.014789999999998","longitude":"77.58392","responsecode":200},{"latitude":"13.015549999999998","longitude":"77.58393000000001","responsecode":200},{"latitude":"13.016499999999997","longitude":"77.58389000000001","responsecode":200},{"latitude":"13.016819999999997","longitude":"77.58389000000001","responsecode":200},{"latitude":"13.017229999999998","longitude":"77.58387","responsecode":200},{"latitude":"13.017488999999998","longitude":"77.583861","responsecode":200},{"latitude":"13.017489","longitude":"77.583861","responsecode":200},{"latitude":"13.01752","longitude":"77.58386","responsecode":200},{"latitude":"13.01925","longitude":"77.58383","responsecode":200},{"latitude":"13.01933","longitude":"77.58383","responsecode":200},{"latitude":"13.01949","longitude":"77.58383","responsecode":200},{"latitude":"13.01957","longitude":"77.58383","responsecode":200},{"latitude":"13.01977","longitude":"77.58384000000001","responsecode":200},{"latitude":"13.01999","longitude":"77.58385000000001","responsecode":200},{"latitude":"13.02012","longitude":"77.58387000000002","responsecode":200},{"latitude":"13.02033","longitude":"77.58389000000003","responsecode":200},{"latitude":"13.0206","longitude":"77.58392000000002","responsecode":200},{"latitude":"13.02131","longitude":"77.58410000000002","responsecode":200},{"latitude":"13.02165","longitude":"77.58420000000002","responsecode":200},{"latitude":"13.022039999999999","longitude":"77.58429000000002","responsecode":200},{"latitude":"13.02212","longitude":"77.58431000000003","responsecode":200},{"latitude":"13.022279999999999","longitude":"77.58435000000003","responsecode":200},{"latitude":"13.022629999999998","longitude":"77.58444000000003","responsecode":200},{"latitude":"13.022929999999997","longitude":"77.58448000000003","responsecode":200},{"latitude":"13.023139999999996","longitude":"77.58452000000003","responsecode":200},{"latitude":"13.023589999999997","longitude":"77.58462000000003","responsecode":200},{"latitude":"13.023809999999997","longitude":"77.58468000000003","responsecode":200},{"latitude":"13.024409999999998","longitude":"77.58483000000004","responsecode":200},{"latitude":"13.025129999999997","longitude":"77.58504000000003","responsecode":200},{"latitude":"13.025319999999997","longitude":"77.58508000000003","responsecode":200},{"latitude":"13.025519999999997","longitude":"77.58513000000004","responsecode":200},{"latitude":"13.025659999999997","longitude":"77.58516000000003","responsecode":200},{"latitude":"13.025919999999998","longitude":"77.58521000000003","responsecode":200},{"latitude":"13.026049999999998","longitude":"77.58516000000003","responsecode":200},{"latitude":"13.02605","longitude":"77.58516","responsecode":200},{"latitude":"13.02605","longitude":"77.58516","responsecode":200},{"latitude":"13.02623","longitude":"77.58518000000001","responsecode":200},{"latitude":"13.0269","longitude":"77.58534","responsecode":200},{"latitude":"13.02708","longitude":"77.5854","responsecode":200},{"latitude":"13.0274","longitude":"77.58550000000001","responsecode":200},{"latitude":"13.02802","longitude":"77.58569000000001","responsecode":200},{"latitude":"13.02836","longitude":"77.58584000000002","responsecode":200},{"latitude":"13.028659999999999","longitude":"77.58599000000002","responsecode":200},{"latitude":"13.028909999999998","longitude":"77.58610000000003","responsecode":200},{"latitude":"13.029259999999997","longitude":"77.58623000000003","responsecode":200},{"latitude":"13.029469999999996","longitude":"77.58630000000002","responsecode":200},{"latitude":"13.029679999999995","longitude":"77.58641000000003","responsecode":200},{"latitude":"13.030769999999995","longitude":"77.58686000000003","responsecode":200},{"latitude":"13.031819999999994","longitude":"77.58733000000004","responsecode":200},{"latitude":"13.031999999999995","longitude":"77.58743000000004","responsecode":200},{"latitude":"13.032179999999995","longitude":"77.58751000000004","responsecode":200},{"latitude":"13.032289999999994","longitude":"77.58755000000004","responsecode":200},{"latitude":"13.032509999999995","longitude":"77.58764000000004","responsecode":200},{"latitude":"13.032579999999994","longitude":"77.58768000000003","responsecode":200},{"latitude":"13.03258","longitude":"77.58768","responsecode":200},{"latitude":"13.03258","longitude":"77.58768","responsecode":200},{"latitude":"13.03276","longitude":"77.58779000000001","responsecode":200},{"latitude":"13.03312","longitude":"77.58797000000001","responsecode":200},{"latitude":"13.03344","longitude":"77.58807000000002","responsecode":200},{"latitude":"13.033700000000001","longitude":"77.58813000000002","responsecode":200},{"latitude":"13.03386","longitude":"77.58813000000002","responsecode":200},{"latitude":"13.03411","longitude":"77.58817000000002","responsecode":200},{"latitude":"13.0343","longitude":"77.58820000000001","responsecode":200},{"latitude":"13.03466","longitude":"77.58831000000002","responsecode":200},{"latitude":"13.03489","longitude":"77.58841000000002","responsecode":200},{"latitude":"13.03556","longitude":"77.58868000000002","responsecode":200},{"latitude":"13.03564","longitude":"77.58871000000002","responsecode":200},{"latitude":"13.035836000000002","longitude":"77.58880200000002","responsecode":200},{"latitude":"13.035836","longitude":"77.588802","responsecode":200},{"latitude":"13.03596","longitude":"77.58886","responsecode":200},{"latitude":"13.03614","longitude":"77.58892999999999","responsecode":200},{"latitude":"13.03628","longitude":"77.58897999999999","responsecode":200},{"latitude":"13.036439999999999","longitude":"77.58903","responsecode":200},{"latitude":"13.03657","longitude":"77.58905","responsecode":200},{"latitude":"13.036769999999999","longitude":"77.58908","responsecode":200},{"latitude":"13.03741","longitude":"77.58909","responsecode":200},{"latitude":"13.0376","longitude":"77.5891","responsecode":200},{"latitude":"13.038079999999999","longitude":"77.58912000000001","responsecode":200},{"latitude":"13.038279999999999","longitude":"77.58913000000001","responsecode":200},{"latitude":"13.038474999999998","longitude":"77.58915300000001","responsecode":200},{"latitude":"13.038475","longitude":"77.589153","responsecode":200},{"latitude":"13.03853","longitude":"77.58915999999999","responsecode":200},{"latitude":"13.03862","longitude":"77.58917","responsecode":200},{"latitude":"13.03894","longitude":"77.58924999999999","responsecode":200},{"latitude":"13.03914","longitude":"77.58928999999999","responsecode":200},{"latitude":"13.03928","longitude":"77.58931","responsecode":200},{"latitude":"13.03947","longitude":"77.58935","responsecode":200},{"latitude":"13.0397","longitude":"77.5894","responsecode":200},{"latitude":"13.04046","longitude":"77.58953","responsecode":200},{"latitude":"13.0407","longitude":"77.58959","responsecode":200},{"latitude":"13.0412","longitude":"77.58972","responsecode":200},{"latitude":"13.04144","longitude":"77.58979","responsecode":200},{"latitude":"13.041649999999999","longitude":"77.58984","responsecode":200},{"latitude":"13.041979999999999","longitude":"77.58993","responsecode":200},{"latitude":"13.042169999999999","longitude":"77.58999","responsecode":200},{"latitude":"13.042349999999999","longitude":"77.59004","responsecode":200},{"latitude":"13.04261","longitude":"77.59013","responsecode":200},{"latitude":"13.04274","longitude":"77.59018","responsecode":200},{"latitude":"13.043000000000001","longitude":"77.59029000000001","responsecode":200},{"latitude":"13.043170000000002","longitude":"77.59037000000001","responsecode":200},{"latitude":"13.043710000000003","longitude":"77.59063","responsecode":200},{"latitude":"13.043840000000003","longitude":"77.59068","responsecode":200},{"latitude":"13.044030000000003","longitude":"77.59077","responsecode":200},{"latitude":"13.044180000000003","longitude":"77.59082000000001","responsecode":200},{"latitude":"13.044350000000003","longitude":"77.59088000000001","responsecode":200},{"latitude":"13.044600000000003","longitude":"77.59095","responsecode":200},{"latitude":"13.044880000000003","longitude":"77.59102","responsecode":200},{"latitude":"13.045170000000002","longitude":"77.59108","responsecode":200},{"latitude":"13.045480000000003","longitude":"77.59112","responsecode":200},{"latitude":"13.045720000000003","longitude":"77.59115","responsecode":200},{"latitude":"13.046000000000003","longitude":"77.59118","responsecode":200},{"latitude":"13.046110000000002","longitude":"77.5912","responsecode":200},{"latitude":"13.046190000000003","longitude":"77.59122","responsecode":200},{"latitude":"13.046250000000002","longitude":"77.59125","responsecode":200},{"latitude":"13.046320000000001","longitude":"77.59131000000001","responsecode":200},{"latitude":"13.046470000000001","longitude":"77.59135","responsecode":200},{"latitude":"13.04668","longitude":"77.59142","responsecode":200},{"latitude":"13.04688","longitude":"77.5915","responsecode":200},{"latitude":"13.04741","longitude":"77.59174999999999","responsecode":200},{"latitude":"13.047649999999999","longitude":"77.59186999999999","responsecode":200},{"latitude":"13.047789999999999","longitude":"77.59193999999998","responsecode":200},{"latitude":"13.048089999999998","longitude":"77.59208999999998","responsecode":200},{"latitude":"13.048389999999998","longitude":"77.59222999999999","responsecode":200},{"latitude":"13.048709999999998","longitude":"77.59236999999999","responsecode":200},{"latitude":"13.048989999999998","longitude":"77.59248","responsecode":200},{"latitude":"13.049329999999998","longitude":"77.59259","responsecode":200},{"latitude":"13.049489999999997","longitude":"77.59264","responsecode":200},{"latitude":"13.049738999999997","longitude":"77.592714","responsecode":200},{"latitude":"13.049739","longitude":"77.592714","responsecode":200},{"latitude":"13.049760000000001","longitude":"77.59272","responsecode":200},{"latitude":"13.049880000000002","longitude":"77.59271","responsecode":200},{"latitude":"13.04995","longitude":"77.59271","responsecode":200},{"latitude":"13.050320000000001","longitude":"77.5928","responsecode":200},{"latitude":"13.051950000000001","longitude":"77.59321","responsecode":200},{"latitude":"13.05239","longitude":"77.59331","responsecode":200},{"latitude":"13.05267","longitude":"77.59336","responsecode":200},{"latitude":"13.052940000000001","longitude":"77.59337000000001","responsecode":200},{"latitude":"13.053230000000001","longitude":"77.59337000000001","responsecode":200},{"latitude":"13.05343","longitude":"77.59336","responsecode":200},{"latitude":"13.05354","longitude":"77.59335","responsecode":200},{"latitude":"13.05365","longitude":"77.59333","responsecode":200},{"latitude":"13.0548","longitude":"77.59325","responsecode":200},{"latitude":"13.05521","longitude":"77.59322","responsecode":200},{"latitude":"13.055670000000001","longitude":"77.59321","responsecode":200},{"latitude":"13.05606","longitude":"77.5932","responsecode":200},{"latitude":"13.056420000000001","longitude":"77.59318999999999","responsecode":200},{"latitude":"13.056700000000001","longitude":"77.59317999999999","responsecode":200},{"latitude":"13.05705","longitude":"77.59317999999999","responsecode":200},{"latitude":"13.05711","longitude":"77.59317999999999","responsecode":200},{"latitude":"13.05711","longitude":"77.59318","responsecode":200},{"latitude":"13.05734","longitude":"77.59318","responsecode":200},{"latitude":"13.05758","longitude":"77.59318","responsecode":200},{"latitude":"13.0582","longitude":"77.59319","responsecode":200},{"latitude":"13.058409999999999","longitude":"77.59319","responsecode":200},{"latitude":"13.058649999999998","longitude":"77.59320000000001","responsecode":200},{"latitude":"13.058919999999999","longitude":"77.59321000000001","responsecode":200},{"latitude":"13.05923","longitude":"77.59323000000002","responsecode":200},{"latitude":"13.05952","longitude":"77.59324000000002","responsecode":200},{"latitude":"13.0598","longitude":"77.59325000000003","responsecode":200},{"latitude":"13.060379999999999","longitude":"77.59324000000002","responsecode":200},{"latitude":"13.06074","longitude":"77.59322000000002","responsecode":200},{"latitude":"13.060849999999999","longitude":"77.59322000000002","responsecode":200},{"latitude":"13.061509999999998","longitude":"77.59319000000002","responsecode":200},{"latitude":"13.06252","longitude":"77.59314000000002","responsecode":200},{"latitude":"13.06271","longitude":"77.59313000000002","responsecode":200},{"latitude":"13.06297","longitude":"77.59312000000001","responsecode":200},{"latitude":"13.06318","longitude":"77.59311000000001","responsecode":200},{"latitude":"13.06363","longitude":"77.59307000000001","responsecode":200},{"latitude":"13.06393","longitude":"77.59306000000001","responsecode":200},{"latitude":"13.06421","longitude":"77.59306000000001","responsecode":200},{"latitude":"13.064459999999999","longitude":"77.59306000000001","responsecode":200},{"latitude":"13.064699999999998","longitude":"77.59307000000001","responsecode":200},{"latitude":"13.065169999999998","longitude":"77.59307000000001","responsecode":200},{"latitude":"13.065389999999999","longitude":"77.59307000000001","responsecode":200},{"latitude":"13.0658","longitude":"77.59307000000001","responsecode":200},{"latitude":"13.06621","longitude":"77.59303000000001","responsecode":200},{"latitude":"13.06647","longitude":"77.59298000000001","responsecode":200},{"latitude":"13.06647","longitude":"77.59298","responsecode":200},{"latitude":"13.06677","longitude":"77.59291","responsecode":200},{"latitude":"13.06695","longitude":"77.59289","responsecode":200},{"latitude":"13.067070000000001","longitude":"77.59288","responsecode":200},{"latitude":"13.06723","longitude":"77.59286999999999","responsecode":200},{"latitude":"13.06741","longitude":"77.59285999999999","responsecode":200},{"latitude":"13.06778","longitude":"77.59283999999998","responsecode":200},{"latitude":"13.068240000000001","longitude":"77.59277999999998","responsecode":200},{"latitude":"13.068620000000001","longitude":"77.59274999999998","responsecode":200},{"latitude":"13.068980000000002","longitude":"77.59272999999997","responsecode":200},{"latitude":"13.069450000000002","longitude":"77.59267999999997","responsecode":200},{"latitude":"13.069640000000001","longitude":"77.59264999999998","responsecode":200},{"latitude":"13.070100000000002","longitude":"77.59257999999998","responsecode":200},{"latitude":"13.070440000000001","longitude":"77.59252999999998","responsecode":200},{"latitude":"13.070640000000001","longitude":"77.59250999999998","responsecode":200},{"latitude":"13.07126","longitude":"77.59246999999998","responsecode":200},{"latitude":"13.07206","longitude":"77.59244999999997","responsecode":200},{"latitude":"13.072539","longitude":"77.59243099999998","responsecode":200},{"latitude":"13.072539","longitude":"77.592431","responsecode":200},{"latitude":"13.07257","longitude":"77.59243000000001","responsecode":200},{"latitude":"13.073110000000002","longitude":"77.59242","responsecode":200},{"latitude":"13.073300000000001","longitude":"77.59242","responsecode":200},{"latitude":"13.073480000000002","longitude":"77.59241","responsecode":200},{"latitude":"13.073780000000001","longitude":"77.59239","responsecode":200},{"latitude":"13.07446","longitude":"77.59237999999999","responsecode":200},{"latitude":"13.07522","longitude":"77.59240999999999","responsecode":200},{"latitude":"13.07598","longitude":"77.59246999999999","responsecode":200},{"latitude":"13.076319999999999","longitude":"77.59249999999999","responsecode":200},{"latitude":"13.076559999999999","longitude":"77.59252999999998","responsecode":200},{"latitude":"13.07701","longitude":"77.59257799999999","responsecode":200},{"latitude":"13.07701","longitude":"77.592578","responsecode":200},{"latitude":"13.07721","longitude":"77.5926","responsecode":200},{"latitude":"13.077499999999999","longitude":"77.59263","responsecode":200},{"latitude":"13.078109999999999","longitude":"77.59272","responsecode":200},{"latitude":"13.078389999999999","longitude":"77.59275","responsecode":200},{"latitude":"13.07871","longitude":"77.59279","responsecode":200},{"latitude":"13.0796","longitude":"77.59286999999999","responsecode":200},{"latitude":"13.080449999999999","longitude":"77.59294999999999","responsecode":200},{"latitude":"13.081209999999999","longitude":"77.59300999999999","responsecode":200},{"latitude":"13.081399999999999","longitude":"77.59302","responsecode":200},{"latitude":"13.081629999999999","longitude":"77.59304999999999","responsecode":200},{"latitude":"13.08203","longitude":"77.59311","responsecode":200},{"latitude":"13.08232","longitude":"77.59315","responsecode":200},{"latitude":"13.08246","longitude":"77.59317","responsecode":200},{"latitude":"13.0826","longitude":"77.59319","responsecode":200},{"latitude":"13.082759999999999","longitude":"77.59323","responsecode":200},{"latitude":"13.082909999999998","longitude":"77.59327","responsecode":200},{"latitude":"13.083559999999999","longitude":"77.59351000000001","responsecode":200},{"latitude":"13.084109999999999","longitude":"77.59371000000002","responsecode":200},{"latitude":"13.08447","longitude":"77.59386000000002","responsecode":200},{"latitude":"13.08447","longitude":"77.59386","responsecode":200},{"latitude":"13.08447","longitude":"77.59386","responsecode":200},{"latitude":"13.08469","longitude":"77.59395","responsecode":200},{"latitude":"13.08577","longitude":"77.59438","responsecode":200},{"latitude":"13.08647","longitude":"77.59468","responsecode":200},{"latitude":"13.08704","longitude":"77.59496","responsecode":200},{"latitude":"13.08829","longitude":"77.59552","responsecode":200},{"latitude":"13.089210000000001","longitude":"77.59589","responsecode":200},{"latitude":"13.089760000000002","longitude":"77.59612","responsecode":200},{"latitude":"13.090020000000003","longitude":"77.59621","responsecode":200},{"latitude":"13.090280000000003","longitude":"77.59629","responsecode":200},{"latitude":"13.090550000000004","longitude":"77.59637","responsecode":200},{"latitude":"13.090730000000004","longitude":"77.59642","responsecode":200},{"latitude":"13.091000000000005","longitude":"77.59648","responsecode":200},{"latitude":"13.091370000000005","longitude":"77.59656","responsecode":200},{"latitude":"13.092640000000005","longitude":"77.59676","responsecode":200},{"latitude":"13.092890000000004","longitude":"77.59679","responsecode":200},{"latitude":"13.093010000000005","longitude":"77.59681","responsecode":200},{"latitude":"13.093140000000005","longitude":"77.59684","responsecode":200},{"latitude":"13.093250000000005","longitude":"77.59687","responsecode":200},{"latitude":"13.093480000000005","longitude":"77.59693999999999","responsecode":200},{"latitude":"13.093760000000005","longitude":"77.59702999999999","responsecode":200},{"latitude":"13.094160000000006","longitude":"77.59715999999999","responsecode":200},{"latitude":"13.094330000000006","longitude":"77.59722","responsecode":200},{"latitude":"13.094560000000007","longitude":"77.59728999999999","responsecode":200},{"latitude":"13.094760000000006","longitude":"77.59734999999999","responsecode":200},{"latitude":"13.094980000000007","longitude":"77.59741999999999","responsecode":200},{"latitude":"13.095110000000007","longitude":"77.59745999999998","responsecode":200},{"latitude":"13.095310000000007","longitude":"77.59753999999998","responsecode":200},{"latitude":"13.095620000000007","longitude":"77.59766999999998","responsecode":200},{"latitude":"13.096040000000007","longitude":"77.59784999999998","responsecode":200},{"latitude":"13.096590000000008","longitude":"77.59808999999998","responsecode":200},{"latitude":"13.097820000000008","longitude":"77.59854999999999","responsecode":200},{"latitude":"13.098020000000007","longitude":"77.59861999999998","responsecode":200},{"latitude":"13.098090000000006","longitude":"77.59864999999998","responsecode":200},{"latitude":"13.09809","longitude":"77.59865","responsecode":200},{"latitude":"13.09809","longitude":"77.59865","responsecode":200},{"latitude":"13.09813","longitude":"77.59858000000001","responsecode":200},{"latitude":"13.09823","longitude":"77.59843000000001","responsecode":200},{"latitude":"13.09869","longitude":"77.59778000000001","responsecode":200},{"latitude":"13.09888","longitude":"77.59753000000002","responsecode":200},{"latitude":"13.099029999999999","longitude":"77.59733000000001","responsecode":200},{"latitude":"13.099079999999999","longitude":"77.59726000000002","responsecode":200},{"latitude":"13.099129999999999","longitude":"77.59730000000002","responsecode":200},{"latitude":"13.09913","longitude":"77.5973","responsecode":200},{"latitude":"13.09913","longitude":"77.5973","responsecode":200},{"latitude":"13.09929","longitude":"77.59743","responsecode":200},{"latitude":"13.0994","longitude":"77.59751","responsecode":200},{"latitude":"13.09963","longitude":"77.59767","responsecode":200},{"latitude":"13.09987","longitude":"77.59782999999999","responsecode":200},{"latitude":"13.09996","longitude":"77.59787999999999","responsecode":200},{"latitude":"13.100069999999999","longitude":"77.59794999999998","responsecode":200},{"latitude":"13.100139999999998","longitude":"77.59798999999998","responsecode":200},{"latitude":"13.100249999999997","longitude":"77.59805999999998","responsecode":200},{"latitude":"13.100519999999998","longitude":"77.59821999999997","responsecode":200},{"latitude":"13.100769999999997","longitude":"77.59836999999997","responsecode":200},{"latitude":"13.101309999999998","longitude":"77.59867999999997","responsecode":200},{"latitude":"13.101389999999999","longitude":"77.59872999999997","responsecode":200},{"latitude":"13.1017","longitude":"77.59891999999998","responsecode":200},{"latitude":"13.10196","longitude":"77.59907999999997","responsecode":200},{"latitude":"13.10245","longitude":"77.59936999999998","responsecode":200},{"latitude":"13.102939999999998","longitude":"77.59966999999997","responsecode":200},{"latitude":"13.103029999999999","longitude":"77.59971999999998","responsecode":200},{"latitude":"13.10329","longitude":"77.59986999999998","responsecode":200},{"latitude":"13.10348","longitude":"77.59997999999999","responsecode":200},{"latitude":"13.103589999999999","longitude":"77.60003999999999","responsecode":200},{"latitude":"13.103629999999999","longitude":"77.60006999999999","responsecode":200},{"latitude":"13.103649999999998","longitude":"77.60009999999998","responsecode":200},{"latitude":"13.103679999999999","longitude":"77.60015999999999","responsecode":200},{"latitude":"13.103689999999999","longitude":"77.60019999999999","responsecode":200},{"latitude":"13.103699999999998","longitude":"77.60033999999999","responsecode":200},{"latitude":"13.103659999999998","longitude":"77.60052999999999","responsecode":200},{"latitude":"13.103609999999998","longitude":"77.60069999999999","responsecode":200},{"latitude":"13.103589999999999","longitude":"77.60077999999999","responsecode":200},{"latitude":"13.10358","longitude":"77.60088999999999","responsecode":200},{"latitude":"13.103589999999999","longitude":"77.60095","responsecode":200},{"latitude":"13.103610999999999","longitude":"77.60101399999999","responsecode":200},{"latitude":"13.103611","longitude":"77.601014","responsecode":200},{"latitude":"13.10364","longitude":"77.6011","responsecode":200},{"latitude":"13.103720000000001","longitude":"77.60137","responsecode":200},{"latitude":"13.104080000000002","longitude":"77.6027","responsecode":200},{"latitude":"13.104110000000002","longitude":"77.6028","responsecode":200},{"latitude":"13.104220000000002","longitude":"77.60311","responsecode":200},{"latitude":"13.104260000000002","longitude":"77.60322000000001","responsecode":200},{"latitude":"13.104300000000002","longitude":"77.60338","responsecode":200},{"latitude":"13.104340000000002","longitude":"77.60354","responsecode":200},{"latitude":"13.104360000000002","longitude":"77.60365999999999","responsecode":200},{"latitude":"13.10438","longitude":"77.60379999999999","responsecode":200},{"latitude":"13.1044","longitude":"77.60396999999999","responsecode":200},{"latitude":"13.10441","longitude":"77.60410999999999","responsecode":200},{"latitude":"13.10442","longitude":"77.60426","responsecode":200},{"latitude":"13.104429999999999","longitude":"77.60443","responsecode":200},{"latitude":"13.104439999999999","longitude":"77.60455999999999","responsecode":200},{"latitude":"13.104439999999999","longitude":"77.60464999999999","responsecode":200},{"latitude":"13.104439999999999","longitude":"77.60489999999999","responsecode":200},{"latitude":"13.104429999999999","longitude":"77.60508999999999","responsecode":200},{"latitude":"13.104429999999999","longitude":"77.60528","responsecode":200},{"latitude":"13.104429999999999","longitude":"77.60548999999999","responsecode":200},{"latitude":"13.104429999999999","longitude":"77.60573","responsecode":200},{"latitude":"13.104429999999999","longitude":"77.60593","responsecode":200},{"latitude":"13.104429999999999","longitude":"77.60618","responsecode":200},{"latitude":"13.104429999999999","longitude":"77.60634999999999","responsecode":200},{"latitude":"13.10443","longitude":"77.60635","responsecode":200},{"latitude":"13.10443","longitude":"77.60635","responsecode":200},{"latitude":"13.10443","longitude":"77.60647","responsecode":200},{"latitude":"13.10443","longitude":"77.60664","responsecode":200},{"latitude":"13.10443","longitude":"77.60683","responsecode":200},{"latitude":"13.10444","longitude":"77.6069","responsecode":200},{"latitude":"13.104470000000001","longitude":"77.60718","responsecode":200},{"latitude":"13.10449","longitude":"77.60742","responsecode":200},{"latitude":"13.10451","longitude":"77.60761000000001","responsecode":200},{"latitude":"13.104529999999999","longitude":"77.60779000000001","responsecode":200},{"latitude":"13.10456","longitude":"77.60811000000001","responsecode":200},{"latitude":"13.104579999999999","longitude":"77.60833000000001","responsecode":200},{"latitude":"13.104589999999998","longitude":"77.60849","responsecode":200},{"latitude":"13.104589999999998","longitude":"77.60861","responsecode":200},{"latitude":"13.104589999999998","longitude":"77.60882","responsecode":200},{"latitude":"13.104589999999998","longitude":"77.60898999999999","responsecode":200},{"latitude":"13.104569999999999","longitude":"77.61004999999999","responsecode":200},{"latitude":"13.10456","longitude":"77.61039999999998","responsecode":200},{"latitude":"13.10456","longitude":"77.61044999999999","responsecode":200},{"latitude":"13.10456","longitude":"77.61045","responsecode":200},{"latitude":"13.10456","longitude":"77.61045","responsecode":200},{"latitude":"13.10456","longitude":"77.61051","responsecode":200},{"latitude":"13.10455","longitude":"77.6106","responsecode":200},{"latitude":"13.10453","longitude":"77.6109","responsecode":200},{"latitude":"13.10453","longitude":"77.61097","responsecode":200},{"latitude":"13.1045","longitude":"77.61176999999999","responsecode":200},{"latitude":"13.10449","longitude":"77.61195","responsecode":200},{"latitude":"13.10448","longitude":"77.61206","responsecode":200},{"latitude":"13.104460000000001","longitude":"77.61219","responsecode":200},{"latitude":"13.104420000000001","longitude":"77.61236","responsecode":200},{"latitude":"13.10439","longitude":"77.61251","responsecode":200},{"latitude":"13.10435","longitude":"77.61266","responsecode":200},{"latitude":"13.1043","longitude":"77.61287","responsecode":200},{"latitude":"13.10425","longitude":"77.61304","responsecode":200},{"latitude":"13.10422","longitude":"77.61313","responsecode":200},{"latitude":"13.10417","longitude":"77.61325","responsecode":200},{"latitude":"13.10412","longitude":"77.61336","responsecode":200},{"latitude":"13.10407","longitude":"77.61348","responsecode":200},{"latitude":"13.10403","longitude":"77.61361","responsecode":200},{"latitude":"13.10399","longitude":"77.61377999999999","responsecode":200},{"latitude":"13.10394","longitude":"77.61402","responsecode":200},{"latitude":"13.10383","longitude":"77.61462999999999","responsecode":200},{"latitude":"13.10377","longitude":"77.615","responsecode":200},{"latitude":"13.103750000000002","longitude":"77.61515","responsecode":200},{"latitude":"13.103710000000001","longitude":"77.61545","responsecode":200},{"latitude":"13.103700000000002","longitude":"77.61551999999999","responsecode":200},{"latitude":"13.103670000000001","longitude":"77.61558999999998","responsecode":200},{"latitude":"13.10364","longitude":"77.61576999999998","responsecode":200},{"latitude":"13.10364","longitude":"77.61577","responsecode":200},{"latitude":"13.10364","longitude":"77.61577","responsecode":200},{"latitude":"13.10363","longitude":"77.61586","responsecode":200},{"latitude":"13.103610000000002","longitude":"77.61596","responsecode":200},{"latitude":"13.103590000000002","longitude":"77.61604","responsecode":200},{"latitude":"13.103540000000002","longitude":"77.61618","responsecode":200},{"latitude":"13.103530000000003","longitude":"77.61626","responsecode":200},{"latitude":"13.103530000000003","longitude":"77.61632","responsecode":200},{"latitude":"13.103580000000003","longitude":"77.61638","responsecode":200},{"latitude":"13.103620000000003","longitude":"77.61642","responsecode":200},{"latitude":"13.103870000000002","longitude":"77.61655","responsecode":200},{"latitude":"13.103970000000002","longitude":"77.6166","responsecode":200},{"latitude":"13.104040000000001","longitude":"77.61664","responsecode":200},{"latitude":"13.104080000000002","longitude":"77.61668","responsecode":200},{"latitude":"13.104110000000002","longitude":"77.61672","responsecode":200},{"latitude":"13.104130000000001","longitude":"77.61679","responsecode":200},{"latitude":"13.104140000000001","longitude":"77.61686999999999","responsecode":200},{"latitude":"13.10415","longitude":"77.61695999999999","responsecode":200},{"latitude":"13.10416","longitude":"77.6171","responsecode":200},{"latitude":"13.10416","longitude":"77.61726999999999","responsecode":200},{"latitude":"13.10415","longitude":"77.61758999999999","responsecode":200},{"latitude":"13.10415","longitude":"77.61778","responsecode":200},{"latitude":"13.10415","longitude":"77.61791","responsecode":200},{"latitude":"13.104180000000001","longitude":"77.61798999999999","responsecode":200},{"latitude":"13.104180000000001","longitude":"77.61816999999999","responsecode":200},{"latitude":"13.104180000000001","longitude":"77.61841","responsecode":200},{"latitude":"13.104170000000002","longitude":"77.61863","responsecode":200},{"latitude":"13.104160000000002","longitude":"77.61872","responsecode":200},{"latitude":"13.104100000000003","longitude":"77.61914","responsecode":200},{"latitude":"13.104080000000003","longitude":"77.61928","responsecode":200},{"latitude":"13.104030000000003","longitude":"77.61972","responsecode":200},{"latitude":"13.104020000000004","longitude":"77.61979","responsecode":200},{"latitude":"13.104000000000005","longitude":"77.61995999999999","responsecode":200},{"latitude":"13.103990000000005","longitude":"77.62002","responsecode":200},{"latitude":"13.103890000000005","longitude":"77.62052","responsecode":200},{"latitude":"13.103760000000005","longitude":"77.62128","responsecode":200},{"latitude":"13.103640000000004","longitude":"77.62192","responsecode":200},{"latitude":"13.103620000000005","longitude":"77.62206","responsecode":200},{"latitude":"13.103610000000005","longitude":"77.62227","responsecode":200},{"latitude":"13.103600000000005","longitude":"77.62246","responsecode":200},{"latitude":"13.103580000000006","longitude":"77.62262","responsecode":200},{"latitude":"13.103560000000007","longitude":"77.62283","responsecode":200},{"latitude":"13.103530000000006","longitude":"77.62304999999999","responsecode":200},{"latitude":"13.103510000000007","longitude":"77.62324","responsecode":200},{"latitude":"13.103463000000007","longitude":"77.62348399999999","responsecode":200},{"latitude":"13.103463","longitude":"77.623484","responsecode":200},{"latitude":"13.10345","longitude":"77.62355000000001","responsecode":200},{"latitude":"13.103340000000001","longitude":"77.62417","responsecode":200},{"latitude":"13.103320000000002","longitude":"77.62427000000001","responsecode":200},{"latitude":"13.103300000000003","longitude":"77.62435","responsecode":200},{"latitude":"13.103290000000003","longitude":"77.62443","responsecode":200},{"latitude":"13.103230000000003","longitude":"77.62465","responsecode":200},{"latitude":"13.103150000000003","longitude":"77.6251","responsecode":200},{"latitude":"13.103100000000003","longitude":"77.62536","responsecode":200},{"latitude":"13.103060000000003","longitude":"77.62545","responsecode":200},{"latitude":"13.102940000000002","longitude":"77.62618","responsecode":200},{"latitude":"13.102830000000003","longitude":"77.62686000000001","responsecode":200},{"latitude":"13.102710000000002","longitude":"77.62768000000001","responsecode":200},{"latitude":"13.102700000000002","longitude":"77.62774000000002","responsecode":200},{"latitude":"13.102300000000001","longitude":"77.62775000000002","responsecode":200},{"latitude":"13.101920000000002","longitude":"77.62779000000002","responsecode":200},{"latitude":"13.101690000000001","longitude":"77.62779000000002","responsecode":200},{"latitude":"13.099750000000002","longitude":"77.62788000000002","responsecode":200},{"latitude":"13.099700000000002","longitude":"77.62763000000002","responsecode":200},{"latitude":"13.099640000000003","longitude":"77.62736000000002","responsecode":200},{"latitude":"13.099590000000003","longitude":"77.62708000000002","responsecode":200},{"latitude":"13.099530000000003","longitude":"77.62678000000002","responsecode":200},{"latitude":"13.099480000000003","longitude":"77.62651000000002","responsecode":200},{"latitude":"13.098920000000003","longitude":"77.62660000000002","responsecode":200},{"latitude":"13.098360000000003","longitude":"77.62667000000002","responsecode":200},{"latitude":"13.09836","longitude":"77.62667","responsecode":200},{"latitude":"13.09836","longitude":"77.62667","responsecode":200}],"Message":"Success","Issuccess":true,"exception":null,"RowCount":772,"responsecode":200}