{"data":[{"latitude":"12.964419","longitude":"77.577355","responsecode":200},{"latitude":"12.96443","longitude":"77.57746999999999","responsecode":200},{"latitude":"12.96444","longitude":"77.57751999999999","responsecode":200},{"latitude":"12.96444","longitude":"77.57758","responsecode":200},{"latitude":"12.96444","longitude":"77.57764","responsecode":200},{"latitude":"12.96442","longitude":"77.57794","responsecode":200},{"latitude":"12.96438","longitude":"77.57836","responsecode":200},{"latitude":"12.964310000000001","longitude":"77.57901","responsecode":200},{"latitude":"12.96418","longitude":"77.58037","responsecode":200},{"latitude":"12.96414","longitude":"77.58081","responsecode":200},{"latitude":"12.96411","longitude":"77.58116","responsecode":200},{"latitude":"12.96408","longitude":"77.58155","responsecode":200},{"latitude":"12.96406","longitude":"77.58179999999999","responsecode":200},{"latitude":"12.96403","longitude":"77.58221999999999","responsecode":200},{"latitude":"12.96401","longitude":"77.58237999999999","responsecode":200},{"latitude":"12.96398","longitude":"77.58271999999998","responsecode":200},{"latitude":"12.96396","longitude":"77.58295999999999","responsecode":200},{"latitude":"12.96393","longitude":"77.58345999999999","responsecode":200},{"latitude":"12.96392","longitude":"77.58375999999998","responsecode":200},{"latitude":"12.96391","longitude":"77.58394999999999","responsecode":200},{"latitude":"12.96391","longitude":"77.58401999999998","responsecode":200},{"latitude":"12.96387","longitude":"77.58411999999998","responsecode":200},{"latitude":"12.96385","longitude":"77.58421999999999","responsecode":200},{"latitude":"12.963830000000002","longitude":"77.58433999999998","responsecode":200},{"latitude":"12.96383","longitude":"77.58434","responsecode":200},{"latitude":"12.96382","longitude":"77.58447","responsecode":200},{"latitude":"12.96381","longitude":"77.58461","responsecode":200},{"latitude":"12.96381","longitude":"77.58472","responsecode":200},{"latitude":"12.96382","longitude":"77.58484","responsecode":200},{"latitude":"12.96384","longitude":"77.58497","responsecode":200},{"latitude":"12.96387","longitude":"77.58511","responsecode":200},{"latitude":"12.96391","longitude":"77.58524","responsecode":200},{"latitude":"12.96397","longitude":"77.58532","responsecode":200},{"latitude":"12.96406","longitude":"77.58542","responsecode":200},{"latitude":"12.96462","longitude":"77.58591","responsecode":200},{"latitude":"12.96527","longitude":"77.58649","responsecode":200},{"latitude":"12.96533","longitude":"77.58654","responsecode":200},{"latitude":"12.96539","longitude":"77.58659","responsecode":200},{"latitude":"12.96548","longitude":"77.58664","responsecode":200},{"latitude":"12.9656","longitude":"77.58669","responsecode":200},{"latitude":"12.96567","longitude":"77.58671000000001","responsecode":200},{"latitude":"12.965729999999999","longitude":"77.58672000000001","responsecode":200},{"latitude":"12.965799999999998","longitude":"77.58674000000002","responsecode":200},{"latitude":"12.965899999999998","longitude":"77.58678000000002","responsecode":200},{"latitude":"12.966039999999998","longitude":"77.58689000000003","responsecode":200},{"latitude":"12.966359999999998","longitude":"77.58719000000002","responsecode":200},{"latitude":"12.966469999999997","longitude":"77.58726000000001","responsecode":200},{"latitude":"12.966569999999997","longitude":"77.58730000000001","responsecode":200},{"latitude":"12.966689999999998","longitude":"77.58734000000001","responsecode":200},{"latitude":"12.966819999999998","longitude":"77.58737","responsecode":200},{"latitude":"12.966929999999998","longitude":"77.58739000000001","responsecode":200},{"latitude":"12.967099999999999","longitude":"77.58741000000002","responsecode":200},{"latitude":"12.967479999999998","longitude":"77.58744000000002","responsecode":200},{"latitude":"12.967799999999999","longitude":"77.58725000000001","responsecode":200},{"latitude":"12.967989999999999","longitude":"77.58719","responsecode":200},{"latitude":"12.968400999999998","longitude":"77.586741","responsecode":200},{"latitude":"12.968401","longitude":"77.586741","responsecode":200},{"latitude":"12.96853","longitude":"77.5866","responsecode":200},{"latitude":"12.968679999999999","longitude":"77.58643000000001","responsecode":200},{"latitude":"12.968869999999999","longitude":"77.58623","responsecode":200},{"latitude":"12.968969999999999","longitude":"77.58611","responsecode":200},{"latitude":"12.969129999999998","longitude":"77.58591","responsecode":200},{"latitude":"12.969599999999998","longitude":"77.58537","responsecode":200},{"latitude":"12.969779999999998","longitude":"77.58516","responsecode":200},{"latitude":"12.970169999999998","longitude":"77.5847","responsecode":200},{"latitude":"12.971009999999998","longitude":"77.5838","responsecode":200},{"latitude":"12.971119999999997","longitude":"77.58368","responsecode":200},{"latitude":"12.971679999999997","longitude":"77.583","responsecode":200},{"latitude":"12.972049999999998","longitude":"77.58261","responsecode":200},{"latitude":"12.972169999999998","longitude":"77.58249","responsecode":200},{"latitude":"12.972269999999998","longitude":"77.58236000000001","responsecode":200},{"latitude":"12.972479999999997","longitude":"77.58208","responsecode":200},{"latitude":"12.972579999999997","longitude":"77.58194","responsecode":200},{"latitude":"12.972689999999997","longitude":"77.58173000000001","responsecode":200},{"latitude":"12.972809999999997","longitude":"77.58153","responsecode":200},{"latitude":"12.972869999999997","longitude":"77.58158","responsecode":200},{"latitude":"12.972909999999997","longitude":"77.58163","responsecode":200},{"latitude":"12.972949999999997","longitude":"77.5817","responsecode":200},{"latitude":"12.973209999999998","longitude":"77.58212","responsecode":200},{"latitude":"12.973329999999999","longitude":"77.58232000000001","responsecode":200},{"latitude":"12.973412","longitude":"77.58244300000001","responsecode":200},{"latitude":"12.973412","longitude":"77.582443","responsecode":200},{"latitude":"12.97351","longitude":"77.58259","responsecode":200},{"latitude":"12.97368","longitude":"77.58285","responsecode":200},{"latitude":"12.97402","longitude":"77.58340999999999","responsecode":200},{"latitude":"12.974699999999999","longitude":"77.58453999999999","responsecode":200},{"latitude":"12.974909999999998","longitude":"77.58489999999999","responsecode":200},{"latitude":"12.975029999999999","longitude":"77.58514","responsecode":200},{"latitude":"12.975099999999998","longitude":"77.58529999999999","responsecode":200},{"latitude":"12.975159999999997","longitude":"77.58542999999999","responsecode":200},{"latitude":"12.975239999999998","longitude":"77.58561999999999","responsecode":200},{"latitude":"12.975379999999998","longitude":"77.58596999999999","responsecode":200},{"latitude":"12.975449999999997","longitude":"77.58615999999999","responsecode":200},{"latitude":"12.975546999999997","longitude":"77.586401","responsecode":200},{"latitude":"12.975547","longitude":"77.586401","responsecode":200},{"latitude":"12.975570000000001","longitude":"77.58645999999999","responsecode":200},{"latitude":"12.975670000000001","longitude":"77.58668999999999","responsecode":200},{"latitude":"12.97574","longitude":"77.58684999999998","responsecode":200},{"latitude":"12.97581","longitude":"77.58700999999998","responsecode":200},{"latitude":"12.975859999999999","longitude":"77.58700999999998","responsecode":200},{"latitude":"12.975909999999999","longitude":"77.58701999999998","responsecode":200},{"latitude":"12.97594","longitude":"77.58703999999999","responsecode":200},{"latitude":"12.975959999999999","longitude":"77.58706","responsecode":200},{"latitude":"12.97599","longitude":"77.58709999999999","responsecode":200},{"latitude":"12.976009999999999","longitude":"77.58712999999999","responsecode":200},{"latitude":"12.976009999999999","longitude":"77.58715999999998","responsecode":200},{"latitude":"12.976009999999999","longitude":"77.58720999999998","responsecode":200},{"latitude":"12.975999999999999","longitude":"77.58724999999998","responsecode":200},{"latitude":"12.975969999999998","longitude":"77.58729999999998","responsecode":200},{"latitude":"12.976029999999998","longitude":"77.58747999999999","responsecode":200},{"latitude":"12.976079999999998","longitude":"77.58760999999998","responsecode":200},{"latitude":"12.976159999999998","longitude":"77.58776999999998","responsecode":200},{"latitude":"12.976249999999999","longitude":"77.58794999999998","responsecode":200},{"latitude":"12.976349999999998","longitude":"77.58812999999998","responsecode":200},{"latitude":"12.976459999999998","longitude":"77.58833999999997","responsecode":200},{"latitude":"12.976559999999997","longitude":"77.58853999999998","responsecode":200},{"latitude":"12.976629999999997","longitude":"77.58868999999999","responsecode":200},{"latitude":"12.976709999999997","longitude":"77.58883999999999","responsecode":200},{"latitude":"12.976769999999997","longitude":"77.58895999999999","responsecode":200},{"latitude":"12.976949999999997","longitude":"77.58929999999998","responsecode":200},{"latitude":"12.976999999999997","longitude":"77.58939999999998","responsecode":200},{"latitude":"12.977339999999996","longitude":"77.59006999999998","responsecode":200},{"latitude":"12.977409999999995","longitude":"77.59020999999998","responsecode":200},{"latitude":"12.977509999999995","longitude":"77.59036999999998","responsecode":200},{"latitude":"12.977619999999995","longitude":"77.59049999999998","responsecode":200},{"latitude":"12.977719999999994","longitude":"77.59061999999997","responsecode":200},{"latitude":"12.977829999999994","longitude":"77.59072999999998","responsecode":200},{"latitude":"12.977979999999993","longitude":"77.59086999999998","responsecode":200},{"latitude":"12.978559999999993","longitude":"77.59143999999998","responsecode":200},{"latitude":"12.978699999999993","longitude":"77.59157999999998","responsecode":200},{"latitude":"12.978899999999992","longitude":"77.59176999999998","responsecode":200},{"latitude":"12.979150999999993","longitude":"77.59200899999998","responsecode":200},{"latitude":"12.979151","longitude":"77.592009","responsecode":200},{"latitude":"12.97973","longitude":"77.59256","responsecode":200},{"latitude":"12.98005","longitude":"77.59287","responsecode":200},{"latitude":"12.9804","longitude":"77.59321","responsecode":200},{"latitude":"12.980599999999999","longitude":"77.5934","responsecode":200},{"latitude":"12.980739999999999","longitude":"77.59354","responsecode":200},{"latitude":"12.980879999999999","longitude":"77.59368","responsecode":200},{"latitude":"12.98096","longitude":"77.59376","responsecode":200},{"latitude":"12.98111","longitude":"77.59392","responsecode":200},{"latitude":"12.981639999999999","longitude":"77.59443","responsecode":200},{"latitude":"12.981749999999998","longitude":"77.59453","responsecode":200},{"latitude":"12.981879999999999","longitude":"77.5946","responsecode":200},{"latitude":"12.982149999999999","longitude":"77.59479","responsecode":200},{"latitude":"12.98242","longitude":"77.59499000000001","responsecode":200},{"latitude":"12.98255","longitude":"77.59511","responsecode":200},{"latitude":"12.98278","longitude":"77.59533","responsecode":200},{"latitude":"12.98295","longitude":"77.59549","responsecode":200},{"latitude":"12.983270000000001","longitude":"77.59576","responsecode":200},{"latitude":"12.983400000000001","longitude":"77.59591","responsecode":200},{"latitude":"12.983530000000002","longitude":"77.59607","responsecode":200},{"latitude":"12.983770000000002","longitude":"77.59638","responsecode":200},{"latitude":"12.984002000000002","longitude":"77.596684","responsecode":200},{"latitude":"12.984002","longitude":"77.596684","responsecode":200},{"latitude":"12.98406","longitude":"77.59676","responsecode":200},{"latitude":"12.98409","longitude":"77.59681","responsecode":200},{"latitude":"12.98414","longitude":"77.59687000000001","responsecode":200},{"latitude":"12.98421","longitude":"77.59695","responsecode":200},{"latitude":"12.9843","longitude":"77.59701000000001","responsecode":200},{"latitude":"12.984359999999999","longitude":"77.59704","responsecode":200},{"latitude":"12.98444","longitude":"77.59709000000001","responsecode":200},{"latitude":"12.984509999999998","longitude":"77.59715000000001","responsecode":200},{"latitude":"12.984689999999999","longitude":"77.59697000000001","responsecode":200},{"latitude":"12.984839999999998","longitude":"77.59684000000001","responsecode":200},{"latitude":"12.98496","longitude":"77.59673000000001","responsecode":200},{"latitude":"12.98509","longitude":"77.59661000000001","responsecode":200},{"latitude":"12.98518","longitude":"77.59653000000002","responsecode":200},{"latitude":"12.985249999999999","longitude":"77.59646000000002","responsecode":200},{"latitude":"12.98533","longitude":"77.59637000000002","responsecode":200},{"latitude":"12.98545","longitude":"77.59627000000002","responsecode":200},{"latitude":"12.985570000000001","longitude":"77.59618000000002","responsecode":200},{"latitude":"12.985750000000001","longitude":"77.59605000000002","responsecode":200},{"latitude":"12.986010000000002","longitude":"77.59582000000002","responsecode":200},{"latitude":"12.986080000000001","longitude":"77.59575000000002","responsecode":200},{"latitude":"12.986250000000002","longitude":"77.59560000000002","responsecode":200},{"latitude":"12.986510000000003","longitude":"77.59536000000001","responsecode":200},{"latitude":"12.986700000000003","longitude":"77.59520000000002","responsecode":200},{"latitude":"12.986780000000003","longitude":"77.59512000000002","responsecode":200},{"latitude":"12.986840000000003","longitude":"77.59506000000002","responsecode":200},{"latitude":"12.986900000000002","longitude":"77.59502000000002","responsecode":200},{"latitude":"12.986980000000003","longitude":"77.59497000000002","responsecode":200},{"latitude":"12.987100000000003","longitude":"77.59490000000002","responsecode":200},{"latitude":"12.987190000000004","longitude":"77.59484000000002","responsecode":200},{"latitude":"12.987390000000003","longitude":"77.59470000000002","responsecode":200},{"latitude":"12.987520000000004","longitude":"77.59461000000002","responsecode":200},{"latitude":"12.987630000000003","longitude":"77.59452000000002","responsecode":200},{"latitude":"12.987790000000002","longitude":"77.59440000000002","responsecode":200},{"latitude":"12.987902000000002","longitude":"77.59431600000002","responsecode":200},{"latitude":"12.987902","longitude":"77.594316","responsecode":200},{"latitude":"12.98799","longitude":"77.59425","responsecode":200},{"latitude":"12.98819","longitude":"77.59409000000001","responsecode":200},{"latitude":"12.98846","longitude":"77.59388000000001","responsecode":200},{"latitude":"12.9887","longitude":"77.59370000000001","responsecode":200},{"latitude":"12.98888","longitude":"77.59355000000001","responsecode":200},{"latitude":"12.98907","longitude":"77.59339000000001","responsecode":200},{"latitude":"12.98939","longitude":"77.5931","responsecode":200},{"latitude":"12.98953","longitude":"77.59297000000001","responsecode":200},{"latitude":"12.98969","longitude":"77.59283","responsecode":200},{"latitude":"12.99001","longitude":"77.593","responsecode":200},{"latitude":"12.99023","longitude":"77.59312","responsecode":200},{"latitude":"12.990350000000001","longitude":"77.5932","responsecode":200},{"latitude":"12.990470000000002","longitude":"77.59329","responsecode":200},{"latitude":"12.990660000000002","longitude":"77.59344","responsecode":200},{"latitude":"12.990810000000002","longitude":"77.59355000000001","responsecode":200},{"latitude":"12.990990000000002","longitude":"77.59368","responsecode":200},{"latitude":"12.991160000000002","longitude":"77.59378000000001","responsecode":200},{"latitude":"12.991430000000003","longitude":"77.59396000000001","responsecode":200},{"latitude":"12.991650000000003","longitude":"77.59410000000001","responsecode":200},{"latitude":"12.991810000000003","longitude":"77.59422","responsecode":200},{"latitude":"12.991920000000002","longitude":"77.59431000000001","responsecode":200},{"latitude":"12.992120000000002","longitude":"77.59447","responsecode":200},{"latitude":"12.992460000000001","longitude":"77.59477","responsecode":200},{"latitude":"12.992690000000001","longitude":"77.59497","responsecode":200},{"latitude":"12.992773000000001","longitude":"77.595038","responsecode":200},{"latitude":"12.992773","longitude":"77.595038","responsecode":200},{"latitude":"12.993079999999999","longitude":"77.59529","responsecode":200},{"latitude":"12.993229999999999","longitude":"77.59541","responsecode":200},{"latitude":"12.993389999999998","longitude":"77.59554","responsecode":200},{"latitude":"12.993469999999999","longitude":"77.5956","responsecode":200},{"latitude":"12.993549999999999","longitude":"77.59567","responsecode":200},{"latitude":"12.993649999999999","longitude":"77.59578","responsecode":200},{"latitude":"12.993849999999998","longitude":"77.59596","responsecode":200},{"latitude":"12.993909999999998","longitude":"77.59602000000001","responsecode":200},{"latitude":"12.993999999999998","longitude":"77.59613000000002","responsecode":200},{"latitude":"12.994039999999998","longitude":"77.59619000000002","responsecode":200},{"latitude":"12.994079999999999","longitude":"77.59627000000002","responsecode":200},{"latitude":"12.99411","longitude":"77.59638000000002","responsecode":200},{"latitude":"12.99405","longitude":"77.59660000000002","responsecode":200},{"latitude":"12.993813","longitude":"77.59710700000002","responsecode":200},{"latitude":"12.993813","longitude":"77.597107","responsecode":200},{"latitude":"12.99377","longitude":"77.5972","responsecode":200},{"latitude":"12.993689999999999","longitude":"77.59740000000001","responsecode":200},{"latitude":"12.99354","longitude":"77.59771","responsecode":200},{"latitude":"12.99343","longitude":"77.59792","responsecode":200},{"latitude":"12.99337","longitude":"77.59804","responsecode":200},{"latitude":"12.993310000000001","longitude":"77.59813","responsecode":200},{"latitude":"12.993250000000002","longitude":"77.59819999999999","responsecode":200},{"latitude":"12.993180000000002","longitude":"77.59826","responsecode":200},{"latitude":"12.993080000000003","longitude":"77.59832","responsecode":200},{"latitude":"12.993000000000002","longitude":"77.59836","responsecode":200},{"latitude":"12.992940000000003","longitude":"77.5984","responsecode":200},{"latitude":"12.992890000000003","longitude":"77.59846","responsecode":200},{"latitude":"12.992840000000003","longitude":"77.59855","responsecode":200},{"latitude":"12.992790000000003","longitude":"77.59866000000001","responsecode":200},{"latitude":"12.992740000000003","longitude":"77.59880000000001","responsecode":200},{"latitude":"12.992290000000002","longitude":"77.60004","responsecode":200},{"latitude":"12.992050000000003","longitude":"77.60069","responsecode":200},{"latitude":"12.991930000000002","longitude":"77.60122","responsecode":200},{"latitude":"12.991860000000003","longitude":"77.60155","responsecode":200},{"latitude":"12.991820000000002","longitude":"77.60185","responsecode":200},{"latitude":"12.991800000000003","longitude":"77.60217","responsecode":200},{"latitude":"12.991800000000003","longitude":"77.60238","responsecode":200},{"latitude":"12.991820000000002","longitude":"77.60273","responsecode":200},{"latitude":"12.991850000000003","longitude":"77.60298999999999","responsecode":200},{"latitude":"12.991880000000004","longitude":"77.60324999999999","responsecode":200},{"latitude":"12.991892000000004","longitude":"77.60332499999998","responsecode":200},{"latitude":"12.991892","longitude":"77.603325","responsecode":200},{"latitude":"12.99191","longitude":"77.60343999999999","responsecode":200},{"latitude":"12.991950000000001","longitude":"77.60359999999999","responsecode":200},{"latitude":"12.99201","longitude":"77.60377999999999","responsecode":200},{"latitude":"12.992090000000001","longitude":"77.60402999999998","responsecode":200},{"latitude":"12.992120000000002","longitude":"77.60410999999998","responsecode":200},{"latitude":"12.992160000000002","longitude":"77.60418999999997","responsecode":200},{"latitude":"12.992220000000001","longitude":"77.60427999999997","responsecode":200},{"latitude":"12.992270000000001","longitude":"77.60433999999998","responsecode":200},{"latitude":"12.992310000000002","longitude":"77.60438999999998","responsecode":200},{"latitude":"12.992390000000002","longitude":"77.60442999999998","responsecode":200},{"latitude":"12.992540000000002","longitude":"77.60455999999998","responsecode":200},{"latitude":"12.992840000000001","longitude":"77.60481999999998","responsecode":200},{"latitude":"12.99333","longitude":"77.60526999999998","responsecode":200},{"latitude":"12.99347","longitude":"77.60538999999997","responsecode":200},{"latitude":"12.993590000000001","longitude":"77.60547999999997","responsecode":200},{"latitude":"12.993710000000002","longitude":"77.60556999999997","responsecode":200},{"latitude":"12.993800000000002","longitude":"77.60562999999998","responsecode":200},{"latitude":"12.993910000000001","longitude":"77.60568999999998","responsecode":200},{"latitude":"12.994000000000002","longitude":"77.60573999999998","responsecode":200},{"latitude":"12.994100000000001","longitude":"77.60577999999998","responsecode":200},{"latitude":"12.994180000000002","longitude":"77.60580999999998","responsecode":200},{"latitude":"12.994360000000002","longitude":"77.60590999999998","responsecode":200},{"latitude":"12.995090000000003","longitude":"77.60631999999998","responsecode":200},{"latitude":"12.995300000000002","longitude":"77.60645999999998","responsecode":200},{"latitude":"12.995500000000002","longitude":"77.60658999999998","responsecode":200},{"latitude":"12.995620000000002","longitude":"77.60667999999998","responsecode":200},{"latitude":"12.995730000000002","longitude":"77.60675999999998","responsecode":200},{"latitude":"12.99573","longitude":"77.60676","responsecode":200},{"latitude":"12.99573","longitude":"77.60676","responsecode":200},{"latitude":"12.9959","longitude":"77.60687999999999","responsecode":200},{"latitude":"12.996020000000001","longitude":"77.60695999999999","responsecode":200},{"latitude":"12.996190000000002","longitude":"77.60705999999999","responsecode":200},{"latitude":"12.996370000000002","longitude":"77.60717999999999","responsecode":200},{"latitude":"12.997330000000002","longitude":"77.60781999999999","responsecode":200},{"latitude":"12.997650000000002","longitude":"77.60802999999999","responsecode":200},{"latitude":"12.998160000000002","longitude":"77.60836999999998","responsecode":200},{"latitude":"12.998340000000002","longitude":"77.60849999999998","responsecode":200},{"latitude":"12.998500000000002","longitude":"77.60860999999998","responsecode":200},{"latitude":"12.998630000000002","longitude":"77.60870999999999","responsecode":200},{"latitude":"12.998770000000002","longitude":"77.60882999999998","responsecode":200},{"latitude":"12.998930000000001","longitude":"77.60897999999999","responsecode":200},{"latitude":"12.99904","longitude":"77.60907999999999","responsecode":200},{"latitude":"12.99909","longitude":"77.60913","responsecode":200},{"latitude":"12.999170000000001","longitude":"77.60923","responsecode":200},{"latitude":"12.999270000000001","longitude":"77.60934999999999","responsecode":200},{"latitude":"12.999350000000002","longitude":"77.60946","responsecode":200},{"latitude":"12.999470000000002","longitude":"77.60966","responsecode":200},{"latitude":"12.999570000000002","longitude":"77.60984","responsecode":200},{"latitude":"12.999690000000003","longitude":"77.61003000000001","responsecode":200},{"latitude":"12.999920000000003","longitude":"77.61039000000001","responsecode":200},{"latitude":"13.000040000000004","longitude":"77.61057000000001","responsecode":200},{"latitude":"13.000200000000003","longitude":"77.61077000000002","responsecode":200},{"latitude":"13.000290000000003","longitude":"77.61088000000002","responsecode":200},{"latitude":"13.000390000000003","longitude":"77.61099000000003","responsecode":200},{"latitude":"13.000510000000004","longitude":"77.61113000000003","responsecode":200},{"latitude":"13.000600000000004","longitude":"77.61123000000003","responsecode":200},{"latitude":"13.000700000000004","longitude":"77.61134000000004","responsecode":200},{"latitude":"13.000801000000004","longitude":"77.61145700000004","responsecode":200},{"latitude":"13.000801","longitude":"77.611457","responsecode":200},{"latitude":"13.000889999999998","longitude":"77.61156","responsecode":200},{"latitude":"13.000939999999998","longitude":"77.61162","responsecode":200},{"latitude":"13.001049999999998","longitude":"77.61175","responsecode":200},{"latitude":"13.001059999999997","longitude":"77.61186000000001","responsecode":200},{"latitude":"13.001059999999997","longitude":"77.61194","responsecode":200},{"latitude":"13.001049999999998","longitude":"77.61203","responsecode":200},{"latitude":"13.001029999999998","longitude":"77.61215","responsecode":200},{"latitude":"13.000999999999998","longitude":"77.61235","responsecode":200},{"latitude":"13.000949999999998","longitude":"77.61276000000001","responsecode":200},{"latitude":"13.000879999999999","longitude":"77.61356","responsecode":200},{"latitude":"13.000849999999998","longitude":"77.61378","responsecode":200},{"latitude":"13.000769999999997","longitude":"77.61471","responsecode":200},{"latitude":"13.000749999999998","longitude":"77.61489","responsecode":200},{"latitude":"13.000709999999998","longitude":"77.61525","responsecode":200},{"latitude":"13.000669999999998","longitude":"77.61562","responsecode":200},{"latitude":"13.000658999999997","longitude":"77.615779","responsecode":200},{"latitude":"13.000659","longitude":"77.615779","responsecode":200},{"latitude":"13.00064","longitude":"77.61604","responsecode":200},{"latitude":"13.00059","longitude":"77.61639","responsecode":200},{"latitude":"13.000570000000002","longitude":"77.61654999999999","responsecode":200},{"latitude":"13.000560000000002","longitude":"77.61670999999998","responsecode":200},{"latitude":"13.000510000000002","longitude":"77.61721999999999","responsecode":200},{"latitude":"13.000450000000003","longitude":"77.61770999999999","responsecode":200},{"latitude":"13.000400000000003","longitude":"77.61813999999998","responsecode":200},{"latitude":"13.000370000000002","longitude":"77.61832999999999","responsecode":200},{"latitude":"13.000340000000001","longitude":"77.61850999999999","responsecode":200},{"latitude":"13.000300000000001","longitude":"77.61868999999999","responsecode":200},{"latitude":"13.000250000000001","longitude":"77.61884999999998","responsecode":200},{"latitude":"13.000200000000001","longitude":"77.61897999999998","responsecode":200},{"latitude":"13.000150000000001","longitude":"77.61908999999999","responsecode":200},{"latitude":"13.000080000000002","longitude":"77.61922999999999","responsecode":200},{"latitude":"13.000010000000003","longitude":"77.61935999999999","responsecode":200},{"latitude":"12.999880000000003","longitude":"77.61956999999998","responsecode":200},{"latitude":"12.999820000000003","longitude":"77.61964999999998","responsecode":200},{"latitude":"12.999770000000003","longitude":"77.61966999999999","responsecode":200},{"latitude":"12.999970000000003","longitude":"77.61995999999999","responsecode":200},{"latitude":"13.000060000000003","longitude":"77.62007","responsecode":200},{"latitude":"13.000130000000002","longitude":"77.62015","responsecode":200},{"latitude":"13.000200000000001","longitude":"77.62021","responsecode":200},{"latitude":"13.000290000000001","longitude":"77.62027","responsecode":200},{"latitude":"13.000330000000002","longitude":"77.62016","responsecode":200},{"latitude":"13.000370000000002","longitude":"77.62009","responsecode":200},{"latitude":"13.000630000000003","longitude":"77.61974000000001","responsecode":200},{"latitude":"13.000770000000003","longitude":"77.61953000000001","responsecode":200},{"latitude":"13.000900000000003","longitude":"77.61932000000002","responsecode":200},{"latitude":"13.001100000000003","longitude":"77.61901000000002","responsecode":200},{"latitude":"13.001240000000003","longitude":"77.61879000000002","responsecode":200},{"latitude":"13.001300000000002","longitude":"77.61872000000002","responsecode":200},{"latitude":"13.001410000000002","longitude":"77.61866000000002","responsecode":200},{"latitude":"13.00141","longitude":"77.61866","responsecode":200},{"latitude":"13.00141","longitude":"77.61866","responsecode":200},{"latitude":"13.00193","longitude":"77.61893","responsecode":200},{"latitude":"13.00222","longitude":"77.61905","responsecode":200},{"latitude":"13.00295","longitude":"77.61932","responsecode":200},{"latitude":"13.00302","longitude":"77.61934000000001","responsecode":200},{"latitude":"13.003079999999999","longitude":"77.61935000000001","responsecode":200},{"latitude":"13.003129999999999","longitude":"77.61933","responsecode":200},{"latitude":"13.00316","longitude":"77.61930000000001","responsecode":200},{"latitude":"13.00319","longitude":"77.61925000000001","responsecode":200},{"latitude":"13.00321","longitude":"77.61921000000001","responsecode":200},{"latitude":"13.00339","longitude":"77.61930000000001","responsecode":200},{"latitude":"13.00368","longitude":"77.61944000000001","responsecode":200},{"latitude":"13.00395","longitude":"77.61956","responsecode":200},{"latitude":"13.004059999999999","longitude":"77.61961000000001","responsecode":200},{"latitude":"13.004250999999998","longitude":"77.61970000000001","responsecode":200},{"latitude":"13.004251","longitude":"77.6197","responsecode":200},{"latitude":"13.00444","longitude":"77.61979","responsecode":200},{"latitude":"13.004570000000001","longitude":"77.61985","responsecode":200},{"latitude":"13.004650000000002","longitude":"77.61989","responsecode":200},{"latitude":"13.004750000000001","longitude":"77.61995","responsecode":200},{"latitude":"13.004830000000002","longitude":"77.62","responsecode":200},{"latitude":"13.004930000000002","longitude":"77.62006000000001","responsecode":200},{"latitude":"13.005200000000002","longitude":"77.62022","responsecode":200},{"latitude":"13.005360000000001","longitude":"77.62031","responsecode":200},{"latitude":"13.00552","longitude":"77.62042000000001","responsecode":200},{"latitude":"13.00577","longitude":"77.62059","responsecode":200},{"latitude":"13.00588","longitude":"77.62066","responsecode":200},{"latitude":"13.00597","longitude":"77.62072","responsecode":200},{"latitude":"13.00611","longitude":"77.62082000000001","responsecode":200},{"latitude":"13.006153","longitude":"77.62085","responsecode":200},{"latitude":"13.006153","longitude":"77.62085","responsecode":200},{"latitude":"13.006269999999999","longitude":"77.62093","responsecode":200},{"latitude":"13.00635","longitude":"77.62099","responsecode":200},{"latitude":"13.00643","longitude":"77.62099","responsecode":200},{"latitude":"13.00649","longitude":"77.62101000000001","responsecode":200},{"latitude":"13.00657","longitude":"77.62106000000001","responsecode":200},{"latitude":"13.006639999999999","longitude":"77.62111000000002","responsecode":200},{"latitude":"13.00701","longitude":"77.62139000000002","responsecode":200},{"latitude":"13.00718","longitude":"77.62152000000002","responsecode":200},{"latitude":"13.00746","longitude":"77.62175000000002","responsecode":200},{"latitude":"13.0077","longitude":"77.62195000000003","responsecode":200},{"latitude":"13.00797","longitude":"77.62220000000002","responsecode":200},{"latitude":"13.00824","longitude":"77.62246000000002","responsecode":200},{"latitude":"13.008320000000001","longitude":"77.62254000000001","responsecode":200},{"latitude":"13.00852","longitude":"77.62274000000002","responsecode":200},{"latitude":"13.008690000000001","longitude":"77.62290000000002","responsecode":200},{"latitude":"13.008820000000002","longitude":"77.62301000000002","responsecode":200},{"latitude":"13.008910000000002","longitude":"77.62307000000003","responsecode":200},{"latitude":"13.009150000000002","longitude":"77.62322000000003","responsecode":200},{"latitude":"13.00915","longitude":"77.62322","responsecode":200},{"latitude":"13.00915","longitude":"77.62322","responsecode":200},{"latitude":"13.00956","longitude":"77.62347","responsecode":200},{"latitude":"13.00994","longitude":"77.6237","responsecode":200},{"latitude":"13.01026","longitude":"77.62397","responsecode":200},{"latitude":"13.01051","longitude":"77.62421","responsecode":200},{"latitude":"13.01074","longitude":"77.62446","responsecode":200},{"latitude":"13.01095","longitude":"77.62467","responsecode":200},{"latitude":"13.01103","longitude":"77.62481","responsecode":200},{"latitude":"13.01128","longitude":"77.62505999999999","responsecode":200},{"latitude":"13.011379999999999","longitude":"77.62513999999999","responsecode":200},{"latitude":"13.0115","longitude":"77.62521999999998","responsecode":200},{"latitude":"13.01169","longitude":"77.62532999999999","responsecode":200},{"latitude":"13.01182","longitude":"77.62539999999998","responsecode":200},{"latitude":"13.012","longitude":"77.62549999999999","responsecode":200},{"latitude":"13.01207","longitude":"77.62553999999999","responsecode":200},{"latitude":"13.01211","longitude":"77.62561999999998","responsecode":200},{"latitude":"13.01245","longitude":"77.62578999999998","responsecode":200},{"latitude":"13.012559999999999","longitude":"77.62584999999999","responsecode":200},{"latitude":"13.01256","longitude":"77.62585","responsecode":200},{"latitude":"13.01256","longitude":"77.62585","responsecode":200},{"latitude":"13.01299","longitude":"77.6261","responsecode":200},{"latitude":"13.01335","longitude":"77.62633","responsecode":200},{"latitude":"13.01406","longitude":"77.62678","responsecode":200},{"latitude":"13.01416","longitude":"77.62684999999999","responsecode":200},{"latitude":"13.01443","longitude":"77.62705999999999","responsecode":200},{"latitude":"13.01457","longitude":"77.62717999999998","responsecode":200},{"latitude":"13.01457","longitude":"77.62718","responsecode":200},{"latitude":"13.01457","longitude":"77.62718","responsecode":200},{"latitude":"13.014700000000001","longitude":"77.62720999999999","responsecode":200},{"latitude":"13.01504","longitude":"77.62743999999999","responsecode":200},{"latitude":"13.015170000000001","longitude":"77.62750999999999","responsecode":200},{"latitude":"13.015300000000002","longitude":"77.62756999999999","responsecode":200},{"latitude":"13.015380000000002","longitude":"77.62759999999999","responsecode":200},{"latitude":"13.015460000000003","longitude":"77.62762","responsecode":200},{"latitude":"13.015670000000002","longitude":"77.62764999999999","responsecode":200},{"latitude":"13.016140000000002","longitude":"77.62771999999998","responsecode":200},{"latitude":"13.016640000000002","longitude":"77.62780999999998","responsecode":200},{"latitude":"13.016970000000002","longitude":"77.62787999999998","responsecode":200},{"latitude":"13.017120000000002","longitude":"77.62790999999997","responsecode":200},{"latitude":"13.017750000000001","longitude":"77.62801999999998","responsecode":200},{"latitude":"13.018250000000002","longitude":"77.62810999999998","responsecode":200},{"latitude":"13.018640000000001","longitude":"77.62817999999997","responsecode":200},{"latitude":"13.018860000000002","longitude":"77.62821999999997","responsecode":200},{"latitude":"13.018980000000003","longitude":"77.62823999999998","responsecode":200},{"latitude":"13.019870000000003","longitude":"77.62839999999997","responsecode":200},{"latitude":"13.020450000000002","longitude":"77.62848999999997","responsecode":200},{"latitude":"13.020870000000002","longitude":"77.62856999999997","responsecode":200},{"latitude":"13.021070000000002","longitude":"77.62860999999997","responsecode":200},{"latitude":"13.021130000000001","longitude":"77.62861999999997","responsecode":200},{"latitude":"13.02113","longitude":"77.62862","responsecode":200},{"latitude":"13.02113","longitude":"77.62862","responsecode":200},{"latitude":"13.021479999999999","longitude":"77.62874","responsecode":200},{"latitude":"13.021549999999998","longitude":"77.62876","responsecode":200},{"latitude":"13.021859999999998","longitude":"77.62888","responsecode":200},{"latitude":"13.02245","longitude":"77.6291","responsecode":200},{"latitude":"13.022889999999999","longitude":"77.62925999999999","responsecode":200},{"latitude":"13.023239999999998","longitude":"77.62939999999999","responsecode":200},{"latitude":"13.023429999999998","longitude":"77.62948999999999","responsecode":200},{"latitude":"13.023569999999998","longitude":"77.62957999999999","responsecode":200},{"latitude":"13.023699999999998","longitude":"77.62965999999999","responsecode":200},{"latitude":"13.023789999999998","longitude":"77.62973999999998","responsecode":200},{"latitude":"13.024029999999998","longitude":"77.62994999999998","responsecode":200},{"latitude":"13.024309999999998","longitude":"77.63017999999998","responsecode":200},{"latitude":"13.024429999999999","longitude":"77.63023999999999","responsecode":200},{"latitude":"13.02465","longitude":"77.63031999999998","responsecode":200},{"latitude":"13.02478","longitude":"77.63035999999998","responsecode":200},{"latitude":"13.02496","longitude":"77.63039999999998","responsecode":200},{"latitude":"13.02523","longitude":"77.63044999999998","responsecode":200},{"latitude":"13.025360000000001","longitude":"77.63046999999999","responsecode":200},{"latitude":"13.02542","longitude":"77.63049","responsecode":200},{"latitude":"13.02547","longitude":"77.63054","responsecode":200},{"latitude":"13.02547","longitude":"77.63054","responsecode":200},{"latitude":"13.02547","longitude":"77.63054","responsecode":200},{"latitude":"13.02591","longitude":"77.63072","responsecode":200},{"latitude":"13.02609","longitude":"77.63081","responsecode":200},{"latitude":"13.026299999999999","longitude":"77.63094","responsecode":200},{"latitude":"13.026489999999999","longitude":"77.63108","responsecode":200},{"latitude":"13.02671","longitude":"77.63126","responsecode":200},{"latitude":"13.02699","longitude":"77.63154","responsecode":200},{"latitude":"13.02722","longitude":"77.63179","responsecode":200},{"latitude":"13.02732","longitude":"77.63190999999999","responsecode":200},{"latitude":"13.027429999999999","longitude":"77.63206","responsecode":200},{"latitude":"13.027499999999998","longitude":"77.63216","responsecode":200},{"latitude":"13.027529999999999","longitude":"77.63221","responsecode":200},{"latitude":"13.02756","longitude":"77.63228","responsecode":200},{"latitude":"13.027579999999999","longitude":"77.63234","responsecode":200},{"latitude":"13.027589999999998","longitude":"77.63239","responsecode":200},{"latitude":"13.027589999999998","longitude":"77.63243","responsecode":200},{"latitude":"13.027589999999998","longitude":"77.63246","responsecode":200},{"latitude":"13.027619999999999","longitude":"77.63248","responsecode":200},{"latitude":"13.027729999999998","longitude":"77.63256","responsecode":200},{"latitude":"13.027809999999999","longitude":"77.63262","responsecode":200},{"latitude":"13.027909999999999","longitude":"77.6327","responsecode":200},{"latitude":"13.027999999999999","longitude":"77.63277","responsecode":200},{"latitude":"13.028189","longitude":"77.63292399999999","responsecode":200},{"latitude":"13.028189","longitude":"77.632924","responsecode":200},{"latitude":"13.02822","longitude":"77.63295000000001","responsecode":200},{"latitude":"13.02872","longitude":"77.63335000000001","responsecode":200},{"latitude":"13.02905","longitude":"77.63363000000001","responsecode":200},{"latitude":"13.0293","longitude":"77.63386000000001","responsecode":200},{"latitude":"13.029599999999999","longitude":"77.63414000000002","responsecode":200},{"latitude":"13.02977","longitude":"77.63429000000002","responsecode":200},{"latitude":"13.03008","longitude":"77.63455000000002","responsecode":200},{"latitude":"13.03014","longitude":"77.63462000000001","responsecode":200},{"latitude":"13.03017","longitude":"77.63467000000001","responsecode":200},{"latitude":"13.03021","longitude":"77.63477000000002","responsecode":200},{"latitude":"13.03063","longitude":"77.63511000000001","responsecode":200},{"latitude":"13.03091","longitude":"77.63534000000001","responsecode":200},{"latitude":"13.03109","longitude":"77.63548000000002","responsecode":200},{"latitude":"13.031220000000001","longitude":"77.63558000000002","responsecode":200},{"latitude":"13.03137","longitude":"77.63570000000001","responsecode":200},{"latitude":"13.03142","longitude":"77.63577000000001","responsecode":200},{"latitude":"13.03149","longitude":"77.63583000000001","responsecode":200},{"latitude":"13.03158","longitude":"77.63591000000001","responsecode":200},{"latitude":"13.03158","longitude":"77.63591","responsecode":200},{"latitude":"13.03158","longitude":"77.63591","responsecode":200},{"latitude":"13.03177","longitude":"77.63606","responsecode":200},{"latitude":"13.03197","longitude":"77.63623","responsecode":200},{"latitude":"13.032119999999999","longitude":"77.63637","responsecode":200},{"latitude":"13.032279999999998","longitude":"77.63656","responsecode":200},{"latitude":"13.032459999999999","longitude":"77.63679","responsecode":200},{"latitude":"13.032599999999999","longitude":"77.63698000000001","responsecode":200},{"latitude":"13.03268","longitude":"77.63709000000001","responsecode":200},{"latitude":"13.032749999999998","longitude":"77.63715000000002","responsecode":200},{"latitude":"13.032809999999998","longitude":"77.63721000000002","responsecode":200},{"latitude":"13.032899999999998","longitude":"77.63731000000003","responsecode":200},{"latitude":"13.032989999999998","longitude":"77.63742000000003","responsecode":200},{"latitude":"13.03299","longitude":"77.63742","responsecode":200},{"latitude":"13.03299","longitude":"77.63742","responsecode":200},{"latitude":"13.03322","longitude":"77.63769","responsecode":200},{"latitude":"13.03354","longitude":"77.63803","responsecode":200},{"latitude":"13.03377","longitude":"77.63825","responsecode":200},{"latitude":"13.03415","longitude":"77.63863","responsecode":200},{"latitude":"13.03443","longitude":"77.6389","responsecode":200},{"latitude":"13.03462","longitude":"77.63903","responsecode":200},{"latitude":"13.03501","longitude":"77.63931000000001","responsecode":200},{"latitude":"13.035639999999999","longitude":"77.63972000000001","responsecode":200},{"latitude":"13.036119999999999","longitude":"77.63999000000001","responsecode":200},{"latitude":"13.036259999999999","longitude":"77.64009000000001","responsecode":200},{"latitude":"13.036359999999998","longitude":"77.64017000000001","responsecode":200},{"latitude":"13.036429999999998","longitude":"77.64023000000002","responsecode":200},{"latitude":"13.036519999999998","longitude":"77.64033000000002","responsecode":200},{"latitude":"13.036639999999998","longitude":"77.64049000000001","responsecode":200},{"latitude":"13.036651999999998","longitude":"77.64050800000001","responsecode":200},{"latitude":"13.036652","longitude":"77.640508","responsecode":200},{"latitude":"13.03682","longitude":"77.64076","responsecode":200},{"latitude":"13.03693","longitude":"77.64093","responsecode":200},{"latitude":"13.03702","longitude":"77.64106","responsecode":200},{"latitude":"13.03711","longitude":"77.64114","responsecode":200},{"latitude":"13.03718","longitude":"77.64119","responsecode":200},{"latitude":"13.03727","longitude":"77.64124","responsecode":200},{"latitude":"13.03751","longitude":"77.6413","responsecode":200},{"latitude":"13.03763","longitude":"77.64133","responsecode":200},{"latitude":"13.03778","longitude":"77.64135","responsecode":200},{"latitude":"13.038","longitude":"77.64137000000001","responsecode":200},{"latitude":"13.038310000000001","longitude":"77.64139000000002","responsecode":200},{"latitude":"13.038680000000001","longitude":"77.64139000000002","responsecode":200},{"latitude":"13.038920000000001","longitude":"77.64140000000002","responsecode":200},{"latitude":"13.03913","longitude":"77.64140000000002","responsecode":200},{"latitude":"13.03934","longitude":"77.64142000000002","responsecode":200},{"latitude":"13.03946","longitude":"77.64143000000003","responsecode":200},{"latitude":"13.03946","longitude":"77.64143","responsecode":200},{"latitude":"13.03946","longitude":"77.64143","responsecode":200},{"latitude":"13.03959","longitude":"77.64144","responsecode":200},{"latitude":"13.03979","longitude":"77.64145","responsecode":200},{"latitude":"13.03994","longitude":"77.64145","responsecode":200},{"latitude":"13.04009","longitude":"77.64145","responsecode":200},{"latitude":"13.040239999999999","longitude":"77.64145","responsecode":200},{"latitude":"13.040349999999998","longitude":"77.64144","responsecode":200},{"latitude":"13.040569999999999","longitude":"77.64143","responsecode":200},{"latitude":"13.0407","longitude":"77.64143","responsecode":200},{"latitude":"13.04089","longitude":"77.64145","responsecode":200},{"latitude":"13.04102","longitude":"77.64147000000001","responsecode":200},{"latitude":"13.04115","longitude":"77.64151000000001","responsecode":200},{"latitude":"13.04128","longitude":"77.64156000000001","responsecode":200},{"latitude":"13.04143","longitude":"77.64162000000002","responsecode":200},{"latitude":"13.041690000000001","longitude":"77.64172000000002","responsecode":200},{"latitude":"13.04216","longitude":"77.64190000000002","responsecode":200},{"latitude":"13.042300000000001","longitude":"77.64195000000002","responsecode":200},{"latitude":"13.04268","longitude":"77.64205000000003","responsecode":200},{"latitude":"13.043000000000001","longitude":"77.64214000000003","responsecode":200},{"latitude":"13.04316","longitude":"77.64220000000003","responsecode":200},{"latitude":"13.043280000000001","longitude":"77.64225000000003","responsecode":200},{"latitude":"13.04328","longitude":"77.64225","responsecode":200},{"latitude":"13.04328","longitude":"77.64225","responsecode":200},{"latitude":"13.043439999999999","longitude":"77.64235000000001","responsecode":200},{"latitude":"13.043569999999999","longitude":"77.64245000000001","responsecode":200},{"latitude":"13.0437","longitude":"77.64257","responsecode":200},{"latitude":"13.04394","longitude":"77.64280000000001","responsecode":200},{"latitude":"13.0442","longitude":"77.64303000000001","responsecode":200},{"latitude":"13.04442","longitude":"77.64321000000001","responsecode":200},{"latitude":"13.04466","longitude":"77.64340000000001","responsecode":200},{"latitude":"13.0448","longitude":"77.64352000000001","responsecode":200},{"latitude":"13.04496","longitude":"77.64363000000002","responsecode":200},{"latitude":"13.04513","longitude":"77.64373000000002","responsecode":200},{"latitude":"13.04527","longitude":"77.64381000000002","responsecode":200},{"latitude":"13.045810000000001","longitude":"77.64408000000002","responsecode":200},{"latitude":"13.045980000000002","longitude":"77.64415000000001","responsecode":200},{"latitude":"13.046150000000003","longitude":"77.64421000000002","responsecode":200},{"latitude":"13.046300000000002","longitude":"77.64425000000001","responsecode":200},{"latitude":"13.046520000000003","longitude":"77.64429000000001","responsecode":200},{"latitude":"13.046820000000002","longitude":"77.64433000000001","responsecode":200},{"latitude":"13.046960000000002","longitude":"77.64435000000002","responsecode":200},{"latitude":"13.047090000000003","longitude":"77.64439000000002","responsecode":200},{"latitude":"13.047220000000003","longitude":"77.64443000000001","responsecode":200},{"latitude":"13.047430000000002","longitude":"77.64452000000001","responsecode":200},{"latitude":"13.047640000000001","longitude":"77.64464000000001","responsecode":200},{"latitude":"13.047760000000002","longitude":"77.64474000000001","responsecode":200},{"latitude":"13.047820000000002","longitude":"77.64480000000002","responsecode":200},{"latitude":"13.047970000000001","longitude":"77.64497000000001","responsecode":200},{"latitude":"13.048070000000001","longitude":"77.64506000000002","responsecode":200},{"latitude":"13.048200000000001","longitude":"77.64515000000002","responsecode":200},{"latitude":"13.048340000000001","longitude":"77.64525000000002","responsecode":200},{"latitude":"13.048460000000002","longitude":"77.64532000000001","responsecode":200},{"latitude":"13.04846","longitude":"77.64532","responsecode":200},{"latitude":"13.04846","longitude":"77.64532","responsecode":200},{"latitude":"13.048580000000001","longitude":"77.64538999999999","responsecode":200},{"latitude":"13.048710000000002","longitude":"77.64545999999999","responsecode":200},{"latitude":"13.048810000000001","longitude":"77.64548999999998","responsecode":200},{"latitude":"13.048940000000002","longitude":"77.64549999999998","responsecode":200},{"latitude":"13.049090000000001","longitude":"77.64548999999998","responsecode":200},{"latitude":"13.049260000000002","longitude":"77.64547999999998","responsecode":200},{"latitude":"13.049390000000002","longitude":"77.64546999999997","responsecode":200},{"latitude":"13.049540000000002","longitude":"77.64545999999997","responsecode":200},{"latitude":"13.049650000000002","longitude":"77.64546999999997","responsecode":200},{"latitude":"13.04995","longitude":"77.64549999999997","responsecode":200},{"latitude":"13.050210000000002","longitude":"77.64552999999997","responsecode":200},{"latitude":"13.050370000000001","longitude":"77.64553999999997","responsecode":200},{"latitude":"13.05081","longitude":"77.64558999999997","responsecode":200},{"latitude":"13.05111","longitude":"77.64562999999997","responsecode":200},{"latitude":"13.05125","longitude":"77.64564999999997","responsecode":200},{"latitude":"13.051459999999999","longitude":"77.64568999999997","responsecode":200},{"latitude":"13.052079999999998","longitude":"77.64580999999997","responsecode":200},{"latitude":"13.052349999999999","longitude":"77.64587999999996","responsecode":200},{"latitude":"13.05248","longitude":"77.64591999999996","responsecode":200},{"latitude":"13.052802999999999","longitude":"77.64600699999995","responsecode":200},{"latitude":"13.052803","longitude":"77.646007","responsecode":200},{"latitude":"13.052890000000001","longitude":"77.64603","responsecode":200},{"latitude":"13.053080000000001","longitude":"77.64607","responsecode":200},{"latitude":"13.053360000000001","longitude":"77.64613999999999","responsecode":200},{"latitude":"13.053490000000002","longitude":"77.64617999999999","responsecode":200},{"latitude":"13.053630000000002","longitude":"77.64622999999999","responsecode":200},{"latitude":"13.053770000000002","longitude":"77.64629","responsecode":200},{"latitude":"13.053930000000001","longitude":"77.64636999999999","responsecode":200},{"latitude":"13.05408","longitude":"77.64644999999999","responsecode":200},{"latitude":"13.05424","longitude":"77.64651999999998","responsecode":200},{"latitude":"13.05441","longitude":"77.64657999999999","responsecode":200},{"latitude":"13.05456","longitude":"77.64661999999998","responsecode":200},{"latitude":"13.0548","longitude":"77.64667999999999","responsecode":200},{"latitude":"13.05491","longitude":"77.64671999999999","responsecode":200},{"latitude":"13.05505","longitude":"77.64677999999999","responsecode":200},{"latitude":"13.05517","longitude":"77.64684999999999","responsecode":200},{"latitude":"13.0554","longitude":"77.64698999999999","responsecode":200},{"latitude":"13.05561","longitude":"77.6471","responsecode":200},{"latitude":"13.05575","longitude":"77.64719","responsecode":200},{"latitude":"13.055959999999999","longitude":"77.6473","responsecode":200},{"latitude":"13.056159999999998","longitude":"77.64741000000001","responsecode":200},{"latitude":"13.056289999999999","longitude":"77.64749","responsecode":200},{"latitude":"13.05641","longitude":"77.64758","responsecode":200},{"latitude":"13.05655","longitude":"77.64771","responsecode":200},{"latitude":"13.05665","longitude":"77.64781","responsecode":200},{"latitude":"13.05675","longitude":"77.64791000000001","responsecode":200},{"latitude":"13.056899999999999","longitude":"77.64807","responsecode":200},{"latitude":"13.056999999999999","longitude":"77.64817000000001","responsecode":200},{"latitude":"13.05708","longitude":"77.64823000000001","responsecode":200},{"latitude":"13.05708","longitude":"77.64823","responsecode":200},{"latitude":"13.05708","longitude":"77.64823","responsecode":200},{"latitude":"13.057089999999999","longitude":"77.64838","responsecode":200},{"latitude":"13.057099999999998","longitude":"77.6486","responsecode":200},{"latitude":"13.057099999999998","longitude":"77.64897","responsecode":200},{"latitude":"13.05708","longitude":"77.64935000000001","responsecode":200},{"latitude":"13.05706","longitude":"77.64966000000001","responsecode":200},{"latitude":"13.05705","longitude":"77.64974000000001","responsecode":200},{"latitude":"13.05701","longitude":"77.65011000000001","responsecode":200},{"latitude":"13.05697","longitude":"77.65053000000002","responsecode":200},{"latitude":"13.05696","longitude":"77.65065000000001","responsecode":200},{"latitude":"13.05695","longitude":"77.65076000000002","responsecode":200},{"latitude":"13.05692","longitude":"77.65115000000002","responsecode":200},{"latitude":"13.05691","longitude":"77.65129000000002","responsecode":200},{"latitude":"13.0569","longitude":"77.65141000000001","responsecode":200},{"latitude":"13.056890000000001","longitude":"77.65148","responsecode":200},{"latitude":"13.056870000000002","longitude":"77.65152","responsecode":200},{"latitude":"13.056840000000001","longitude":"77.65155","responsecode":200},{"latitude":"13.056790000000001","longitude":"77.65159","responsecode":200},{"latitude":"13.05666","longitude":"77.65165999999999","responsecode":200},{"latitude":"13.05649","longitude":"77.65174999999999","responsecode":200},{"latitude":"13.05632","longitude":"77.65185","responsecode":200},{"latitude":"13.05618","longitude":"77.65194","responsecode":200},{"latitude":"13.05608","longitude":"77.65202","responsecode":200},{"latitude":"13.05608","longitude":"77.65202","responsecode":200},{"latitude":"13.05601","longitude":"77.65208999999999","responsecode":200},{"latitude":"13.05597","longitude":"77.65214999999999","responsecode":200},{"latitude":"13.055950000000001","longitude":"77.6522","responsecode":200},{"latitude":"13.05592","longitude":"77.6523","responsecode":200},{"latitude":"13.05592","longitude":"77.65238","responsecode":200},{"latitude":"13.05593","longitude":"77.65248","responsecode":200},{"latitude":"13.05599","longitude":"77.65285","responsecode":200},{"latitude":"13.056","longitude":"77.65298","responsecode":200},{"latitude":"13.056","longitude":"77.65306","responsecode":200},{"latitude":"13.056","longitude":"77.65312","responsecode":200},{"latitude":"13.05599","longitude":"77.65319","responsecode":200},{"latitude":"13.05597","longitude":"77.65329","responsecode":200},{"latitude":"13.055950000000001","longitude":"77.6534","responsecode":200},{"latitude":"13.055900000000001","longitude":"77.65362","responsecode":200},{"latitude":"13.055890000000002","longitude":"77.6537","responsecode":200},{"latitude":"13.055890000000002","longitude":"77.65377","responsecode":200},{"latitude":"13.055890000000002","longitude":"77.65383999999999","responsecode":200},{"latitude":"13.055900000000001","longitude":"77.65396999999999","responsecode":200},{"latitude":"13.05591","longitude":"77.65413999999998","responsecode":200},{"latitude":"13.05593","longitude":"77.65433999999999","responsecode":200},{"latitude":"13.05594","longitude":"77.65453","responsecode":200},{"latitude":"13.05595","longitude":"77.65467","responsecode":200},{"latitude":"13.055959999999999","longitude":"77.6548","responsecode":200},{"latitude":"13.055969999999999","longitude":"77.65486999999999","responsecode":200},{"latitude":"13.056","longitude":"77.65505999999999","responsecode":200},{"latitude":"13.056059999999999","longitude":"77.6553","responsecode":200},{"latitude":"13.056079999999998","longitude":"77.6554","responsecode":200},{"latitude":"13.056089999999998","longitude":"77.65549","responsecode":200},{"latitude":"13.056089999999998","longitude":"77.65558","responsecode":200},{"latitude":"13.056089999999998","longitude":"77.65569","responsecode":200},{"latitude":"13.056079999999998","longitude":"77.65580000000001","responsecode":200},{"latitude":"13.055909999999997","longitude":"77.65702000000002","responsecode":200},{"latitude":"13.055899999999998","longitude":"77.65711000000002","responsecode":200},{"latitude":"13.055889999999998","longitude":"77.65722000000002","responsecode":200},{"latitude":"13.055889999999998","longitude":"77.65730000000002","responsecode":200},{"latitude":"13.055909999999997","longitude":"77.65738000000002","responsecode":200},{"latitude":"13.055949999999998","longitude":"77.65745000000001","responsecode":200},{"latitude":"13.056069999999998","longitude":"77.65763000000001","responsecode":200},{"latitude":"13.056119999999998","longitude":"77.6577","responsecode":200},{"latitude":"13.056229999999998","longitude":"77.65787","responsecode":200},{"latitude":"13.056259999999998","longitude":"77.65792","responsecode":200},{"latitude":"13.056279999999997","longitude":"77.65796","responsecode":200},{"latitude":"13.056299999999997","longitude":"77.65801","responsecode":200},{"latitude":"13.056319999999996","longitude":"77.65807000000001","responsecode":200},{"latitude":"13.056339999999995","longitude":"77.65815","responsecode":200},{"latitude":"13.056359999999994","longitude":"77.65825000000001","responsecode":200},{"latitude":"13.056369999999994","longitude":"77.65834000000001","responsecode":200},{"latitude":"13.056369999999994","longitude":"77.65843000000001","responsecode":200},{"latitude":"13.056359999999994","longitude":"77.65863000000002","responsecode":200},{"latitude":"13.056339999999995","longitude":"77.65875000000001","responsecode":200},{"latitude":"13.056329999999996","longitude":"77.65888000000001","responsecode":200},{"latitude":"13.056329999999996","longitude":"77.65902000000001","responsecode":200},{"latitude":"13.056339999999995","longitude":"77.65912000000002","responsecode":200},{"latitude":"13.056349999999995","longitude":"77.65922000000002","responsecode":200},{"latitude":"13.056359999999994","longitude":"77.65930000000002","responsecode":200},{"latitude":"13.056409999999994","longitude":"77.65959000000002","responsecode":200},{"latitude":"13.056439999999995","longitude":"77.65983000000003","responsecode":200},{"latitude":"13.056449999999995","longitude":"77.65998000000003","responsecode":200},{"latitude":"13.056449999999995","longitude":"77.66011000000003","responsecode":200},{"latitude":"13.056449999999995","longitude":"77.66020000000003","responsecode":200},{"latitude":"13.05645","longitude":"77.6602","responsecode":200},{"latitude":"13.05645","longitude":"77.66027","responsecode":200},{"latitude":"13.05644","longitude":"77.6604","responsecode":200},{"latitude":"13.056420000000001","longitude":"77.66049","responsecode":200},{"latitude":"13.05638","longitude":"77.6606","responsecode":200},{"latitude":"13.056170000000002","longitude":"77.661","responsecode":200},{"latitude":"13.056110000000002","longitude":"77.66112","responsecode":200},{"latitude":"13.055960000000002","longitude":"77.66145999999999","responsecode":200},{"latitude":"13.055890000000003","longitude":"77.66161999999998","responsecode":200},{"latitude":"13.055820000000004","longitude":"77.66177999999998","responsecode":200},{"latitude":"13.055760000000005","longitude":"77.66191999999998","responsecode":200},{"latitude":"13.055690000000006","longitude":"77.66208999999998","responsecode":200},{"latitude":"13.055640000000006","longitude":"77.66218999999998","responsecode":200},{"latitude":"13.055590000000006","longitude":"77.66227999999998","responsecode":200},{"latitude":"13.055540000000006","longitude":"77.66234999999998","responsecode":200},{"latitude":"13.055420000000005","longitude":"77.66252999999998","responsecode":200},{"latitude":"13.055350000000006","longitude":"77.66262999999998","responsecode":200},{"latitude":"13.055270000000005","longitude":"77.66276999999998","responsecode":200},{"latitude":"13.055230000000005","longitude":"77.66285999999998","responsecode":200},{"latitude":"13.055200000000005","longitude":"77.66295999999998","responsecode":200},{"latitude":"13.055180000000005","longitude":"77.66308999999998","responsecode":200},{"latitude":"13.055160000000006","longitude":"77.66323999999999","responsecode":200},{"latitude":"13.055130000000005","longitude":"77.66349999999998","responsecode":200},{"latitude":"13.055080000000006","longitude":"77.66391999999999","responsecode":200},{"latitude":"13.055060000000006","longitude":"77.66403","responsecode":200},{"latitude":"13.055040000000007","longitude":"77.66413","responsecode":200},{"latitude":"13.054990000000007","longitude":"77.66438","responsecode":200},{"latitude":"13.054950000000007","longitude":"77.66461","responsecode":200},{"latitude":"13.054930000000008","longitude":"77.66476","responsecode":200},{"latitude":"13.054870000000008","longitude":"77.66517","responsecode":200},{"latitude":"13.054850000000009","longitude":"77.66539","responsecode":200},{"latitude":"13.054800000000009","longitude":"77.66579","responsecode":200},{"latitude":"13.05478000000001","longitude":"77.66591","responsecode":200},{"latitude":"13.05475000000001","longitude":"77.66604","responsecode":200},{"latitude":"13.05470000000001","longitude":"77.66624999999999","responsecode":200},{"latitude":"13.05465000000001","longitude":"77.66642999999999","responsecode":200},{"latitude":"13.05455000000001","longitude":"77.66677999999999","responsecode":200},{"latitude":"13.05450000000001","longitude":"77.66698999999998","responsecode":200},{"latitude":"13.05442000000001","longitude":"77.66734999999998","responsecode":200},{"latitude":"13.05436000000001","longitude":"77.66770999999999","responsecode":200},{"latitude":"13.054330000000009","longitude":"77.66785999999999","responsecode":200},{"latitude":"13.05426000000001","longitude":"77.66832","responsecode":200},{"latitude":"13.05424000000001","longitude":"77.66843999999999","responsecode":200},{"latitude":"13.05416000000001","longitude":"77.66895","responsecode":200},{"latitude":"13.054140000000011","longitude":"77.66915999999999","responsecode":200},{"latitude":"13.054130000000011","longitude":"77.66926","responsecode":200},{"latitude":"13.054130000000011","longitude":"77.66936","responsecode":200},{"latitude":"13.054130000000011","longitude":"77.66946","responsecode":200},{"latitude":"13.054140000000011","longitude":"77.66965","responsecode":200},{"latitude":"13.054170000000012","longitude":"77.66982","responsecode":200},{"latitude":"13.054220000000011","longitude":"77.67","responsecode":200},{"latitude":"13.054270000000011","longitude":"77.67016","responsecode":200},{"latitude":"13.054320000000011","longitude":"77.67029","responsecode":200},{"latitude":"13.054460000000011","longitude":"77.67057","responsecode":200},{"latitude":"13.054490000000012","longitude":"77.67066","responsecode":200},{"latitude":"13.054520000000013","longitude":"77.67077","responsecode":200},{"latitude":"13.054530000000012","longitude":"77.67085","responsecode":200},{"latitude":"13.054520000000013","longitude":"77.67092","responsecode":200},{"latitude":"13.05452","longitude":"77.67092","responsecode":200},{"latitude":"13.05452","longitude":"77.67092","responsecode":200}],"Message":"Success","Issuccess":true,"exception":null,"RowCount":827,"responsecode":200}