{"data":[{"latitude":"12.99932","longitude":"77.64094","responsecode":200},{"latitude":"12.99778","longitude":"77.64206","responsecode":200},{"latitude":"12.99741","longitude":"77.64197","responsecode":200},{"latitude":"12.997409","longitude":"77.641974","responsecode":200},{"latitude":"12.99739","longitude":"77.64197","responsecode":200},{"latitude":"12.997309999999999","longitude":"77.64192","responsecode":200},{"latitude":"12.99724","longitude":"77.64180999999999","responsecode":200},{"latitude":"12.99713","longitude":"77.64187999999999","responsecode":200},{"latitude":"12.99698","longitude":"77.64196999999999","responsecode":200},{"latitude":"12.996590000000001","longitude":"77.64220999999999","responsecode":200},{"latitude":"12.99646","longitude":"77.64228999999999","responsecode":200},{"latitude":"12.99633","longitude":"77.64236999999999","responsecode":200},{"latitude":"12.99623","longitude":"77.64244999999998","responsecode":200},{"latitude":"12.99604","longitude":"77.64259999999999","responsecode":200},{"latitude":"12.99595","longitude":"77.64266999999998","responsecode":200},{"latitude":"12.99585","longitude":"77.64271999999998","responsecode":200},{"latitude":"12.99577","longitude":"77.64281999999999","responsecode":200},{"latitude":"12.99572","longitude":"77.64289999999998","responsecode":200},{"latitude":"12.99568","longitude":"77.64298999999998","responsecode":200},{"latitude":"12.99563","longitude":"77.64312999999999","responsecode":200},{"latitude":"12.99559","longitude":"77.64323999999999","responsecode":200},{"latitude":"12.99555","longitude":"77.64332999999999","responsecode":200},{"latitude":"12.9955","longitude":"77.64343","responsecode":200},{"latitude":"12.99545","longitude":"77.64349","responsecode":200},{"latitude":"12.99537","longitude":"77.64355","responsecode":200},{"latitude":"12.9953","longitude":"77.64358","responsecode":200},{"latitude":"12.99521","longitude":"77.64361","responsecode":200},{"latitude":"12.99516","longitude":"77.64363","responsecode":200},{"latitude":"12.9951","longitude":"77.64367","responsecode":200},{"latitude":"12.99501","longitude":"77.64374","responsecode":200},{"latitude":"12.99487","longitude":"77.64386999999999","responsecode":200},{"latitude":"12.99483","longitude":"77.64389999999999","responsecode":200},{"latitude":"12.99474","longitude":"77.64395999999999","responsecode":200},{"latitude":"12.99463","longitude":"77.64402","responsecode":200},{"latitude":"12.994480000000001","longitude":"77.64408999999999","responsecode":200},{"latitude":"12.994370000000002","longitude":"77.64412999999999","responsecode":200},{"latitude":"12.994300000000003","longitude":"77.64415","responsecode":200},{"latitude":"12.9943","longitude":"77.64415","responsecode":200},{"latitude":"12.9943","longitude":"77.64415","responsecode":200},{"latitude":"12.99422","longitude":"77.64417","responsecode":200},{"latitude":"12.99394","longitude":"77.64419000000001","responsecode":200},{"latitude":"12.99366","longitude":"77.64417","responsecode":200},{"latitude":"12.99333","longitude":"77.64415","responsecode":200},{"latitude":"12.9931","longitude":"77.64412999999999","responsecode":200},{"latitude":"12.99299","longitude":"77.64408999999999","responsecode":200},{"latitude":"12.992890000000001","longitude":"77.64403999999999","responsecode":200},{"latitude":"12.992820000000002","longitude":"77.64401","responsecode":200},{"latitude":"12.992780000000002","longitude":"77.64399999999999","responsecode":200},{"latitude":"12.992550000000001","longitude":"77.64389999999999","responsecode":200},{"latitude":"12.99243","longitude":"77.64384999999999","responsecode":200},{"latitude":"12.99211","longitude":"77.64372999999999","responsecode":200},{"latitude":"12.99205","longitude":"77.64370999999998","responsecode":200},{"latitude":"12.991990000000001","longitude":"77.64368999999998","responsecode":200},{"latitude":"12.99186","longitude":"77.64364999999998","responsecode":200},{"latitude":"12.99169","longitude":"77.64357999999999","responsecode":200},{"latitude":"12.99156","longitude":"77.64353999999999","responsecode":200},{"latitude":"12.991439999999999","longitude":"77.64350999999999","responsecode":200},{"latitude":"12.9912","longitude":"77.64344999999999","responsecode":200},{"latitude":"12.99076","longitude":"77.64335999999999","responsecode":200},{"latitude":"12.99027","longitude":"77.64326999999999","responsecode":200},{"latitude":"12.99","longitude":"77.64321999999999","responsecode":200},{"latitude":"12.98982","longitude":"77.64319999999998","responsecode":200},{"latitude":"12.98836","longitude":"77.64303999999998","responsecode":200},{"latitude":"12.98808","longitude":"77.64299999999999","responsecode":200},{"latitude":"12.987400000000001","longitude":"77.64289999999998","responsecode":200},{"latitude":"12.98712","longitude":"77.64284999999998","responsecode":200},{"latitude":"12.985990000000001","longitude":"77.64261999999998","responsecode":200},{"latitude":"12.98559","longitude":"77.64253999999998","responsecode":200},{"latitude":"12.98521","longitude":"77.64246999999999","responsecode":200},{"latitude":"12.985050000000001","longitude":"77.64244999999998","responsecode":200},{"latitude":"12.984820000000001","longitude":"77.64244999999998","responsecode":200},{"latitude":"12.98493","longitude":"77.64273999999999","responsecode":200},{"latitude":"12.9854","longitude":"77.64397999999998","responsecode":200},{"latitude":"12.98546","longitude":"77.64414999999998","responsecode":200},{"latitude":"12.985529999999999","longitude":"77.64433999999999","responsecode":200},{"latitude":"12.98566","longitude":"77.64468999999998","responsecode":200},{"latitude":"12.985769999999999","longitude":"77.64499999999998","responsecode":200},{"latitude":"12.985809999999999","longitude":"77.64509999999999","responsecode":200},{"latitude":"12.985862999999998","longitude":"77.64524199999998","responsecode":200},{"latitude":"12.985863","longitude":"77.645242","responsecode":200},{"latitude":"12.98617","longitude":"77.64605999999999","responsecode":200},{"latitude":"12.9862","longitude":"77.64613999999999","responsecode":200},{"latitude":"12.98633","longitude":"77.64647","responsecode":200},{"latitude":"12.986450000000001","longitude":"77.64675","responsecode":200},{"latitude":"12.98661","longitude":"77.64711","responsecode":200},{"latitude":"12.9867","longitude":"77.64732","responsecode":200},{"latitude":"12.98675","longitude":"77.64744999999999","responsecode":200},{"latitude":"12.98681","longitude":"77.64759","responsecode":200},{"latitude":"12.98697","longitude":"77.64801","responsecode":200},{"latitude":"12.98711","longitude":"77.64831","responsecode":200},{"latitude":"12.9872","longitude":"77.64847999999999","responsecode":200},{"latitude":"12.9873","longitude":"77.64872","responsecode":200},{"latitude":"12.98756","longitude":"77.64927999999999","responsecode":200},{"latitude":"12.98759","longitude":"77.64934999999998","responsecode":200},{"latitude":"12.987836000000001","longitude":"77.64988599999998","responsecode":200},{"latitude":"12.987836","longitude":"77.649886","responsecode":200},{"latitude":"12.98831","longitude":"77.65092","responsecode":200},{"latitude":"12.9887","longitude":"77.65174","responsecode":200},{"latitude":"12.98889","longitude":"77.65214","responsecode":200},{"latitude":"12.989239999999999","longitude":"77.65294","responsecode":200},{"latitude":"12.989429999999999","longitude":"77.65334","responsecode":200},{"latitude":"12.989519999999999","longitude":"77.65354","responsecode":200},{"latitude":"12.989669999999998","longitude":"77.65382000000001","responsecode":200},{"latitude":"12.989999999999998","longitude":"77.65452","responsecode":200},{"latitude":"12.99","longitude":"77.65452","responsecode":200},{"latitude":"12.99","longitude":"77.65452","responsecode":200},{"latitude":"12.9901","longitude":"77.65473","responsecode":200},{"latitude":"12.9906","longitude":"77.65576","responsecode":200},{"latitude":"12.991240000000001","longitude":"77.65706","responsecode":200},{"latitude":"12.991570000000001","longitude":"77.65774","responsecode":200},{"latitude":"12.99205","longitude":"77.65874000000001","responsecode":200},{"latitude":"12.99225","longitude":"77.65914000000001","responsecode":200},{"latitude":"12.9923","longitude":"77.65923000000001","responsecode":200},{"latitude":"12.9925","longitude":"77.65964000000001","responsecode":200},{"latitude":"12.992659999999999","longitude":"77.65997000000002","responsecode":200},{"latitude":"12.99288","longitude":"77.66041000000001","responsecode":200},{"latitude":"12.9933","longitude":"77.66123000000002","responsecode":200},{"latitude":"12.993739999999999","longitude":"77.66222000000002","responsecode":200},{"latitude":"12.993809999999998","longitude":"77.66237000000002","responsecode":200},{"latitude":"12.994089999999998","longitude":"77.66298000000002","responsecode":200},{"latitude":"12.994239999999998","longitude":"77.66331000000002","responsecode":200},{"latitude":"12.99424","longitude":"77.66331","responsecode":200},{"latitude":"12.99424","longitude":"77.66331","responsecode":200},{"latitude":"12.99434","longitude":"77.66353","responsecode":200},{"latitude":"12.994549999999998","longitude":"77.66403","responsecode":200},{"latitude":"12.994589999999999","longitude":"77.66412","responsecode":200},{"latitude":"12.99462","longitude":"77.6642","responsecode":200},{"latitude":"12.9947","longitude":"77.66436999999999","responsecode":200},{"latitude":"12.99478","longitude":"77.66456","responsecode":200},{"latitude":"12.99512","longitude":"77.66524","responsecode":200},{"latitude":"12.99526","longitude":"77.66555","responsecode":200},{"latitude":"12.99531","longitude":"77.66566999999999","responsecode":200},{"latitude":"12.99535","longitude":"77.66573999999999","responsecode":200},{"latitude":"12.9954","longitude":"77.66581999999998","responsecode":200},{"latitude":"12.99555","longitude":"77.66607999999998","responsecode":200},{"latitude":"12.99561","longitude":"77.66614999999997","responsecode":200},{"latitude":"12.99565","longitude":"77.66622999999997","responsecode":200},{"latitude":"12.99573","longitude":"77.66641999999997","responsecode":200},{"latitude":"12.99616","longitude":"77.66753999999997","responsecode":200},{"latitude":"12.99628","longitude":"77.66780999999997","responsecode":200},{"latitude":"12.99637","longitude":"77.66800999999998","responsecode":200},{"latitude":"12.99643","longitude":"77.66813999999998","responsecode":200},{"latitude":"12.99664","longitude":"77.66860999999999","responsecode":200},{"latitude":"12.99676","longitude":"77.66886999999998","responsecode":200},{"latitude":"12.99694","longitude":"77.66929999999998","responsecode":200},{"latitude":"12.996970000000001","longitude":"77.66936999999997","responsecode":200},{"latitude":"12.997050000000002","longitude":"77.66953999999997","responsecode":200},{"latitude":"12.99705","longitude":"77.66954","responsecode":200},{"latitude":"12.99705","longitude":"77.66954","responsecode":200},{"latitude":"12.99718","longitude":"77.66983","responsecode":200},{"latitude":"12.99731","longitude":"77.67013","responsecode":200},{"latitude":"12.99749","longitude":"77.67052","responsecode":200},{"latitude":"12.997620000000001","longitude":"77.67081999999999","responsecode":200},{"latitude":"12.997700000000002","longitude":"77.67098999999999","responsecode":200},{"latitude":"12.997790000000002","longitude":"77.67115999999999","responsecode":200},{"latitude":"12.998010000000003","longitude":"77.67163","responsecode":200},{"latitude":"12.999010000000002","longitude":"77.67367999999999","responsecode":200},{"latitude":"12.999340000000002","longitude":"77.67437","responsecode":200},{"latitude":"12.999620000000002","longitude":"77.67497999999999","responsecode":200},{"latitude":"12.999740000000003","longitude":"77.67527","responsecode":200},{"latitude":"12.999990000000002","longitude":"77.67587","responsecode":200},{"latitude":"13.000090000000002","longitude":"77.67608","responsecode":200},{"latitude":"13.000230000000002","longitude":"77.67638","responsecode":200},{"latitude":"13.000320000000002","longitude":"77.67654999999999","responsecode":200},{"latitude":"13.000380000000002","longitude":"77.67665","responsecode":200},{"latitude":"13.000530000000001","longitude":"77.67693","responsecode":200},{"latitude":"13.000630000000001","longitude":"77.67712","responsecode":200},{"latitude":"13.00073","longitude":"77.67728","responsecode":200},{"latitude":"13.00083","longitude":"77.67748","responsecode":200},{"latitude":"13.00117","longitude":"77.67809","responsecode":200},{"latitude":"13.00132","longitude":"77.67836","responsecode":200},{"latitude":"13.00201","longitude":"77.67958","responsecode":200},{"latitude":"13.00296","longitude":"77.68125","responsecode":200},{"latitude":"13.0033","longitude":"77.68184000000001","responsecode":200},{"latitude":"13.00385","longitude":"77.68279000000001","responsecode":200},{"latitude":"13.00488","longitude":"77.68459000000001","responsecode":200},{"latitude":"13.00497","longitude":"77.68475000000001","responsecode":200},{"latitude":"13.00503","longitude":"77.68485000000001","responsecode":200},{"latitude":"13.00513","longitude":"77.68502000000001","responsecode":200},{"latitude":"13.005199999999999","longitude":"77.68498000000001","responsecode":200},{"latitude":"13.005372999999999","longitude":"77.685298","responsecode":200},{"latitude":"13.005373","longitude":"77.685298","responsecode":200},{"latitude":"13.00539","longitude":"77.68533000000001","responsecode":200},{"latitude":"13.00548","longitude":"77.68549","responsecode":200},{"latitude":"13.005790000000001","longitude":"77.68603","responsecode":200},{"latitude":"13.0059","longitude":"77.68623000000001","responsecode":200},{"latitude":"13.00632","longitude":"77.68698","responsecode":200},{"latitude":"13.00662","longitude":"77.68755","responsecode":200},{"latitude":"13.00737","longitude":"77.68904","responsecode":200},{"latitude":"13.00748","longitude":"77.68927000000001","responsecode":200},{"latitude":"13.007539999999999","longitude":"77.68941000000001","responsecode":200},{"latitude":"13.00762","longitude":"77.68962","responsecode":200},{"latitude":"13.0077","longitude":"77.68983","responsecode":200},{"latitude":"13.00776","longitude":"77.69004","responsecode":200},{"latitude":"13.00781","longitude":"77.69023","responsecode":200},{"latitude":"13.007869999999999","longitude":"77.69048","responsecode":200},{"latitude":"13.008099999999999","longitude":"77.69157","responsecode":200},{"latitude":"13.00813","longitude":"77.69174","responsecode":200},{"latitude":"13.00814","longitude":"77.69185999999999","responsecode":200},{"latitude":"13.00812","longitude":"77.69194999999999","responsecode":200},{"latitude":"13.00816","longitude":"77.69215999999999","responsecode":200},{"latitude":"13.00821","longitude":"77.69245999999998","responsecode":200},{"latitude":"13.00811","longitude":"77.69247999999999","responsecode":200},{"latitude":"13.00797","longitude":"77.6925","responsecode":200},{"latitude":"13.007781","longitude":"77.692522","responsecode":200},{"latitude":"13.007781","longitude":"77.692522","responsecode":200},{"latitude":"13.007781","longitude":"77.692522","responsecode":200}],"Message":"Success","Issuccess":true,"exception":null,"RowCount":207,"responsecode":200}