{"data":[{"latitude":"12.95904","longitude":"77.5771","responsecode":200},{"latitude":"12.95905","longitude":"77.57706","responsecode":200},{"latitude":"12.959209999999999","longitude":"77.57657","responsecode":200},{"latitude":"12.959259999999999","longitude":"77.57641000000001","responsecode":200},{"latitude":"12.959319999999998","longitude":"77.57619000000001","responsecode":200},{"latitude":"12.959379999999998","longitude":"77.57599","responsecode":200},{"latitude":"12.959529999999997","longitude":"77.57544","responsecode":200},{"latitude":"12.959719999999997","longitude":"77.57476","responsecode":200},{"latitude":"12.959779999999997","longitude":"77.57455999999999","responsecode":200},{"latitude":"12.959709999999998","longitude":"77.57458","responsecode":200},{"latitude":"12.959559999999998","longitude":"77.57454","responsecode":200},{"latitude":"12.959219999999998","longitude":"77.57441","responsecode":200},{"latitude":"12.959039999999998","longitude":"77.57434","responsecode":200},{"latitude":"12.958559999999999","longitude":"77.57416","responsecode":200},{"latitude":"12.958389999999998","longitude":"77.57409000000001","responsecode":200},{"latitude":"12.958229999999999","longitude":"77.57402000000002","responsecode":200},{"latitude":"12.957899999999999","longitude":"77.57390000000002","responsecode":200},{"latitude":"12.957795999999998","longitude":"77.57386300000002","responsecode":200},{"latitude":"12.957796","longitude":"77.573863","responsecode":200},{"latitude":"12.95776","longitude":"77.57385000000001","responsecode":200},{"latitude":"12.95761","longitude":"77.57379","responsecode":200},{"latitude":"12.95752","longitude":"77.57377","responsecode":200},{"latitude":"12.95743","longitude":"77.57382","responsecode":200},{"latitude":"12.95738","longitude":"77.57384","responsecode":200},{"latitude":"12.95733","longitude":"77.57387","responsecode":200},{"latitude":"12.957230000000001","longitude":"77.57392","responsecode":200},{"latitude":"12.957180000000001","longitude":"77.57412000000001","responsecode":200},{"latitude":"12.957070000000002","longitude":"77.57451","responsecode":200},{"latitude":"12.957020000000002","longitude":"77.57469","responsecode":200},{"latitude":"12.956950000000003","longitude":"77.57497000000001","responsecode":200},{"latitude":"12.956920000000002","longitude":"77.57507000000001","responsecode":200},{"latitude":"12.956870000000002","longitude":"77.57525000000001","responsecode":200},{"latitude":"12.956840000000001","longitude":"77.57536000000002","responsecode":200},{"latitude":"12.956780000000002","longitude":"77.57556000000002","responsecode":200},{"latitude":"12.956620000000003","longitude":"77.57610000000003","responsecode":200},{"latitude":"12.956560000000003","longitude":"77.57629000000003","responsecode":200},{"latitude":"12.956520000000003","longitude":"77.57647000000003","responsecode":200},{"latitude":"12.956490000000002","longitude":"77.57661000000003","responsecode":200},{"latitude":"12.956440000000002","longitude":"77.57682000000003","responsecode":200},{"latitude":"12.956380000000003","longitude":"77.57705000000003","responsecode":200},{"latitude":"12.956340000000003","longitude":"77.57718000000003","responsecode":200},{"latitude":"12.95634","longitude":"77.57718","responsecode":200},{"latitude":"12.95634","longitude":"77.57718","responsecode":200},{"latitude":"12.95631","longitude":"77.57729","responsecode":200},{"latitude":"12.95628","longitude":"77.57737","responsecode":200},{"latitude":"12.95617","longitude":"77.57762","responsecode":200},{"latitude":"12.95609","longitude":"77.57777999999999","responsecode":200},{"latitude":"12.95566","longitude":"77.5786","responsecode":200},{"latitude":"12.95548","longitude":"77.57896","responsecode":200},{"latitude":"12.95542","longitude":"77.57911999999999","responsecode":200},{"latitude":"12.95539","longitude":"77.57920999999999","responsecode":200},{"latitude":"12.955359999999999","longitude":"77.57932","responsecode":200},{"latitude":"12.955329999999998","longitude":"77.57943999999999","responsecode":200},{"latitude":"12.955309999999999","longitude":"77.57954","responsecode":200},{"latitude":"12.95529","longitude":"77.57965","responsecode":200},{"latitude":"12.955259999999999","longitude":"77.57986","responsecode":200},{"latitude":"12.955259999999999","longitude":"77.57996","responsecode":200},{"latitude":"12.95525","longitude":"77.58011","responsecode":200},{"latitude":"12.95525","longitude":"77.58011","responsecode":200},{"latitude":"12.95525","longitude":"77.58011","responsecode":200},{"latitude":"12.955359999999999","longitude":"77.58021000000001","responsecode":200},{"latitude":"12.955919999999999","longitude":"77.58077","responsecode":200},{"latitude":"12.95628","longitude":"77.58109","responsecode":200},{"latitude":"12.95671","longitude":"77.58145","responsecode":200},{"latitude":"12.957189999999999","longitude":"77.58181","responsecode":200},{"latitude":"12.957299999999998","longitude":"77.58189","responsecode":200},{"latitude":"12.957469999999999","longitude":"77.58199","responsecode":200},{"latitude":"12.957719999999998","longitude":"77.58212","responsecode":200},{"latitude":"12.95772","longitude":"77.58212","responsecode":200},{"latitude":"12.95772","longitude":"77.58212","responsecode":200},{"latitude":"12.95767","longitude":"77.58225","responsecode":200},{"latitude":"12.95762","longitude":"77.58239","responsecode":200},{"latitude":"12.95759","longitude":"77.58246","responsecode":200},{"latitude":"12.95755","longitude":"77.58254","responsecode":200},{"latitude":"12.95748","longitude":"77.58265","responsecode":200},{"latitude":"12.95742","longitude":"77.58271","responsecode":200},{"latitude":"12.957130000000001","longitude":"77.58296","responsecode":200},{"latitude":"12.956790000000002","longitude":"77.58324","responsecode":200},{"latitude":"12.956700000000001","longitude":"77.58333","responsecode":200},{"latitude":"12.956570000000001","longitude":"77.58348000000001","responsecode":200},{"latitude":"12.95648","longitude":"77.58358000000001","responsecode":200},{"latitude":"12.95636","longitude":"77.58375000000001","responsecode":200},{"latitude":"12.9563","longitude":"77.58385000000001","responsecode":200},{"latitude":"12.956000000000001","longitude":"77.58455000000001","responsecode":200},{"latitude":"12.955560000000002","longitude":"77.5857","responsecode":200},{"latitude":"12.955230000000002","longitude":"77.58562","responsecode":200},{"latitude":"12.954430000000002","longitude":"77.58544","responsecode":200},{"latitude":"12.954190000000002","longitude":"77.58551","responsecode":200},{"latitude":"12.954100000000002","longitude":"77.58555","responsecode":200},{"latitude":"12.954090000000003","longitude":"77.585556","responsecode":200},{"latitude":"12.95409","longitude":"77.585556","responsecode":200},{"latitude":"12.954020000000002","longitude":"77.5856","responsecode":200},{"latitude":"12.9539","longitude":"77.58569","responsecode":200},{"latitude":"12.95349","longitude":"77.58623","responsecode":200},{"latitude":"12.95337","longitude":"77.58637","responsecode":200},{"latitude":"12.95296","longitude":"77.58685","responsecode":200},{"latitude":"12.95289","longitude":"77.58693","responsecode":200},{"latitude":"12.95283","longitude":"77.58700999999999","responsecode":200},{"latitude":"12.95278","longitude":"77.58711","responsecode":200},{"latitude":"12.95273","longitude":"77.58724","responsecode":200},{"latitude":"12.952430000000001","longitude":"77.58803999999999","responsecode":200},{"latitude":"12.952350000000001","longitude":"77.58825999999999","responsecode":200},{"latitude":"12.952280000000002","longitude":"77.58845","responsecode":200},{"latitude":"12.952060000000001","longitude":"77.58908","responsecode":200},{"latitude":"12.951990000000002","longitude":"77.58928","responsecode":200},{"latitude":"12.951820000000001","longitude":"77.58972","responsecode":200},{"latitude":"12.951760000000002","longitude":"77.5899","responsecode":200},{"latitude":"12.951690000000003","longitude":"77.59012","responsecode":200},{"latitude":"12.951600000000003","longitude":"77.5904","responsecode":200},{"latitude":"12.951640000000003","longitude":"77.59042000000001","responsecode":200},{"latitude":"12.951680000000003","longitude":"77.59045","responsecode":200},{"latitude":"12.951700000000002","longitude":"77.5905","responsecode":200},{"latitude":"12.951710000000002","longitude":"77.59055000000001","responsecode":200},{"latitude":"12.951700000000002","longitude":"77.59060000000001","responsecode":200},{"latitude":"12.951680000000003","longitude":"77.59066000000001","responsecode":200},{"latitude":"12.951650000000003","longitude":"77.59070000000001","responsecode":200},{"latitude":"12.951610000000002","longitude":"77.59074000000001","responsecode":200},{"latitude":"12.951550000000003","longitude":"77.59076000000002","responsecode":200},{"latitude":"12.951460000000003","longitude":"77.59096000000002","responsecode":200},{"latitude":"12.951360000000003","longitude":"77.59123000000002","responsecode":200},{"latitude":"12.951348000000003","longitude":"77.59126300000003","responsecode":200},{"latitude":"12.951348","longitude":"77.591263","responsecode":200},{"latitude":"12.951329999999999","longitude":"77.59131","responsecode":200},{"latitude":"12.951289999999998","longitude":"77.59141","responsecode":200},{"latitude":"12.951239999999999","longitude":"77.59152999999999","responsecode":200},{"latitude":"12.951199999999998","longitude":"77.59161999999999","responsecode":200},{"latitude":"12.951169999999998","longitude":"77.59168","responsecode":200},{"latitude":"12.951109999999998","longitude":"77.59177","responsecode":200},{"latitude":"12.951069999999998","longitude":"77.59183","responsecode":200},{"latitude":"12.951019999999998","longitude":"77.5919","responsecode":200},{"latitude":"12.950929999999998","longitude":"77.59201","responsecode":200},{"latitude":"12.950819999999998","longitude":"77.59214","responsecode":200},{"latitude":"12.950719999999999","longitude":"77.59224","responsecode":200},{"latitude":"12.95042","longitude":"77.59256","responsecode":200},{"latitude":"12.950289999999999","longitude":"77.59270000000001","responsecode":200},{"latitude":"12.95014","longitude":"77.59285000000001","responsecode":200},{"latitude":"12.950059999999999","longitude":"77.59292","responsecode":200},{"latitude":"12.94999","longitude":"77.59297000000001","responsecode":200},{"latitude":"12.94991","longitude":"77.59302000000001","responsecode":200},{"latitude":"12.94985","longitude":"77.59306000000001","responsecode":200},{"latitude":"12.949629999999999","longitude":"77.59318","responsecode":200},{"latitude":"12.949179999999998","longitude":"77.5934","responsecode":200},{"latitude":"12.949089999999998","longitude":"77.59343","responsecode":200},{"latitude":"12.948869999999998","longitude":"77.59351","responsecode":200},{"latitude":"12.948779999999998","longitude":"77.59355","responsecode":200},{"latitude":"12.948629999999998","longitude":"77.59361999999999","responsecode":200},{"latitude":"12.948139999999999","longitude":"77.59385999999999","responsecode":200},{"latitude":"12.947799999999999","longitude":"77.59401999999999","responsecode":200},{"latitude":"12.94769","longitude":"77.59406999999999","responsecode":200},{"latitude":"12.94759","longitude":"77.59411999999999","responsecode":200},{"latitude":"12.94749","longitude":"77.59416999999999","responsecode":200},{"latitude":"12.9474","longitude":"77.59421999999999","responsecode":200},{"latitude":"12.94729","longitude":"77.59428999999999","responsecode":200},{"latitude":"12.947180000000001","longitude":"77.59436999999998","responsecode":200},{"latitude":"12.947070000000002","longitude":"77.59444999999998","responsecode":200},{"latitude":"12.946970000000002","longitude":"77.59452999999998","responsecode":200},{"latitude":"12.946900000000003","longitude":"77.59458999999998","responsecode":200},{"latitude":"12.946837000000002","longitude":"77.59464599999998","responsecode":200},{"latitude":"12.946837","longitude":"77.594646","responsecode":200},{"latitude":"12.946810000000001","longitude":"77.59467","responsecode":200},{"latitude":"12.946700000000002","longitude":"77.59478","responsecode":200},{"latitude":"12.94658","longitude":"77.5949","responsecode":200},{"latitude":"12.9463","longitude":"77.59519","responsecode":200},{"latitude":"12.94621","longitude":"77.59529","responsecode":200},{"latitude":"12.94612","longitude":"77.59540000000001","responsecode":200},{"latitude":"12.946050000000001","longitude":"77.59550000000002","responsecode":200},{"latitude":"12.94602","longitude":"77.59554000000001","responsecode":200},{"latitude":"12.94598","longitude":"77.59560000000002","responsecode":200},{"latitude":"12.94567","longitude":"77.59610000000002","responsecode":200},{"latitude":"12.94549","longitude":"77.59638000000002","responsecode":200},{"latitude":"12.945409999999999","longitude":"77.59650000000002","responsecode":200},{"latitude":"12.945359999999999","longitude":"77.59657000000001","responsecode":200},{"latitude":"12.945269999999999","longitude":"77.59669000000001","responsecode":200},{"latitude":"12.945189999999998","longitude":"77.59678000000001","responsecode":200},{"latitude":"12.945109999999998","longitude":"77.59685","responsecode":200},{"latitude":"12.945029999999997","longitude":"77.59691000000001","responsecode":200},{"latitude":"12.944949999999997","longitude":"77.59696000000001","responsecode":200},{"latitude":"12.944849999999997","longitude":"77.59699","responsecode":200},{"latitude":"12.944729999999996","longitude":"77.59703","responsecode":200},{"latitude":"12.944239999999997","longitude":"77.59715","responsecode":200},{"latitude":"12.944019999999997","longitude":"77.59718","responsecode":200},{"latitude":"12.943689999999997","longitude":"77.59724","responsecode":200},{"latitude":"12.943619999999997","longitude":"77.59725","responsecode":200},{"latitude":"12.943209999999997","longitude":"77.59733","responsecode":200},{"latitude":"12.94321","longitude":"77.59733","responsecode":200},{"latitude":"12.94321","longitude":"77.59733","responsecode":200},{"latitude":"12.94307","longitude":"77.59735","responsecode":200},{"latitude":"12.9429","longitude":"77.59737000000001","responsecode":200},{"latitude":"12.94269","longitude":"77.59739000000002","responsecode":200},{"latitude":"12.94116","longitude":"77.59753000000002","responsecode":200},{"latitude":"12.94084","longitude":"77.59756000000002","responsecode":200},{"latitude":"12.940439999999999","longitude":"77.59762000000002","responsecode":200},{"latitude":"12.940199999999999","longitude":"77.59765000000002","responsecode":200},{"latitude":"12.940119999999999","longitude":"77.59766000000002","responsecode":200},{"latitude":"12.93996","longitude":"77.59771000000002","responsecode":200},{"latitude":"12.93996","longitude":"77.59771","responsecode":200},{"latitude":"12.93996","longitude":"77.59771","responsecode":200},{"latitude":"12.93986","longitude":"77.59775","responsecode":200},{"latitude":"12.93975","longitude":"77.5978","responsecode":200},{"latitude":"12.93956","longitude":"77.59789","responsecode":200},{"latitude":"12.93946","longitude":"77.59794000000001","responsecode":200},{"latitude":"12.93931","longitude":"77.59803000000001","responsecode":200},{"latitude":"12.939110000000001","longitude":"77.59814000000001","responsecode":200},{"latitude":"12.938950000000002","longitude":"77.59824000000002","responsecode":200},{"latitude":"12.938800000000002","longitude":"77.59834000000002","responsecode":200},{"latitude":"12.938680000000002","longitude":"77.59842000000002","responsecode":200},{"latitude":"12.938520000000002","longitude":"77.59854000000001","responsecode":200},{"latitude":"12.938410000000003","longitude":"77.59863000000001","responsecode":200},{"latitude":"12.938330000000002","longitude":"77.59870000000001","responsecode":200},{"latitude":"12.938240000000002","longitude":"77.59878","responsecode":200},{"latitude":"12.938110000000002","longitude":"77.5989","responsecode":200},{"latitude":"12.938000000000002","longitude":"77.59903","responsecode":200},{"latitude":"12.937790000000003","longitude":"77.59934","responsecode":200},{"latitude":"12.937710000000003","longitude":"77.59948","responsecode":200},{"latitude":"12.937650000000003","longitude":"77.5996","responsecode":200},{"latitude":"12.937590000000004","longitude":"77.59973","responsecode":200},{"latitude":"12.937540000000004","longitude":"77.59984","responsecode":200},{"latitude":"12.937470000000005","longitude":"77.6","responsecode":200},{"latitude":"12.937410000000005","longitude":"77.60018","responsecode":200},{"latitude":"12.937360000000005","longitude":"77.60038999999999","responsecode":200},{"latitude":"12.937320000000005","longitude":"77.60060999999999","responsecode":200},{"latitude":"12.937280000000005","longitude":"77.60085999999998","responsecode":200},{"latitude":"12.937190000000005","longitude":"77.60159999999998","responsecode":200},{"latitude":"12.937170000000005","longitude":"77.60169999999998","responsecode":200},{"latitude":"12.937168000000005","longitude":"77.60171599999998","responsecode":200},{"latitude":"12.937168","longitude":"77.601716","responsecode":200},{"latitude":"12.93716","longitude":"77.60177","responsecode":200},{"latitude":"12.93715","longitude":"77.60187","responsecode":200},{"latitude":"12.936950000000001","longitude":"77.60335","responsecode":200},{"latitude":"12.936900000000001","longitude":"77.60366","responsecode":200},{"latitude":"12.936860000000001","longitude":"77.60394000000001","responsecode":200},{"latitude":"12.936700000000002","longitude":"77.60504","responsecode":200},{"latitude":"12.936630000000003","longitude":"77.60553","responsecode":200},{"latitude":"12.936610000000003","longitude":"77.60572","responsecode":200},{"latitude":"12.936570000000003","longitude":"77.60598","responsecode":200},{"latitude":"12.936530000000003","longitude":"77.60624","responsecode":200},{"latitude":"12.936490000000003","longitude":"77.60645","responsecode":200},{"latitude":"12.936470000000003","longitude":"77.60654","responsecode":200},{"latitude":"12.936454000000003","longitude":"77.60659799999999","responsecode":200},{"latitude":"12.936454","longitude":"77.606598","responsecode":200},{"latitude":"12.93644","longitude":"77.60665","responsecode":200},{"latitude":"12.936409999999999","longitude":"77.60674","responsecode":200},{"latitude":"12.936379999999998","longitude":"77.60682","responsecode":200},{"latitude":"12.936339999999998","longitude":"77.60692","responsecode":200},{"latitude":"12.936289999999998","longitude":"77.60704","responsecode":200},{"latitude":"12.936109999999998","longitude":"77.60749","responsecode":200},{"latitude":"12.936069999999997","longitude":"77.60759","responsecode":200},{"latitude":"12.935939999999997","longitude":"77.60789","responsecode":200},{"latitude":"12.935889999999997","longitude":"77.608","responsecode":200},{"latitude":"12.935829999999997","longitude":"77.60812","responsecode":200},{"latitude":"12.935749999999997","longitude":"77.60827","responsecode":200},{"latitude":"12.935669999999996","longitude":"77.6084","responsecode":200},{"latitude":"12.935579999999996","longitude":"77.60855000000001","responsecode":200},{"latitude":"12.935499999999996","longitude":"77.60869000000001","responsecode":200},{"latitude":"12.935419999999995","longitude":"77.60882000000001","responsecode":200},{"latitude":"12.935299999999994","longitude":"77.60901000000001","responsecode":200},{"latitude":"12.934959999999995","longitude":"77.60953","responsecode":200},{"latitude":"12.934889999999996","longitude":"77.60963000000001","responsecode":200},{"latitude":"12.934799999999996","longitude":"77.60977000000001","responsecode":200},{"latitude":"12.934679999999995","longitude":"77.60992000000002","responsecode":200},{"latitude":"12.934239999999996","longitude":"77.61046000000002","responsecode":200},{"latitude":"12.934079999999996","longitude":"77.61067000000001","responsecode":200},{"latitude":"12.933979999999996","longitude":"77.61080000000001","responsecode":200},{"latitude":"12.933769999999997","longitude":"77.61108000000002","responsecode":200},{"latitude":"12.933699999999998","longitude":"77.61119000000002","responsecode":200},{"latitude":"12.933629999999999","longitude":"77.61128000000002","responsecode":200},{"latitude":"12.93348","longitude":"77.61147000000003","responsecode":200},{"latitude":"12.933259999999999","longitude":"77.61176000000003","responsecode":200},{"latitude":"12.933019999999999","longitude":"77.61207000000003","responsecode":200},{"latitude":"12.93292","longitude":"77.61221000000003","responsecode":200},{"latitude":"12.932739999999999","longitude":"77.61243000000003","responsecode":200},{"latitude":"12.93249","longitude":"77.61274000000003","responsecode":200},{"latitude":"12.93217","longitude":"77.61315000000003","responsecode":200},{"latitude":"12.932094999999999","longitude":"77.61325600000004","responsecode":200},{"latitude":"12.932095","longitude":"77.613256","responsecode":200},{"latitude":"12.932","longitude":"77.61339000000001","responsecode":200},{"latitude":"12.93187","longitude":"77.61355","responsecode":200},{"latitude":"12.93178","longitude":"77.61371","responsecode":200},{"latitude":"12.93167","longitude":"77.61382","responsecode":200},{"latitude":"12.93153","longitude":"77.61396","responsecode":200},{"latitude":"12.931420000000001","longitude":"77.61402000000001","responsecode":200},{"latitude":"12.93077","longitude":"77.61442000000001","responsecode":200},{"latitude":"12.930190000000001","longitude":"77.61478000000001","responsecode":200},{"latitude":"12.930010000000001","longitude":"77.61491000000001","responsecode":200},{"latitude":"12.929910000000001","longitude":"77.61502000000002","responsecode":200},{"latitude":"12.929860000000001","longitude":"77.61508000000002","responsecode":200},{"latitude":"12.929820000000001","longitude":"77.61514000000003","responsecode":200},{"latitude":"12.929730000000001","longitude":"77.61532000000003","responsecode":200},{"latitude":"12.929660000000002","longitude":"77.61553000000002","responsecode":200},{"latitude":"12.929580000000001","longitude":"77.61571000000002","responsecode":200},{"latitude":"12.929537000000002","longitude":"77.61581800000002","responsecode":200},{"latitude":"12.929537","longitude":"77.615818","responsecode":200},{"latitude":"12.92942","longitude":"77.61611","responsecode":200},{"latitude":"12.92892","longitude":"77.61749","responsecode":200},{"latitude":"12.92856","longitude":"77.61848","responsecode":200},{"latitude":"12.92841","longitude":"77.61887","responsecode":200},{"latitude":"12.92831","longitude":"77.61913","responsecode":200},{"latitude":"12.92815","longitude":"77.61955999999999","responsecode":200},{"latitude":"12.92773","longitude":"77.62062999999999","responsecode":200},{"latitude":"12.92769","longitude":"77.62074999999999","responsecode":200},{"latitude":"12.927620000000001","longitude":"77.62090999999998","responsecode":200},{"latitude":"12.92754","longitude":"77.62107999999998","responsecode":200},{"latitude":"12.927391","longitude":"77.62144099999998","responsecode":200},{"latitude":"12.927391","longitude":"77.621441","responsecode":200},{"latitude":"12.92698","longitude":"77.62244","responsecode":200},{"latitude":"12.926820000000001","longitude":"77.62282","responsecode":200},{"latitude":"12.92656","longitude":"77.62344","responsecode":200},{"latitude":"12.92636","longitude":"77.6239","responsecode":200},{"latitude":"12.92624","longitude":"77.62418000000001","responsecode":200},{"latitude":"12.92607","longitude":"77.62460000000002","responsecode":200},{"latitude":"12.925899999999999","longitude":"77.62499000000001","responsecode":200},{"latitude":"12.92579","longitude":"77.62527000000001","responsecode":200},{"latitude":"12.925732","longitude":"77.62540500000001","responsecode":200},{"latitude":"12.925732","longitude":"77.625405","responsecode":200},{"latitude":"12.92548","longitude":"77.626","responsecode":200},{"latitude":"12.92511","longitude":"77.62689","responsecode":200},{"latitude":"12.925","longitude":"77.62715","responsecode":200},{"latitude":"12.92459","longitude":"77.6281","responsecode":200},{"latitude":"12.92449","longitude":"77.62832","responsecode":200},{"latitude":"12.92436","longitude":"77.62864","responsecode":200},{"latitude":"12.92432","longitude":"77.62875000000001","responsecode":200},{"latitude":"12.92429","longitude":"77.62884000000001","responsecode":200},{"latitude":"12.92427","longitude":"77.62890000000002","responsecode":200},{"latitude":"12.92425","longitude":"77.62899000000002","responsecode":200},{"latitude":"12.924150000000001","longitude":"77.62887000000002","responsecode":200},{"latitude":"12.92411","longitude":"77.62883000000002","responsecode":200},{"latitude":"12.92407","longitude":"77.62878000000002","responsecode":200},{"latitude":"12.92402","longitude":"77.62870000000002","responsecode":200},{"latitude":"12.923960000000001","longitude":"77.62857000000002","responsecode":200},{"latitude":"12.92392","longitude":"77.62847000000002","responsecode":200},{"latitude":"12.92392","longitude":"77.62847","responsecode":200},{"latitude":"12.923860000000001","longitude":"77.62826","responsecode":200},{"latitude":"12.923810000000001","longitude":"77.62807","responsecode":200},{"latitude":"12.92373","longitude":"77.62771","responsecode":200},{"latitude":"12.923630000000001","longitude":"77.62720999999999","responsecode":200},{"latitude":"12.92351","longitude":"77.62669","responsecode":200},{"latitude":"12.9234","longitude":"77.62621999999999","responsecode":200},{"latitude":"12.923250000000001","longitude":"77.62554999999999","responsecode":200},{"latitude":"12.92298","longitude":"77.62433999999999","responsecode":200},{"latitude":"12.9229","longitude":"77.624","responsecode":200},{"latitude":"12.92286","longitude":"77.62384","responsecode":200},{"latitude":"12.92282","longitude":"77.62368000000001","responsecode":200},{"latitude":"12.92278","longitude":"77.62354","responsecode":200},{"latitude":"12.92274","longitude":"77.62341","responsecode":200},{"latitude":"12.922699999999999","longitude":"77.62331","responsecode":200},{"latitude":"12.922649999999999","longitude":"77.6232","responsecode":200},{"latitude":"12.92259","longitude":"77.62308","responsecode":200},{"latitude":"12.9225","longitude":"77.62292000000001","responsecode":200},{"latitude":"12.922369999999999","longitude":"77.62270000000001","responsecode":200},{"latitude":"12.922109999999998","longitude":"77.62224","responsecode":200},{"latitude":"12.921999999999999","longitude":"77.62205","responsecode":200},{"latitude":"12.921589999999998","longitude":"77.62132","responsecode":200},{"latitude":"12.921439999999999","longitude":"77.62105","responsecode":200},{"latitude":"12.921409999999998","longitude":"77.620999","responsecode":200},{"latitude":"12.92141","longitude":"77.620999","responsecode":200},{"latitude":"12.92128","longitude":"77.62078","responsecode":200},{"latitude":"12.92117","longitude":"77.62057","responsecode":200},{"latitude":"12.92106","longitude":"77.62037","responsecode":200},{"latitude":"12.92101","longitude":"77.62039999999999","responsecode":200},{"latitude":"12.92089","longitude":"77.62046","responsecode":200},{"latitude":"12.9208","longitude":"77.62051","responsecode":200},{"latitude":"12.920539999999999","longitude":"77.62066","responsecode":200},{"latitude":"12.92043","longitude":"77.62073","responsecode":200},{"latitude":"12.920119999999999","longitude":"77.62092","responsecode":200},{"latitude":"12.91955","longitude":"77.62131","responsecode":200},{"latitude":"12.9194","longitude":"77.62142","responsecode":200},{"latitude":"12.91897","longitude":"77.62175","responsecode":200},{"latitude":"12.91867","longitude":"77.62197","responsecode":200},{"latitude":"12.918520000000001","longitude":"77.62207000000001","responsecode":200},{"latitude":"12.918330000000001","longitude":"77.6222","responsecode":200},{"latitude":"12.91816","longitude":"77.62230000000001","responsecode":200},{"latitude":"12.91783","longitude":"77.62250000000002","responsecode":200},{"latitude":"12.91749","longitude":"77.62271000000001","responsecode":200},{"latitude":"12.91735","longitude":"77.62280000000001","responsecode":200},{"latitude":"12.91727","longitude":"77.62285000000001","responsecode":200},{"latitude":"12.91701","longitude":"77.62298000000001","responsecode":200},{"latitude":"12.9165","longitude":"77.62327000000002","responsecode":200},{"latitude":"12.91517","longitude":"77.62402000000002","responsecode":200},{"latitude":"12.91501","longitude":"77.62411000000002","responsecode":200},{"latitude":"12.914570000000001","longitude":"77.62437000000001","responsecode":200},{"latitude":"12.914410000000002","longitude":"77.62446000000001","responsecode":200},{"latitude":"12.914280000000002","longitude":"77.62455000000001","responsecode":200},{"latitude":"12.913640000000001","longitude":"77.62495000000001","responsecode":200},{"latitude":"12.91295","longitude":"77.62535000000001","responsecode":200},{"latitude":"12.91273","longitude":"77.62548000000001","responsecode":200},{"latitude":"12.91258","longitude":"77.62557000000001","responsecode":200},{"latitude":"12.91206","longitude":"77.62590000000002","responsecode":200},{"latitude":"12.911864","longitude":"77.62602300000002","responsecode":200},{"latitude":"12.911864","longitude":"77.626023","responsecode":200},{"latitude":"12.91171","longitude":"77.62612","responsecode":200},{"latitude":"12.91138","longitude":"77.62632","responsecode":200},{"latitude":"12.91038","longitude":"77.62692000000001","responsecode":200},{"latitude":"12.91007","longitude":"77.62711000000002","responsecode":200},{"latitude":"12.90991","longitude":"77.62721000000002","responsecode":200},{"latitude":"12.90969","longitude":"77.62734000000002","responsecode":200},{"latitude":"12.90964","longitude":"77.62741000000001","responsecode":200},{"latitude":"12.9096","longitude":"77.62746000000001","responsecode":200},{"latitude":"12.90954","longitude":"77.62751000000002","responsecode":200},{"latitude":"12.90949","longitude":"77.62755000000001","responsecode":200},{"latitude":"12.90938","longitude":"77.62763000000001","responsecode":200},{"latitude":"12.90865","longitude":"77.62808000000001","responsecode":200},{"latitude":"12.9078","longitude":"77.6286","responsecode":200},{"latitude":"12.90731","longitude":"77.62889000000001","responsecode":200},{"latitude":"12.907240000000002","longitude":"77.62892000000001","responsecode":200},{"latitude":"12.907180000000002","longitude":"77.62893000000001","responsecode":200},{"latitude":"12.907100000000002","longitude":"77.62892000000001","responsecode":200},{"latitude":"12.907070000000001","longitude":"77.62884000000001","responsecode":200},{"latitude":"12.906970000000001","longitude":"77.62866000000001","responsecode":200},{"latitude":"12.906910000000002","longitude":"77.6286","responsecode":200},{"latitude":"12.906870000000001","longitude":"77.62853000000001","responsecode":200},{"latitude":"12.906820000000002","longitude":"77.62844500000001","responsecode":200},{"latitude":"12.90682","longitude":"77.628445","responsecode":200},{"latitude":"12.9068","longitude":"77.62841","responsecode":200},{"latitude":"12.906740000000001","longitude":"77.62831","responsecode":200},{"latitude":"12.906670000000002","longitude":"77.62821","responsecode":200},{"latitude":"12.906590000000001","longitude":"77.62812","responsecode":200},{"latitude":"12.906520000000002","longitude":"77.62805","responsecode":200},{"latitude":"12.906420000000002","longitude":"77.62797","responsecode":200},{"latitude":"12.906330000000002","longitude":"77.62792","responsecode":200},{"latitude":"12.906240000000002","longitude":"77.62788","responsecode":200},{"latitude":"12.906110000000002","longitude":"77.62784","responsecode":200},{"latitude":"12.905980000000001","longitude":"77.62780000000001","responsecode":200},{"latitude":"12.905800000000001","longitude":"77.62775","responsecode":200},{"latitude":"12.90558","longitude":"77.6277","responsecode":200},{"latitude":"12.90529","longitude":"77.62764","responsecode":200},{"latitude":"12.90492","longitude":"77.62757","responsecode":200},{"latitude":"12.904760000000001","longitude":"77.62754000000001","responsecode":200},{"latitude":"12.904340000000001","longitude":"77.62746000000001","responsecode":200},{"latitude":"12.9038","longitude":"77.62734000000002","responsecode":200},{"latitude":"12.90366","longitude":"77.62731000000002","responsecode":200},{"latitude":"12.90358","longitude":"77.62728000000003","responsecode":200},{"latitude":"12.9035","longitude":"77.62723000000003","responsecode":200},{"latitude":"12.903419999999999","longitude":"77.62723000000003","responsecode":200},{"latitude":"12.90335","longitude":"77.62725000000003","responsecode":200},{"latitude":"12.90327","longitude":"77.62728000000003","responsecode":200},{"latitude":"12.90316","longitude":"77.62733000000003","responsecode":200},{"latitude":"12.903039999999999","longitude":"77.62737000000003","responsecode":200},{"latitude":"12.902899999999999","longitude":"77.62740000000002","responsecode":200},{"latitude":"12.90266","longitude":"77.62743000000002","responsecode":200},{"latitude":"12.90255","longitude":"77.62743000000002","responsecode":200},{"latitude":"12.90255","longitude":"77.62743","responsecode":200},{"latitude":"12.9025","longitude":"77.62743","responsecode":200},{"latitude":"12.90234","longitude":"77.62741","responsecode":200},{"latitude":"12.90215","longitude":"77.62738","responsecode":200},{"latitude":"12.902000000000001","longitude":"77.62735","responsecode":200},{"latitude":"12.90182","longitude":"77.62732000000001","responsecode":200},{"latitude":"12.901670000000001","longitude":"77.62729000000002","responsecode":200},{"latitude":"12.9014","longitude":"77.62725000000002","responsecode":200},{"latitude":"12.901150000000001","longitude":"77.62721000000002","responsecode":200},{"latitude":"12.900990000000002","longitude":"77.62718000000002","responsecode":200},{"latitude":"12.900780000000003","longitude":"77.62713000000002","responsecode":200},{"latitude":"12.900440000000003","longitude":"77.62704000000002","responsecode":200},{"latitude":"12.899910000000004","longitude":"77.62691000000002","responsecode":200},{"latitude":"12.899770000000004","longitude":"77.62687100000002","responsecode":200},{"latitude":"12.89977","longitude":"77.626871","responsecode":200},{"latitude":"12.89934","longitude":"77.62675","responsecode":200},{"latitude":"12.89924","longitude":"77.62672","responsecode":200},{"latitude":"12.899080000000001","longitude":"77.62668000000001","responsecode":200},{"latitude":"12.898970000000002","longitude":"77.62665000000001","responsecode":200},{"latitude":"12.898820000000002","longitude":"77.62662000000002","responsecode":200},{"latitude":"12.898470000000003","longitude":"77.62654000000002","responsecode":200},{"latitude":"12.898350000000002","longitude":"77.62651000000002","responsecode":200},{"latitude":"12.898290000000003","longitude":"77.62649000000002","responsecode":200},{"latitude":"12.898130000000004","longitude":"77.62644000000002","responsecode":200},{"latitude":"12.897820000000003","longitude":"77.62635000000002","responsecode":200},{"latitude":"12.897590000000003","longitude":"77.62629000000001","responsecode":200},{"latitude":"12.897380000000004","longitude":"77.62624000000001","responsecode":200},{"latitude":"12.897260000000003","longitude":"77.62622","responsecode":200},{"latitude":"12.89726","longitude":"77.62622","responsecode":200},{"latitude":"12.89726","longitude":"77.62622","responsecode":200},{"latitude":"12.897129999999999","longitude":"77.6262","responsecode":200},{"latitude":"12.89678","longitude":"77.62615","responsecode":200},{"latitude":"12.89665","longitude":"77.62612999999999","responsecode":200},{"latitude":"12.89651","longitude":"77.62610999999998","responsecode":200},{"latitude":"12.89637","longitude":"77.62608999999998","responsecode":200},{"latitude":"12.89622","longitude":"77.62606999999997","responsecode":200},{"latitude":"12.89608","longitude":"77.62605999999997","responsecode":200},{"latitude":"12.895959999999999","longitude":"77.62605999999997","responsecode":200},{"latitude":"12.895829999999998","longitude":"77.62605999999997","responsecode":200},{"latitude":"12.895729999999999","longitude":"77.62604999999996","responsecode":200},{"latitude":"12.895609999999998","longitude":"77.62602999999996","responsecode":200},{"latitude":"12.895479999999997","longitude":"77.62600999999995","responsecode":200},{"latitude":"12.895299999999997","longitude":"77.62598999999994","responsecode":200},{"latitude":"12.895149999999997","longitude":"77.62596999999994","responsecode":200},{"latitude":"12.895029999999997","longitude":"77.62594999999993","responsecode":200},{"latitude":"12.894909999999996","longitude":"77.62591999999994","responsecode":200},{"latitude":"12.894819999999996","longitude":"77.62588999999994","responsecode":200},{"latitude":"12.894699999999995","longitude":"77.62584999999994","responsecode":200},{"latitude":"12.894539999999996","longitude":"77.62578999999994","responsecode":200},{"latitude":"12.894479999999996","longitude":"77.62576999999993","responsecode":200},{"latitude":"12.894379999999996","longitude":"77.62572999999993","responsecode":200},{"latitude":"12.894299999999996","longitude":"77.62570999999993","responsecode":200},{"latitude":"12.894189999999996","longitude":"77.62569999999992","responsecode":200},{"latitude":"12.894009999999996","longitude":"77.62569999999992","responsecode":200},{"latitude":"12.893929999999996","longitude":"77.62570999999993","responsecode":200},{"latitude":"12.893669999999995","longitude":"77.62574999999993","responsecode":200},{"latitude":"12.893359999999994","longitude":"77.62579999999993","responsecode":200},{"latitude":"12.893029999999994","longitude":"77.62583999999993","responsecode":200},{"latitude":"12.892869999999995","longitude":"77.62585999999993","responsecode":200},{"latitude":"12.892759999999996","longitude":"77.62586999999994","responsecode":200},{"latitude":"12.892529999999995","longitude":"77.62587999999994","responsecode":200},{"latitude":"12.892459999999996","longitude":"77.62587999999994","responsecode":200},{"latitude":"12.892099999999996","longitude":"77.62587999999994","responsecode":200},{"latitude":"12.891789999999995","longitude":"77.62586999999994","responsecode":200},{"latitude":"12.891669999999994","longitude":"77.62586799999994","responsecode":200},{"latitude":"12.89167","longitude":"77.625868","responsecode":200},{"latitude":"12.8913","longitude":"77.62586","responsecode":200},{"latitude":"12.891029999999999","longitude":"77.62584","responsecode":200},{"latitude":"12.890899999999998","longitude":"77.62581999999999","responsecode":200},{"latitude":"12.890759999999998","longitude":"77.62579999999998","responsecode":200},{"latitude":"12.890609999999999","longitude":"77.62577999999998","responsecode":200},{"latitude":"12.89045","longitude":"77.62576999999997","responsecode":200},{"latitude":"12.89015","longitude":"77.62574999999997","responsecode":200},{"latitude":"12.88986","longitude":"77.62572999999996","responsecode":200},{"latitude":"12.889710000000001","longitude":"77.62571999999996","responsecode":200},{"latitude":"12.88954","longitude":"77.62570999999996","responsecode":200},{"latitude":"12.88925","longitude":"77.62569999999995","responsecode":200},{"latitude":"12.889140000000001","longitude":"77.62568999999995","responsecode":200},{"latitude":"12.888990000000002","longitude":"77.62566999999994","responsecode":200},{"latitude":"12.88899","longitude":"77.62567","responsecode":200},{"latitude":"12.88899","longitude":"77.62567","responsecode":200},{"latitude":"12.88881","longitude":"77.62565","responsecode":200},{"latitude":"12.888539999999999","longitude":"77.62561","responsecode":200},{"latitude":"12.88834","longitude":"77.62558999999999","responsecode":200},{"latitude":"12.8882","longitude":"77.62557999999999","responsecode":200},{"latitude":"12.8881","longitude":"77.62557999999999","responsecode":200},{"latitude":"12.88794","longitude":"77.62557999999999","responsecode":200},{"latitude":"12.88779","longitude":"77.62558999999999","responsecode":200},{"latitude":"12.887630000000001","longitude":"77.62558999999999","responsecode":200},{"latitude":"12.887430000000002","longitude":"77.62557999999999","responsecode":200},{"latitude":"12.887200000000002","longitude":"77.62555999999998","responsecode":200},{"latitude":"12.887130000000003","longitude":"77.62554999999998","responsecode":200},{"latitude":"12.887020000000003","longitude":"77.62553999999997","responsecode":200},{"latitude":"12.886820000000004","longitude":"77.62552999999997","responsecode":200},{"latitude":"12.886600000000003","longitude":"77.62548999999997","responsecode":200},{"latitude":"12.886280000000003","longitude":"77.62542999999997","responsecode":200},{"latitude":"12.885980000000004","longitude":"77.62534999999997","responsecode":200},{"latitude":"12.885690000000004","longitude":"77.62527999999998","responsecode":200},{"latitude":"12.885580000000004","longitude":"77.62524999999998","responsecode":200},{"latitude":"12.885340000000005","longitude":"77.62518999999998","responsecode":200},{"latitude":"12.885190000000005","longitude":"77.62514999999998","responsecode":200},{"latitude":"12.88519","longitude":"77.62515","responsecode":200},{"latitude":"12.88519","longitude":"77.62515","responsecode":200},{"latitude":"12.88503","longitude":"77.6251","responsecode":200},{"latitude":"12.884830000000001","longitude":"77.62502","responsecode":200},{"latitude":"12.8847","longitude":"77.62498000000001","responsecode":200},{"latitude":"12.88453","longitude":"77.62493","responsecode":200},{"latitude":"12.88439","longitude":"77.62490000000001","responsecode":200},{"latitude":"12.884269999999999","longitude":"77.62488","responsecode":200},{"latitude":"12.884089999999999","longitude":"77.62486","responsecode":200},{"latitude":"12.88388","longitude":"77.62485","responsecode":200},{"latitude":"12.88326","longitude":"77.62481","responsecode":200},{"latitude":"12.88307","longitude":"77.6248","responsecode":200},{"latitude":"12.88295","longitude":"77.62478999999999","responsecode":200},{"latitude":"12.882549999999998","longitude":"77.62476","responsecode":200},{"latitude":"12.882329999999998","longitude":"77.62473999999999","responsecode":200},{"latitude":"12.882239999999998","longitude":"77.62472999999999","responsecode":200},{"latitude":"12.882039999999998","longitude":"77.62471999999998","responsecode":200},{"latitude":"12.88204","longitude":"77.62472","responsecode":200},{"latitude":"12.88204","longitude":"77.62472","responsecode":200},{"latitude":"12.88196","longitude":"77.62472","responsecode":200},{"latitude":"12.88182","longitude":"77.62471","responsecode":200},{"latitude":"12.88161","longitude":"77.62469999999999","responsecode":200},{"latitude":"12.88139","longitude":"77.62467999999998","responsecode":200},{"latitude":"12.88128","longitude":"77.62466999999998","responsecode":200},{"latitude":"12.8809","longitude":"77.62463999999999","responsecode":200},{"latitude":"12.88057","longitude":"77.62459999999999","responsecode":200},{"latitude":"12.88029","longitude":"77.62456999999999","responsecode":200},{"latitude":"12.88006","longitude":"77.62455999999999","responsecode":200},{"latitude":"12.87987","longitude":"77.62455999999999","responsecode":200},{"latitude":"12.87972","longitude":"77.62456999999999","responsecode":200},{"latitude":"12.879650000000002","longitude":"77.62458","responsecode":200},{"latitude":"12.879510000000002","longitude":"77.6246","responsecode":200},{"latitude":"12.879400000000002","longitude":"77.62462000000001","responsecode":200},{"latitude":"12.879280000000001","longitude":"77.62465","responsecode":200},{"latitude":"12.879170000000002","longitude":"77.62467000000001","responsecode":200},{"latitude":"12.879060000000003","longitude":"77.62468000000001","responsecode":200},{"latitude":"12.878950000000003","longitude":"77.62469000000002","responsecode":200},{"latitude":"12.878740000000004","longitude":"77.62471000000002","responsecode":200},{"latitude":"12.878630000000005","longitude":"77.62472000000002","responsecode":200},{"latitude":"12.878510000000004","longitude":"77.62474000000003","responsecode":200},{"latitude":"12.878410000000004","longitude":"77.62478000000003","responsecode":200},{"latitude":"12.878320000000004","longitude":"77.62484000000003","responsecode":200},{"latitude":"12.878210000000005","longitude":"77.62494000000004","responsecode":200},{"latitude":"12.878120000000004","longitude":"77.62504000000004","responsecode":200},{"latitude":"12.878040000000004","longitude":"77.62515000000005","responsecode":200},{"latitude":"12.877970000000005","longitude":"77.62526000000005","responsecode":200},{"latitude":"12.877941000000005","longitude":"77.62531500000006","responsecode":200},{"latitude":"12.877941","longitude":"77.625315","responsecode":200},{"latitude":"12.8779","longitude":"77.62539","responsecode":200},{"latitude":"12.877830000000001","longitude":"77.62553","responsecode":200},{"latitude":"12.877730000000001","longitude":"77.62555","responsecode":200},{"latitude":"12.87761","longitude":"77.62558","responsecode":200},{"latitude":"12.87752","longitude":"77.6256","responsecode":200},{"latitude":"12.87738","longitude":"77.62564","responsecode":200},{"latitude":"12.87726","longitude":"77.62568","responsecode":200},{"latitude":"12.877139999999999","longitude":"77.62572","responsecode":200},{"latitude":"12.87703","longitude":"77.62577","responsecode":200},{"latitude":"12.87692","longitude":"77.62583000000001","responsecode":200},{"latitude":"12.87681","longitude":"77.62589000000001","responsecode":200},{"latitude":"12.87676","longitude":"77.62591000000002","responsecode":200},{"latitude":"12.876570000000001","longitude":"77.62597000000002","responsecode":200},{"latitude":"12.876500000000002","longitude":"77.62600000000002","responsecode":200},{"latitude":"12.876430000000003","longitude":"77.62604000000002","responsecode":200},{"latitude":"12.876300000000002","longitude":"77.62613000000002","responsecode":200},{"latitude":"12.876220000000002","longitude":"77.62617000000002","responsecode":200},{"latitude":"12.876140000000001","longitude":"77.62618000000002","responsecode":200},{"latitude":"12.876050000000001","longitude":"77.62617000000002","responsecode":200},{"latitude":"12.875810000000001","longitude":"77.62614000000002","responsecode":200},{"latitude":"12.875430000000001","longitude":"77.62611000000003","responsecode":200},{"latitude":"12.8754","longitude":"77.62603000000003","responsecode":200},{"latitude":"12.87536","longitude":"77.62596000000003","responsecode":200},{"latitude":"12.87531","longitude":"77.62592000000004","responsecode":200},{"latitude":"12.87523","longitude":"77.62587000000003","responsecode":200},{"latitude":"12.87512","longitude":"77.62581000000003","responsecode":200},{"latitude":"12.87456","longitude":"77.62554000000003","responsecode":200},{"latitude":"12.874310000000001","longitude":"77.62542000000003","responsecode":200},{"latitude":"12.874100000000002","longitude":"77.62532000000003","responsecode":200},{"latitude":"12.873930000000001","longitude":"77.62524000000003","responsecode":200},{"latitude":"12.873820000000002","longitude":"77.62520000000004","responsecode":200},{"latitude":"12.873720000000002","longitude":"77.62517000000004","responsecode":200},{"latitude":"12.87372","longitude":"77.62517","responsecode":200},{"latitude":"12.87372","longitude":"77.62517","responsecode":200}],"Message":"Success","Issuccess":true,"exception":null,"RowCount":623,"responsecode":200}