{"data":[{"latitude":"12.95904","longitude":"77.5771","responsecode":200},{"latitude":"12.95905","longitude":"77.57706","responsecode":200},{"latitude":"12.959209999999999","longitude":"77.57657","responsecode":200},{"latitude":"12.959259999999999","longitude":"77.57641000000001","responsecode":200},{"latitude":"12.959319999999998","longitude":"77.57619000000001","responsecode":200},{"latitude":"12.959379999999998","longitude":"77.57599","responsecode":200},{"latitude":"12.959529999999997","longitude":"77.57544","responsecode":200},{"latitude":"12.959719999999997","longitude":"77.57476","responsecode":200},{"latitude":"12.959779999999997","longitude":"77.57455999999999","responsecode":200},{"latitude":"12.959709999999998","longitude":"77.57458","responsecode":200},{"latitude":"12.959559999999998","longitude":"77.57454","responsecode":200},{"latitude":"12.959219999999998","longitude":"77.57441","responsecode":200},{"latitude":"12.959039999999998","longitude":"77.57434","responsecode":200},{"latitude":"12.958559999999999","longitude":"77.57416","responsecode":200},{"latitude":"12.958389999999998","longitude":"77.57409000000001","responsecode":200},{"latitude":"12.958229999999999","longitude":"77.57402000000002","responsecode":200},{"latitude":"12.957899999999999","longitude":"77.57390000000002","responsecode":200},{"latitude":"12.957795999999998","longitude":"77.57386300000002","responsecode":200},{"latitude":"12.957796","longitude":"77.573863","responsecode":200},{"latitude":"12.95776","longitude":"77.57385000000001","responsecode":200},{"latitude":"12.95761","longitude":"77.57379","responsecode":200},{"latitude":"12.95752","longitude":"77.57377","responsecode":200},{"latitude":"12.95743","longitude":"77.57382","responsecode":200},{"latitude":"12.95738","longitude":"77.57384","responsecode":200},{"latitude":"12.95733","longitude":"77.57387","responsecode":200},{"latitude":"12.957230000000001","longitude":"77.57392","responsecode":200},{"latitude":"12.957180000000001","longitude":"77.57412000000001","responsecode":200},{"latitude":"12.957070000000002","longitude":"77.57451","responsecode":200},{"latitude":"12.957020000000002","longitude":"77.57469","responsecode":200},{"latitude":"12.956950000000003","longitude":"77.57497000000001","responsecode":200},{"latitude":"12.956920000000002","longitude":"77.57507000000001","responsecode":200},{"latitude":"12.956870000000002","longitude":"77.57525000000001","responsecode":200},{"latitude":"12.956840000000001","longitude":"77.57536000000002","responsecode":200},{"latitude":"12.956780000000002","longitude":"77.57556000000002","responsecode":200},{"latitude":"12.956620000000003","longitude":"77.57610000000003","responsecode":200},{"latitude":"12.956560000000003","longitude":"77.57629000000003","responsecode":200},{"latitude":"12.956520000000003","longitude":"77.57647000000003","responsecode":200},{"latitude":"12.956490000000002","longitude":"77.57661000000003","responsecode":200},{"latitude":"12.956440000000002","longitude":"77.57682000000003","responsecode":200},{"latitude":"12.956380000000003","longitude":"77.57705000000003","responsecode":200},{"latitude":"12.956340000000003","longitude":"77.57718000000003","responsecode":200},{"latitude":"12.95634","longitude":"77.57718","responsecode":200},{"latitude":"12.95634","longitude":"77.57718","responsecode":200},{"latitude":"12.95631","longitude":"77.57729","responsecode":200},{"latitude":"12.95628","longitude":"77.57737","responsecode":200},{"latitude":"12.95617","longitude":"77.57762","responsecode":200},{"latitude":"12.95609","longitude":"77.57777999999999","responsecode":200},{"latitude":"12.95566","longitude":"77.5786","responsecode":200},{"latitude":"12.95548","longitude":"77.57896","responsecode":200},{"latitude":"12.95542","longitude":"77.57911999999999","responsecode":200},{"latitude":"12.95539","longitude":"77.57920999999999","responsecode":200},{"latitude":"12.955359999999999","longitude":"77.57932","responsecode":200},{"latitude":"12.955329999999998","longitude":"77.57943999999999","responsecode":200},{"latitude":"12.955309999999999","longitude":"77.57954","responsecode":200},{"latitude":"12.95529","longitude":"77.57965","responsecode":200},{"latitude":"12.955259999999999","longitude":"77.57986","responsecode":200},{"latitude":"12.955259999999999","longitude":"77.57996","responsecode":200},{"latitude":"12.95525","longitude":"77.58011","responsecode":200},{"latitude":"12.95525","longitude":"77.58011","responsecode":200},{"latitude":"12.95525","longitude":"77.58011","responsecode":200},{"latitude":"12.955359999999999","longitude":"77.58021000000001","responsecode":200},{"latitude":"12.955919999999999","longitude":"77.58074","responsecode":200},{"latitude":"12.95629","longitude":"77.58107000000001","responsecode":200},{"latitude":"12.956729999999999","longitude":"77.58144000000001","responsecode":200},{"latitude":"12.95732","longitude":"77.58186000000002","responsecode":200},{"latitude":"12.95773","longitude":"77.58210000000003","responsecode":200},{"latitude":"12.95773","longitude":"77.5821","responsecode":200},{"latitude":"12.95773","longitude":"77.5821","responsecode":200},{"latitude":"12.95767","longitude":"77.58225","responsecode":200},{"latitude":"12.95762","longitude":"77.58239","responsecode":200},{"latitude":"12.95759","longitude":"77.58246","responsecode":200},{"latitude":"12.95755","longitude":"77.58254","responsecode":200},{"latitude":"12.95748","longitude":"77.58265","responsecode":200},{"latitude":"12.95742","longitude":"77.58271","responsecode":200},{"latitude":"12.957130000000001","longitude":"77.58296","responsecode":200},{"latitude":"12.956790000000002","longitude":"77.58324","responsecode":200},{"latitude":"12.956700000000001","longitude":"77.58333","responsecode":200},{"latitude":"12.956570000000001","longitude":"77.58348000000001","responsecode":200},{"latitude":"12.95648","longitude":"77.58358000000001","responsecode":200},{"latitude":"12.95636","longitude":"77.58375000000001","responsecode":200},{"latitude":"12.9563","longitude":"77.58385000000001","responsecode":200},{"latitude":"12.956000000000001","longitude":"77.58455000000001","responsecode":200},{"latitude":"12.955540000000001","longitude":"77.58574","responsecode":200},{"latitude":"12.955210000000001","longitude":"77.58565","responsecode":200},{"latitude":"12.954400000000001","longitude":"77.58546","responsecode":200},{"latitude":"12.954190000000002","longitude":"77.58551","responsecode":200},{"latitude":"12.954100000000002","longitude":"77.58555","responsecode":200},{"latitude":"12.954090000000003","longitude":"77.585556","responsecode":200},{"latitude":"12.95409","longitude":"77.585556","responsecode":200},{"latitude":"12.954020000000002","longitude":"77.5856","responsecode":200},{"latitude":"12.9539","longitude":"77.58569","responsecode":200},{"latitude":"12.95349","longitude":"77.58623","responsecode":200},{"latitude":"12.95337","longitude":"77.58637","responsecode":200},{"latitude":"12.95296","longitude":"77.58685","responsecode":200},{"latitude":"12.95289","longitude":"77.58693","responsecode":200},{"latitude":"12.95283","longitude":"77.58700999999999","responsecode":200},{"latitude":"12.95278","longitude":"77.58711","responsecode":200},{"latitude":"12.95273","longitude":"77.58724","responsecode":200},{"latitude":"12.952430000000001","longitude":"77.58803999999999","responsecode":200},{"latitude":"12.952350000000001","longitude":"77.58825999999999","responsecode":200},{"latitude":"12.952280000000002","longitude":"77.58845","responsecode":200},{"latitude":"12.952060000000001","longitude":"77.58908","responsecode":200},{"latitude":"12.951990000000002","longitude":"77.58928","responsecode":200},{"latitude":"12.951820000000001","longitude":"77.58972","responsecode":200},{"latitude":"12.951760000000002","longitude":"77.5899","responsecode":200},{"latitude":"12.951690000000003","longitude":"77.59012","responsecode":200},{"latitude":"12.951600000000003","longitude":"77.5904","responsecode":200},{"latitude":"12.951640000000003","longitude":"77.59042000000001","responsecode":200},{"latitude":"12.951680000000003","longitude":"77.59045","responsecode":200},{"latitude":"12.951700000000002","longitude":"77.5905","responsecode":200},{"latitude":"12.951710000000002","longitude":"77.59055000000001","responsecode":200},{"latitude":"12.951700000000002","longitude":"77.59060000000001","responsecode":200},{"latitude":"12.951680000000003","longitude":"77.59066000000001","responsecode":200},{"latitude":"12.951650000000003","longitude":"77.59070000000001","responsecode":200},{"latitude":"12.951610000000002","longitude":"77.59074000000001","responsecode":200},{"latitude":"12.951550000000003","longitude":"77.59076000000002","responsecode":200},{"latitude":"12.951460000000003","longitude":"77.59096000000002","responsecode":200},{"latitude":"12.951360000000003","longitude":"77.59123000000002","responsecode":200},{"latitude":"12.951348000000003","longitude":"77.59126300000003","responsecode":200},{"latitude":"12.951348","longitude":"77.591263","responsecode":200},{"latitude":"12.951329999999999","longitude":"77.59131","responsecode":200},{"latitude":"12.951289999999998","longitude":"77.59141","responsecode":200},{"latitude":"12.951239999999999","longitude":"77.59152999999999","responsecode":200},{"latitude":"12.951199999999998","longitude":"77.59161999999999","responsecode":200},{"latitude":"12.951169999999998","longitude":"77.59168","responsecode":200},{"latitude":"12.951109999999998","longitude":"77.59177","responsecode":200},{"latitude":"12.951069999999998","longitude":"77.59183","responsecode":200},{"latitude":"12.951019999999998","longitude":"77.5919","responsecode":200},{"latitude":"12.950929999999998","longitude":"77.59201","responsecode":200},{"latitude":"12.950819999999998","longitude":"77.59214","responsecode":200},{"latitude":"12.950719999999999","longitude":"77.59224","responsecode":200},{"latitude":"12.95042","longitude":"77.59256","responsecode":200},{"latitude":"12.950289999999999","longitude":"77.59270000000001","responsecode":200},{"latitude":"12.95014","longitude":"77.59285000000001","responsecode":200},{"latitude":"12.950059999999999","longitude":"77.59292","responsecode":200},{"latitude":"12.94999","longitude":"77.59297000000001","responsecode":200},{"latitude":"12.94991","longitude":"77.59302000000001","responsecode":200},{"latitude":"12.94985","longitude":"77.59306000000001","responsecode":200},{"latitude":"12.949629999999999","longitude":"77.59318","responsecode":200},{"latitude":"12.949179999999998","longitude":"77.5934","responsecode":200},{"latitude":"12.949089999999998","longitude":"77.59343","responsecode":200},{"latitude":"12.948869999999998","longitude":"77.59351","responsecode":200},{"latitude":"12.948779999999998","longitude":"77.59355","responsecode":200},{"latitude":"12.948629999999998","longitude":"77.59361999999999","responsecode":200},{"latitude":"12.948139999999999","longitude":"77.59385999999999","responsecode":200},{"latitude":"12.947799999999999","longitude":"77.59401999999999","responsecode":200},{"latitude":"12.94769","longitude":"77.59406999999999","responsecode":200},{"latitude":"12.94759","longitude":"77.59411999999999","responsecode":200},{"latitude":"12.94749","longitude":"77.59416999999999","responsecode":200},{"latitude":"12.9474","longitude":"77.59421999999999","responsecode":200},{"latitude":"12.94729","longitude":"77.59428999999999","responsecode":200},{"latitude":"12.947180000000001","longitude":"77.59436999999998","responsecode":200},{"latitude":"12.947070000000002","longitude":"77.59444999999998","responsecode":200},{"latitude":"12.946970000000002","longitude":"77.59452999999998","responsecode":200},{"latitude":"12.946900000000003","longitude":"77.59458999999998","responsecode":200},{"latitude":"12.946837000000002","longitude":"77.59464599999998","responsecode":200},{"latitude":"12.946837","longitude":"77.594646","responsecode":200},{"latitude":"12.946810000000001","longitude":"77.59467","responsecode":200},{"latitude":"12.946700000000002","longitude":"77.59478","responsecode":200},{"latitude":"12.94658","longitude":"77.5949","responsecode":200},{"latitude":"12.9463","longitude":"77.59519","responsecode":200},{"latitude":"12.94621","longitude":"77.59529","responsecode":200},{"latitude":"12.94612","longitude":"77.59540000000001","responsecode":200},{"latitude":"12.946050000000001","longitude":"77.59550000000002","responsecode":200},{"latitude":"12.94602","longitude":"77.59554000000001","responsecode":200},{"latitude":"12.94598","longitude":"77.59560000000002","responsecode":200},{"latitude":"12.94567","longitude":"77.59610000000002","responsecode":200},{"latitude":"12.94549","longitude":"77.59638000000002","responsecode":200},{"latitude":"12.945409999999999","longitude":"77.59650000000002","responsecode":200},{"latitude":"12.945359999999999","longitude":"77.59657000000001","responsecode":200},{"latitude":"12.945269999999999","longitude":"77.59669000000001","responsecode":200},{"latitude":"12.945189999999998","longitude":"77.59678000000001","responsecode":200},{"latitude":"12.945109999999998","longitude":"77.59685","responsecode":200},{"latitude":"12.945029999999997","longitude":"77.59691000000001","responsecode":200},{"latitude":"12.944949999999997","longitude":"77.59696000000001","responsecode":200},{"latitude":"12.944849999999997","longitude":"77.59699","responsecode":200},{"latitude":"12.944729999999996","longitude":"77.59703","responsecode":200},{"latitude":"12.944239999999997","longitude":"77.59715","responsecode":200},{"latitude":"12.944019999999997","longitude":"77.59718","responsecode":200},{"latitude":"12.943689999999997","longitude":"77.59724","responsecode":200},{"latitude":"12.943619999999997","longitude":"77.59725","responsecode":200},{"latitude":"12.943209999999997","longitude":"77.59733","responsecode":200},{"latitude":"12.94321","longitude":"77.59733","responsecode":200},{"latitude":"12.94321","longitude":"77.59733","responsecode":200},{"latitude":"12.94307","longitude":"77.59735","responsecode":200},{"latitude":"12.9429","longitude":"77.59737000000001","responsecode":200},{"latitude":"12.94269","longitude":"77.59739000000002","responsecode":200},{"latitude":"12.94116","longitude":"77.59753000000002","responsecode":200},{"latitude":"12.94084","longitude":"77.59756000000002","responsecode":200},{"latitude":"12.940439999999999","longitude":"77.59762000000002","responsecode":200},{"latitude":"12.940199999999999","longitude":"77.59765000000002","responsecode":200},{"latitude":"12.940119999999999","longitude":"77.59766000000002","responsecode":200},{"latitude":"12.93996","longitude":"77.59771000000002","responsecode":200},{"latitude":"12.93996","longitude":"77.59771","responsecode":200},{"latitude":"12.93996","longitude":"77.59771","responsecode":200},{"latitude":"12.93986","longitude":"77.59775","responsecode":200},{"latitude":"12.93975","longitude":"77.5978","responsecode":200},{"latitude":"12.93956","longitude":"77.59789","responsecode":200},{"latitude":"12.93946","longitude":"77.59794000000001","responsecode":200},{"latitude":"12.93931","longitude":"77.59803000000001","responsecode":200},{"latitude":"12.939110000000001","longitude":"77.59814000000001","responsecode":200},{"latitude":"12.938950000000002","longitude":"77.59824000000002","responsecode":200},{"latitude":"12.938800000000002","longitude":"77.59834000000002","responsecode":200},{"latitude":"12.938680000000002","longitude":"77.59842000000002","responsecode":200},{"latitude":"12.938520000000002","longitude":"77.59854000000001","responsecode":200},{"latitude":"12.938410000000003","longitude":"77.59863000000001","responsecode":200},{"latitude":"12.938330000000002","longitude":"77.59870000000001","responsecode":200},{"latitude":"12.938240000000002","longitude":"77.59878","responsecode":200},{"latitude":"12.938110000000002","longitude":"77.5989","responsecode":200},{"latitude":"12.938000000000002","longitude":"77.59903","responsecode":200},{"latitude":"12.937790000000003","longitude":"77.59934","responsecode":200},{"latitude":"12.937710000000003","longitude":"77.59948","responsecode":200},{"latitude":"12.937650000000003","longitude":"77.5996","responsecode":200},{"latitude":"12.937590000000004","longitude":"77.59973","responsecode":200},{"latitude":"12.937540000000004","longitude":"77.59984","responsecode":200},{"latitude":"12.937470000000005","longitude":"77.6","responsecode":200},{"latitude":"12.937410000000005","longitude":"77.60018","responsecode":200},{"latitude":"12.937360000000005","longitude":"77.60038999999999","responsecode":200},{"latitude":"12.937320000000005","longitude":"77.60060999999999","responsecode":200},{"latitude":"12.937280000000005","longitude":"77.60085999999998","responsecode":200},{"latitude":"12.937190000000005","longitude":"77.60159999999998","responsecode":200},{"latitude":"12.937170000000005","longitude":"77.60169999999998","responsecode":200},{"latitude":"12.937168000000005","longitude":"77.60171599999998","responsecode":200},{"latitude":"12.937168","longitude":"77.601716","responsecode":200},{"latitude":"12.93716","longitude":"77.60177","responsecode":200},{"latitude":"12.93715","longitude":"77.60187","responsecode":200},{"latitude":"12.936950000000001","longitude":"77.60335","responsecode":200},{"latitude":"12.936900000000001","longitude":"77.60366","responsecode":200},{"latitude":"12.936860000000001","longitude":"77.60394000000001","responsecode":200},{"latitude":"12.936700000000002","longitude":"77.60504","responsecode":200},{"latitude":"12.936630000000003","longitude":"77.60553","responsecode":200},{"latitude":"12.936610000000003","longitude":"77.60572","responsecode":200},{"latitude":"12.936570000000003","longitude":"77.60598","responsecode":200},{"latitude":"12.936530000000003","longitude":"77.60624","responsecode":200},{"latitude":"12.936490000000003","longitude":"77.60645","responsecode":200},{"latitude":"12.936470000000003","longitude":"77.60654","responsecode":200},{"latitude":"12.936454000000003","longitude":"77.60659799999999","responsecode":200},{"latitude":"12.936454","longitude":"77.606598","responsecode":200},{"latitude":"12.93644","longitude":"77.60665","responsecode":200},{"latitude":"12.936409999999999","longitude":"77.60674","responsecode":200},{"latitude":"12.936379999999998","longitude":"77.60682","responsecode":200},{"latitude":"12.936339999999998","longitude":"77.60692","responsecode":200},{"latitude":"12.936289999999998","longitude":"77.60704","responsecode":200},{"latitude":"12.936109999999998","longitude":"77.60749","responsecode":200},{"latitude":"12.936069999999997","longitude":"77.60759","responsecode":200},{"latitude":"12.935939999999997","longitude":"77.60789","responsecode":200},{"latitude":"12.935889999999997","longitude":"77.608","responsecode":200},{"latitude":"12.935829999999997","longitude":"77.60812","responsecode":200},{"latitude":"12.935749999999997","longitude":"77.60827","responsecode":200},{"latitude":"12.935669999999996","longitude":"77.6084","responsecode":200},{"latitude":"12.935579999999996","longitude":"77.60855000000001","responsecode":200},{"latitude":"12.935499999999996","longitude":"77.60869000000001","responsecode":200},{"latitude":"12.935419999999995","longitude":"77.60882000000001","responsecode":200},{"latitude":"12.935299999999994","longitude":"77.60901000000001","responsecode":200},{"latitude":"12.934959999999995","longitude":"77.60953","responsecode":200},{"latitude":"12.934889999999996","longitude":"77.60963000000001","responsecode":200},{"latitude":"12.934799999999996","longitude":"77.60977000000001","responsecode":200},{"latitude":"12.934679999999995","longitude":"77.60992000000002","responsecode":200},{"latitude":"12.934239999999996","longitude":"77.61046000000002","responsecode":200},{"latitude":"12.934079999999996","longitude":"77.61067000000001","responsecode":200},{"latitude":"12.933979999999996","longitude":"77.61080000000001","responsecode":200},{"latitude":"12.933769999999997","longitude":"77.61108000000002","responsecode":200},{"latitude":"12.933699999999998","longitude":"77.61119000000002","responsecode":200},{"latitude":"12.933629999999999","longitude":"77.61128000000002","responsecode":200},{"latitude":"12.93348","longitude":"77.61147000000003","responsecode":200},{"latitude":"12.933259999999999","longitude":"77.61176000000003","responsecode":200},{"latitude":"12.933019999999999","longitude":"77.61207000000003","responsecode":200},{"latitude":"12.93292","longitude":"77.61221000000003","responsecode":200},{"latitude":"12.932739999999999","longitude":"77.61243000000003","responsecode":200},{"latitude":"12.93249","longitude":"77.61274000000003","responsecode":200},{"latitude":"12.93217","longitude":"77.61315000000003","responsecode":200},{"latitude":"12.932094999999999","longitude":"77.61325600000004","responsecode":200},{"latitude":"12.932095","longitude":"77.613256","responsecode":200},{"latitude":"12.932","longitude":"77.61339000000001","responsecode":200},{"latitude":"12.93187","longitude":"77.61355","responsecode":200},{"latitude":"12.93178","longitude":"77.61371","responsecode":200},{"latitude":"12.93167","longitude":"77.61382","responsecode":200},{"latitude":"12.93152","longitude":"77.61396","responsecode":200},{"latitude":"12.931420000000001","longitude":"77.61401000000001","responsecode":200},{"latitude":"12.93077","longitude":"77.6144","responsecode":200},{"latitude":"12.93018","longitude":"77.61475","responsecode":200},{"latitude":"12.92999","longitude":"77.61486000000001","responsecode":200},{"latitude":"12.92991","longitude":"77.61502","responsecode":200},{"latitude":"12.92986","longitude":"77.61513000000001","responsecode":200},{"latitude":"12.92978","longitude":"77.61532000000001","responsecode":200},{"latitude":"12.929689999999999","longitude":"77.61554000000001","responsecode":200},{"latitude":"12.92962","longitude":"77.61572000000001","responsecode":200},{"latitude":"12.929572","longitude":"77.61583200000001","responsecode":200},{"latitude":"12.929572","longitude":"77.615832","responsecode":200},{"latitude":"12.929450000000001","longitude":"77.61612","responsecode":200},{"latitude":"12.928930000000001","longitude":"77.61748","responsecode":200},{"latitude":"12.928540000000002","longitude":"77.61846","responsecode":200},{"latitude":"12.928400000000002","longitude":"77.61885","responsecode":200},{"latitude":"12.928290000000002","longitude":"77.61914","responsecode":200},{"latitude":"12.928150000000002","longitude":"77.6195","responsecode":200},{"latitude":"12.927720000000003","longitude":"77.62063","responsecode":200},{"latitude":"12.927670000000003","longitude":"77.62075","responsecode":200},{"latitude":"12.927600000000004","longitude":"77.62093","responsecode":200},{"latitude":"12.927550000000004","longitude":"77.62105","responsecode":200},{"latitude":"12.927389000000003","longitude":"77.62143999999999","responsecode":200},{"latitude":"12.927389","longitude":"77.62144","responsecode":200},{"latitude":"12.92698","longitude":"77.62243000000001","responsecode":200},{"latitude":"12.926820000000001","longitude":"77.62280000000001","responsecode":200},{"latitude":"12.926540000000001","longitude":"77.62344000000002","responsecode":200},{"latitude":"12.926350000000001","longitude":"77.62388000000001","responsecode":200},{"latitude":"12.92623","longitude":"77.62417000000002","responsecode":200},{"latitude":"12.92606","longitude":"77.62458000000002","responsecode":200},{"latitude":"12.925889999999999","longitude":"77.62499000000003","responsecode":200},{"latitude":"12.92579","longitude":"77.62527000000003","responsecode":200},{"latitude":"12.925728999999999","longitude":"77.62540400000003","responsecode":200},{"latitude":"12.925729","longitude":"77.625404","responsecode":200},{"latitude":"12.92547","longitude":"77.62598","responsecode":200},{"latitude":"12.9251","longitude":"77.62688","responsecode":200},{"latitude":"12.924990000000001","longitude":"77.62715","responsecode":200},{"latitude":"12.92458","longitude":"77.62809","responsecode":200},{"latitude":"12.9245","longitude":"77.62827","responsecode":200},{"latitude":"12.92431","longitude":"77.62869","responsecode":200},{"latitude":"12.92425","longitude":"77.62884000000001","responsecode":200},{"latitude":"12.92417","longitude":"77.62885000000001","responsecode":200},{"latitude":"12.92408","longitude":"77.62884000000001","responsecode":200},{"latitude":"12.92404","longitude":"77.62878","responsecode":200},{"latitude":"12.924","longitude":"77.62869","responsecode":200},{"latitude":"12.923969999999999","longitude":"77.62857000000001","responsecode":200},{"latitude":"12.923953","longitude":"77.62850100000001","responsecode":200},{"latitude":"12.923953","longitude":"77.628501","responsecode":200},{"latitude":"12.92394","longitude":"77.62845","responsecode":200},{"latitude":"12.92391","longitude":"77.62825","responsecode":200},{"latitude":"12.92386","longitude":"77.62796999999999","responsecode":200},{"latitude":"12.9238","longitude":"77.62768999999999","responsecode":200},{"latitude":"12.9237","longitude":"77.62718999999998","responsecode":200},{"latitude":"12.92359","longitude":"77.62673999999998","responsecode":200},{"latitude":"12.92347","longitude":"77.62620999999999","responsecode":200},{"latitude":"12.92333","longitude":"77.62556","responsecode":200},{"latitude":"12.92303","longitude":"77.62432","responsecode":200},{"latitude":"12.92294","longitude":"77.62392","responsecode":200},{"latitude":"12.92291","longitude":"77.6238","responsecode":200},{"latitude":"12.92288","longitude":"77.62368000000001","responsecode":200},{"latitude":"12.922839999999999","longitude":"77.62355000000001","responsecode":200},{"latitude":"12.922789999999999","longitude":"77.62341","responsecode":200},{"latitude":"12.92273","longitude":"77.62328000000001","responsecode":200},{"latitude":"12.92267","longitude":"77.62315000000001","responsecode":200},{"latitude":"12.922600000000001","longitude":"77.62303000000001","responsecode":200},{"latitude":"12.922530000000002","longitude":"77.62290000000002","responsecode":200},{"latitude":"12.922460000000003","longitude":"77.62278000000002","responsecode":200},{"latitude":"12.922390000000004","longitude":"77.62265000000002","responsecode":200},{"latitude":"12.922150000000004","longitude":"77.62223000000002","responsecode":200},{"latitude":"12.922040000000004","longitude":"77.62204000000001","responsecode":200},{"latitude":"12.921600000000005","longitude":"77.62130000000002","responsecode":200},{"latitude":"12.921440000000006","longitude":"77.62104000000002","responsecode":200},{"latitude":"12.921410000000005","longitude":"77.62099500000002","responsecode":200},{"latitude":"12.92141","longitude":"77.620995","responsecode":200},{"latitude":"12.92126","longitude":"77.62077","responsecode":200},{"latitude":"12.92117","longitude":"77.62061999999999","responsecode":200},{"latitude":"12.92112","longitude":"77.62051999999998","responsecode":200},{"latitude":"12.921100000000001","longitude":"77.62044999999999","responsecode":200},{"latitude":"12.92111","longitude":"77.62033","responsecode":200},{"latitude":"12.921050000000001","longitude":"77.62035999999999","responsecode":200},{"latitude":"12.92097","longitude":"77.62039999999999","responsecode":200},{"latitude":"12.92079","longitude":"77.62051","responsecode":200},{"latitude":"12.92055","longitude":"77.62064","responsecode":200},{"latitude":"12.92042","longitude":"77.62070999999999","responsecode":200},{"latitude":"12.92018","longitude":"77.62086","responsecode":200},{"latitude":"12.91953","longitude":"77.62133","responsecode":200},{"latitude":"12.9194","longitude":"77.62142","responsecode":200},{"latitude":"12.91897","longitude":"77.62175","responsecode":200},{"latitude":"12.91867","longitude":"77.62197","responsecode":200},{"latitude":"12.918520000000001","longitude":"77.62207000000001","responsecode":200},{"latitude":"12.918330000000001","longitude":"77.6222","responsecode":200},{"latitude":"12.91816","longitude":"77.62230000000001","responsecode":200},{"latitude":"12.91783","longitude":"77.62250000000002","responsecode":200},{"latitude":"12.91749","longitude":"77.62271000000001","responsecode":200},{"latitude":"12.91735","longitude":"77.62280000000001","responsecode":200},{"latitude":"12.91727","longitude":"77.62285000000001","responsecode":200},{"latitude":"12.91701","longitude":"77.62298000000001","responsecode":200},{"latitude":"12.9165","longitude":"77.62327000000002","responsecode":200},{"latitude":"12.91517","longitude":"77.62402000000002","responsecode":200},{"latitude":"12.91501","longitude":"77.62411000000002","responsecode":200},{"latitude":"12.914570000000001","longitude":"77.62437000000001","responsecode":200},{"latitude":"12.914410000000002","longitude":"77.62446000000001","responsecode":200},{"latitude":"12.914280000000002","longitude":"77.62455000000001","responsecode":200},{"latitude":"12.913640000000001","longitude":"77.62495000000001","responsecode":200},{"latitude":"12.91295","longitude":"77.62535000000001","responsecode":200},{"latitude":"12.91273","longitude":"77.62548000000001","responsecode":200},{"latitude":"12.91242","longitude":"77.62566000000001","responsecode":200},{"latitude":"12.912489999999998","longitude":"77.62577000000002","responsecode":200},{"latitude":"12.912339999999999","longitude":"77.62588000000002","responsecode":200},{"latitude":"12.911999999999999","longitude":"77.62614000000002","responsecode":200},{"latitude":"12.912","longitude":"77.62614","responsecode":200},{"latitude":"12.912","longitude":"77.62614","responsecode":200},{"latitude":"12.911940000000001","longitude":"77.62618","responsecode":200},{"latitude":"12.911880000000002","longitude":"77.62621","responsecode":200},{"latitude":"12.911690000000002","longitude":"77.6263","responsecode":200},{"latitude":"12.911440000000002","longitude":"77.62643","responsecode":200},{"latitude":"12.911010000000003","longitude":"77.62668","responsecode":200},{"latitude":"12.910760000000003","longitude":"77.62682","responsecode":200},{"latitude":"12.910330000000004","longitude":"77.62706999999999","responsecode":200},{"latitude":"12.909540000000003","longitude":"77.62760999999999","responsecode":200},{"latitude":"12.908990000000003","longitude":"77.62795999999999","responsecode":200},{"latitude":"12.908870000000002","longitude":"77.62802999999998","responsecode":200},{"latitude":"12.908560000000001","longitude":"77.62821999999998","responsecode":200},{"latitude":"12.908070000000002","longitude":"77.62851999999998","responsecode":200},{"latitude":"12.907670000000001","longitude":"77.62875999999999","responsecode":200},{"latitude":"12.90731","longitude":"77.62897999999998","responsecode":200},{"latitude":"12.907160000000001","longitude":"77.62906999999998","responsecode":200},{"latitude":"12.90708","longitude":"77.62911999999999","responsecode":200},{"latitude":"12.90695","longitude":"77.62919999999998","responsecode":200},{"latitude":"12.9067","longitude":"77.62933999999998","responsecode":200},{"latitude":"12.90658","longitude":"77.62940999999998","responsecode":200},{"latitude":"12.90636","longitude":"77.62954999999998","responsecode":200},{"latitude":"12.9063","longitude":"77.62958999999998","responsecode":200},{"latitude":"12.90606","longitude":"77.62972999999998","responsecode":200},{"latitude":"12.90588","longitude":"77.62984999999998","responsecode":200},{"latitude":"12.90571","longitude":"77.62997999999997","responsecode":200},{"latitude":"12.9056","longitude":"77.63005899999997","responsecode":200},{"latitude":"12.9056","longitude":"77.630059","responsecode":200},{"latitude":"12.905569999999999","longitude":"77.63008","responsecode":200},{"latitude":"12.905439999999999","longitude":"77.63017","responsecode":200},{"latitude":"12.905289999999999","longitude":"77.63026","responsecode":200},{"latitude":"12.905109999999999","longitude":"77.63035","responsecode":200},{"latitude":"12.904829999999999","longitude":"77.63050000000001","responsecode":200},{"latitude":"12.90467","longitude":"77.63059000000001","responsecode":200},{"latitude":"12.904549999999999","longitude":"77.63066","responsecode":200},{"latitude":"12.904409999999999","longitude":"77.63074","responsecode":200},{"latitude":"12.903629999999998","longitude":"77.6312","responsecode":200},{"latitude":"12.902749999999997","longitude":"77.63174000000001","responsecode":200},{"latitude":"12.902059999999997","longitude":"77.63219000000001","responsecode":200},{"latitude":"12.901959999999997","longitude":"77.63226","responsecode":200},{"latitude":"12.901849999999998","longitude":"77.63233","responsecode":200},{"latitude":"12.901149999999998","longitude":"77.63279","responsecode":200},{"latitude":"12.900989999999998","longitude":"77.63289","responsecode":200},{"latitude":"12.90036","longitude":"77.63327000000001","responsecode":200},{"latitude":"12.90003","longitude":"77.63347000000002","responsecode":200},{"latitude":"12.89978","longitude":"77.63362000000002","responsecode":200},{"latitude":"12.89937","longitude":"77.63386000000003","responsecode":200},{"latitude":"12.89909","longitude":"77.63404000000003","responsecode":200},{"latitude":"12.8988","longitude":"77.63423000000003","responsecode":200},{"latitude":"12.89842","longitude":"77.63447000000004","responsecode":200},{"latitude":"12.8982","longitude":"77.63460000000003","responsecode":200},{"latitude":"12.897699999999999","longitude":"77.63491000000003","responsecode":200},{"latitude":"12.89693","longitude":"77.63536000000003","responsecode":200},{"latitude":"12.89677","longitude":"77.63546000000004","responsecode":200},{"latitude":"12.896389","longitude":"77.63569500000004","responsecode":200},{"latitude":"12.896389","longitude":"77.635695","responsecode":200},{"latitude":"12.895779999999998","longitude":"77.63607","responsecode":200},{"latitude":"12.8951","longitude":"77.63649000000001","responsecode":200},{"latitude":"12.89475","longitude":"77.6367","responsecode":200},{"latitude":"12.894400000000001","longitude":"77.63690000000001","responsecode":200},{"latitude":"12.892510000000001","longitude":"77.63804000000002","responsecode":200},{"latitude":"12.892430000000001","longitude":"77.63809000000002","responsecode":200},{"latitude":"12.892240000000001","longitude":"77.63821000000002","responsecode":200},{"latitude":"12.891900000000001","longitude":"77.63842000000001","responsecode":200},{"latitude":"12.89173","longitude":"77.63853000000002","responsecode":200},{"latitude":"12.89164","longitude":"77.63859000000002","responsecode":200},{"latitude":"12.891010000000001","longitude":"77.63896000000003","responsecode":200},{"latitude":"12.89084","longitude":"77.63906000000003","responsecode":200},{"latitude":"12.89076","longitude":"77.63911000000003","responsecode":200},{"latitude":"12.89049","longitude":"77.63927000000002","responsecode":200},{"latitude":"12.890369999999999","longitude":"77.63935000000002","responsecode":200},{"latitude":"12.890189999999999","longitude":"77.63948000000002","responsecode":200},{"latitude":"12.890089999999999","longitude":"77.63956000000002","responsecode":200},{"latitude":"12.88989","longitude":"77.63970000000002","responsecode":200},{"latitude":"12.88989","longitude":"77.6397","responsecode":200},{"latitude":"12.88989","longitude":"77.6397","responsecode":200},{"latitude":"12.8897","longitude":"77.63982","responsecode":200},{"latitude":"12.88946","longitude":"77.63997","responsecode":200},{"latitude":"12.88937","longitude":"77.64003000000001","responsecode":200},{"latitude":"12.88931","longitude":"77.64007000000001","responsecode":200},{"latitude":"12.88925","longitude":"77.64011","responsecode":200},{"latitude":"12.88915","longitude":"77.64017000000001","responsecode":200},{"latitude":"12.88903","longitude":"77.64024","responsecode":200},{"latitude":"12.88858","longitude":"77.64051","responsecode":200},{"latitude":"12.88755","longitude":"77.64113","responsecode":200},{"latitude":"12.88745","longitude":"77.64119000000001","responsecode":200},{"latitude":"12.88734","longitude":"77.64126","responsecode":200},{"latitude":"12.88707","longitude":"77.64142","responsecode":200},{"latitude":"12.88565","longitude":"77.64228","responsecode":200},{"latitude":"12.88538","longitude":"77.64244","responsecode":200},{"latitude":"12.8847","longitude":"77.64286","responsecode":200},{"latitude":"12.88433","longitude":"77.64308","responsecode":200},{"latitude":"12.88386","longitude":"77.64337","responsecode":200},{"latitude":"12.8834","longitude":"77.64367","responsecode":200},{"latitude":"12.88325","longitude":"77.64377","responsecode":200},{"latitude":"12.88286","longitude":"77.64402","responsecode":200},{"latitude":"12.88231","longitude":"77.64435","responsecode":200},{"latitude":"12.882100000000001","longitude":"77.64448","responsecode":200},{"latitude":"12.88141","longitude":"77.64491","responsecode":200},{"latitude":"12.88123","longitude":"77.64502","responsecode":200},{"latitude":"12.88095","longitude":"77.64519","responsecode":200},{"latitude":"12.88072","longitude":"77.64532","responsecode":200},{"latitude":"12.88033","longitude":"77.64555","responsecode":200},{"latitude":"12.88007","longitude":"77.64571","responsecode":200},{"latitude":"12.87992","longitude":"77.6458","responsecode":200},{"latitude":"12.87964","longitude":"77.64598","responsecode":200},{"latitude":"12.87936","longitude":"77.64617","responsecode":200},{"latitude":"12.87897","longitude":"77.64645","responsecode":200},{"latitude":"12.87889","longitude":"77.64651","responsecode":200},{"latitude":"12.87886","longitude":"77.64653000000001","responsecode":200},{"latitude":"12.87886","longitude":"77.64653","responsecode":200},{"latitude":"12.8788","longitude":"77.64657","responsecode":200},{"latitude":"12.878730000000001","longitude":"77.64661","responsecode":200},{"latitude":"12.87864","longitude":"77.64665","responsecode":200},{"latitude":"12.878530000000001","longitude":"77.64668999999999","responsecode":200},{"latitude":"12.878430000000002","longitude":"77.64672999999999","responsecode":200},{"latitude":"12.878340000000001","longitude":"77.64677999999999","responsecode":200},{"latitude":"12.878240000000002","longitude":"77.64684","responsecode":200},{"latitude":"12.878090000000002","longitude":"77.64693","responsecode":200},{"latitude":"12.877880000000003","longitude":"77.64706","responsecode":200},{"latitude":"12.877740000000003","longitude":"77.64714","responsecode":200},{"latitude":"12.877550000000003","longitude":"77.64725999999999","responsecode":200},{"latitude":"12.877280000000003","longitude":"77.64743999999999","responsecode":200},{"latitude":"12.877010000000002","longitude":"77.64762999999999","responsecode":200},{"latitude":"12.876630000000002","longitude":"77.64792999999999","responsecode":200},{"latitude":"12.876290000000003","longitude":"77.64820999999999","responsecode":200},{"latitude":"12.875920000000002","longitude":"77.64850999999999","responsecode":200},{"latitude":"12.875590000000003","longitude":"77.64878999999999","responsecode":200},{"latitude":"12.875310000000002","longitude":"77.64905999999999","responsecode":200},{"latitude":"12.875040000000002","longitude":"77.64931999999999","responsecode":200},{"latitude":"12.874830000000003","longitude":"77.64954999999999","responsecode":200},{"latitude":"12.874340000000004","longitude":"77.65002","responsecode":200},{"latitude":"12.874220000000003","longitude":"77.65012","responsecode":200},{"latitude":"12.874070000000003","longitude":"77.65024","responsecode":200},{"latitude":"12.873660000000003","longitude":"77.65057999999999","responsecode":200},{"latitude":"12.873020000000002","longitude":"77.65109999999999","responsecode":200},{"latitude":"12.872880000000002","longitude":"77.65121999999998","responsecode":200},{"latitude":"12.872780000000002","longitude":"77.65129999999998","responsecode":200},{"latitude":"12.872610000000002","longitude":"77.65142999999998","responsecode":200},{"latitude":"12.872270000000002","longitude":"77.65168999999997","responsecode":200},{"latitude":"12.872060000000003","longitude":"77.65184999999997","responsecode":200},{"latitude":"12.871900000000004","longitude":"77.65197999999997","responsecode":200},{"latitude":"12.871380000000004","longitude":"77.65238999999997","responsecode":200},{"latitude":"12.871250000000003","longitude":"77.65249999999997","responsecode":200},{"latitude":"12.871140000000004","longitude":"77.65259999999998","responsecode":200},{"latitude":"12.871050000000004","longitude":"77.65267999999998","responsecode":200},{"latitude":"12.870980000000005","longitude":"77.65275999999997","responsecode":200},{"latitude":"12.870900000000004","longitude":"77.65284999999997","responsecode":200},{"latitude":"12.870810000000004","longitude":"77.65293999999997","responsecode":200},{"latitude":"12.870736000000004","longitude":"77.65300299999997","responsecode":200},{"latitude":"12.870736","longitude":"77.653003","responsecode":200},{"latitude":"12.87066","longitude":"77.65305","responsecode":200},{"latitude":"12.87054","longitude":"77.65311","responsecode":200},{"latitude":"12.87046","longitude":"77.65316","responsecode":200},{"latitude":"12.87036","longitude":"77.65323","responsecode":200},{"latitude":"12.8702","longitude":"77.65335999999999","responsecode":200},{"latitude":"12.870190000000001","longitude":"77.65344999999999","responsecode":200},{"latitude":"12.8702","longitude":"77.65351","responsecode":200},{"latitude":"12.870230000000001","longitude":"77.6536","responsecode":200},{"latitude":"12.870320000000001","longitude":"77.65369","responsecode":200},{"latitude":"12.87038","longitude":"77.65375999999999","responsecode":200},{"latitude":"12.87044","longitude":"77.65382999999999","responsecode":200},{"latitude":"12.87051","longitude":"77.65391999999999","responsecode":200},{"latitude":"12.870569999999999","longitude":"77.65400999999999","responsecode":200},{"latitude":"12.870619999999999","longitude":"77.65408999999998","responsecode":200},{"latitude":"12.870669999999999","longitude":"77.65419999999999","responsecode":200},{"latitude":"12.8707","longitude":"77.65427999999999","responsecode":200},{"latitude":"12.87073","longitude":"77.65436999999999","responsecode":200},{"latitude":"12.87075","longitude":"77.65445999999999","responsecode":200},{"latitude":"12.870759999999999","longitude":"77.65453999999998","responsecode":200},{"latitude":"12.870769999999998","longitude":"77.65466999999998","responsecode":200},{"latitude":"12.870759999999999","longitude":"77.65480999999998","responsecode":200},{"latitude":"12.87075","longitude":"77.65497999999998","responsecode":200},{"latitude":"12.870719999999999","longitude":"77.65526999999999","responsecode":200},{"latitude":"12.870679999999998","longitude":"77.65557999999999","responsecode":200},{"latitude":"12.870649999999998","longitude":"77.65583999999998","responsecode":200},{"latitude":"12.870639999999998","longitude":"77.65592999999998","responsecode":200},{"latitude":"12.870619999999999","longitude":"77.65615999999999","responsecode":200},{"latitude":"12.870579999999999","longitude":"77.65646999999998","responsecode":200},{"latitude":"12.870549999999998","longitude":"77.65673999999999","responsecode":200},{"latitude":"12.870529999999999","longitude":"77.65685999999998","responsecode":200},{"latitude":"12.87051","longitude":"77.65705999999999","responsecode":200},{"latitude":"12.870479999999999","longitude":"77.65729999999999","responsecode":200},{"latitude":"12.870429999999999","longitude":"77.65772999999999","responsecode":200},{"latitude":"12.87041","longitude":"77.65788999999998","responsecode":200},{"latitude":"12.8704","longitude":"77.65799999999999","responsecode":200},{"latitude":"12.87039","longitude":"77.65808999999999","responsecode":200},{"latitude":"12.87038","longitude":"77.65818999999999","responsecode":200},{"latitude":"12.870370000000001","longitude":"77.65830399999999","responsecode":200},{"latitude":"12.87037","longitude":"77.658304","responsecode":200},{"latitude":"12.870379999999999","longitude":"77.6584","responsecode":200},{"latitude":"12.870389999999999","longitude":"77.65849","responsecode":200},{"latitude":"12.870339999999999","longitude":"77.65852","responsecode":200},{"latitude":"12.87023","longitude":"77.65885","responsecode":200},{"latitude":"12.87018","longitude":"77.65899","responsecode":200},{"latitude":"12.87012","longitude":"77.65911","responsecode":200},{"latitude":"12.86995","longitude":"77.65937","responsecode":200},{"latitude":"12.86981","longitude":"77.65957","responsecode":200},{"latitude":"12.869629999999999","longitude":"77.65981000000001","responsecode":200},{"latitude":"12.869589999999999","longitude":"77.65987000000001","responsecode":200},{"latitude":"12.869459999999998","longitude":"77.66005000000001","responsecode":200},{"latitude":"12.868999999999998","longitude":"77.66064000000001","responsecode":200},{"latitude":"12.868829999999997","longitude":"77.66085000000001","responsecode":200},{"latitude":"12.868789999999997","longitude":"77.66090000000001","responsecode":200},{"latitude":"12.868599999999997","longitude":"77.66113000000001","responsecode":200},{"latitude":"12.868529999999998","longitude":"77.66121000000001","responsecode":200},{"latitude":"12.868479999999998","longitude":"77.66128","responsecode":200},{"latitude":"12.868419999999999","longitude":"77.66137","responsecode":200},{"latitude":"12.868369999999999","longitude":"77.66145","responsecode":200},{"latitude":"12.86831","longitude":"77.66155","responsecode":200},{"latitude":"12.868189999999998","longitude":"77.66178000000001","responsecode":200},{"latitude":"12.868079999999999","longitude":"77.662","responsecode":200},{"latitude":"12.86801","longitude":"77.66213","responsecode":200},{"latitude":"12.86797","longitude":"77.66221","responsecode":200},{"latitude":"12.86787","longitude":"77.66244","responsecode":200},{"latitude":"12.86778","longitude":"77.66265","responsecode":200},{"latitude":"12.8676","longitude":"77.66305","responsecode":200},{"latitude":"12.86754","longitude":"77.66317","responsecode":200},{"latitude":"12.8675","longitude":"77.66324999999999","responsecode":200},{"latitude":"12.86746","longitude":"77.66331999999998","responsecode":200},{"latitude":"12.86741","longitude":"77.66340999999998","responsecode":200},{"latitude":"12.86736","longitude":"77.66349999999998","responsecode":200},{"latitude":"12.86728","longitude":"77.66362999999998","responsecode":200},{"latitude":"12.86721","longitude":"77.66373999999999","responsecode":200},{"latitude":"12.86715","longitude":"77.66384","responsecode":200},{"latitude":"12.86705","longitude":"77.66402","responsecode":200},{"latitude":"12.86674","longitude":"77.66458999999999","responsecode":200},{"latitude":"12.86666","longitude":"77.66475999999999","responsecode":200},{"latitude":"12.86656","longitude":"77.66493999999999","responsecode":200},{"latitude":"12.86642","longitude":"77.66521999999999","responsecode":200},{"latitude":"12.86634","longitude":"77.66538999999999","responsecode":200},{"latitude":"12.86629","longitude":"77.66550999999998","responsecode":200},{"latitude":"12.86624","longitude":"77.66564999999999","responsecode":200},{"latitude":"12.86619","longitude":"77.66579999999999","responsecode":200},{"latitude":"12.86605","longitude":"77.66626","responsecode":200},{"latitude":"12.86601","longitude":"77.66637999999999","responsecode":200},{"latitude":"12.86595","longitude":"77.66650999999999","responsecode":200},{"latitude":"12.86573","longitude":"77.66690999999999","responsecode":200},{"latitude":"12.86568","longitude":"77.66698999999998","responsecode":200},{"latitude":"12.86548","longitude":"77.66726999999999","responsecode":200},{"latitude":"12.86506","longitude":"77.66785999999999","responsecode":200},{"latitude":"12.86468","longitude":"77.66841","responsecode":200},{"latitude":"12.8646","longitude":"77.66855","responsecode":200},{"latitude":"12.86454","longitude":"77.66866999999999","responsecode":200},{"latitude":"12.86447","longitude":"77.66881","responsecode":200},{"latitude":"12.864400000000002","longitude":"77.66895","responsecode":200},{"latitude":"12.864350000000002","longitude":"77.66908","responsecode":200},{"latitude":"12.864310000000001","longitude":"77.66920999999999","responsecode":200},{"latitude":"12.864290000000002","longitude":"77.66932","responsecode":200},{"latitude":"12.864280000000003","longitude":"77.66944","responsecode":200},{"latitude":"12.864270000000003","longitude":"77.66972","responsecode":200},{"latitude":"12.864250000000004","longitude":"77.66993","responsecode":200},{"latitude":"12.864220000000003","longitude":"77.67012","responsecode":200},{"latitude":"12.864170000000003","longitude":"77.67043","responsecode":200},{"latitude":"12.864130000000003","longitude":"77.67062","responsecode":200},{"latitude":"12.864090000000003","longitude":"77.67079","responsecode":200},{"latitude":"12.864040000000003","longitude":"77.67097","responsecode":200},{"latitude":"12.863990000000003","longitude":"77.67112","responsecode":200},{"latitude":"12.863940000000003","longitude":"77.67127","responsecode":200},{"latitude":"12.863860000000003","longitude":"77.67146000000001","responsecode":200},{"latitude":"12.863780000000002","longitude":"77.67163000000001","responsecode":200},{"latitude":"12.863650000000002","longitude":"77.67190000000001","responsecode":200},{"latitude":"12.863600000000002","longitude":"77.67201000000001","responsecode":200},{"latitude":"12.863380000000001","longitude":"77.67254000000001","responsecode":200},{"latitude":"12.863230000000001","longitude":"77.67288","responsecode":200},{"latitude":"12.863120000000002","longitude":"77.67314","responsecode":200},{"latitude":"12.863000000000001","longitude":"77.67342000000001","responsecode":200},{"latitude":"12.862940000000002","longitude":"77.67355","responsecode":200},{"latitude":"12.862830000000002","longitude":"77.67378000000001","responsecode":200},{"latitude":"12.862730000000003","longitude":"77.67401000000001","responsecode":200},{"latitude":"12.862690000000002","longitude":"77.67409","responsecode":200},{"latitude":"12.862560000000002","longitude":"77.67435","responsecode":200},{"latitude":"12.862520000000002","longitude":"77.67444","responsecode":200},{"latitude":"12.862460000000002","longitude":"77.67456","responsecode":200},{"latitude":"12.862430000000002","longitude":"77.67462","responsecode":200},{"latitude":"12.862370000000002","longitude":"77.67476","responsecode":200},{"latitude":"12.862357000000003","longitude":"77.67480300000001","responsecode":200},{"latitude":"12.862357","longitude":"77.674803","responsecode":200},{"latitude":"12.862319999999999","longitude":"77.67493","responsecode":200},{"latitude":"12.8623","longitude":"77.67506","responsecode":200},{"latitude":"12.86229","longitude":"77.67518","responsecode":200},{"latitude":"12.86229","longitude":"77.67529","responsecode":200},{"latitude":"12.862499999999999","longitude":"77.67529","responsecode":200},{"latitude":"12.862569999999998","longitude":"77.67530000000001","responsecode":200},{"latitude":"12.862649999999999","longitude":"77.67533","responsecode":200},{"latitude":"12.862719999999998","longitude":"77.67539000000001","responsecode":200},{"latitude":"12.862769999999998","longitude":"77.67546","responsecode":200},{"latitude":"12.862829999999997","longitude":"77.67556","responsecode":200},{"latitude":"12.862879999999997","longitude":"77.67567000000001","responsecode":200},{"latitude":"12.862919999999997","longitude":"77.67578000000002","responsecode":200},{"latitude":"12.862939999999996","longitude":"77.67586000000001","responsecode":200},{"latitude":"12.862949999999996","longitude":"77.67594000000001","responsecode":200},{"latitude":"12.862949999999996","longitude":"77.67602000000001","responsecode":200},{"latitude":"12.862939999999996","longitude":"77.67609","responsecode":200},{"latitude":"12.862919999999997","longitude":"77.67617","responsecode":200},{"latitude":"12.862879999999997","longitude":"77.67628","responsecode":200},{"latitude":"12.862829999999997","longitude":"77.6764","responsecode":200},{"latitude":"12.862779999999997","longitude":"77.67652","responsecode":200},{"latitude":"12.862729999999997","longitude":"77.67662","responsecode":200},{"latitude":"12.862679999999997","longitude":"77.67672","responsecode":200},{"latitude":"12.862609999999998","longitude":"77.67685","responsecode":200},{"latitude":"12.86254","longitude":"77.67695","responsecode":200},{"latitude":"12.862459999999999","longitude":"77.67707","responsecode":200},{"latitude":"12.862429999999998","longitude":"77.67713","responsecode":200},{"latitude":"12.862379999999998","longitude":"77.67726","responsecode":200},{"latitude":"12.862349999999998","longitude":"77.67737000000001","responsecode":200},{"latitude":"12.862329999999998","longitude":"77.67749","responsecode":200},{"latitude":"12.862309999999999","longitude":"77.67779","responsecode":200},{"latitude":"12.8623","longitude":"77.67791","responsecode":200},{"latitude":"12.86228","longitude":"77.67804","responsecode":200},{"latitude":"12.86225","longitude":"77.67818","responsecode":200},{"latitude":"12.86225","longitude":"77.67818","responsecode":200},{"latitude":"12.86225","longitude":"77.67818","responsecode":200},{"latitude":"12.86221","longitude":"77.67835","responsecode":200},{"latitude":"12.86219","longitude":"77.67845","responsecode":200},{"latitude":"12.86218","longitude":"77.67854","responsecode":200},{"latitude":"12.86218","longitude":"77.67866","responsecode":200},{"latitude":"12.86218","longitude":"77.67881","responsecode":200},{"latitude":"12.86217","longitude":"77.67894","responsecode":200},{"latitude":"12.862160000000001","longitude":"77.67905","responsecode":200},{"latitude":"12.862150000000002","longitude":"77.67917","responsecode":200},{"latitude":"12.86212","longitude":"77.67943","responsecode":200},{"latitude":"12.86208","longitude":"77.67961","responsecode":200},{"latitude":"12.86204","longitude":"77.67978","responsecode":200},{"latitude":"12.86199","longitude":"77.68001","responsecode":200},{"latitude":"12.86196","longitude":"77.68012","responsecode":200},{"latitude":"12.86193","longitude":"77.68024","responsecode":200},{"latitude":"12.861889999999999","longitude":"77.68041","responsecode":200},{"latitude":"12.86183","longitude":"77.68069","responsecode":200},{"latitude":"12.86165","longitude":"77.68144","responsecode":200},{"latitude":"12.861609999999999","longitude":"77.68158","responsecode":200},{"latitude":"12.861519999999999","longitude":"77.68191","responsecode":200},{"latitude":"12.861489999999998","longitude":"77.68205","responsecode":200},{"latitude":"12.861439999999998","longitude":"77.68229000000001","responsecode":200},{"latitude":"12.861419999999999","longitude":"77.68236","responsecode":200},{"latitude":"12.8614","longitude":"77.68254","responsecode":200},{"latitude":"12.86141","longitude":"77.68269000000001","responsecode":200},{"latitude":"12.861429999999999","longitude":"77.68283000000001","responsecode":200},{"latitude":"12.861449999999998","longitude":"77.68296000000001","responsecode":200},{"latitude":"12.861519999999997","longitude":"77.68328000000001","responsecode":200},{"latitude":"12.861559999999997","longitude":"77.68369000000001","responsecode":200},{"latitude":"12.861589999999998","longitude":"77.68397000000002","responsecode":200},{"latitude":"12.861619999999998","longitude":"77.68435000000002","responsecode":200},{"latitude":"12.861619999999998","longitude":"77.68450000000003","responsecode":200},{"latitude":"12.861619999999998","longitude":"77.68460000000003","responsecode":200},{"latitude":"12.861609999999999","longitude":"77.68474000000003","responsecode":200},{"latitude":"12.86159","longitude":"77.68491000000003","responsecode":200},{"latitude":"12.861559999999999","longitude":"77.68511000000004","responsecode":200},{"latitude":"12.86154","longitude":"77.68525000000004","responsecode":200},{"latitude":"12.86145","longitude":"77.68592000000004","responsecode":200},{"latitude":"12.86141","longitude":"77.68616000000004","responsecode":200},{"latitude":"12.86139","longitude":"77.68628000000004","responsecode":200},{"latitude":"12.86131","longitude":"77.68662000000003","responsecode":200},{"latitude":"12.86125","longitude":"77.68697000000003","responsecode":200},{"latitude":"12.86099","longitude":"77.68832000000003","responsecode":200},{"latitude":"12.86092","longitude":"77.68866000000003","responsecode":200},{"latitude":"12.86086","longitude":"77.68893000000003","responsecode":200},{"latitude":"12.860790000000001","longitude":"77.68918000000002","responsecode":200},{"latitude":"12.860700000000001","longitude":"77.68956000000003","responsecode":200},{"latitude":"12.86067","longitude":"77.68968000000002","responsecode":200},{"latitude":"12.86059","longitude":"77.68999000000002","responsecode":200},{"latitude":"12.86055","longitude":"77.69019000000003","responsecode":200},{"latitude":"12.86052","longitude":"77.69035000000002","responsecode":200},{"latitude":"12.860399999999998","longitude":"77.69104000000003","responsecode":200},{"latitude":"12.860369999999998","longitude":"77.69123000000003","responsecode":200},{"latitude":"12.860309999999998","longitude":"77.69178000000004","responsecode":200},{"latitude":"12.860289999999999","longitude":"77.69193000000004","responsecode":200},{"latitude":"12.86028","longitude":"77.69204000000005","responsecode":200},{"latitude":"12.86028","longitude":"77.69215000000005","responsecode":200},{"latitude":"12.86031","longitude":"77.69279000000006","responsecode":200},{"latitude":"12.86031","longitude":"77.69298000000006","responsecode":200},{"latitude":"12.8603","longitude":"77.69313000000007","responsecode":200},{"latitude":"12.86029","longitude":"77.69320000000006","responsecode":200},{"latitude":"12.860270000000002","longitude":"77.69331000000007","responsecode":200},{"latitude":"12.860230000000001","longitude":"77.69347000000006","responsecode":200},{"latitude":"12.860140000000001","longitude":"77.69379000000006","responsecode":200},{"latitude":"12.860080000000002","longitude":"77.69399000000007","responsecode":200},{"latitude":"12.860030000000002","longitude":"77.69418000000007","responsecode":200},{"latitude":"12.860000000000001","longitude":"77.69433000000008","responsecode":200},{"latitude":"12.85997","longitude":"77.69449000000007","responsecode":200},{"latitude":"12.859960000000001","longitude":"77.69462000000007","responsecode":200},{"latitude":"12.859960000000001","longitude":"77.69473000000008","responsecode":200},{"latitude":"12.85997","longitude":"77.69482000000008","responsecode":200},{"latitude":"12.860000000000001","longitude":"77.69494000000007","responsecode":200},{"latitude":"12.860003","longitude":"77.69494900000008","responsecode":200},{"latitude":"12.860003","longitude":"77.694949","responsecode":200},{"latitude":"12.860003","longitude":"77.694949","responsecode":200}],"Message":"Success","Issuccess":true,"exception":null,"RowCount":774,"responsecode":200}