{"data":[{"latitude":"12.9996","longitude":"77.53044","responsecode":200},{"latitude":"12.99963","longitude":"77.53062","responsecode":200},{"latitude":"12.9998","longitude":"77.53161","responsecode":200},{"latitude":"12.9999","longitude":"77.53201","responsecode":200},{"latitude":"13.00023","longitude":"77.53352","responsecode":200},{"latitude":"13.00026","longitude":"77.53363999999999","responsecode":200},{"latitude":"13.00028","longitude":"77.53370999999999","responsecode":200},{"latitude":"13.00033","longitude":"77.53379999999999","responsecode":200},{"latitude":"13.00049","longitude":"77.53449999999998","responsecode":200},{"latitude":"13.000599999999999","longitude":"77.53490999999998","responsecode":200},{"latitude":"13.000709999999998","longitude":"77.53535999999998","responsecode":200},{"latitude":"13.000759999999998","longitude":"77.53553999999998","responsecode":200},{"latitude":"13.000789999999999","longitude":"77.53563999999999","responsecode":200},{"latitude":"13.000849999999998","longitude":"77.53590999999999","responsecode":200},{"latitude":"13.00085","longitude":"77.53591","responsecode":200},{"latitude":"13.00085","longitude":"77.53591","responsecode":200},{"latitude":"13.00079","longitude":"77.53595","responsecode":200},{"latitude":"13.00075","longitude":"77.53599","responsecode":200},{"latitude":"13.00072","longitude":"77.53605999999999","responsecode":200},{"latitude":"13.00065","longitude":"77.5363","responsecode":200},{"latitude":"13.000580000000001","longitude":"77.53658","responsecode":200},{"latitude":"13.000490000000001","longitude":"77.53687000000001","responsecode":200},{"latitude":"13.00041","longitude":"77.53718","responsecode":200},{"latitude":"13.00032","longitude":"77.53748","responsecode":200},{"latitude":"13.00022","longitude":"77.53782","responsecode":200},{"latitude":"13.000110000000001","longitude":"77.53824","responsecode":200},{"latitude":"13.000040000000002","longitude":"77.53856","responsecode":200},{"latitude":"12.999950000000002","longitude":"77.53933","responsecode":200},{"latitude":"12.999920000000001","longitude":"77.53969000000001","responsecode":200},{"latitude":"12.999830000000001","longitude":"77.54011000000001","responsecode":200},{"latitude":"12.99971","longitude":"77.54038000000001","responsecode":200},{"latitude":"12.99953","longitude":"77.54073000000001","responsecode":200},{"latitude":"12.99944","longitude":"77.54094","responsecode":200},{"latitude":"12.99934","longitude":"77.54116","responsecode":200},{"latitude":"12.99933","longitude":"77.54128","responsecode":200},{"latitude":"12.99929","longitude":"77.54136","responsecode":200},{"latitude":"12.99923","longitude":"77.54147","responsecode":200},{"latitude":"12.999145","longitude":"77.541607","responsecode":200},{"latitude":"12.999145","longitude":"77.541607","responsecode":200},{"latitude":"12.99902","longitude":"77.54181","responsecode":200},{"latitude":"12.99863","longitude":"77.54241","responsecode":200},{"latitude":"12.9984","longitude":"77.54283000000001","responsecode":200},{"latitude":"12.99798","longitude":"77.54386000000001","responsecode":200},{"latitude":"12.99778","longitude":"77.54441000000001","responsecode":200},{"latitude":"12.99752","longitude":"77.54510000000002","responsecode":200},{"latitude":"12.99751","longitude":"77.54520000000002","responsecode":200},{"latitude":"12.9975","longitude":"77.54530000000003","responsecode":200},{"latitude":"12.997480000000001","longitude":"77.54549000000003","responsecode":200},{"latitude":"12.997480000000001","longitude":"77.54580000000003","responsecode":200},{"latitude":"12.99748","longitude":"77.5458","responsecode":200},{"latitude":"12.99748","longitude":"77.5458","responsecode":200},{"latitude":"12.99746","longitude":"77.54615","responsecode":200},{"latitude":"12.99746","longitude":"77.54638","responsecode":200},{"latitude":"12.99746","longitude":"77.54662","responsecode":200},{"latitude":"12.99747","longitude":"77.54687","responsecode":200},{"latitude":"12.99748","longitude":"77.54699","responsecode":200},{"latitude":"12.997489999999999","longitude":"77.54722","responsecode":200},{"latitude":"12.997509999999998","longitude":"77.54748","responsecode":200},{"latitude":"12.997519999999998","longitude":"77.54771","responsecode":200},{"latitude":"12.997549999999999","longitude":"77.54844999999999","responsecode":200},{"latitude":"12.997559999999998","longitude":"77.54881999999999","responsecode":200},{"latitude":"12.997559999999998","longitude":"77.54893999999999","responsecode":200},{"latitude":"12.997569999999998","longitude":"77.54911999999999","responsecode":200},{"latitude":"12.997579999999997","longitude":"77.54925999999999","responsecode":200},{"latitude":"12.997599999999997","longitude":"77.54961999999999","responsecode":200},{"latitude":"12.997629999999997","longitude":"77.55011999999999","responsecode":200},{"latitude":"12.997639999999997","longitude":"77.55023999999999","responsecode":200},{"latitude":"12.997649999999997","longitude":"77.55030999999998","responsecode":200},{"latitude":"12.997669999999996","longitude":"77.55042999999998","responsecode":200},{"latitude":"12.997699999999996","longitude":"77.55060999999998","responsecode":200},{"latitude":"12.997739999999997","longitude":"77.55081999999997","responsecode":200},{"latitude":"12.997789999999997","longitude":"77.55107999999997","responsecode":200},{"latitude":"12.997903999999997","longitude":"77.55159099999997","responsecode":200},{"latitude":"12.997904","longitude":"77.551591","responsecode":200},{"latitude":"12.997910000000001","longitude":"77.55162","responsecode":200},{"latitude":"12.998080000000002","longitude":"77.55236","responsecode":200},{"latitude":"12.998170000000002","longitude":"77.55283999999999","responsecode":200},{"latitude":"12.998210000000002","longitude":"77.55301999999999","responsecode":200},{"latitude":"12.998230000000001","longitude":"77.55310999999999","responsecode":200},{"latitude":"12.998270000000002","longitude":"77.55327999999999","responsecode":200},{"latitude":"12.998390000000002","longitude":"77.55383999999998","responsecode":200},{"latitude":"12.998440000000002","longitude":"77.55408999999997","responsecode":200},{"latitude":"12.998520000000003","longitude":"77.55445999999998","responsecode":200},{"latitude":"12.998570000000003","longitude":"77.55469999999998","responsecode":200},{"latitude":"12.998630000000002","longitude":"77.55498999999999","responsecode":200},{"latitude":"12.998670000000002","longitude":"77.55523999999998","responsecode":200},{"latitude":"12.998690000000002","longitude":"77.55536999999998","responsecode":200},{"latitude":"12.998690000000002","longitude":"77.55548999999998","responsecode":200},{"latitude":"12.998690000000002","longitude":"77.55560999999997","responsecode":200},{"latitude":"12.998680000000002","longitude":"77.55576999999997","responsecode":200},{"latitude":"12.998660000000003","longitude":"77.55594999999997","responsecode":200},{"latitude":"12.998610000000003","longitude":"77.55635999999997","responsecode":200},{"latitude":"12.998583000000004","longitude":"77.55651299999997","responsecode":200},{"latitude":"12.998583","longitude":"77.556513","responsecode":200},{"latitude":"12.99852","longitude":"77.55686999999999","responsecode":200},{"latitude":"12.99841","longitude":"77.55738","responsecode":200},{"latitude":"12.99837","longitude":"77.55753999999999","responsecode":200},{"latitude":"12.9983","longitude":"77.55779999999999","responsecode":200},{"latitude":"12.99821","longitude":"77.55804999999998","responsecode":200},{"latitude":"12.99813","longitude":"77.55830999999998","responsecode":200},{"latitude":"12.99802","longitude":"77.55862999999998","responsecode":200},{"latitude":"12.99793","longitude":"77.55882999999999","responsecode":200},{"latitude":"12.99787","longitude":"77.55896999999999","responsecode":200},{"latitude":"12.99778","longitude":"77.55921","responsecode":200},{"latitude":"12.997670000000001","longitude":"77.5595","responsecode":200},{"latitude":"12.997570000000001","longitude":"77.5598","responsecode":200},{"latitude":"12.99745","longitude":"77.56004999999999","responsecode":200},{"latitude":"12.99733","longitude":"77.56035999999999","responsecode":200},{"latitude":"12.99725","longitude":"77.56052999999999","responsecode":200},{"latitude":"12.99725","longitude":"77.56053","responsecode":200},{"latitude":"12.99725","longitude":"77.56053","responsecode":200},{"latitude":"12.997119999999999","longitude":"77.5608","responsecode":200},{"latitude":"12.996929999999999","longitude":"77.56123","responsecode":200},{"latitude":"12.996849999999998","longitude":"77.56139999999999","responsecode":200},{"latitude":"12.996819999999998","longitude":"77.56147999999999","responsecode":200},{"latitude":"12.996779999999998","longitude":"77.56157999999999","responsecode":200},{"latitude":"12.996749999999997","longitude":"77.56169","responsecode":200},{"latitude":"12.996719999999996","longitude":"77.56182","responsecode":200},{"latitude":"12.996699999999997","longitude":"77.56196","responsecode":200},{"latitude":"12.996679999999998","longitude":"77.56209","responsecode":200},{"latitude":"12.996659999999999","longitude":"77.56228","responsecode":200},{"latitude":"12.996649999999999","longitude":"77.56239000000001","responsecode":200},{"latitude":"12.99664","longitude":"77.56251","responsecode":200},{"latitude":"12.99662","longitude":"77.56278","responsecode":200},{"latitude":"12.99661","longitude":"77.56286","responsecode":200},{"latitude":"12.996590000000001","longitude":"77.56307","responsecode":200},{"latitude":"12.99656","longitude":"77.56327","responsecode":200},{"latitude":"12.99653","longitude":"77.56346","responsecode":200},{"latitude":"12.99644","longitude":"77.56393000000001","responsecode":200},{"latitude":"12.99641","longitude":"77.56406000000001","responsecode":200},{"latitude":"12.996383999999999","longitude":"77.56418200000002","responsecode":200},{"latitude":"12.996384","longitude":"77.564182","responsecode":200},{"latitude":"12.996360000000001","longitude":"77.56429","responsecode":200},{"latitude":"12.99632","longitude":"77.56452","responsecode":200},{"latitude":"12.996310000000001","longitude":"77.56466","responsecode":200},{"latitude":"12.99632","longitude":"77.5648","responsecode":200},{"latitude":"12.99634","longitude":"77.56490000000001","responsecode":200},{"latitude":"12.99637","longitude":"77.56500000000001","responsecode":200},{"latitude":"12.99642","longitude":"77.56517000000001","responsecode":200},{"latitude":"12.99651","longitude":"77.56547","responsecode":200},{"latitude":"12.996640000000001","longitude":"77.56592","responsecode":200},{"latitude":"12.996680000000001","longitude":"77.56604","responsecode":200},{"latitude":"12.996730000000001","longitude":"77.56617","responsecode":200},{"latitude":"12.996780000000001","longitude":"77.56631","responsecode":200},{"latitude":"12.996830000000001","longitude":"77.56645","responsecode":200},{"latitude":"12.99689","longitude":"77.56664","responsecode":200},{"latitude":"12.996920000000001","longitude":"77.56679000000001","responsecode":200},{"latitude":"12.99693","longitude":"77.56693000000001","responsecode":200},{"latitude":"12.996920000000001","longitude":"77.56708000000002","responsecode":200},{"latitude":"12.99689","longitude":"77.56735000000002","responsecode":200},{"latitude":"12.996870000000001","longitude":"77.56751000000001","responsecode":200},{"latitude":"12.996860000000002","longitude":"77.56773000000001","responsecode":200},{"latitude":"12.996860000000002","longitude":"77.56805000000001","responsecode":200},{"latitude":"12.996860000000002","longitude":"77.56829000000002","responsecode":200},{"latitude":"12.996870000000001","longitude":"77.56849000000003","responsecode":200},{"latitude":"12.996876000000002","longitude":"77.56866100000002","responsecode":200},{"latitude":"12.996876","longitude":"77.568661","responsecode":200},{"latitude":"12.99688","longitude":"77.56879","responsecode":200},{"latitude":"12.99688","longitude":"77.56929000000001","responsecode":200},{"latitude":"12.99688","longitude":"77.56945","responsecode":200},{"latitude":"12.99688","longitude":"77.56956000000001","responsecode":200},{"latitude":"12.99689","longitude":"77.57056000000001","responsecode":200},{"latitude":"12.99689","longitude":"77.57096000000001","responsecode":200},{"latitude":"12.9969","longitude":"77.57123000000001","responsecode":200},{"latitude":"12.9969","longitude":"77.57142000000002","responsecode":200},{"latitude":"12.9969","longitude":"77.57158000000001","responsecode":200},{"latitude":"12.9969","longitude":"77.57190000000001","responsecode":200},{"latitude":"12.99691","longitude":"77.57213000000002","responsecode":200},{"latitude":"12.99692","longitude":"77.57288000000001","responsecode":200},{"latitude":"12.99692","longitude":"77.57309000000001","responsecode":200},{"latitude":"12.99691","longitude":"77.57314000000001","responsecode":200},{"latitude":"12.996879999999999","longitude":"77.57321","responsecode":200},{"latitude":"12.99659","longitude":"77.57325","responsecode":200},{"latitude":"12.99643","longitude":"77.57327000000001","responsecode":200},{"latitude":"12.99638","longitude":"77.57328000000001","responsecode":200},{"latitude":"12.99634","longitude":"77.57329000000001","responsecode":200},{"latitude":"12.99589","longitude":"77.57348000000002","responsecode":200},{"latitude":"12.9957","longitude":"77.57355000000001","responsecode":200},{"latitude":"12.99503","longitude":"77.57372000000001","responsecode":200},{"latitude":"12.99492","longitude":"77.57374000000002","responsecode":200},{"latitude":"12.99482","longitude":"77.57376000000002","responsecode":200},{"latitude":"12.99465","longitude":"77.57380000000002","responsecode":200},{"latitude":"12.99436","longitude":"77.57386000000002","responsecode":200},{"latitude":"12.99426","longitude":"77.57387800000002","responsecode":200},{"latitude":"12.99426","longitude":"77.573878","responsecode":200},{"latitude":"12.99403","longitude":"77.57391999999999","responsecode":200},{"latitude":"12.993870000000001","longitude":"77.57394999999998","responsecode":200},{"latitude":"12.9937","longitude":"77.57397999999998","responsecode":200},{"latitude":"12.99313","longitude":"77.57406999999998","responsecode":200},{"latitude":"12.993020000000001","longitude":"77.57408999999998","responsecode":200},{"latitude":"12.992920000000002","longitude":"77.57411999999998","responsecode":200},{"latitude":"12.992860000000002","longitude":"77.57414999999997","responsecode":200},{"latitude":"12.992790000000003","longitude":"77.57419999999998","responsecode":200},{"latitude":"12.992740000000003","longitude":"77.57424999999998","responsecode":200},{"latitude":"12.992650000000003","longitude":"77.57434999999998","responsecode":200},{"latitude":"12.992470000000003","longitude":"77.57416999999998","responsecode":200},{"latitude":"12.992360000000003","longitude":"77.57408999999998","responsecode":200},{"latitude":"12.992210000000004","longitude":"77.57399999999998","responsecode":200},{"latitude":"12.992090000000003","longitude":"77.57397999999998","responsecode":200},{"latitude":"12.991890000000003","longitude":"77.57404999999997","responsecode":200},{"latitude":"12.991680000000004","longitude":"77.57411999999997","responsecode":200},{"latitude":"12.991550000000004","longitude":"77.57417999999997","responsecode":200},{"latitude":"12.991380000000003","longitude":"77.57407999999997","responsecode":200},{"latitude":"12.990750000000004","longitude":"77.57385999999997","responsecode":200},{"latitude":"12.990340000000003","longitude":"77.57377999999997","responsecode":200},{"latitude":"12.989410000000003","longitude":"77.57344999999997","responsecode":200},{"latitude":"12.989470000000003","longitude":"77.57332999999997","responsecode":200},{"latitude":"12.989500000000003","longitude":"77.57325999999998","responsecode":200},{"latitude":"12.989640000000003","longitude":"77.57288999999997","responsecode":200},{"latitude":"12.989670000000004","longitude":"77.57280999999998","responsecode":200},{"latitude":"12.989760000000004","longitude":"77.57251999999997","responsecode":200},{"latitude":"12.989800000000004","longitude":"77.57238999999997","responsecode":200},{"latitude":"12.989830000000005","longitude":"77.57226999999997","responsecode":200},{"latitude":"12.989837000000005","longitude":"77.57216099999998","responsecode":200},{"latitude":"12.989837","longitude":"77.572161","responsecode":200},{"latitude":"12.98984","longitude":"77.57212","responsecode":200},{"latitude":"12.98984","longitude":"77.57185","responsecode":200},{"latitude":"12.989719999999998","longitude":"77.57187","responsecode":200},{"latitude":"12.98965","longitude":"77.57191","responsecode":200},{"latitude":"12.989569999999999","longitude":"77.57193000000001","responsecode":200},{"latitude":"12.98937","longitude":"77.57199000000001","responsecode":200},{"latitude":"12.98921","longitude":"77.57202000000001","responsecode":200},{"latitude":"12.98877","longitude":"77.57214","responsecode":200},{"latitude":"12.988480000000001","longitude":"77.57223","responsecode":200},{"latitude":"12.98834","longitude":"77.57226","responsecode":200},{"latitude":"12.988230000000001","longitude":"77.57228","responsecode":200},{"latitude":"12.988150000000001","longitude":"77.57229000000001","responsecode":200},{"latitude":"12.988040000000002","longitude":"77.57230000000001","responsecode":200},{"latitude":"12.987620000000001","longitude":"77.57230000000001","responsecode":200},{"latitude":"12.987550000000002","longitude":"77.57230000000001","responsecode":200},{"latitude":"12.987370000000002","longitude":"77.57230000000001","responsecode":200},{"latitude":"12.987230000000002","longitude":"77.57231000000002","responsecode":200},{"latitude":"12.986880000000003","longitude":"77.57231000000002","responsecode":200},{"latitude":"12.986460000000003","longitude":"77.57230000000001","responsecode":200},{"latitude":"12.986150000000002","longitude":"77.57230000000001","responsecode":200},{"latitude":"12.985670000000002","longitude":"77.57229000000001","responsecode":200},{"latitude":"12.985540000000002","longitude":"77.57229000000001","responsecode":200},{"latitude":"12.985440000000002","longitude":"77.57228","responsecode":200},{"latitude":"12.985280000000003","longitude":"77.57225000000001","responsecode":200},{"latitude":"12.985190000000003","longitude":"77.57223","responsecode":200},{"latitude":"12.985060000000002","longitude":"77.57219","responsecode":200},{"latitude":"12.984950000000003","longitude":"77.57214","responsecode":200},{"latitude":"12.984740000000004","longitude":"77.57221","responsecode":200},{"latitude":"12.984550000000004","longitude":"77.57227","responsecode":200},{"latitude":"12.984120000000004","longitude":"77.57241","responsecode":200},{"latitude":"12.983640000000005","longitude":"77.57256000000001","responsecode":200},{"latitude":"12.983480000000005","longitude":"77.57260000000001","responsecode":200},{"latitude":"12.983260000000005","longitude":"77.57267","responsecode":200},{"latitude":"12.983120000000005","longitude":"77.57271","responsecode":200},{"latitude":"12.983010000000005","longitude":"77.57274","responsecode":200},{"latitude":"12.982910000000006","longitude":"77.57275","responsecode":200},{"latitude":"12.982790000000005","longitude":"77.57274","responsecode":200},{"latitude":"12.982670000000004","longitude":"77.57271999999999","responsecode":200},{"latitude":"12.982140000000005","longitude":"77.57261999999999","responsecode":200},{"latitude":"12.980920000000005","longitude":"77.57236999999999","responsecode":200},{"latitude":"12.980740000000004","longitude":"77.57234","responsecode":200},{"latitude":"12.980600000000004","longitude":"77.57231999999999","responsecode":200},{"latitude":"12.980320000000004","longitude":"77.57229999999998","responsecode":200},{"latitude":"12.980100000000004","longitude":"77.57227999999998","responsecode":200},{"latitude":"12.979870000000004","longitude":"77.57227999999998","responsecode":200},{"latitude":"12.979720000000004","longitude":"77.57230999999997","responsecode":200},{"latitude":"12.979560000000005","longitude":"77.57237999999997","responsecode":200},{"latitude":"12.979430000000004","longitude":"77.57245999999996","responsecode":200},{"latitude":"12.979250000000004","longitude":"77.57259999999997","responsecode":200},{"latitude":"12.978560000000003","longitude":"77.57312999999996","responsecode":200},{"latitude":"12.978240000000003","longitude":"77.57338999999996","responsecode":200},{"latitude":"12.978050000000003","longitude":"77.57355999999996","responsecode":200},{"latitude":"12.977640000000003","longitude":"77.57392999999996","responsecode":200},{"latitude":"12.977539000000002","longitude":"77.57401899999996","responsecode":200},{"latitude":"12.977539","longitude":"77.574019","responsecode":200},{"latitude":"12.977539","longitude":"77.574019","responsecode":200},{"latitude":"12.97754","longitude":"77.57402","responsecode":200},{"latitude":"12.97746","longitude":"77.57409","responsecode":200},{"latitude":"12.97749","longitude":"77.57327","responsecode":200}],"Message":"Success","Issuccess":true,"exception":null,"RowCount":274,"responsecode":200}