{"data":[{"latitude":"12.914047","longitude":"77.487203","responsecode":200},{"latitude":"12.91416","longitude":"77.48686","responsecode":200},{"latitude":"12.914010000000001","longitude":"77.48678","responsecode":200},{"latitude":"12.913570000000002","longitude":"77.48656","responsecode":200},{"latitude":"12.913500000000003","longitude":"77.48671999999999","responsecode":200},{"latitude":"12.913148000000003","longitude":"77.487832","responsecode":200},{"latitude":"12.913148","longitude":"77.487832","responsecode":200},{"latitude":"12.913148","longitude":"77.487832","responsecode":200}],"Message":"Success","Issuccess":true,"exception":null,"RowCount":8,"responsecode":200}