{"data":[{"latitude":"13.077548","longitude":"77.654729","responsecode":200},{"latitude":"13.07767","longitude":"77.65435000000001","responsecode":200},{"latitude":"13.07776","longitude":"77.65406","responsecode":200},{"latitude":"13.07779","longitude":"77.65397","responsecode":200},{"latitude":"13.077910000000001","longitude":"77.65362","responsecode":200},{"latitude":"13.077960000000001","longitude":"77.65348","responsecode":200},{"latitude":"13.07796","longitude":"77.65348","responsecode":200},{"latitude":"13.07796","longitude":"77.65348","responsecode":200},{"latitude":"13.077689999999999","longitude":"77.65318","responsecode":200},{"latitude":"13.077589999999999","longitude":"77.65307","responsecode":200},{"latitude":"13.077409999999999","longitude":"77.6529","responsecode":200},{"latitude":"13.077319999999999","longitude":"77.65281","responsecode":200},{"latitude":"13.07716","longitude":"77.65268","responsecode":200},{"latitude":"13.07697","longitude":"77.65255","responsecode":200},{"latitude":"13.07668","longitude":"77.65236","responsecode":200},{"latitude":"13.076139999999999","longitude":"77.65202000000001","responsecode":200},{"latitude":"13.07589","longitude":"77.65187","responsecode":200},{"latitude":"13.07575","longitude":"77.65179","responsecode":200},{"latitude":"13.075529999999999","longitude":"77.65168","responsecode":200},{"latitude":"13.075389999999999","longitude":"77.65163","responsecode":200},{"latitude":"13.07539","longitude":"77.65163","responsecode":200},{"latitude":"13.07539","longitude":"77.65163","responsecode":200},{"latitude":"13.07526","longitude":"77.65160999999999","responsecode":200},{"latitude":"13.07499","longitude":"77.65158","responsecode":200},{"latitude":"13.0747","longitude":"77.65155999999999","responsecode":200},{"latitude":"13.07454","longitude":"77.65154999999999","responsecode":200},{"latitude":"13.07385","longitude":"77.65152999999998","responsecode":200},{"latitude":"13.07299","longitude":"77.65151999999998","responsecode":200},{"latitude":"13.07225","longitude":"77.65151999999998","responsecode":200},{"latitude":"13.07178","longitude":"77.65153999999998","responsecode":200},{"latitude":"13.0715","longitude":"77.65154999999999","responsecode":200},{"latitude":"13.0715","longitude":"77.65155","responsecode":200},{"latitude":"13.0715","longitude":"77.65155","responsecode":200},{"latitude":"13.07057","longitude":"77.6516","responsecode":200},{"latitude":"13.07015","longitude":"77.65162000000001","responsecode":200},{"latitude":"13.06981","longitude":"77.65165","responsecode":200},{"latitude":"13.06947","longitude":"77.65167000000001","responsecode":200},{"latitude":"13.069220000000001","longitude":"77.65169000000002","responsecode":200},{"latitude":"13.068930000000002","longitude":"77.65171000000002","responsecode":200},{"latitude":"13.068580000000003","longitude":"77.65174000000002","responsecode":200},{"latitude":"13.068170000000002","longitude":"77.65177000000001","responsecode":200},{"latitude":"13.067790000000002","longitude":"77.65180000000001","responsecode":200},{"latitude":"13.067270000000002","longitude":"77.65184","responsecode":200},{"latitude":"13.066710000000002","longitude":"77.65188","responsecode":200},{"latitude":"13.066560000000003","longitude":"77.65188","responsecode":200},{"latitude":"13.066390000000002","longitude":"77.65189000000001","responsecode":200},{"latitude":"13.065790000000002","longitude":"77.65191000000002","responsecode":200},{"latitude":"13.065470000000001","longitude":"77.65192000000002","responsecode":200},{"latitude":"13.065220000000002","longitude":"77.65193000000002","responsecode":200},{"latitude":"13.065080000000002","longitude":"77.65193000000002","responsecode":200},{"latitude":"13.064940000000002","longitude":"77.65193000000002","responsecode":200},{"latitude":"13.064810000000001","longitude":"77.65193000000002","responsecode":200},{"latitude":"13.06469","longitude":"77.65192000000002","responsecode":200},{"latitude":"13.06469","longitude":"77.65192","responsecode":200},{"latitude":"13.06469","longitude":"77.65192","responsecode":200},{"latitude":"13.06459","longitude":"77.65191","responsecode":200},{"latitude":"13.0645","longitude":"77.65189","responsecode":200},{"latitude":"13.064430000000002","longitude":"77.65186","responsecode":200},{"latitude":"13.064340000000001","longitude":"77.65178","responsecode":200},{"latitude":"13.06426","longitude":"77.65167","responsecode":200},{"latitude":"13.064200000000001","longitude":"77.65155999999999","responsecode":200},{"latitude":"13.064140000000002","longitude":"77.65144","responsecode":200},{"latitude":"13.064100000000002","longitude":"77.65132","responsecode":200},{"latitude":"13.064070000000001","longitude":"77.65118","responsecode":200},{"latitude":"13.06404","longitude":"77.65097","responsecode":200},{"latitude":"13.06403","longitude":"77.65082","responsecode":200},{"latitude":"13.064010000000001","longitude":"77.6507","responsecode":200},{"latitude":"13.063970000000001","longitude":"77.65056","responsecode":200},{"latitude":"13.063910000000002","longitude":"77.65041","responsecode":200},{"latitude":"13.063820000000002","longitude":"77.65025999999999","responsecode":200},{"latitude":"13.063910000000002","longitude":"77.65016999999999","responsecode":200},{"latitude":"13.06398","longitude":"77.64994999999999","responsecode":200},{"latitude":"13.064060000000001","longitude":"77.6497","responsecode":200},{"latitude":"13.064160000000001","longitude":"77.64938","responsecode":200},{"latitude":"13.064200000000001","longitude":"77.64917","responsecode":200},{"latitude":"13.064250000000001","longitude":"77.64896999999999","responsecode":200},{"latitude":"13.06426","longitude":"77.64890999999999","responsecode":200},{"latitude":"13.06445","longitude":"77.64818999999999","responsecode":200},{"latitude":"13.06456","longitude":"77.64776999999998","responsecode":200},{"latitude":"13.064680000000001","longitude":"77.64743999999997","responsecode":200},{"latitude":"13.06475","longitude":"77.64723999999997","responsecode":200},{"latitude":"13.06482","longitude":"77.64694999999996","responsecode":200},{"latitude":"13.064869999999999","longitude":"77.64655999999997","responsecode":200},{"latitude":"13.0649","longitude":"77.64637999999997","responsecode":200},{"latitude":"13.06493","longitude":"77.64612999999997","responsecode":200},{"latitude":"13.06499","longitude":"77.64568999999997","responsecode":200},{"latitude":"13.06503","longitude":"77.64541999999997","responsecode":200},{"latitude":"13.06507","longitude":"77.64531999999997","responsecode":200},{"latitude":"13.06514","longitude":"77.64510999999997","responsecode":200},{"latitude":"13.065249999999999","longitude":"77.64475999999998","responsecode":200},{"latitude":"13.065309999999998","longitude":"77.64455999999997","responsecode":200},{"latitude":"13.065359999999998","longitude":"77.64440999999997","responsecode":200},{"latitude":"13.065399999999999","longitude":"77.64428999999997","responsecode":200},{"latitude":"13.065449999999998","longitude":"77.64411999999997","responsecode":200},{"latitude":"13.065479999999999","longitude":"77.64402999999997","responsecode":200},{"latitude":"13.06561","longitude":"77.64359999999998","responsecode":200},{"latitude":"13.06575","longitude":"77.64314999999998","responsecode":200},{"latitude":"13.06575","longitude":"77.64315","responsecode":200},{"latitude":"13.06575","longitude":"77.64315","responsecode":200},{"latitude":"13.06578","longitude":"77.64302","responsecode":200},{"latitude":"13.06583","longitude":"77.64284","responsecode":200},{"latitude":"13.06586","longitude":"77.64272000000001","responsecode":200},{"latitude":"13.06606","longitude":"77.64203","responsecode":200},{"latitude":"13.06614","longitude":"77.64171","responsecode":200},{"latitude":"13.0663","longitude":"77.64096","responsecode":200},{"latitude":"13.06637","longitude":"77.64070000000001","responsecode":200},{"latitude":"13.06631","longitude":"77.64072000000002","responsecode":200},{"latitude":"13.06627","longitude":"77.64072000000002","responsecode":200},{"latitude":"13.06627","longitude":"77.64072","responsecode":200},{"latitude":"13.066239999999999","longitude":"77.64072","responsecode":200},{"latitude":"13.06613","longitude":"77.6407","responsecode":200},{"latitude":"13.06589","longitude":"77.64063999999999","responsecode":200},{"latitude":"13.06552","longitude":"77.64054999999999","responsecode":200},{"latitude":"13.065389999999999","longitude":"77.64052","responsecode":200},{"latitude":"13.06529","longitude":"77.64049999999999","responsecode":200},{"latitude":"13.06519","longitude":"77.64049999999999","responsecode":200},{"latitude":"13.065109999999999","longitude":"77.64049999999999","responsecode":200},{"latitude":"13.065029999999998","longitude":"77.64052","responsecode":200},{"latitude":"13.064969999999999","longitude":"77.64054999999999","responsecode":200},{"latitude":"13.064929999999999","longitude":"77.64058999999999","responsecode":200},{"latitude":"13.064869999999999","longitude":"77.64065999999998","responsecode":200},{"latitude":"13.064779999999999","longitude":"77.64077999999998","responsecode":200},{"latitude":"13.06472","longitude":"77.64084999999997","responsecode":200},{"latitude":"13.06465","longitude":"77.64090999999998","responsecode":200},{"latitude":"13.06457","longitude":"77.64094999999998","responsecode":200},{"latitude":"13.06449","longitude":"77.64097999999997","responsecode":200},{"latitude":"13.064319999999999","longitude":"77.64102999999997","responsecode":200},{"latitude":"13.064219999999999","longitude":"77.64106999999997","responsecode":200},{"latitude":"13.064139999999998","longitude":"77.64110999999997","responsecode":200},{"latitude":"13.064019999999998","longitude":"77.64117999999996","responsecode":200},{"latitude":"13.063949999999998","longitude":"77.64124999999996","responsecode":200},{"latitude":"13.063899999999999","longitude":"77.64132999999995","responsecode":200},{"latitude":"13.063849999999999","longitude":"77.64142999999996","responsecode":200},{"latitude":"13.063809999999998","longitude":"77.64153999999996","responsecode":200},{"latitude":"13.063779999999998","longitude":"77.64162999999996","responsecode":200},{"latitude":"13.063749999999997","longitude":"77.64173999999997","responsecode":200},{"latitude":"13.063719999999996","longitude":"77.64181999999997","responsecode":200},{"latitude":"13.063679999999996","longitude":"77.64188999999996","responsecode":200},{"latitude":"13.063619999999997","longitude":"77.64197999999996","responsecode":200},{"latitude":"13.063559999999997","longitude":"77.64204999999995","responsecode":200},{"latitude":"13.063509999999997","longitude":"77.64210999999996","responsecode":200},{"latitude":"13.063439999999998","longitude":"77.64216999999996","responsecode":200},{"latitude":"13.063379999999999","longitude":"77.64218999999997","responsecode":200},{"latitude":"13.063289999999999","longitude":"77.64219999999997","responsecode":200},{"latitude":"13.06329","longitude":"77.6422","responsecode":200},{"latitude":"13.06329","longitude":"77.6422","responsecode":200},{"latitude":"13.06309","longitude":"77.64217000000001","responsecode":200},{"latitude":"13.06296","longitude":"77.64214000000001","responsecode":200},{"latitude":"13.06279","longitude":"77.64211000000002","responsecode":200},{"latitude":"13.062669999999999","longitude":"77.64209000000001","responsecode":200},{"latitude":"13.062529999999999","longitude":"77.64207","responsecode":200},{"latitude":"13.06237","longitude":"77.64205","responsecode":200},{"latitude":"13.06226","longitude":"77.64204","responsecode":200},{"latitude":"13.06212","longitude":"77.64204","responsecode":200},{"latitude":"13.06192","longitude":"77.64204","responsecode":200},{"latitude":"13.061760000000001","longitude":"77.64204","responsecode":200},{"latitude":"13.061610000000002","longitude":"77.64202999999999","responsecode":200},{"latitude":"13.061390000000001","longitude":"77.64198999999999","responsecode":200},{"latitude":"13.061180000000002","longitude":"77.64193999999999","responsecode":200},{"latitude":"13.060960000000001","longitude":"77.64187999999999","responsecode":200},{"latitude":"13.060900000000002","longitude":"77.64186999999998","responsecode":200},{"latitude":"13.060840000000002","longitude":"77.64185999999998","responsecode":200},{"latitude":"13.060770000000003","longitude":"77.64185999999998","responsecode":200},{"latitude":"13.060710000000004","longitude":"77.64186999999998","responsecode":200},{"latitude":"13.060630000000003","longitude":"77.64189999999998","responsecode":200},{"latitude":"13.060560000000004","longitude":"77.64193999999998","responsecode":200},{"latitude":"13.060310000000005","longitude":"77.64209999999997","responsecode":200},{"latitude":"13.060110000000005","longitude":"77.64221999999997","responsecode":200},{"latitude":"13.059750000000005","longitude":"77.64247999999996","responsecode":200},{"latitude":"13.059450000000005","longitude":"77.64267999999997","responsecode":200},{"latitude":"13.059310000000005","longitude":"77.64275999999997","responsecode":200},{"latitude":"13.059160000000006","longitude":"77.64283999999996","responsecode":200},{"latitude":"13.059030000000005","longitude":"77.64290999999996","responsecode":200},{"latitude":"13.058930000000005","longitude":"77.64295999999996","responsecode":200},{"latitude":"13.058850000000005","longitude":"77.64299999999996","responsecode":200},{"latitude":"13.058770000000004","longitude":"77.64303999999996","responsecode":200},{"latitude":"13.058670000000005","longitude":"77.64308999999996","responsecode":200},{"latitude":"13.058570000000005","longitude":"77.64313999999996","responsecode":200},{"latitude":"13.05857","longitude":"77.64314","responsecode":200},{"latitude":"13.0585","longitude":"77.64319","responsecode":200},{"latitude":"13.058440000000001","longitude":"77.64323","responsecode":200},{"latitude":"13.05826","longitude":"77.6434","responsecode":200},{"latitude":"13.05818","longitude":"77.64348","responsecode":200},{"latitude":"13.0581","longitude":"77.64358","responsecode":200},{"latitude":"13.05799","longitude":"77.64375","responsecode":200},{"latitude":"13.05782","longitude":"77.64399","responsecode":200},{"latitude":"13.057739999999999","longitude":"77.64409","responsecode":200},{"latitude":"13.05768","longitude":"77.64414000000001","responsecode":200},{"latitude":"13.05762","longitude":"77.64416000000001","responsecode":200},{"latitude":"13.05754","longitude":"77.64417000000002","responsecode":200},{"latitude":"13.05748","longitude":"77.64418000000002","responsecode":200},{"latitude":"13.05724","longitude":"77.64423000000002","responsecode":200},{"latitude":"13.05716","longitude":"77.64425000000003","responsecode":200},{"latitude":"13.05686","longitude":"77.64433000000002","responsecode":200},{"latitude":"13.05682","longitude":"77.64413000000002","responsecode":200},{"latitude":"13.05672","longitude":"77.64344000000001","responsecode":200},{"latitude":"13.05663","longitude":"77.64281000000001","responsecode":200},{"latitude":"13.05603","longitude":"77.64278000000002","responsecode":200},{"latitude":"13.05598","longitude":"77.64276000000001","responsecode":200},{"latitude":"13.05592","longitude":"77.64265","responsecode":200},{"latitude":"13.05527","longitude":"77.64267000000001","responsecode":200},{"latitude":"13.055250000000001","longitude":"77.64244000000001","responsecode":200},{"latitude":"13.05521","longitude":"77.64227000000001","responsecode":200},{"latitude":"13.055190000000001","longitude":"77.64209000000001","responsecode":200},{"latitude":"13.055170000000002","longitude":"77.64185","responsecode":200},{"latitude":"13.055170000000002","longitude":"77.64172","responsecode":200},{"latitude":"13.055170000000002","longitude":"77.64136","responsecode":200},{"latitude":"13.055180000000002","longitude":"77.64093000000001","responsecode":200},{"latitude":"13.055200000000001","longitude":"77.64051","responsecode":200},{"latitude":"13.055190000000001","longitude":"77.64005","responsecode":200},{"latitude":"13.055190000000001","longitude":"77.63959","responsecode":200},{"latitude":"13.055190000000001","longitude":"77.6395","responsecode":200},{"latitude":"13.05521","longitude":"77.63927","responsecode":200},{"latitude":"13.05521","longitude":"77.63914","responsecode":200},{"latitude":"13.05521","longitude":"77.63914","responsecode":200},{"latitude":"13.05521","longitude":"77.63914","responsecode":200}],"Message":"Success","Issuccess":true,"exception":null,"RowCount":216,"responsecode":200}