{"data":[{"latitude":"13.248528","longitude":"77.715479","responsecode":200},{"latitude":"13.24862","longitude":"77.7155","responsecode":200},{"latitude":"13.248600000000001","longitude":"77.71559","responsecode":200},{"latitude":"13.248460000000001","longitude":"77.71632000000001","responsecode":200},{"latitude":"13.248440000000002","longitude":"77.71645000000001","responsecode":200},{"latitude":"13.248250000000002","longitude":"77.71642000000001","responsecode":200},{"latitude":"13.248160000000002","longitude":"77.71639000000002","responsecode":200},{"latitude":"13.248020000000002","longitude":"77.71637000000001","responsecode":200},{"latitude":"13.247780000000002","longitude":"77.71629000000001","responsecode":200},{"latitude":"13.247700000000002","longitude":"77.71628000000001","responsecode":200},{"latitude":"13.247590000000002","longitude":"77.71628000000001","responsecode":200},{"latitude":"13.247490000000003","longitude":"77.71633000000001","responsecode":200},{"latitude":"13.247330000000003","longitude":"77.71640000000001","responsecode":200},{"latitude":"13.247210000000003","longitude":"77.71647","responsecode":200},{"latitude":"13.247162000000003","longitude":"77.71649000000001","responsecode":200},{"latitude":"13.247162","longitude":"77.71649","responsecode":200},{"latitude":"13.247162","longitude":"77.71649","responsecode":200},{"latitude":"13.24715","longitude":"77.71646","responsecode":200},{"latitude":"13.24701","longitude":"77.71697","responsecode":200},{"latitude":"13.24698","longitude":"77.71744","responsecode":200}],"Message":"Success","Issuccess":true,"exception":null,"RowCount":20,"responsecode":200}