{"data":[{"latitude":"12.800975","longitude":"77.577529","responsecode":200},{"latitude":"12.801","longitude":"77.5775","responsecode":200},{"latitude":"12.80114","longitude":"77.57735","responsecode":200},{"latitude":"12.8012","longitude":"77.57723","responsecode":200},{"latitude":"12.80129","longitude":"77.57699","responsecode":200},{"latitude":"12.80138","longitude":"77.5769","responsecode":200},{"latitude":"12.80138","longitude":"77.5769","responsecode":200},{"latitude":"12.80138","longitude":"77.5769","responsecode":200},{"latitude":"12.80138","longitude":"77.5769","responsecode":200},{"latitude":"12.8015","longitude":"77.57683","responsecode":200},{"latitude":"12.80329","longitude":"77.57737","responsecode":200},{"latitude":"12.803291","longitude":"77.577369","responsecode":200},{"latitude":"12.80349","longitude":"77.57765","responsecode":200},{"latitude":"12.80357","longitude":"77.57794000000001","responsecode":200},{"latitude":"12.80366","longitude":"77.57819","responsecode":200},{"latitude":"12.803830000000001","longitude":"77.57844","responsecode":200},{"latitude":"12.803920000000002","longitude":"77.57856","responsecode":200},{"latitude":"12.804170000000001","longitude":"77.5787","responsecode":200},{"latitude":"12.80455","longitude":"77.57876999999999","responsecode":200},{"latitude":"12.80502","longitude":"77.57878","responsecode":200},{"latitude":"12.80526","longitude":"77.57880999999999","responsecode":200},{"latitude":"12.80526","longitude":"77.57881","responsecode":200},{"latitude":"12.80526","longitude":"77.57881","responsecode":200},{"latitude":"12.80555","longitude":"77.57894","responsecode":200},{"latitude":"12.8057","longitude":"77.57895","responsecode":200},{"latitude":"12.80616","longitude":"77.5789","responsecode":200},{"latitude":"12.80672","longitude":"77.57884","responsecode":200},{"latitude":"12.80725","longitude":"77.5787","responsecode":200},{"latitude":"12.80735","longitude":"77.57867","responsecode":200},{"latitude":"12.80743","longitude":"77.57864000000001","responsecode":200},{"latitude":"12.80786","longitude":"77.57853","responsecode":200},{"latitude":"12.8084","longitude":"77.57845","responsecode":200},{"latitude":"12.80935","longitude":"77.57846","responsecode":200},{"latitude":"12.80946","longitude":"77.57846","responsecode":200},{"latitude":"12.809899999999999","longitude":"77.57848000000001","responsecode":200},{"latitude":"12.81021","longitude":"77.57850000000002","responsecode":200},{"latitude":"12.81034","longitude":"77.57851000000002","responsecode":200},{"latitude":"12.81068","longitude":"77.57853000000003","responsecode":200},{"latitude":"12.81127","longitude":"77.57847000000002","responsecode":200},{"latitude":"12.8115","longitude":"77.57849000000003","responsecode":200},{"latitude":"12.811569","longitude":"77.57849300000004","responsecode":200},{"latitude":"12.811569","longitude":"77.578493","responsecode":200},{"latitude":"12.811720000000001","longitude":"77.57849999999999","responsecode":200},{"latitude":"12.811890000000002","longitude":"77.57853999999999","responsecode":200},{"latitude":"12.812980000000001","longitude":"77.57974999999999","responsecode":200},{"latitude":"12.813160000000002","longitude":"77.57995","responsecode":200},{"latitude":"12.813380000000002","longitude":"77.58018","responsecode":200},{"latitude":"12.813480000000002","longitude":"77.58026","responsecode":200},{"latitude":"12.813620000000002","longitude":"77.58067","responsecode":200},{"latitude":"12.813690000000001","longitude":"77.58086","responsecode":200},{"latitude":"12.813740000000001","longitude":"77.58098","responsecode":200},{"latitude":"12.8138","longitude":"77.58108","responsecode":200},{"latitude":"12.813730000000001","longitude":"77.58118","responsecode":200},{"latitude":"12.813780000000001","longitude":"77.58123","responsecode":200},{"latitude":"12.813820000000002","longitude":"77.58128","responsecode":200},{"latitude":"12.81382","longitude":"77.58128","responsecode":200},{"latitude":"12.81385","longitude":"77.58133000000001","responsecode":200},{"latitude":"12.81389","longitude":"77.58141","responsecode":200},{"latitude":"12.813920000000001","longitude":"77.58149","responsecode":200},{"latitude":"12.81398","longitude":"77.58165","responsecode":200},{"latitude":"12.81408","longitude":"77.58194","responsecode":200},{"latitude":"12.81418","longitude":"77.58216","responsecode":200},{"latitude":"12.81425","longitude":"77.58229","responsecode":200},{"latitude":"12.8143","longitude":"77.58237","responsecode":200},{"latitude":"12.814359999999999","longitude":"77.58245","responsecode":200},{"latitude":"12.814449999999999","longitude":"77.58254","responsecode":200},{"latitude":"12.81453","longitude":"77.5826","responsecode":200},{"latitude":"12.814639999999999","longitude":"77.58266","responsecode":200},{"latitude":"12.814789999999999","longitude":"77.58275","responsecode":200},{"latitude":"12.814879999999999","longitude":"77.58279","responsecode":200},{"latitude":"12.815069999999999","longitude":"77.58286","responsecode":200},{"latitude":"12.815269999999998","longitude":"77.58294","responsecode":200},{"latitude":"12.815539999999999","longitude":"77.58304","responsecode":200},{"latitude":"12.81554","longitude":"77.58304","responsecode":200},{"latitude":"12.81554","longitude":"77.58304","responsecode":200},{"latitude":"12.816600000000001","longitude":"77.58341","responsecode":200},{"latitude":"12.81709","longitude":"77.58359","responsecode":200},{"latitude":"12.81725","longitude":"77.58365","responsecode":200},{"latitude":"12.81739","longitude":"77.58370000000001","responsecode":200},{"latitude":"12.81756","longitude":"77.58377","responsecode":200},{"latitude":"12.81769","longitude":"77.58383","responsecode":200},{"latitude":"12.81794","longitude":"77.58395","responsecode":200},{"latitude":"12.81829","longitude":"77.58413","responsecode":200},{"latitude":"12.81838","longitude":"77.58417","responsecode":200},{"latitude":"12.81867","longitude":"77.58432","responsecode":200},{"latitude":"12.819249999999998","longitude":"77.58461000000001","responsecode":200},{"latitude":"12.819399999999998","longitude":"77.58467000000002","responsecode":200},{"latitude":"12.819489999999998","longitude":"77.58470000000001","responsecode":200},{"latitude":"12.819589999999998","longitude":"77.58473000000001","responsecode":200},{"latitude":"12.81959","longitude":"77.58473","responsecode":200},{"latitude":"12.81959","longitude":"77.58473","responsecode":200},{"latitude":"12.819749999999999","longitude":"77.58476999999999","responsecode":200},{"latitude":"12.820099999999998","longitude":"77.58484999999999","responsecode":200},{"latitude":"12.820989999999998","longitude":"77.58500999999998","responsecode":200},{"latitude":"12.821299999999999","longitude":"77.58504999999998","responsecode":200},{"latitude":"12.82195","longitude":"77.58513999999998","responsecode":200},{"latitude":"12.82217","longitude":"77.58516999999998","responsecode":200},{"latitude":"12.82248","longitude":"77.58518999999998","responsecode":200},{"latitude":"12.82329","longitude":"77.58526999999998","responsecode":200},{"latitude":"12.82352","longitude":"77.58528999999999","responsecode":200},{"latitude":"12.82365","longitude":"77.58530999999999","responsecode":200},{"latitude":"12.823770000000001","longitude":"77.58533999999999","responsecode":200},{"latitude":"12.823890000000002","longitude":"77.58539999999999","responsecode":200},{"latitude":"12.824060000000003","longitude":"77.58549","responsecode":200},{"latitude":"12.824340000000003","longitude":"77.58563","responsecode":200},{"latitude":"12.824750000000003","longitude":"77.58583999999999","responsecode":200},{"latitude":"12.824949000000004","longitude":"77.58593199999999","responsecode":200},{"latitude":"12.824949","longitude":"77.585932","responsecode":200},{"latitude":"12.82516","longitude":"77.58603","responsecode":200},{"latitude":"12.82537","longitude":"77.58610999999999","responsecode":200},{"latitude":"12.82552","longitude":"77.58615999999999","responsecode":200},{"latitude":"12.825729999999998","longitude":"77.58622","responsecode":200},{"latitude":"12.826219999999998","longitude":"77.58637","responsecode":200},{"latitude":"12.826429999999997","longitude":"77.58644","responsecode":200},{"latitude":"12.826539999999996","longitude":"77.58646999999999","responsecode":200},{"latitude":"12.827549999999997","longitude":"77.58679","responsecode":200},{"latitude":"12.827779999999997","longitude":"77.58685999999999","responsecode":200},{"latitude":"12.827899999999998","longitude":"77.58689999999999","responsecode":200},{"latitude":"12.828089999999998","longitude":"77.58695999999999","responsecode":200},{"latitude":"12.828219999999998","longitude":"77.58700999999999","responsecode":200},{"latitude":"12.828529999999999","longitude":"77.58712999999999","responsecode":200},{"latitude":"12.82889","longitude":"77.58727999999999","responsecode":200},{"latitude":"12.82934","longitude":"77.58748","responsecode":200},{"latitude":"12.82947","longitude":"77.58753","responsecode":200},{"latitude":"12.829640000000001","longitude":"77.5876","responsecode":200},{"latitude":"12.830069000000002","longitude":"77.587802","responsecode":200},{"latitude":"12.830069","longitude":"77.587802","responsecode":200},{"latitude":"12.83164","longitude":"77.58854","responsecode":200},{"latitude":"12.832327","longitude":"77.588837","responsecode":200},{"latitude":"12.832327","longitude":"77.588837","responsecode":200},{"latitude":"12.832379999999999","longitude":"77.58886","responsecode":200},{"latitude":"12.83264","longitude":"77.58895","responsecode":200},{"latitude":"12.83288","longitude":"77.58903","responsecode":200},{"latitude":"12.83307","longitude":"77.58908","responsecode":200},{"latitude":"12.8332","longitude":"77.58910999999999","responsecode":200},{"latitude":"12.833309999999999","longitude":"77.58913","responsecode":200},{"latitude":"12.83354","longitude":"77.58915","responsecode":200},{"latitude":"12.83377","longitude":"77.58917000000001","responsecode":200},{"latitude":"12.83409","longitude":"77.58918000000001","responsecode":200},{"latitude":"12.83423","longitude":"77.58918000000001","responsecode":200},{"latitude":"12.83438","longitude":"77.58918000000001","responsecode":200},{"latitude":"12.83455","longitude":"77.58917000000001","responsecode":200},{"latitude":"12.83474","longitude":"77.58915","responsecode":200},{"latitude":"12.83507","longitude":"77.58911","responsecode":200},{"latitude":"12.83534","longitude":"77.58907","responsecode":200},{"latitude":"12.8355","longitude":"77.58905","responsecode":200},{"latitude":"12.835709999999999","longitude":"77.58903","responsecode":200},{"latitude":"12.835919999999998","longitude":"77.58900999999999","responsecode":200},{"latitude":"12.836069999999998","longitude":"77.58899999999998","responsecode":200},{"latitude":"12.836799999999998","longitude":"77.58896999999999","responsecode":200},{"latitude":"12.837519999999998","longitude":"77.58895999999999","responsecode":200},{"latitude":"12.837729999999997","longitude":"77.58894999999998","responsecode":200},{"latitude":"12.837959999999997","longitude":"77.58892999999998","responsecode":200},{"latitude":"12.838149999999997","longitude":"77.58890999999997","responsecode":200},{"latitude":"12.838409999999998","longitude":"77.58887999999997","responsecode":200},{"latitude":"12.838689999999998","longitude":"77.58883999999998","responsecode":200},{"latitude":"12.840099999999998","longitude":"77.58863999999997","responsecode":200},{"latitude":"12.840429999999998","longitude":"77.58859999999997","responsecode":200},{"latitude":"12.841269999999998","longitude":"77.58851999999997","responsecode":200},{"latitude":"12.841449999999998","longitude":"77.58849999999997","responsecode":200},{"latitude":"12.84145","longitude":"77.5885","responsecode":200},{"latitude":"12.84145","longitude":"77.5885","responsecode":200},{"latitude":"12.84173","longitude":"77.58847999999999","responsecode":200},{"latitude":"12.84197","longitude":"77.58845","responsecode":200},{"latitude":"12.84209","longitude":"77.58842999999999","responsecode":200},{"latitude":"12.8422","longitude":"77.58840999999998","responsecode":200},{"latitude":"12.84238","longitude":"77.58836999999998","responsecode":200},{"latitude":"12.842500000000001","longitude":"77.58836999999998","responsecode":200},{"latitude":"12.842730000000001","longitude":"77.58830999999998","responsecode":200},{"latitude":"12.843100000000002","longitude":"77.58821999999998","responsecode":200},{"latitude":"12.843190000000002","longitude":"77.58819999999997","responsecode":200},{"latitude":"12.843350000000001","longitude":"77.58815999999997","responsecode":200},{"latitude":"12.84356","longitude":"77.58812999999998","responsecode":200},{"latitude":"12.84375","longitude":"77.58811999999998","responsecode":200},{"latitude":"12.84406","longitude":"77.58810999999997","responsecode":200},{"latitude":"12.8444","longitude":"77.58810999999997","responsecode":200},{"latitude":"12.84481","longitude":"77.58810999999997","responsecode":200},{"latitude":"12.84502","longitude":"77.58810999999997","responsecode":200},{"latitude":"12.84521","longitude":"77.58811999999998","responsecode":200},{"latitude":"12.845509999999999","longitude":"77.58813999999998","responsecode":200},{"latitude":"12.846359999999999","longitude":"77.58819999999999","responsecode":200},{"latitude":"12.84636","longitude":"77.5882","responsecode":200},{"latitude":"12.84636","longitude":"77.5882","responsecode":200},{"latitude":"12.84664","longitude":"77.58822","responsecode":200},{"latitude":"12.84685","longitude":"77.58823000000001","responsecode":200},{"latitude":"12.84712","longitude":"77.58824000000001","responsecode":200},{"latitude":"12.847660000000001","longitude":"77.58826000000002","responsecode":200},{"latitude":"12.847840000000001","longitude":"77.58827000000002","responsecode":200},{"latitude":"12.848020000000002","longitude":"77.58828000000003","responsecode":200},{"latitude":"12.848250000000002","longitude":"77.58830000000003","responsecode":200},{"latitude":"12.848560000000003","longitude":"77.58831000000004","responsecode":200},{"latitude":"12.848770000000002","longitude":"77.58832000000004","responsecode":200},{"latitude":"12.849000000000002","longitude":"77.58832000000004","responsecode":200},{"latitude":"12.849240000000002","longitude":"77.58832000000004","responsecode":200},{"latitude":"12.84924","longitude":"77.58832","responsecode":200},{"latitude":"12.84924","longitude":"77.58832","responsecode":200},{"latitude":"12.84937","longitude":"77.58832","responsecode":200},{"latitude":"12.84974","longitude":"77.58832","responsecode":200},{"latitude":"12.84994","longitude":"77.58830999999999","responsecode":200},{"latitude":"12.85016","longitude":"77.58830999999999","responsecode":200},{"latitude":"12.85023","longitude":"77.58830999999999","responsecode":200},{"latitude":"12.85028","longitude":"77.58830999999999","responsecode":200},{"latitude":"12.85034","longitude":"77.58830999999999","responsecode":200},{"latitude":"12.85053","longitude":"77.58829999999999","responsecode":200},{"latitude":"12.85065","longitude":"77.58829999999999","responsecode":200},{"latitude":"12.85068","longitude":"77.58829999999999","responsecode":200},{"latitude":"12.85072","longitude":"77.58829999999999","responsecode":200},{"latitude":"12.850810000000001","longitude":"77.58825999999999","responsecode":200},{"latitude":"12.85087","longitude":"77.58824999999999","responsecode":200},{"latitude":"12.850950000000001","longitude":"77.58825999999999","responsecode":200},{"latitude":"12.851420000000001","longitude":"77.58829999999999","responsecode":200},{"latitude":"12.85152","longitude":"77.58830999999999","responsecode":200},{"latitude":"12.851600000000001","longitude":"77.58834999999999","responsecode":200},{"latitude":"12.851860000000002","longitude":"77.58837","responsecode":200},{"latitude":"12.851940000000003","longitude":"77.58838","responsecode":200},{"latitude":"12.852810000000003","longitude":"77.58846","responsecode":200},{"latitude":"12.853510000000004","longitude":"77.58852999999999","responsecode":200},{"latitude":"12.853650000000004","longitude":"77.58855","responsecode":200},{"latitude":"12.854340000000004","longitude":"77.58865","responsecode":200},{"latitude":"12.854550000000003","longitude":"77.58867000000001","responsecode":200},{"latitude":"12.854930000000003","longitude":"77.58871","responsecode":200},{"latitude":"12.855210000000003","longitude":"77.58874","responsecode":200},{"latitude":"12.855620000000004","longitude":"77.58879","responsecode":200},{"latitude":"12.856189000000004","longitude":"77.588852","responsecode":200},{"latitude":"12.856189","longitude":"77.588852","responsecode":200},{"latitude":"12.856440000000001","longitude":"77.58888","responsecode":200},{"latitude":"12.85651","longitude":"77.58888","responsecode":200},{"latitude":"12.856910000000001","longitude":"77.58891","responsecode":200},{"latitude":"12.8571","longitude":"77.58892","responsecode":200},{"latitude":"12.85726","longitude":"77.58893","responsecode":200},{"latitude":"12.85746","longitude":"77.58894000000001","responsecode":200},{"latitude":"12.85764","longitude":"77.58897","responsecode":200},{"latitude":"12.85779","longitude":"77.58899000000001","responsecode":200},{"latitude":"12.858039999999999","longitude":"77.58900000000001","responsecode":200},{"latitude":"12.858189999999999","longitude":"77.58901000000002","responsecode":200},{"latitude":"12.858349999999998","longitude":"77.58904000000001","responsecode":200},{"latitude":"12.858519999999999","longitude":"77.58909000000001","responsecode":200},{"latitude":"12.858819999999998","longitude":"77.58921000000001","responsecode":200},{"latitude":"12.859009999999998","longitude":"77.58931000000001","responsecode":200},{"latitude":"12.859119999999997","longitude":"77.58936000000001","responsecode":200},{"latitude":"12.859759999999998","longitude":"77.58968000000002","responsecode":200},{"latitude":"12.860059999999997","longitude":"77.58980000000001","responsecode":200},{"latitude":"12.860209999999997","longitude":"77.58985000000001","responsecode":200},{"latitude":"12.860349999999997","longitude":"77.58990000000001","responsecode":200},{"latitude":"12.860409999999996","longitude":"77.58992000000002","responsecode":200},{"latitude":"12.860499999999996","longitude":"77.58995000000002","responsecode":200},{"latitude":"12.860689999999996","longitude":"77.59002000000001","responsecode":200},{"latitude":"12.860859999999997","longitude":"77.59009","responsecode":200},{"latitude":"12.861019999999996","longitude":"77.59015000000001","responsecode":200},{"latitude":"12.861239999999997","longitude":"77.59023","responsecode":200},{"latitude":"12.861299999999996","longitude":"77.59025000000001","responsecode":200},{"latitude":"12.861519999999997","longitude":"77.59033000000001","responsecode":200},{"latitude":"12.861639999999998","longitude":"77.59037000000001","responsecode":200},{"latitude":"12.861989999999997","longitude":"77.59047000000001","responsecode":200},{"latitude":"12.862119999999997","longitude":"77.59051000000001","responsecode":200},{"latitude":"12.862299999999998","longitude":"77.59057000000001","responsecode":200},{"latitude":"12.8623","longitude":"77.59057","responsecode":200},{"latitude":"12.8623","longitude":"77.59057","responsecode":200},{"latitude":"12.863","longitude":"77.59081","responsecode":200},{"latitude":"12.86413","longitude":"77.59116","responsecode":200},{"latitude":"12.86449","longitude":"77.59127000000001","responsecode":200},{"latitude":"12.86475","longitude":"77.59137000000001","responsecode":200},{"latitude":"12.86514","longitude":"77.59152000000002","responsecode":200},{"latitude":"12.86529","longitude":"77.59158000000002","responsecode":200},{"latitude":"12.86542","longitude":"77.59163000000002","responsecode":200},{"latitude":"12.86551","longitude":"77.59167000000002","responsecode":200},{"latitude":"12.865630000000001","longitude":"77.59171000000002","responsecode":200},{"latitude":"12.865920000000001","longitude":"77.59181000000002","responsecode":200},{"latitude":"12.86599","longitude":"77.59183000000003","responsecode":200},{"latitude":"12.86616","longitude":"77.59188000000003","responsecode":200},{"latitude":"12.86616","longitude":"77.59188","responsecode":200},{"latitude":"12.86616","longitude":"77.59188","responsecode":200},{"latitude":"12.866240000000001","longitude":"77.59190000000001","responsecode":200},{"latitude":"12.86673","longitude":"77.59201000000002","responsecode":200},{"latitude":"12.866850000000001","longitude":"77.59200000000001","responsecode":200},{"latitude":"12.866950000000001","longitude":"77.59201000000002","responsecode":200},{"latitude":"12.867080000000001","longitude":"77.59204000000001","responsecode":200},{"latitude":"12.86719","longitude":"77.59207","responsecode":200},{"latitude":"12.867880000000001","longitude":"77.59231000000001","responsecode":200},{"latitude":"12.868050000000002","longitude":"77.59237000000002","responsecode":200},{"latitude":"12.868280000000002","longitude":"77.59245000000001","responsecode":200},{"latitude":"12.868530000000002","longitude":"77.59254000000001","responsecode":200},{"latitude":"12.869230000000002","longitude":"77.59278000000002","responsecode":200},{"latitude":"12.869490000000003","longitude":"77.59288000000002","responsecode":200},{"latitude":"12.869810000000003","longitude":"77.59301000000002","responsecode":200},{"latitude":"12.870290000000002","longitude":"77.59316000000003","responsecode":200},{"latitude":"12.870470000000003","longitude":"77.59323000000002","responsecode":200},{"latitude":"12.870560000000003","longitude":"77.59326000000001","responsecode":200},{"latitude":"12.870650000000003","longitude":"77.59329000000001","responsecode":200},{"latitude":"12.870779000000002","longitude":"77.59333300000002","responsecode":200},{"latitude":"12.870779","longitude":"77.593333","responsecode":200},{"latitude":"12.870800000000001","longitude":"77.59334","responsecode":200},{"latitude":"12.87096","longitude":"77.59340999999999","responsecode":200},{"latitude":"12.87105","longitude":"77.59343999999999","responsecode":200},{"latitude":"12.871410000000001","longitude":"77.59357999999999","responsecode":200},{"latitude":"12.871540000000001","longitude":"77.59362999999999","responsecode":200},{"latitude":"12.87207","longitude":"77.59382","responsecode":200},{"latitude":"12.872430000000001","longitude":"77.59393999999999","responsecode":200},{"latitude":"12.872660000000002","longitude":"77.594","responsecode":200},{"latitude":"12.87287","longitude":"77.59406999999999","responsecode":200},{"latitude":"12.87303","longitude":"77.59411999999999","responsecode":200},{"latitude":"12.87318","longitude":"77.59416999999999","responsecode":200},{"latitude":"12.8733","longitude":"77.59421999999999","responsecode":200},{"latitude":"12.873700000000001","longitude":"77.59437","responsecode":200},{"latitude":"12.874","longitude":"77.59447","responsecode":200},{"latitude":"12.8742","longitude":"77.59454","responsecode":200},{"latitude":"12.87453","longitude":"77.59465999999999","responsecode":200},{"latitude":"12.87463","longitude":"77.594691","responsecode":200},{"latitude":"12.87463","longitude":"77.594691","responsecode":200},{"latitude":"12.87501","longitude":"77.59481","responsecode":200},{"latitude":"12.875399999999999","longitude":"77.59487","responsecode":200},{"latitude":"12.875969999999999","longitude":"77.59497","responsecode":200},{"latitude":"12.87651","longitude":"77.59504","responsecode":200},{"latitude":"12.87663","longitude":"77.59505","responsecode":200},{"latitude":"12.87688","longitude":"77.59508","responsecode":200},{"latitude":"12.87702","longitude":"77.5951","responsecode":200},{"latitude":"12.87747","longitude":"77.59516","responsecode":200},{"latitude":"12.877930000000001","longitude":"77.59525000000001","responsecode":200},{"latitude":"12.87813","longitude":"77.59528","responsecode":200},{"latitude":"12.87832","longitude":"77.59531","responsecode":200},{"latitude":"12.878580000000001","longitude":"77.59535","responsecode":200},{"latitude":"12.878950000000001","longitude":"77.59541999999999","responsecode":200},{"latitude":"12.879330000000001","longitude":"77.59549999999999","responsecode":200},{"latitude":"12.87944","longitude":"77.59552999999998","responsecode":200},{"latitude":"12.87963","longitude":"77.59556999999998","responsecode":200},{"latitude":"12.879710000000001","longitude":"77.59558999999999","responsecode":200},{"latitude":"12.879800000000001","longitude":"77.59561","responsecode":200},{"latitude":"12.879890000000001","longitude":"77.59563","responsecode":200},{"latitude":"12.880020000000002","longitude":"77.59563","responsecode":200},{"latitude":"12.880160000000002","longitude":"77.59557","responsecode":200},{"latitude":"12.880250000000002","longitude":"77.59554","responsecode":200},{"latitude":"12.880350000000002","longitude":"77.59555","responsecode":200},{"latitude":"12.880550000000001","longitude":"77.5956","responsecode":200},{"latitude":"12.88085","longitude":"77.59566000000001","responsecode":200},{"latitude":"12.88114","longitude":"77.59571000000001","responsecode":200},{"latitude":"12.8813","longitude":"77.59575000000001","responsecode":200},{"latitude":"12.88144","longitude":"77.59580000000001","responsecode":200},{"latitude":"12.88152","longitude":"77.59585000000001","responsecode":200},{"latitude":"12.88158","longitude":"77.59588000000001","responsecode":200},{"latitude":"12.881649999999999","longitude":"77.59591","responsecode":200},{"latitude":"12.88165","longitude":"77.59591","responsecode":200},{"latitude":"12.88165","longitude":"77.59591","responsecode":200},{"latitude":"12.881960000000001","longitude":"77.59596","responsecode":200},{"latitude":"12.882150000000001","longitude":"77.59598000000001","responsecode":200},{"latitude":"12.88235","longitude":"77.59603000000001","responsecode":200},{"latitude":"12.88277","longitude":"77.59609000000002","responsecode":200},{"latitude":"12.88333","longitude":"77.59618000000002","responsecode":200},{"latitude":"12.8838","longitude":"77.59627000000002","responsecode":200},{"latitude":"12.884060000000002","longitude":"77.59632000000002","responsecode":200},{"latitude":"12.884330000000002","longitude":"77.59637000000002","responsecode":200},{"latitude":"12.884420000000002","longitude":"77.59639000000003","responsecode":200},{"latitude":"12.884690000000003","longitude":"77.59645000000003","responsecode":200},{"latitude":"12.884860000000003","longitude":"77.59647000000004","responsecode":200},{"latitude":"12.885460000000004","longitude":"77.59656000000004","responsecode":200},{"latitude":"12.885920000000004","longitude":"77.59663000000003","responsecode":200},{"latitude":"12.886040000000005","longitude":"77.59665000000004","responsecode":200},{"latitude":"12.886907000000004","longitude":"77.59678100000004","responsecode":200},{"latitude":"12.886907","longitude":"77.596781","responsecode":200},{"latitude":"12.8871","longitude":"77.59680999999999","responsecode":200},{"latitude":"12.88733","longitude":"77.59684999999999","responsecode":200},{"latitude":"12.88749","longitude":"77.59689999999999","responsecode":200},{"latitude":"12.88781","longitude":"77.59698999999999","responsecode":200},{"latitude":"12.88813","longitude":"77.59709","responsecode":200},{"latitude":"12.88836","longitude":"77.59715999999999","responsecode":200},{"latitude":"12.88859","longitude":"77.59722999999998","responsecode":200},{"latitude":"12.888810000000001","longitude":"77.59729999999998","responsecode":200},{"latitude":"12.88902","longitude":"77.59737999999997","responsecode":200},{"latitude":"12.88982","longitude":"77.59771999999997","responsecode":200},{"latitude":"12.89057","longitude":"77.59804999999997","responsecode":200},{"latitude":"12.89057","longitude":"77.59805","responsecode":200},{"latitude":"12.89057","longitude":"77.59805","responsecode":200},{"latitude":"12.89094","longitude":"77.59821","responsecode":200},{"latitude":"12.891070000000001","longitude":"77.59826","responsecode":200},{"latitude":"12.89165","longitude":"77.59846999999999","responsecode":200},{"latitude":"12.89173","longitude":"77.59849999999999","responsecode":200},{"latitude":"12.89188","longitude":"77.59854999999999","responsecode":200},{"latitude":"12.89206","longitude":"77.59861999999998","responsecode":200},{"latitude":"12.892290000000001","longitude":"77.59868999999998","responsecode":200},{"latitude":"12.892599","longitude":"77.59879499999998","responsecode":200},{"latitude":"12.892599","longitude":"77.598795","responsecode":200},{"latitude":"12.89279","longitude":"77.59886","responsecode":200},{"latitude":"12.89317","longitude":"77.59894","responsecode":200},{"latitude":"12.89365","longitude":"77.59902","responsecode":200},{"latitude":"12.89415","longitude":"77.59911","responsecode":200},{"latitude":"12.89432","longitude":"77.59913","responsecode":200},{"latitude":"12.89467","longitude":"77.59922","responsecode":200},{"latitude":"12.89489","longitude":"77.59929","responsecode":200},{"latitude":"12.89518","longitude":"77.59937","responsecode":200},{"latitude":"12.89561","longitude":"77.59949999999999","responsecode":200},{"latitude":"12.895999999999999","longitude":"77.59962999999999","responsecode":200},{"latitude":"12.89612","longitude":"77.59966999999999","responsecode":200},{"latitude":"12.896345","longitude":"77.599736","responsecode":200},{"latitude":"12.896345","longitude":"77.599736","responsecode":200},{"latitude":"12.89663","longitude":"77.59982","responsecode":200},{"latitude":"12.8968","longitude":"77.59985999999999","responsecode":200},{"latitude":"12.896980000000001","longitude":"77.59992999999999","responsecode":200},{"latitude":"12.89723","longitude":"77.59999999999998","responsecode":200},{"latitude":"12.897630000000001","longitude":"77.60011999999998","responsecode":200},{"latitude":"12.897760000000002","longitude":"77.60015999999997","responsecode":200},{"latitude":"12.898170000000002","longitude":"77.60028999999997","responsecode":200},{"latitude":"12.899100000000002","longitude":"77.60058999999997","responsecode":200},{"latitude":"12.899250000000002","longitude":"77.60063999999997","responsecode":200},{"latitude":"12.899430000000002","longitude":"77.60069999999997","responsecode":200},{"latitude":"12.899800000000003","longitude":"77.60078999999998","responsecode":200},{"latitude":"12.899990000000003","longitude":"77.60084999999998","responsecode":200},{"latitude":"12.900130000000003","longitude":"77.60087999999998","responsecode":200},{"latitude":"12.900430000000002","longitude":"77.60092999999998","responsecode":200},{"latitude":"12.90043","longitude":"77.60093","responsecode":200},{"latitude":"12.90043","longitude":"77.60093","responsecode":200},{"latitude":"12.9007","longitude":"77.60096","responsecode":200},{"latitude":"12.900970000000001","longitude":"77.601","responsecode":200},{"latitude":"12.90141","longitude":"77.60103","responsecode":200},{"latitude":"12.9018","longitude":"77.60105","responsecode":200},{"latitude":"12.90207","longitude":"77.6011","responsecode":200},{"latitude":"12.90222","longitude":"77.60112000000001","responsecode":200},{"latitude":"12.90239","longitude":"77.60116000000001","responsecode":200},{"latitude":"12.90272","longitude":"77.60123","responsecode":200},{"latitude":"12.9031","longitude":"77.60133","responsecode":200},{"latitude":"12.90333","longitude":"77.60138","responsecode":200},{"latitude":"12.904110000000001","longitude":"77.60157000000001","responsecode":200},{"latitude":"12.904330000000002","longitude":"77.60163000000001","responsecode":200},{"latitude":"12.904560000000002","longitude":"77.60170000000001","responsecode":200},{"latitude":"12.904640000000002","longitude":"77.60171000000001","responsecode":200},{"latitude":"12.904800000000002","longitude":"77.60174","responsecode":200},{"latitude":"12.90496","longitude":"77.60176000000001","responsecode":200},{"latitude":"12.905130000000002","longitude":"77.60179000000001","responsecode":200},{"latitude":"12.905250000000002","longitude":"77.60181000000001","responsecode":200},{"latitude":"12.905360000000002","longitude":"77.60181000000001","responsecode":200},{"latitude":"12.905480000000003","longitude":"77.60179000000001","responsecode":200},{"latitude":"12.905550000000002","longitude":"77.60176000000001","responsecode":200},{"latitude":"12.905640000000002","longitude":"77.60172000000001","responsecode":200},{"latitude":"12.905900000000003","longitude":"77.60157000000001","responsecode":200},{"latitude":"12.906090000000003","longitude":"77.60143000000001","responsecode":200},{"latitude":"12.906820000000003","longitude":"77.60085000000001","responsecode":200},{"latitude":"12.907210000000003","longitude":"77.60054000000001","responsecode":200},{"latitude":"12.907340000000003","longitude":"77.60048","responsecode":200},{"latitude":"12.907440000000003","longitude":"77.60044","responsecode":200},{"latitude":"12.907560000000004","longitude":"77.60040000000001","responsecode":200},{"latitude":"12.907630000000003","longitude":"77.60038800000001","responsecode":200},{"latitude":"12.90763","longitude":"77.600388","responsecode":200},{"latitude":"12.90768","longitude":"77.60038","responsecode":200},{"latitude":"12.90782","longitude":"77.60035","responsecode":200},{"latitude":"12.907929999999999","longitude":"77.60032000000001","responsecode":200},{"latitude":"12.908069999999999","longitude":"77.60026","responsecode":200},{"latitude":"12.90819","longitude":"77.60023000000001","responsecode":200},{"latitude":"12.908339999999999","longitude":"77.60020000000002","responsecode":200},{"latitude":"12.90847","longitude":"77.60018000000001","responsecode":200},{"latitude":"12.90879","longitude":"77.60014000000001","responsecode":200},{"latitude":"12.90913","longitude":"77.60009000000001","responsecode":200},{"latitude":"12.90959","longitude":"77.60001000000001","responsecode":200},{"latitude":"12.91002","longitude":"77.59995","responsecode":200},{"latitude":"12.910319999999999","longitude":"77.59993","responsecode":200},{"latitude":"12.91054","longitude":"77.59993","responsecode":200},{"latitude":"12.91062","longitude":"77.59993","responsecode":200},{"latitude":"12.91157","longitude":"77.59992","responsecode":200},{"latitude":"12.91174","longitude":"77.59992","responsecode":200},{"latitude":"12.91212","longitude":"77.59991","responsecode":200},{"latitude":"12.91245","longitude":"77.59988999999999","responsecode":200},{"latitude":"12.9127","longitude":"77.59987999999998","responsecode":200},{"latitude":"12.91293","longitude":"77.59986999999998","responsecode":200},{"latitude":"12.91345","longitude":"77.59986999999998","responsecode":200},{"latitude":"12.913549999999999","longitude":"77.59986999999998","responsecode":200},{"latitude":"12.91355","longitude":"77.59987","responsecode":200},{"latitude":"12.913640000000001","longitude":"77.59987","responsecode":200},{"latitude":"12.914240000000001","longitude":"77.59988","responsecode":200},{"latitude":"12.9144","longitude":"77.59989","responsecode":200},{"latitude":"12.91618","longitude":"77.59989","responsecode":200},{"latitude":"12.916400000000001","longitude":"77.59989","responsecode":200},{"latitude":"12.916580000000002","longitude":"77.5999","responsecode":200},{"latitude":"12.916660000000002","longitude":"77.59991000000001","responsecode":200},{"latitude":"12.916740000000003","longitude":"77.59991000000001","responsecode":200},{"latitude":"12.916820000000003","longitude":"77.59991000000001","responsecode":200},{"latitude":"12.916880000000003","longitude":"77.59991000000001","responsecode":200},{"latitude":"12.917100000000003","longitude":"77.59992000000001","responsecode":200},{"latitude":"12.917220000000004","longitude":"77.59993000000001","responsecode":200},{"latitude":"12.917690000000004","longitude":"77.59996000000001","responsecode":200},{"latitude":"12.917860000000005","longitude":"77.59997000000001","responsecode":200},{"latitude":"12.918190000000005","longitude":"77.59998000000002","responsecode":200},{"latitude":"12.918530000000004","longitude":"77.59998000000002","responsecode":200},{"latitude":"12.918720000000004","longitude":"77.59999000000002","responsecode":200},{"latitude":"12.918830000000003","longitude":"77.60000000000002","responsecode":200},{"latitude":"12.919100000000004","longitude":"77.60000400000003","responsecode":200},{"latitude":"12.9191","longitude":"77.600004","responsecode":200},{"latitude":"12.91943","longitude":"77.60001","responsecode":200},{"latitude":"12.91962","longitude":"77.60002","responsecode":200},{"latitude":"12.91979","longitude":"77.60002","responsecode":200},{"latitude":"12.92007","longitude":"77.60004","responsecode":200},{"latitude":"12.9205","longitude":"77.60007","responsecode":200},{"latitude":"12.92057","longitude":"77.60007","responsecode":200},{"latitude":"12.92071","longitude":"77.60008","responsecode":200},{"latitude":"12.9209","longitude":"77.60009000000001","responsecode":200},{"latitude":"12.921199999999999","longitude":"77.60011000000002","responsecode":200},{"latitude":"12.921299999999999","longitude":"77.60012000000002","responsecode":200},{"latitude":"12.921429999999999","longitude":"77.60013000000002","responsecode":200},{"latitude":"12.92152","longitude":"77.60014000000002","responsecode":200},{"latitude":"12.92171","longitude":"77.60015000000003","responsecode":200},{"latitude":"12.92189","longitude":"77.60015000000003","responsecode":200},{"latitude":"12.9223","longitude":"77.60016000000003","responsecode":200},{"latitude":"12.92245","longitude":"77.60016000000003","responsecode":200},{"latitude":"12.92259","longitude":"77.60017000000003","responsecode":200},{"latitude":"12.92271","longitude":"77.60017000000003","responsecode":200},{"latitude":"12.92308","longitude":"77.60019000000004","responsecode":200},{"latitude":"12.92319","longitude":"77.60020000000004","responsecode":200},{"latitude":"12.92421","longitude":"77.60027000000004","responsecode":200},{"latitude":"12.92469","longitude":"77.60032000000004","responsecode":200},{"latitude":"12.92514","longitude":"77.60035000000003","responsecode":200},{"latitude":"12.925410000000001","longitude":"77.60037000000004","responsecode":200},{"latitude":"12.92552","longitude":"77.60037000000004","responsecode":200},{"latitude":"12.92566","longitude":"77.60037000000004","responsecode":200},{"latitude":"12.92581","longitude":"77.60037000000004","responsecode":200},{"latitude":"12.92603","longitude":"77.60038000000004","responsecode":200},{"latitude":"12.926440000000001","longitude":"77.60038600000004","responsecode":200},{"latitude":"12.92644","longitude":"77.600386","responsecode":200},{"latitude":"12.926689999999999","longitude":"77.60039","responsecode":200},{"latitude":"12.926899999999998","longitude":"77.60041000000001","responsecode":200},{"latitude":"12.927629999999999","longitude":"77.60044","responsecode":200},{"latitude":"12.927719999999999","longitude":"77.60044","responsecode":200},{"latitude":"12.927819999999999","longitude":"77.60044","responsecode":200},{"latitude":"12.928049999999999","longitude":"77.60044","responsecode":200},{"latitude":"12.928289999999999","longitude":"77.60044","responsecode":200},{"latitude":"12.928339999999999","longitude":"77.60044","responsecode":200},{"latitude":"12.928409999999998","longitude":"77.60044","responsecode":200},{"latitude":"12.928509999999998","longitude":"77.60045000000001","responsecode":200},{"latitude":"12.928599999999998","longitude":"77.60046000000001","responsecode":200},{"latitude":"12.928669999999997","longitude":"77.60047000000002","responsecode":200},{"latitude":"12.928789999999998","longitude":"77.60052000000002","responsecode":200},{"latitude":"12.928899999999997","longitude":"77.60056000000002","responsecode":200},{"latitude":"12.928989999999997","longitude":"77.60058000000002","responsecode":200},{"latitude":"12.929109999999998","longitude":"77.60060000000003","responsecode":200},{"latitude":"12.929319999999997","longitude":"77.60061000000003","responsecode":200},{"latitude":"12.929649999999997","longitude":"77.60062000000003","responsecode":200},{"latitude":"12.929809999999996","longitude":"77.60062000000003","responsecode":200},{"latitude":"12.929889999999997","longitude":"77.60062000000003","responsecode":200},{"latitude":"12.929979999999997","longitude":"77.60061000000003","responsecode":200},{"latitude":"12.930139999999996","longitude":"77.60058000000004","responsecode":200},{"latitude":"12.930249999999996","longitude":"77.60056000000003","responsecode":200},{"latitude":"12.930319999999995","longitude":"77.60056000000003","responsecode":200},{"latitude":"12.930399999999995","longitude":"77.60057000000003","responsecode":200},{"latitude":"12.930619999999996","longitude":"77.60060000000003","responsecode":200},{"latitude":"12.930869999999995","longitude":"77.60063000000002","responsecode":200},{"latitude":"12.931079999999994","longitude":"77.60064000000003","responsecode":200},{"latitude":"12.931259999999995","longitude":"77.60065000000003","responsecode":200},{"latitude":"12.931489999999995","longitude":"77.60064000000003","responsecode":200},{"latitude":"12.931599999999994","longitude":"77.60064000000003","responsecode":200},{"latitude":"12.931719999999995","longitude":"77.60065000000003","responsecode":200},{"latitude":"12.931869999999995","longitude":"77.60067000000004","responsecode":200},{"latitude":"12.931999999999995","longitude":"77.60069000000004","responsecode":200},{"latitude":"12.932229999999995","longitude":"77.60074000000004","responsecode":200},{"latitude":"12.932589999999996","longitude":"77.60080000000005","responsecode":200},{"latitude":"12.933259999999995","longitude":"77.60092000000004","responsecode":200},{"latitude":"12.933469999999994","longitude":"77.60096000000004","responsecode":200},{"latitude":"12.933629999999994","longitude":"77.60100000000004","responsecode":200},{"latitude":"12.933799999999994","longitude":"77.60104000000004","responsecode":200},{"latitude":"12.933989999999994","longitude":"77.60108000000004","responsecode":200},{"latitude":"12.934229999999994","longitude":"77.60113000000004","responsecode":200},{"latitude":"12.934359999999995","longitude":"77.60116000000004","responsecode":200},{"latitude":"12.934529999999995","longitude":"77.60119000000003","responsecode":200},{"latitude":"12.934689999999994","longitude":"77.60121000000004","responsecode":200},{"latitude":"12.934879999999994","longitude":"77.60124000000003","responsecode":200},{"latitude":"12.935059999999995","longitude":"77.60128000000003","responsecode":200},{"latitude":"12.935609999999995","longitude":"77.60135000000002","responsecode":200},{"latitude":"12.936859999999996","longitude":"77.60162000000003","responsecode":200},{"latitude":"12.937009999999995","longitude":"77.60166000000002","responsecode":200},{"latitude":"12.937069999999995","longitude":"77.60167000000003","responsecode":200},{"latitude":"12.937169999999995","longitude":"77.60170000000002","responsecode":200},{"latitude":"12.937239999999994","longitude":"77.60171000000003","responsecode":200},{"latitude":"12.937439999999993","longitude":"77.60176000000003","responsecode":200},{"latitude":"12.938959999999993","longitude":"77.60207000000003","responsecode":200},{"latitude":"12.939039999999993","longitude":"77.60209000000003","responsecode":200},{"latitude":"12.939087999999993","longitude":"77.60210000000004","responsecode":200},{"latitude":"12.939088","longitude":"77.6021","responsecode":200},{"latitude":"12.93923","longitude":"77.60212999999999","responsecode":200},{"latitude":"12.93964","longitude":"77.60219","responsecode":200},{"latitude":"12.939860000000001","longitude":"77.60221999999999","responsecode":200},{"latitude":"12.94016","longitude":"77.60228999999998","responsecode":200},{"latitude":"12.9406","longitude":"77.60235999999998","responsecode":200},{"latitude":"12.94091","longitude":"77.60241999999998","responsecode":200},{"latitude":"12.94114","longitude":"77.60246999999998","responsecode":200},{"latitude":"12.94134","longitude":"77.60249999999998","responsecode":200},{"latitude":"12.94162","longitude":"77.60253999999998","responsecode":200},{"latitude":"12.94185","longitude":"77.60257999999997","responsecode":200},{"latitude":"12.941980000000001","longitude":"77.60259999999998","responsecode":200},{"latitude":"12.94217","longitude":"77.60264999999998","responsecode":200},{"latitude":"12.94246","longitude":"77.60269999999998","responsecode":200},{"latitude":"12.94255","longitude":"77.60271999999999","responsecode":200},{"latitude":"12.94274","longitude":"77.60275999999999","responsecode":200},{"latitude":"12.94289","longitude":"77.60278999999998","responsecode":200},{"latitude":"12.943","longitude":"77.60280999999999","responsecode":200},{"latitude":"12.94308","longitude":"77.60283","responsecode":200},{"latitude":"12.94318","longitude":"77.60284","responsecode":200},{"latitude":"12.94328","longitude":"77.60285","responsecode":200},{"latitude":"12.94341","longitude":"77.60284","responsecode":200},{"latitude":"12.94409","longitude":"77.60282","responsecode":200},{"latitude":"12.94423","longitude":"77.60280999999999","responsecode":200},{"latitude":"12.94435","longitude":"77.60280999999999","responsecode":200},{"latitude":"12.94443","longitude":"77.60279999999999","responsecode":200},{"latitude":"12.944510000000001","longitude":"77.60277999999998","responsecode":200},{"latitude":"12.944533000000002","longitude":"77.60277399999998","responsecode":200},{"latitude":"12.944533","longitude":"77.602774","responsecode":200},{"latitude":"12.94459","longitude":"77.60276","responsecode":200},{"latitude":"12.94483","longitude":"77.60269000000001","responsecode":200},{"latitude":"12.944989999999999","longitude":"77.60265000000001","responsecode":200},{"latitude":"12.94511","longitude":"77.60262000000002","responsecode":200},{"latitude":"12.94525","longitude":"77.60259000000002","responsecode":200},{"latitude":"12.94539","longitude":"77.60257000000001","responsecode":200},{"latitude":"12.945599999999999","longitude":"77.60255000000001","responsecode":200},{"latitude":"12.94611","longitude":"77.60252000000001","responsecode":200},{"latitude":"12.94647","longitude":"77.60248000000001","responsecode":200},{"latitude":"12.94695","longitude":"77.60243000000001","responsecode":200},{"latitude":"12.947189999999999","longitude":"77.60241","responsecode":200},{"latitude":"12.94736","longitude":"77.60242000000001","responsecode":200},{"latitude":"12.94747","longitude":"77.60243000000001","responsecode":200},{"latitude":"12.94759","longitude":"77.60245000000002","responsecode":200},{"latitude":"12.94783","longitude":"77.60251000000002","responsecode":200},{"latitude":"12.9481","longitude":"77.60258000000002","responsecode":200},{"latitude":"12.94821","longitude":"77.60261000000001","responsecode":200},{"latitude":"12.94836","longitude":"77.60266000000001","responsecode":200},{"latitude":"12.94864","longitude":"77.60278000000001","responsecode":200},{"latitude":"12.948739999999999","longitude":"77.60282000000001","responsecode":200},{"latitude":"12.94906","longitude":"77.60293000000001","responsecode":200},{"latitude":"12.94933","longitude":"77.60302000000001","responsecode":200},{"latitude":"12.94942","longitude":"77.60306000000001","responsecode":200},{"latitude":"12.94948","longitude":"77.60314000000001","responsecode":200},{"latitude":"12.950199999999999","longitude":"77.60343000000002","responsecode":200},{"latitude":"12.950529999999999","longitude":"77.60346000000001","responsecode":200},{"latitude":"12.950729999999998","longitude":"77.60351000000001","responsecode":200},{"latitude":"12.950879999999998","longitude":"77.60355000000001","responsecode":200},{"latitude":"12.951019999999998","longitude":"77.60360000000001","responsecode":200},{"latitude":"12.951129999999997","longitude":"77.60365000000002","responsecode":200},{"latitude":"12.951189999999997","longitude":"77.60368000000001","responsecode":200},{"latitude":"12.951279999999997","longitude":"77.60373000000001","responsecode":200},{"latitude":"12.951349999999996","longitude":"77.60377000000001","responsecode":200},{"latitude":"12.951579999999996","longitude":"77.60391000000001","responsecode":200},{"latitude":"12.951819999999996","longitude":"77.60404000000001","responsecode":200},{"latitude":"12.952089999999997","longitude":"77.60418000000001","responsecode":200},{"latitude":"12.952199999999996","longitude":"77.60426000000001","responsecode":200},{"latitude":"12.952269999999995","longitude":"77.60434000000001","responsecode":200},{"latitude":"12.952329999999995","longitude":"77.60443000000001","responsecode":200},{"latitude":"12.952389999999994","longitude":"77.60453000000001","responsecode":200},{"latitude":"12.952519999999994","longitude":"77.60477000000002","responsecode":200},{"latitude":"12.952779999999995","longitude":"77.60524000000002","responsecode":200},{"latitude":"12.953025999999996","longitude":"77.60525500000003","responsecode":200},{"latitude":"12.953026","longitude":"77.605255","responsecode":200},{"latitude":"12.95425","longitude":"77.60533","responsecode":200},{"latitude":"12.95491","longitude":"77.60543","responsecode":200},{"latitude":"12.95567","longitude":"77.60555","responsecode":200},{"latitude":"12.95589","longitude":"77.60561","responsecode":200},{"latitude":"12.9564","longitude":"77.60572","responsecode":200},{"latitude":"12.95687","longitude":"77.60582000000001","responsecode":200},{"latitude":"12.95719","longitude":"77.60589","responsecode":200},{"latitude":"12.957690000000001","longitude":"77.60597","responsecode":200},{"latitude":"12.958090000000002","longitude":"77.60604","responsecode":200},{"latitude":"12.958500000000003","longitude":"77.60610999999999","responsecode":200},{"latitude":"12.958723000000003","longitude":"77.60614499999998","responsecode":200},{"latitude":"12.958723","longitude":"77.606145","responsecode":200},{"latitude":"12.95888","longitude":"77.60616999999999","responsecode":200},{"latitude":"12.960650000000001","longitude":"77.60646999999999","responsecode":200},{"latitude":"12.961020000000001","longitude":"77.60653999999998","responsecode":200},{"latitude":"12.96127","longitude":"77.60658999999998","responsecode":200},{"latitude":"12.96148","longitude":"77.60662999999998","responsecode":200},{"latitude":"12.96193","longitude":"77.60668999999999","responsecode":200},{"latitude":"12.962100000000001","longitude":"77.60670999999999","responsecode":200},{"latitude":"12.96226","longitude":"77.60673","responsecode":200},{"latitude":"12.96244","longitude":"77.60674","responsecode":200},{"latitude":"12.96258","longitude":"77.60675","responsecode":200},{"latitude":"12.963040000000001","longitude":"77.60675","responsecode":200},{"latitude":"12.963370000000001","longitude":"77.60675","responsecode":200},{"latitude":"12.96337","longitude":"77.60675","responsecode":200},{"latitude":"12.96337","longitude":"77.60675","responsecode":200},{"latitude":"12.96383","longitude":"77.60673","responsecode":200},{"latitude":"12.964409999999999","longitude":"77.60670999999999","responsecode":200},{"latitude":"12.964759999999998","longitude":"77.60673","responsecode":200},{"latitude":"12.965119999999999","longitude":"77.60677","responsecode":200},{"latitude":"12.965209999999999","longitude":"77.60677","responsecode":200},{"latitude":"12.96538","longitude":"77.60677","responsecode":200},{"latitude":"12.96603","longitude":"77.60679999999999","responsecode":200},{"latitude":"12.966099999999999","longitude":"77.60678999999999","responsecode":200},{"latitude":"12.966209999999998","longitude":"77.60676999999998","responsecode":200},{"latitude":"12.966289999999999","longitude":"77.60674999999998","responsecode":200},{"latitude":"12.966399999999998","longitude":"77.60671999999998","responsecode":200},{"latitude":"12.966499999999998","longitude":"77.60669999999998","responsecode":200},{"latitude":"12.966593999999999","longitude":"77.60667699999998","responsecode":200},{"latitude":"12.966594","longitude":"77.606677","responsecode":200},{"latitude":"12.966740000000001","longitude":"77.60664","responsecode":200},{"latitude":"12.96709","longitude":"77.60654","responsecode":200},{"latitude":"12.96743","longitude":"77.60642999999999","responsecode":200},{"latitude":"12.96759","longitude":"77.60638999999999","responsecode":200},{"latitude":"12.967749999999999","longitude":"77.60634999999999","responsecode":200},{"latitude":"12.967839999999999","longitude":"77.60632","responsecode":200},{"latitude":"12.967929999999999","longitude":"77.60628","responsecode":200},{"latitude":"12.968229999999998","longitude":"77.60615","responsecode":200},{"latitude":"12.968459999999999","longitude":"77.60605","responsecode":200},{"latitude":"12.968929999999999","longitude":"77.60582","responsecode":200},{"latitude":"12.96943","longitude":"77.60557999999999","responsecode":200},{"latitude":"12.96979","longitude":"77.60539999999999","responsecode":200},{"latitude":"12.96985","longitude":"77.60535999999999","responsecode":200},{"latitude":"12.970099999999999","longitude":"77.60524","responsecode":200},{"latitude":"12.970232","longitude":"77.60517399999999","responsecode":200},{"latitude":"12.970232","longitude":"77.605174","responsecode":200},{"latitude":"12.970479999999998","longitude":"77.60505","responsecode":200},{"latitude":"12.970589999999998","longitude":"77.60499","responsecode":200},{"latitude":"12.970919999999998","longitude":"77.60484","responsecode":200},{"latitude":"12.970989999999997","longitude":"77.60501","responsecode":200},{"latitude":"12.971129999999997","longitude":"77.60531999999999","responsecode":200},{"latitude":"12.971249999999998","longitude":"77.60558999999999","responsecode":200},{"latitude":"12.971449999999997","longitude":"77.60610999999999","responsecode":200},{"latitude":"12.971489999999998","longitude":"77.60620999999999","responsecode":200},{"latitude":"12.971469999999998","longitude":"77.60668","responsecode":200},{"latitude":"12.971462999999998","longitude":"77.60677799999999","responsecode":200},{"latitude":"12.971463","longitude":"77.606778","responsecode":200},{"latitude":"12.971463","longitude":"77.606778","responsecode":200}],"Message":"Success","Issuccess":true,"exception":null,"RowCount":711,"responsecode":200}