{"data":[{"fromstationname":"Ganga Nagara","tostationname":"Shivajinagara Bus Station","fromstationid":"25305","tostationid":"21173","apptime":"00:14:00","distance":"6.24","platformname":"","platformnumber":"","baynumber":"","tripdetails":[{"starttime":"16:22","endtime":"16:36"},{"starttime":"17:28","endtime":"17:42"},{"starttime":"18:19","endtime":"18:33"},{"starttime":"19:00","endtime":"19:14"},{"starttime":"19:41","endtime":"19:55"}]}],"Message":"Success","Issuccess":true,"exception":null,"RowCount":1,"responsecode":200}