{"data":[{"fromstationname":"Shivajinagara Bus Station","tostationname":"Ganga Nagara","fromstationid":"21172","tostationid":"25305","apptime":"00:17:00","distance":"6.11","platformname":"5","platformnumber":"5","baynumber":"2","tripdetails":[{"starttime":"16:00","endtime":"16:17"},{"starttime":"16:41","endtime":"16:58"},{"starttime":"17:47","endtime":"18:04"},{"starttime":"18:38","endtime":"18:55"},{"starttime":"19:19","endtime":"19:36"}]}],"Message":"Success","Issuccess":true,"exception":null,"RowCount":1,"responsecode":200}