{"data":[{"fromstationname":"Kempegowda Bus Station","tostationname":"Kaval Byrasandra","fromstationid":"20921","tostationid":"20918","apptime":"00:40:00","distance":"11.60","platformname":"24","platformnumber":"24","baynumber":"4","tripdetails":[{"starttime":"05:00","endtime":"05:40"},{"starttime":"05:30","endtime":"06:05"},{"starttime":"05:50","endtime":"06:30"},{"starttime":"06:10","endtime":"06:45"},{"starttime":"06:20","endtime":"07:00"},{"starttime":"06:35","endtime":"07:20"},{"starttime":"07:20","endtime":"08:00"},{"starttime":"07:50","endtime":"08:30"},{"starttime":"07:55","endtime":"08:45"},{"starttime":"08:15","endtime":"09:05"},{"starttime":"09:00","endtime":"09:50"},{"starttime":"09:20","endtime":"10:10"},{"starttime":"09:25","endtime":"10:15"},{"starttime":"09:30","endtime":"10:20"},{"starttime":"10:00","endtime":"10:40"},{"starttime":"10:10","endtime":"10:55"},{"starttime":"10:30","endtime":"11:20"},{"starttime":"11:10","endtime":"11:50"},{"starttime":"11:30","endtime":"12:10"},{"starttime":"11:35","endtime":"12:20"},{"starttime":"11:40","endtime":"12:20"},{"starttime":"12:10","endtime":"12:50"},{"starttime":"13:00","endtime":"13:45"},{"starttime":"13:15","endtime":"14:00"},{"starttime":"13:40","endtime":"14:20"},{"starttime":"14:30","endtime":"15:15"},{"starttime":"15:20","endtime":"16:05"},{"starttime":"15:25","endtime":"16:05"},{"starttime":"15:35","endtime":"16:15"},{"starttime":"15:55","endtime":"16:35"},{"starttime":"16:00","endtime":"16:50"},{"starttime":"16:25","endtime":"17:15"},{"starttime":"16:35","endtime":"17:20"},{"starttime":"17:20","endtime":"18:10"},{"starttime":"17:30","endtime":"18:20"},{"starttime":"17:50","endtime":"18:35"},{"starttime":"18:00","endtime":"18:50"},{"starttime":"18:20","endtime":"19:10"},{"starttime":"19:15","endtime":"19:55"},{"starttime":"19:20","endtime":"20:00"},{"starttime":"19:25","endtime":"20:10"},{"starttime":"19:50","endtime":"20:30"},{"starttime":"20:10","endtime":"21:00"},{"starttime":"20:30","endtime":"21:10"},{"starttime":"20:40","endtime":"21:20"},{"starttime":"20:45","endtime":"21:20"},{"starttime":"21:15","endtime":"21:55"},{"starttime":"21:45","endtime":"22:25"}]}],"Message":"Success","Issuccess":true,"exception":null,"RowCount":1,"responsecode":200}