{"data":[{"fromstationname":"Shivajinagara Bus Station","tostationname":"Kaval Byrasandra","fromstationid":"21172","tostationid":"20918","apptime":"00:30:00","distance":"9.00","platformname":"5","platformnumber":"5","baynumber":"2","tripdetails":[{"starttime":"06:25","endtime":"06:55"},{"starttime":"06:55","endtime":"07:25"},{"starttime":"07:45","endtime":"08:25"},{"starttime":"08:15","endtime":"08:55"},{"starttime":"08:30","endtime":"09:10"},{"starttime":"08:45","endtime":"09:25"},{"starttime":"08:55","endtime":"09:30"},{"starttime":"09:10","endtime":"09:45"},{"starttime":"09:15","endtime":"09:55"},{"starttime":"09:45","endtime":"10:25"},{"starttime":"10:00","endtime":"10:40"},{"starttime":"10:15","endtime":"10:55"},{"starttime":"10:25","endtime":"11:05"},{"starttime":"10:30","endtime":"11:00"},{"starttime":"10:35","endtime":"11:05"},{"starttime":"11:40","endtime":"12:10"},{"starttime":"11:45","endtime":"12:15"},{"starttime":"11:55","endtime":"12:35"},{"starttime":"12:10","endtime":"12:50"},{"starttime":"12:15","endtime":"12:45"},{"starttime":"12:25","endtime":"12:55"},{"starttime":"12:30","endtime":"13:05"},{"starttime":"12:35","endtime":"13:15"},{"starttime":"12:50","endtime":"13:20"},{"starttime":"12:55","endtime":"13:25"},{"starttime":"13:25","endtime":"14:05"},{"starttime":"13:40","endtime":"14:20"},{"starttime":"13:50","endtime":"14:25"},{"starttime":"14:05","endtime":"14:45"},{"starttime":"14:45","endtime":"15:15"},{"starttime":"14:55","endtime":"15:35"},{"starttime":"15:10","endtime":"15:50"},{"starttime":"15:15","endtime":"15:55"},{"starttime":"15:21","endtime":"15:52"},{"starttime":"15:30","endtime":"16:00"},{"starttime":"15:45","endtime":"16:25"},{"starttime":"16:05","endtime":"16:40"},{"starttime":"16:10","endtime":"16:50"},{"starttime":"16:25","endtime":"16:56"},{"starttime":"16:30","endtime":"17:00"},{"starttime":"16:35","endtime":"17:05"},{"starttime":"16:40","endtime":"17:20"},{"starttime":"16:45","endtime":"17:15"},{"starttime":"16:55","endtime":"17:25"},{"starttime":"17:10","endtime":"17:50"},{"starttime":"17:25","endtime":"18:00"},{"starttime":"17:29","endtime":"18:00"},{"starttime":"17:40","endtime":"18:20"},{"starttime":"18:20","endtime":"19:00"},{"starttime":"18:35","endtime":"19:15"},{"starttime":"18:40","endtime":"19:20"},{"starttime":"19:10","endtime":"19:50"},{"starttime":"20:10","endtime":"20:50"},{"starttime":"20:40","endtime":"21:10"},{"starttime":"21:55","endtime":"22:25"},{"starttime":"22:05","endtime":"22:35"},{"starttime":"22:20","endtime":"22:40"}]}],"Message":"Success","Issuccess":true,"exception":null,"RowCount":1,"responsecode":200}