{"data":[{"fromstationname":"Kaval Byrasandra","tostationname":"Shivajinagara Bus Station","fromstationid":"20918","tostationid":"21173","apptime":"00:30:00","distance":"9.40","platformname":"","platformnumber":"","baynumber":"","tripdetails":[{"starttime":"05:50","endtime":"06:20"},{"starttime":"06:20","endtime":"06:50"},{"starttime":"07:00","endtime":"07:40"},{"starttime":"07:22","endtime":"07:45"},{"starttime":"07:30","endtime":"08:10"},{"starttime":"08:30","endtime":"09:10"},{"starttime":"09:00","endtime":"09:40"},{"starttime":"09:15","endtime":"09:55"},{"starttime":"09:25","endtime":"10:00"},{"starttime":"09:30","endtime":"10:10"},{"starttime":"09:35","endtime":"10:10"},{"starttime":"09:40","endtime":"10:20"},{"starttime":"09:50","endtime":"10:25"},{"starttime":"10:25","endtime":"11:05"},{"starttime":"10:55","endtime":"11:35"},{"starttime":"11:05","endtime":"11:35"},{"starttime":"11:10","endtime":"11:50"},{"starttime":"11:20","endtime":"11:50"},{"starttime":"11:25","endtime":"12:05"},{"starttime":"11:40","endtime":"12:10"},{"starttime":"11:50","endtime":"12:25"},{"starttime":"12:15","endtime":"12:45"},{"starttime":"12:20","endtime":"12:50"},{"starttime":"12:40","endtime":"13:20"},{"starttime":"12:55","endtime":"13:35"},{"starttime":"13:10","endtime":"13:45"},{"starttime":"13:20","endtime":"14:00"},{"starttime":"13:25","endtime":"13:55"},{"starttime":"13:30","endtime":"14:00"},{"starttime":"14:10","endtime":"14:50"},{"starttime":"14:25","endtime":"15:05"},{"starttime":"15:20","endtime":"15:50"},{"starttime":"15:25","endtime":"16:00"},{"starttime":"15:40","endtime":"16:20"},{"starttime":"15:55","endtime":"16:35"},{"starttime":"15:57","endtime":"16:20"},{"starttime":"16:00","endtime":"16:40"},{"starttime":"16:05","endtime":"16:35"},{"starttime":"16:30","endtime":"17:10"},{"starttime":"16:45","endtime":"17:20"},{"starttime":"16:55","endtime":"17:35"},{"starttime":"17:01","endtime":"17:24"},{"starttime":"17:35","endtime":"18:15"},{"starttime":"17:40","endtime":"18:20"},{"starttime":"17:50","endtime":"18:30"},{"starttime":"17:55","endtime":"18:35"},{"starttime":"18:05","endtime":"18:28"},{"starttime":"18:25","endtime":"19:05"},{"starttime":"19:25","endtime":"20:05"},{"starttime":"19:55","endtime":"20:35"},{"starttime":"21:20","endtime":"21:50"},{"starttime":"21:30","endtime":"22:00"},{"starttime":"21:50","endtime":"22:15"}]}],"Message":"Success","Issuccess":true,"exception":null,"RowCount":1,"responsecode":200}