{"data":[{"fromstationname":"Banashankari Bus Station","tostationname":"Kempegowda Bus Station","fromstationid":"20623","tostationid":"20922","apptime":"00:40:00","distance":"10.40","platformname":"1","platformnumber":"1","baynumber":"1","tripdetails":[{"starttime":"04:45","endtime":"05:25"},{"starttime":"05:50","endtime":"06:30"},{"starttime":"06:00","endtime":"06:40"},{"starttime":"06:10","endtime":"06:45"},{"starttime":"06:15","endtime":"07:00"},{"starttime":"06:20","endtime":"07:05"},{"starttime":"06:22","endtime":"06:55"},{"starttime":"06:25","endtime":"07:10"},{"starttime":"06:30","endtime":"07:15"},{"starttime":"06:40","endtime":"07:25"},{"starttime":"06:45","endtime":"07:30"},{"starttime":"06:55","endtime":"07:35"},{"starttime":"07:05","endtime":"07:50"},{"starttime":"07:25","endtime":"08:10"},{"starttime":"07:35","endtime":"08:10"},{"starttime":"07:45","endtime":"08:20"},{"starttime":"07:55","endtime":"08:30"},{"starttime":"08:10","endtime":"08:55"},{"starttime":"08:20","endtime":"09:05"},{"starttime":"09:25","endtime":"10:10"},{"starttime":"09:50","endtime":"10:25"},{"starttime":"10:15","endtime":"11:00"},{"starttime":"10:20","endtime":"11:05"},{"starttime":"10:25","endtime":"11:10"},{"starttime":"10:45","endtime":"11:30"},{"starttime":"12:00","endtime":"12:40"},{"starttime":"12:05","endtime":"12:50"},{"starttime":"12:10","endtime":"12:55"},{"starttime":"12:25","endtime":"13:10"},{"starttime":"12:40","endtime":"13:25"},{"starttime":"12:50","endtime":"13:30"},{"starttime":"13:10","endtime":"13:50"},{"starttime":"13:15","endtime":"14:00"},{"starttime":"13:20","endtime":"14:00"},{"starttime":"13:25","endtime":"14:05"},{"starttime":"13:35","endtime":"14:15"},{"starttime":"13:40","endtime":"14:25"},{"starttime":"13:45","endtime":"14:30"},{"starttime":"13:50","endtime":"14:30"},{"starttime":"13:55","endtime":"14:40"},{"starttime":"14:00","endtime":"14:45"},{"starttime":"14:05","endtime":"14:50"},{"starttime":"14:10","endtime":"14:55"},{"starttime":"14:15","endtime":"15:00"},{"starttime":"14:20","endtime":"15:05"},{"starttime":"15:05","endtime":"15:45"},{"starttime":"15:10","endtime":"15:50"},{"starttime":"15:30","endtime":"16:20"},{"starttime":"15:35","endtime":"16:20"},{"starttime":"15:40","endtime":"16:25"},{"starttime":"16:10","endtime":"17:00"},{"starttime":"17:40","endtime":"18:25"},{"starttime":"17:45","endtime":"18:30"},{"starttime":"18:00","endtime":"18:35"},{"starttime":"19:25","endtime":"20:10"},{"starttime":"19:50","endtime":"20:35"},{"starttime":"20:20","endtime":"21:05"},{"starttime":"20:50","endtime":"21:35"}]}],"Message":"Success","Issuccess":true,"exception":null,"RowCount":1,"responsecode":200}