{"data":[{"fromstationname":"Kempegowda Bus Station","tostationname":"Banashankari Bus Station","fromstationid":"20921","tostationid":"20624","apptime":"00:45:00","distance":"10.40","platformname":"11B","platformnumber":"","baynumber":"","tripdetails":[{"starttime":"06:40","endtime":"07:25"},{"starttime":"07:20","endtime":"08:05"},{"starttime":"07:30","endtime":"08:15"},{"starttime":"09:00","endtime":"09:45"},{"starttime":"09:10","endtime":"09:55"},{"starttime":"10:00","endtime":"10:50"},{"starttime":"10:10","endtime":"10:58"},{"starttime":"10:25","endtime":"11:05"},{"starttime":"10:30","endtime":"11:15"},{"starttime":"10:45","endtime":"11:25"},{"starttime":"11:05","endtime":"11:50"},{"starttime":"11:10","endtime":"11:55"},{"starttime":"11:15","endtime":"11:55"},{"starttime":"11:35","endtime":"12:20"},{"starttime":"12:05","endtime":"12:45"},{"starttime":"12:25","endtime":"13:05"},{"starttime":"12:30","endtime":"13:10"},{"starttime":"12:40","endtime":"13:20"},{"starttime":"12:45","endtime":"13:30"},{"starttime":"13:00","endtime":"13:45"},{"starttime":"13:05","endtime":"13:50"},{"starttime":"13:10","endtime":"13:55"},{"starttime":"13:15","endtime":"13:55"},{"starttime":"13:20","endtime":"13:55"},{"starttime":"13:25","endtime":"14:05"},{"starttime":"13:50","endtime":"14:40"},{"starttime":"13:55","endtime":"14:45"},{"starttime":"14:20","endtime":"15:00"},{"starttime":"14:25","endtime":"15:05"},{"starttime":"14:45","endtime":"15:30"},{"starttime":"14:50","endtime":"15:35"},{"starttime":"14:55","endtime":"15:40"},{"starttime":"15:55","endtime":"16:45"},{"starttime":"16:30","endtime":"17:15"},{"starttime":"16:50","endtime":"17:35"},{"starttime":"17:00","endtime":"17:40"},{"starttime":"17:05","endtime":"17:45"},{"starttime":"17:35","endtime":"18:15"},{"starttime":"17:55","endtime":"18:30"},{"starttime":"18:00","endtime":"18:45"},{"starttime":"18:05","endtime":"18:36"},{"starttime":"18:25","endtime":"19:10"},{"starttime":"18:30","endtime":"19:10"},{"starttime":"18:35","endtime":"19:20"},{"starttime":"18:40","endtime":"19:15"},{"starttime":"18:50","endtime":"19:30"},{"starttime":"18:55","endtime":"19:35"},{"starttime":"19:25","endtime":"20:05"},{"starttime":"19:30","endtime":"20:15"},{"starttime":"20:00","endtime":"20:50"},{"starttime":"20:10","endtime":"20:55"},{"starttime":"20:20","endtime":"21:10"},{"starttime":"20:30","endtime":"21:05"},{"starttime":"20:35","endtime":"21:15"},{"starttime":"20:40","endtime":"21:20"},{"starttime":"20:45","endtime":"21:30"},{"starttime":"20:50","endtime":"21:35"},{"starttime":"21:00","endtime":"21:40"},{"starttime":"21:05","endtime":"21:45"},{"starttime":"21:10","endtime":"21:55"},{"starttime":"21:30","endtime":"22:10"},{"starttime":"21:45","endtime":"21:49"},{"starttime":"22:30","endtime":"23:10"}]}],"Message":"Success","Issuccess":true,"exception":null,"RowCount":1,"responsecode":200}