{"data":[{"fromstationname":"Jeevanahalli","tostationname":"Shivajinagara Bus Station","fromstationid":"23435","tostationid":"21173","apptime":"00:30:00","distance":"6.00","platformname":"","platformnumber":"","baynumber":"","tripdetails":[{"starttime":"07:10","endtime":"07:40"},{"starttime":"08:20","endtime":"08:55"},{"starttime":"08:55","endtime":"09:30"},{"starttime":"10:15","endtime":"10:50"},{"starttime":"12:00","endtime":"12:35"},{"starttime":"17:55","endtime":"18:35"},{"starttime":"19:50","endtime":"20:25"}]}],"Message":"Success","Issuccess":true,"exception":null,"RowCount":1,"responsecode":200}