{"data":[{"fromstationname":"Shivajinagara Bus Station","tostationname":"Jeevanahalli","fromstationid":"21172","tostationid":"23756","apptime":"00:25:00","distance":"7.50","platformname":"","platformnumber":"","baynumber":"","tripdetails":[{"starttime":"06:40","endtime":"07:05"},{"starttime":"07:45","endtime":"08:15"},{"starttime":"08:15","endtime":"08:50"},{"starttime":"09:35","endtime":"10:10"},{"starttime":"11:20","endtime":"11:55"},{"starttime":"17:10","endtime":"17:50"},{"starttime":"19:05","endtime":"19:45"}]}],"Message":"Success","Issuccess":true,"exception":null,"RowCount":1,"responsecode":200}