{"data":[{"fromstationname":"Kempegowda Bus Station","tostationname":"Shivajinagara Bus Station","fromstationid":"20921","tostationid":"21173","apptime":"00:20:00","distance":"5.10","platformname":"19B","platformnumber":"","baynumber":"","tripdetails":[{"starttime":"06:05","endtime":"06:25"},{"starttime":"09:15","endtime":"09:35"},{"starttime":"09:35","endtime":"09:55"},{"starttime":"09:45","endtime":"10:15"},{"starttime":"10:50","endtime":"11:15"},{"starttime":"11:10","endtime":"11:35"},{"starttime":"11:50","endtime":"12:15"},{"starttime":"12:00","endtime":"12:20"},{"starttime":"12:05","endtime":"12:25"},{"starttime":"12:15","endtime":"12:35"},{"starttime":"13:05","endtime":"13:25"},{"starttime":"13:10","endtime":"13:40"},{"starttime":"13:25","endtime":"13:50"},{"starttime":"13:40","endtime":"14:00"},{"starttime":"13:45","endtime":"14:05"},{"starttime":"13:50","endtime":"14:15"},{"starttime":"14:00","endtime":"14:20"},{"starttime":"14:15","endtime":"14:40"},{"starttime":"14:35","endtime":"14:55"},{"starttime":"14:50","endtime":"15:15"},{"starttime":"14:55","endtime":"15:20"},{"starttime":"15:45","endtime":"16:10"},{"starttime":"15:50","endtime":"16:15"},{"starttime":"16:00","endtime":"16:20"},{"starttime":"16:25","endtime":"16:45"},{"starttime":"16:40","endtime":"17:05"},{"starttime":"17:15","endtime":"17:35"},{"starttime":"17:20","endtime":"17:35"},{"starttime":"18:24","endtime":"18:44"},{"starttime":"19:00","endtime":"19:20"},{"starttime":"19:20","endtime":"19:45"},{"starttime":"19:35","endtime":"20:00"},{"starttime":"20:05","endtime":"20:30"},{"starttime":"20:40","endtime":"21:10"},{"starttime":"21:20","endtime":"21:45"},{"starttime":"21:45","endtime":"22:00"},{"starttime":"22:00","endtime":"22:15"},{"starttime":"22:15","endtime":"22:35"}]}],"Message":"Success","Issuccess":true,"exception":null,"RowCount":1,"responsecode":200}