{"data":[{"fromstationname":"Shivajinagara Bus Station","tostationname":"Kempegowda Bus Station","fromstationid":"21172","tostationid":"20922","apptime":"00:15:00","distance":"5.10","platformname":"1","platformnumber":"1","baynumber":"1","tripdetails":[{"starttime":"04:45","endtime":"05:00"},{"starttime":"04:50","endtime":"05:00"},{"starttime":"05:00","endtime":"05:15"},{"starttime":"05:05","endtime":"05:20"},{"starttime":"05:15","endtime":"05:25"},{"starttime":"05:20","endtime":"05:35"},{"starttime":"05:25","endtime":"05:35"},{"starttime":"05:35","endtime":"05:50"},{"starttime":"06:05","endtime":"06:30"},{"starttime":"10:00","endtime":"10:10"},{"starttime":"10:05","endtime":"10:20"},{"starttime":"10:30","endtime":"10:55"},{"starttime":"10:55","endtime":"11:15"},{"starttime":"11:15","endtime":"11:40"},{"starttime":"11:30","endtime":"12:00"},{"starttime":"11:40","endtime":"12:05"},{"starttime":"11:45","endtime":"12:05"},{"starttime":"11:50","endtime":"12:10"},{"starttime":"12:00","endtime":"12:20"},{"starttime":"12:15","endtime":"12:40"},{"starttime":"12:25","endtime":"12:50"},{"starttime":"12:30","endtime":"12:55"},{"starttime":"12:40","endtime":"13:00"},{"starttime":"12:55","endtime":"13:20"},{"starttime":"13:15","endtime":"13:35"},{"starttime":"13:20","endtime":"13:50"},{"starttime":"13:35","endtime":"13:55"},{"starttime":"13:40","endtime":"14:05"},{"starttime":"13:45","endtime":"14:10"},{"starttime":"14:00","endtime":"14:20"},{"starttime":"14:10","endtime":"14:30"},{"starttime":"14:20","endtime":"14:45"},{"starttime":"14:50","endtime":"15:15"},{"starttime":"14:55","endtime":"15:15"},{"starttime":"16:15","endtime":"16:40"},{"starttime":"16:20","endtime":"16:45"},{"starttime":"16:25","endtime":"16:50"},{"starttime":"17:35","endtime":"18:00"},{"starttime":"17:54","endtime":"18:19"},{"starttime":"18:15","endtime":"18:35"},{"starttime":"18:25","endtime":"18:45"},{"starttime":"18:40","endtime":"19:05"},{"starttime":"19:05","endtime":"19:25"},{"starttime":"19:25","endtime":"19:45"},{"starttime":"19:35","endtime":"20:00"},{"starttime":"19:50","endtime":"20:15"},{"starttime":"20:00","endtime":"20:20"},{"starttime":"22:05","endtime":"22:35"}]}],"Message":"Success","Issuccess":true,"exception":null,"RowCount":1,"responsecode":200}