{"data":[{"fromstationname":"Kempegowda Bus Station","tostationname":"Shivajinagara Bus Station","fromstationid":"20921","tostationid":"21173","apptime":"00:20:00","distance":"5.10","platformname":"19B","platformnumber":"","baynumber":"","tripdetails":[{"starttime":"05:50","endtime":"06:10"},{"starttime":"09:15","endtime":"09:35"},{"starttime":"09:35","endtime":"09:55"},{"starttime":"09:45","endtime":"10:15"},{"starttime":"10:45","endtime":"11:10"},{"starttime":"11:10","endtime":"11:35"},{"starttime":"11:25","endtime":"11:50"},{"starttime":"12:00","endtime":"12:20"},{"starttime":"12:05","endtime":"12:25"},{"starttime":"12:15","endtime":"12:35"},{"starttime":"13:05","endtime":"13:25"},{"starttime":"13:10","endtime":"13:40"},{"starttime":"13:15","endtime":"13:40"},{"starttime":"13:25","endtime":"13:50"},{"starttime":"13:40","endtime":"14:00"},{"starttime":"13:45","endtime":"14:05"},{"starttime":"13:55","endtime":"14:25"},{"starttime":"14:00","endtime":"14:20"},{"starttime":"14:10","endtime":"14:35"},{"starttime":"14:15","endtime":"14:40"},{"starttime":"14:20","endtime":"14:45"},{"starttime":"14:35","endtime":"14:55"},{"starttime":"14:50","endtime":"15:15"},{"starttime":"15:20","endtime":"15:40"},{"starttime":"15:45","endtime":"16:10"},{"starttime":"15:50","endtime":"16:15"},{"starttime":"16:00","endtime":"16:20"},{"starttime":"16:25","endtime":"16:45"},{"starttime":"16:40","endtime":"17:05"},{"starttime":"17:15","endtime":"17:35"},{"starttime":"17:20","endtime":"17:35"},{"starttime":"18:24","endtime":"18:44"},{"starttime":"18:40","endtime":"19:00"},{"starttime":"19:00","endtime":"19:20"},{"starttime":"19:10","endtime":"19:30"},{"starttime":"19:20","endtime":"19:45"},{"starttime":"19:30","endtime":"19:50"},{"starttime":"20:05","endtime":"20:30"},{"starttime":"20:20","endtime":"20:45"},{"starttime":"20:25","endtime":"20:45"},{"starttime":"21:30","endtime":"22:00"},{"starttime":"21:45","endtime":"21:55"},{"starttime":"21:55","endtime":"22:05"},{"starttime":"22:05","endtime":"22:15"},{"starttime":"22:10","endtime":"22:20"},{"starttime":"22:20","endtime":"22:30"},{"starttime":"22:25","endtime":"22:35"}]}],"Message":"Success","Issuccess":true,"exception":null,"RowCount":1,"responsecode":200}