{"data":[{"fromstationname":"Banashankari Bus Station","tostationname":"Shivajinagara Bus Station","fromstationid":"20623","tostationid":"21173","apptime":"00:45:00","distance":"12.10","platformname":"2","platformnumber":"2","baynumber":"1","tripdetails":[{"starttime":"05:20","endtime":"06:05"},{"starttime":"05:50","endtime":"06:45"},{"starttime":"06:00","endtime":"06:55"},{"starttime":"06:05","endtime":"06:45"},{"starttime":"06:10","endtime":"07:05"},{"starttime":"06:15","endtime":"07:00"},{"starttime":"06:20","endtime":"07:15"},{"starttime":"06:30","endtime":"07:25"},{"starttime":"07:00","endtime":"08:00"},{"starttime":"07:10","endtime":"08:10"},{"starttime":"07:35","endtime":"08:30"},{"starttime":"07:45","endtime":"08:40"},{"starttime":"07:50","endtime":"08:50"},{"starttime":"08:00","endtime":"09:00"},{"starttime":"08:10","endtime":"09:10"},{"starttime":"08:15","endtime":"09:15"},{"starttime":"08:20","endtime":"09:20"},{"starttime":"08:35","endtime":"09:35"},{"starttime":"08:40","endtime":"09:40"},{"starttime":"08:45","endtime":"09:25"},{"starttime":"08:50","endtime":"09:50"},{"starttime":"09:05","endtime":"10:05"},{"starttime":"09:15","endtime":"10:05"},{"starttime":"09:35","endtime":"10:30"},{"starttime":"09:40","endtime":"10:40"},{"starttime":"09:50","endtime":"10:50"},{"starttime":"09:55","endtime":"10:50"},{"starttime":"10:10","endtime":"11:10"},{"starttime":"10:20","endtime":"11:20"},{"starttime":"10:35","endtime":"11:30"},{"starttime":"10:55","endtime":"11:50"},{"starttime":"11:20","endtime":"12:20"},{"starttime":"11:25","endtime":"12:20"},{"starttime":"11:30","endtime":"12:20"},{"starttime":"12:05","endtime":"13:00"},{"starttime":"12:10","endtime":"13:10"},{"starttime":"12:20","endtime":"13:15"},{"starttime":"12:45","endtime":"13:45"},{"starttime":"13:00","endtime":"13:55"},{"starttime":"13:05","endtime":"14:10"},{"starttime":"13:10","endtime":"14:00"},{"starttime":"13:20","endtime":"14:05"},{"starttime":"13:40","endtime":"14:35"},{"starttime":"14:00","endtime":"14:50"},{"starttime":"14:05","endtime":"15:00"},{"starttime":"14:10","endtime":"15:00"},{"starttime":"14:15","endtime":"15:05"},{"starttime":"14:20","endtime":"15:15"},{"starttime":"14:45","endtime":"15:40"},{"starttime":"15:00","endtime":"15:55"},{"starttime":"15:20","endtime":"16:15"},{"starttime":"15:30","endtime":"16:30"},{"starttime":"15:40","endtime":"16:40"},{"starttime":"15:55","endtime":"16:50"},{"starttime":"16:00","endtime":"17:00"},{"starttime":"16:10","endtime":"17:10"},{"starttime":"16:15","endtime":"17:15"},{"starttime":"16:20","endtime":"17:05"},{"starttime":"16:40","endtime":"17:40"},{"starttime":"16:50","endtime":"17:40"},{"starttime":"17:00","endtime":"18:00"},{"starttime":"17:10","endtime":"18:10"},{"starttime":"17:15","endtime":"18:10"},{"starttime":"17:20","endtime":"18:20"},{"starttime":"17:30","endtime":"18:30"},{"starttime":"17:50","endtime":"18:45"},{"starttime":"18:30","endtime":"19:30"},{"starttime":"18:40","endtime":"19:40"},{"starttime":"19:00","endtime":"20:00"},{"starttime":"19:25","endtime":"20:25"},{"starttime":"19:45","endtime":"20:45"},{"starttime":"19:55","endtime":"20:55"},{"starttime":"20:05","endtime":"21:05"},{"starttime":"20:45","endtime":"21:35"},{"starttime":"21:10","endtime":"22:05"},{"starttime":"21:30","endtime":"22:20"},{"starttime":"21:50","endtime":"22:40"},{"starttime":"21:55","endtime":"22:50"},{"starttime":"22:10","endtime":"23:05"},{"starttime":"22:30","endtime":"23:25"}]}],"Message":"Success","Issuccess":true,"exception":null,"RowCount":1,"responsecode":200}