{"data":[{"fromstationname":"Shanthinagara Bus Station","tostationname":"Brigade Road","fromstationid":"21167","tostationid":"23657","apptime":"00:15:00","distance":"2.50","platformname":"2","platformnumber":"2","baynumber":"4","tripdetails":[{"starttime":"06:10","endtime":"06:25"},{"starttime":"06:20","endtime":"06:35"},{"starttime":"06:30","endtime":"06:45"},{"starttime":"07:30","endtime":"07:45"},{"starttime":"07:35","endtime":"07:45"},{"starttime":"07:55","endtime":"08:05"},{"starttime":"08:10","endtime":"08:15"},{"starttime":"08:20","endtime":"08:30"},{"starttime":"08:25","endtime":"08:35"},{"starttime":"08:30","endtime":"08:40"},{"starttime":"13:55","endtime":"14:05"},{"starttime":"14:20","endtime":"14:35"},{"starttime":"14:25","endtime":"14:35"},{"starttime":"14:30","endtime":"14:45"},{"starttime":"14:55","endtime":"15:05"},{"starttime":"15:00","endtime":"15:10"},{"starttime":"15:10","endtime":"15:25"},{"starttime":"15:20","endtime":"15:30"},{"starttime":"15:35","endtime":"15:50"}]}],"Message":"Success","Issuccess":true,"exception":null,"RowCount":1,"responsecode":200}