{"data":[{"fromstationname":"Brigade Road","tostationname":"Shanthinagara Bus Station","fromstationid":"23657","tostationid":"21166","apptime":"00:15:00","distance":"2.50","platformname":"","platformnumber":"","baynumber":"","tripdetails":[{"starttime":"10:50","endtime":"11:05"},{"starttime":"11:25","endtime":"11:40"},{"starttime":"12:25","endtime":"12:35"},{"starttime":"12:30","endtime":"12:40"},{"starttime":"12:50","endtime":"13:00"},{"starttime":"17:45","endtime":"17:55"},{"starttime":"18:20","endtime":"18:30"},{"starttime":"18:25","endtime":"18:35"},{"starttime":"19:00","endtime":"19:10"},{"starttime":"19:35","endtime":"19:45"},{"starttime":"21:15","endtime":"21:30"},{"starttime":"21:30","endtime":"21:40"},{"starttime":"21:40","endtime":"21:49"}]}],"Message":"Success","Issuccess":true,"exception":null,"RowCount":1,"responsecode":200}