{"data":[{"fromstationname":"Shivajinagara Bus Station","tostationname":"Banashankari Bus Station","fromstationid":"21172","tostationid":"20624","apptime":"00:50:00","distance":"12.80","platformname":"10","platformnumber":"10","baynumber":"3","tripdetails":[{"starttime":"05:10","endtime":"06:00"},{"starttime":"05:30","endtime":"06:20"},{"starttime":"06:00","endtime":"06:45"},{"starttime":"06:10","endtime":"07:05"},{"starttime":"06:50","endtime":"07:50"},{"starttime":"07:00","endtime":"08:00"},{"starttime":"07:10","endtime":"08:10"},{"starttime":"07:20","endtime":"08:20"},{"starttime":"07:35","endtime":"08:35"},{"starttime":"08:00","endtime":"09:00"},{"starttime":"08:10","endtime":"09:10"},{"starttime":"08:20","endtime":"09:20"},{"starttime":"08:30","endtime":"09:30"},{"starttime":"08:40","endtime":"09:40"},{"starttime":"08:50","endtime":"09:50"},{"starttime":"09:00","endtime":"10:00"},{"starttime":"09:30","endtime":"10:30"},{"starttime":"09:40","endtime":"10:40"},{"starttime":"09:50","endtime":"10:50"},{"starttime":"10:00","endtime":"11:00"},{"starttime":"10:05","endtime":"11:05"},{"starttime":"10:10","endtime":"11:10"},{"starttime":"10:20","endtime":"11:20"},{"starttime":"10:35","endtime":"11:30"},{"starttime":"10:45","endtime":"11:40"},{"starttime":"10:55","endtime":"11:50"},{"starttime":"11:05","endtime":"12:00"},{"starttime":"11:15","endtime":"12:10"},{"starttime":"11:20","endtime":"12:20"},{"starttime":"11:35","endtime":"12:30"},{"starttime":"11:50","endtime":"12:45"},{"starttime":"11:55","endtime":"13:00"},{"starttime":"12:00","endtime":"12:50"},{"starttime":"12:15","endtime":"13:05"},{"starttime":"12:25","endtime":"13:15"},{"starttime":"12:30","endtime":"13:25"},{"starttime":"13:00","endtime":"14:00"},{"starttime":"13:05","endtime":"13:55"},{"starttime":"13:10","endtime":"14:05"},{"starttime":"13:20","endtime":"14:10"},{"starttime":"13:45","endtime":"14:40"},{"starttime":"14:00","endtime":"15:00"},{"starttime":"14:10","endtime":"15:10"},{"starttime":"14:20","endtime":"15:15"},{"starttime":"14:40","endtime":"15:35"},{"starttime":"15:00","endtime":"15:55"},{"starttime":"15:30","endtime":"16:30"},{"starttime":"16:00","endtime":"17:00"},{"starttime":"16:15","endtime":"17:10"},{"starttime":"16:20","endtime":"17:20"},{"starttime":"16:40","endtime":"17:40"},{"starttime":"16:45","endtime":"17:45"},{"starttime":"16:50","endtime":"17:55"},{"starttime":"17:00","endtime":"18:00"},{"starttime":"17:05","endtime":"18:05"},{"starttime":"17:10","endtime":"18:10"},{"starttime":"17:20","endtime":"18:20"},{"starttime":"17:30","endtime":"18:30"},{"starttime":"17:45","endtime":"18:45"},{"starttime":"18:05","endtime":"19:00"},{"starttime":"18:15","endtime":"19:15"},{"starttime":"18:20","endtime":"19:15"},{"starttime":"18:25","endtime":"19:25"},{"starttime":"18:35","endtime":"19:35"},{"starttime":"18:45","endtime":"19:45"},{"starttime":"19:15","endtime":"20:10"},{"starttime":"19:40","endtime":"20:40"},{"starttime":"19:55","endtime":"20:50"},{"starttime":"20:10","endtime":"21:00"},{"starttime":"20:25","endtime":"21:25"},{"starttime":"20:40","endtime":"21:40"},{"starttime":"20:50","endtime":"21:40"},{"starttime":"20:55","endtime":"21:50"},{"starttime":"21:00","endtime":"21:55"},{"starttime":"21:10","endtime":"22:05"},{"starttime":"21:20","endtime":"22:10"},{"starttime":"21:30","endtime":"22:10"},{"starttime":"22:10","endtime":"23:05"}]}],"Message":"Success","Issuccess":true,"exception":null,"RowCount":1,"responsecode":200}