{"data":[{"fromstationname":"Shivajinagara Bus Station","tostationname":"Kumaraswamy Layout 2nd Stage","fromstationid":"21172","tostationid":"38355","apptime":"01:05:00","distance":"14.10","platformname":"10","platformnumber":"10","baynumber":"3","tripdetails":[{"starttime":"06:20","endtime":"07:25"},{"starttime":"07:50","endtime":"09:05"},{"starttime":"09:10","endtime":"10:20"},{"starttime":"10:50","endtime":"11:50"},{"starttime":"11:35","endtime":"12:35"},{"starttime":"13:10","endtime":"14:10"},{"starttime":"15:35","endtime":"16:40"},{"starttime":"15:45","endtime":"16:55"},{"starttime":"18:10","endtime":"19:20"},{"starttime":"18:55","endtime":"20:00"},{"starttime":"20:40","endtime":"21:40"},{"starttime":"21:30","endtime":"22:30"}]}],"Message":"Success","Issuccess":true,"exception":null,"RowCount":1,"responsecode":200}