{"data":[{"fromstationname":"Kumaraswamy Layout 2nd Stage","tostationname":"Shivajinagara Bus Station","fromstationid":"38355","tostationid":"21173","apptime":"00:55:00","distance":"14.80","platformname":"","platformnumber":"","baynumber":"","tripdetails":[{"starttime":"05:20","endtime":"06:15"},{"starttime":"06:30","endtime":"07:40"},{"starttime":"07:30","endtime":"08:40"},{"starttime":"09:15","endtime":"10:25"},{"starttime":"10:30","endtime":"11:30"},{"starttime":"11:55","endtime":"13:00"},{"starttime":"14:20","endtime":"15:30"},{"starttime":"14:40","endtime":"15:40"},{"starttime":"16:40","endtime":"17:50"},{"starttime":"17:50","endtime":"18:50"},{"starttime":"19:25","endtime":"20:35"},{"starttime":"20:10","endtime":"21:10"}]}],"Message":"Success","Issuccess":true,"exception":null,"RowCount":1,"responsecode":200}