{"data":[{"fromstationname":"Shivajinagara Bus Station","tostationname":"Padmanabha Nagara Rock","fromstationid":"21172","tostationid":"35210","apptime":"01:00:00","distance":"16.00","platformname":"10","platformnumber":"10","baynumber":"3","tripdetails":[{"starttime":"06:55","endtime":"07:55"},{"starttime":"07:25","endtime":"08:35"},{"starttime":"08:45","endtime":"09:55"},{"starttime":"09:35","endtime":"10:45"},{"starttime":"10:20","endtime":"11:25"},{"starttime":"11:40","endtime":"12:50"},{"starttime":"12:00","endtime":"13:00"},{"starttime":"14:50","endtime":"16:00"},{"starttime":"15:30","endtime":"16:40"},{"starttime":"16:35","endtime":"17:45"},{"starttime":"17:45","endtime":"18:55"}]}],"Message":"Success","Issuccess":true,"exception":null,"RowCount":1,"responsecode":200}