{"data":[{"fromstationname":"Padmanabha Nagara Rock","tostationname":"Shivajinagara Bus Station","fromstationid":"27572","tostationid":"21173","apptime":"01:10:00","distance":"16.70","platformname":"","platformnumber":"","baynumber":"","tripdetails":[{"starttime":"08:00","endtime":"09:10"},{"starttime":"08:45","endtime":"09:55"},{"starttime":"10:00","endtime":"11:10"},{"starttime":"10:55","endtime":"11:55"},{"starttime":"11:35","endtime":"12:35"},{"starttime":"12:55","endtime":"14:05"},{"starttime":"13:40","endtime":"14:40"},{"starttime":"16:05","endtime":"17:15"},{"starttime":"19:00","endtime":"20:10"}]}],"Message":"Success","Issuccess":true,"exception":null,"RowCount":1,"responsecode":200}