{"data":[{"fromstationname":"Kumaraswamy Layout","tostationname":"Shivajinagara Bus Station","fromstationid":"22212","tostationid":"21173","apptime":"01:05:00","distance":"14.30","platformname":"","platformnumber":"","baynumber":"","tripdetails":[{"starttime":"05:30","endtime":"06:35"},{"starttime":"07:00","endtime":"08:10"},{"starttime":"07:55","endtime":"09:00"},{"starttime":"09:05","endtime":"10:05"},{"starttime":"09:10","endtime":"10:20"},{"starttime":"10:00","endtime":"11:10"},{"starttime":"10:50","endtime":"11:55"},{"starttime":"11:35","endtime":"12:35"},{"starttime":"11:50","endtime":"12:55"},{"starttime":"12:20","endtime":"13:25"},{"starttime":"12:30","endtime":"13:30"},{"starttime":"13:45","endtime":"14:45"},{"starttime":"14:45","endtime":"15:45"},{"starttime":"15:00","endtime":"16:05"},{"starttime":"16:20","endtime":"17:20"},{"starttime":"16:40","endtime":"17:40"},{"starttime":"17:30","endtime":"18:40"},{"starttime":"18:40","endtime":"19:40"},{"starttime":"20:00","endtime":"21:05"}]}],"Message":"Success","Issuccess":true,"exception":null,"RowCount":1,"responsecode":200}