{"data":[{"fromstationname":"Shivajinagara Bus Station","tostationname":"Kumaraswamy Layout","fromstationid":"21172","tostationid":"22211","apptime":"01:10:00","distance":"15.00","platformname":"10","platformnumber":"10","baynumber":"3","tripdetails":[{"starttime":"06:40","endtime":"07:50"},{"starttime":"08:00","endtime":"09:00"},{"starttime":"08:20","endtime":"09:30"},{"starttime":"09:05","endtime":"10:15"},{"starttime":"10:30","endtime":"11:30"},{"starttime":"10:40","endtime":"11:45"},{"starttime":"11:05","endtime":"12:10"},{"starttime":"11:20","endtime":"12:20"},{"starttime":"12:40","endtime":"13:40"},{"starttime":"13:30","endtime":"14:35"},{"starttime":"13:40","endtime":"14:40"},{"starttime":"15:15","endtime":"16:15"},{"starttime":"15:35","endtime":"16:35"},{"starttime":"15:50","endtime":"17:00"},{"starttime":"17:25","endtime":"18:35"},{"starttime":"17:50","endtime":"18:40"},{"starttime":"18:45","endtime":"19:55"},{"starttime":"22:40","endtime":"23:20"}]}],"Message":"Success","Issuccess":true,"exception":null,"RowCount":1,"responsecode":200}