{"data":[{"fromstationname":"Shivajinagara Bus Station","tostationname":"Jeevanbheema Nagara","fromstationid":"21172","tostationid":"26321","apptime":"00:35:00","distance":"8.80","platformname":"3","platformnumber":"3","baynumber":"1","tripdetails":[{"starttime":"06:55","endtime":"07:30"},{"starttime":"07:50","endtime":"08:25"},{"starttime":"08:20","endtime":"09:00"},{"starttime":"08:30","endtime":"09:10"},{"starttime":"08:45","endtime":"09:20"},{"starttime":"10:30","endtime":"11:05"},{"starttime":"11:50","endtime":"12:25"},{"starttime":"11:55","endtime":"12:30"},{"starttime":"13:10","endtime":"13:45"},{"starttime":"14:10","endtime":"14:45"},{"starttime":"14:55","endtime":"15:30"},{"starttime":"15:30","endtime":"16:05"},{"starttime":"15:45","endtime":"16:25"},{"starttime":"16:15","endtime":"16:50"},{"starttime":"17:35","endtime":"18:10"},{"starttime":"17:40","endtime":"18:20"},{"starttime":"19:40","endtime":"20:20"},{"starttime":"21:10","endtime":"21:40"}]}],"Message":"Success","Issuccess":true,"exception":null,"RowCount":1,"responsecode":200}