{"data":[{"fromstationname":"Shivajinagara Bus Station","tostationname":"Koramangala Bus Station","fromstationid":"21172","tostationid":"35267","apptime":"00:40:00","distance":"8.00","platformname":"","platformnumber":"","baynumber":"","tripdetails":[{"starttime":"13:00","endtime":"13:40"},{"starttime":"13:10","endtime":"13:50"},{"starttime":"13:20","endtime":"14:00"},{"starttime":"18:15","endtime":"18:49"},{"starttime":"18:20","endtime":"18:54"},{"starttime":"19:10","endtime":"19:44"},{"starttime":"21:00","endtime":"21:34"},{"starttime":"21:10","endtime":"21:44"},{"starttime":"21:20","endtime":"21:54"},{"starttime":"21:30","endtime":"21:59"}]}],"Message":"Success","Issuccess":true,"exception":null,"RowCount":1,"responsecode":200}