{"data":[{"fromstationname":"Shivajinagara Bus Station","tostationname":"Shrinivagilu Bus Stand","fromstationid":"21172","tostationid":"26644","apptime":"00:30:00","distance":"9.60","platformname":"","platformnumber":"","baynumber":"","tripdetails":[{"starttime":"05:15","endtime":"05:45"},{"starttime":"06:25","endtime":"07:00"},{"starttime":"07:20","endtime":"07:50"},{"starttime":"07:45","endtime":"08:20"},{"starttime":"08:35","endtime":"09:15"},{"starttime":"09:05","endtime":"09:40"},{"starttime":"09:15","endtime":"09:50"},{"starttime":"10:10","endtime":"10:50"},{"starttime":"10:35","endtime":"11:10"},{"starttime":"10:50","endtime":"11:25"},{"starttime":"11:40","endtime":"12:20"},{"starttime":"13:40","endtime":"14:20"},{"starttime":"14:45","endtime":"15:25"},{"starttime":"15:35","endtime":"16:10"},{"starttime":"15:50","endtime":"16:35"},{"starttime":"16:15","endtime":"16:55"},{"starttime":"16:55","endtime":"17:30"},{"starttime":"18:15","endtime":"18:50"},{"starttime":"18:30","endtime":"19:10"},{"starttime":"20:00","endtime":"20:35"},{"starttime":"20:40","endtime":"21:15"},{"starttime":"21:20","endtime":"21:55"},{"starttime":"21:55","endtime":"22:25"}]}],"Message":"Success","Issuccess":true,"exception":null,"RowCount":1,"responsecode":200}