{"data":[{"fromstationname":"Shrinivagilu Bus Stand","tostationname":"Shivajinagara Bus Station","fromstationid":"26644","tostationid":"21173","apptime":"00:30:00","distance":"9.60","platformname":"","platformnumber":"","baynumber":"","tripdetails":[{"starttime":"05:50","endtime":"06:20"},{"starttime":"06:45","endtime":"07:15"},{"starttime":"07:05","endtime":"07:40"},{"starttime":"07:50","endtime":"08:30"},{"starttime":"08:25","endtime":"09:00"},{"starttime":"08:35","endtime":"09:10"},{"starttime":"09:25","endtime":"10:05"},{"starttime":"09:45","endtime":"10:20"},{"starttime":"10:00","endtime":"10:30"},{"starttime":"10:55","endtime":"11:35"},{"starttime":"11:15","endtime":"11:50"},{"starttime":"11:30","endtime":"12:05"},{"starttime":"12:40","endtime":"13:10"},{"starttime":"12:55","endtime":"13:35"},{"starttime":"15:00","endtime":"15:45"},{"starttime":"15:30","endtime":"16:10"},{"starttime":"16:15","endtime":"16:50"},{"starttime":"16:55","endtime":"17:40"},{"starttime":"17:35","endtime":"18:10"},{"starttime":"17:45","endtime":"18:25"},{"starttime":"18:55","endtime":"19:30"},{"starttime":"19:45","endtime":"20:30"},{"starttime":"20:40","endtime":"21:15"},{"starttime":"20:50","endtime":"21:15"},{"starttime":"21:20","endtime":"21:50"},{"starttime":"22:00","endtime":"22:30"}]}],"Message":"Success","Issuccess":true,"exception":null,"RowCount":1,"responsecode":200}