{"data":[{"fromstationname":"Neelasandra Bus Stand","tostationname":"KR Market","fromstationid":"22349","tostationid":"20940","apptime":"00:35:00","distance":"7.00","platformname":"","platformnumber":"","baynumber":"","tripdetails":[{"starttime":"06:45","endtime":"07:20"},{"starttime":"06:55","endtime":"07:30"},{"starttime":"07:20","endtime":"07:55"},{"starttime":"07:30","endtime":"08:05"},{"starttime":"07:40","endtime":"08:15"},{"starttime":"08:05","endtime":"08:40"},{"starttime":"08:10","endtime":"08:45"},{"starttime":"08:15","endtime":"08:50"},{"starttime":"08:25","endtime":"09:00"},{"starttime":"08:35","endtime":"09:10"},{"starttime":"08:40","endtime":"09:15"},{"starttime":"08:50","endtime":"09:25"},{"starttime":"09:00","endtime":"09:35"},{"starttime":"09:25","endtime":"10:00"},{"starttime":"09:40","endtime":"10:15"},{"starttime":"09:55","endtime":"10:30"},{"starttime":"10:05","endtime":"10:40"},{"starttime":"10:10","endtime":"10:45"},{"starttime":"10:20","endtime":"10:55"},{"starttime":"10:25","endtime":"11:00"},{"starttime":"10:30","endtime":"11:05"},{"starttime":"10:40","endtime":"11:15"},{"starttime":"10:45","endtime":"11:20"},{"starttime":"11:10","endtime":"11:45"},{"starttime":"11:15","endtime":"11:50"},{"starttime":"11:25","endtime":"12:00"},{"starttime":"11:30","endtime":"12:00"},{"starttime":"11:45","endtime":"12:20"},{"starttime":"11:50","endtime":"12:25"},{"starttime":"12:00","endtime":"12:35"},{"starttime":"12:05","endtime":"12:40"},{"starttime":"12:30","endtime":"13:05"},{"starttime":"12:35","endtime":"13:10"},{"starttime":"12:40","endtime":"13:10"},{"starttime":"12:45","endtime":"13:20"},{"starttime":"12:50","endtime":"13:25"},{"starttime":"13:00","endtime":"13:35"},{"starttime":"13:05","endtime":"13:40"},{"starttime":"13:10","endtime":"13:45"},{"starttime":"13:15","endtime":"13:50"},{"starttime":"13:20","endtime":"13:55"},{"starttime":"13:25","endtime":"14:00"},{"starttime":"14:20","endtime":"14:55"},{"starttime":"14:30","endtime":"15:05"},{"starttime":"14:40","endtime":"15:15"},{"starttime":"14:45","endtime":"15:20"},{"starttime":"14:55","endtime":"15:30"},{"starttime":"15:10","endtime":"15:45"},{"starttime":"15:15","endtime":"15:50"},{"starttime":"15:25","endtime":"16:00"},{"starttime":"15:40","endtime":"16:20"},{"starttime":"15:50","endtime":"16:25"},{"starttime":"16:00","endtime":"16:35"},{"starttime":"16:05","endtime":"16:40"},{"starttime":"16:10","endtime":"16:45"},{"starttime":"16:35","endtime":"17:10"},{"starttime":"16:40","endtime":"17:15"},{"starttime":"16:45","endtime":"17:20"},{"starttime":"16:55","endtime":"17:30"},{"starttime":"17:00","endtime":"17:35"},{"starttime":"17:10","endtime":"17:45"},{"starttime":"17:30","endtime":"18:05"},{"starttime":"17:35","endtime":"18:10"},{"starttime":"17:40","endtime":"18:15"},{"starttime":"17:45","endtime":"18:20"},{"starttime":"17:55","endtime":"18:30"},{"starttime":"18:00","endtime":"18:35"},{"starttime":"18:10","endtime":"18:45"},{"starttime":"18:25","endtime":"19:00"},{"starttime":"18:30","endtime":"19:05"},{"starttime":"18:55","endtime":"19:30"},{"starttime":"19:00","endtime":"19:35"},{"starttime":"19:05","endtime":"19:40"},{"starttime":"19:40","endtime":"20:15"},{"starttime":"19:50","endtime":"20:25"},{"starttime":"19:55","endtime":"20:30"},{"starttime":"20:15","endtime":"20:50"},{"starttime":"20:30","endtime":"21:05"},{"starttime":"20:40","endtime":"21:15"}]}],"Message":"Success","Issuccess":true,"exception":null,"RowCount":1,"responsecode":200}