{"data":[{"fromstationname":"KR Market","tostationname":"Neelasandra Bus Stand","fromstationid":"20940","tostationid":"22349","apptime":"00:35:00","distance":"7.00","platformname":"","platformnumber":"","baynumber":"","tripdetails":[{"starttime":"06:50","endtime":"07:25"},{"starttime":"07:00","endtime":"07:35"},{"starttime":"07:25","endtime":"08:00"},{"starttime":"07:30","endtime":"08:05"},{"starttime":"07:35","endtime":"08:10"},{"starttime":"07:55","endtime":"08:30"},{"starttime":"08:00","endtime":"08:35"},{"starttime":"08:10","endtime":"08:45"},{"starttime":"08:20","endtime":"08:55"},{"starttime":"08:45","endtime":"09:20"},{"starttime":"09:00","endtime":"09:35"},{"starttime":"09:05","endtime":"09:40"},{"starttime":"09:15","endtime":"09:50"},{"starttime":"09:25","endtime":"10:00"},{"starttime":"09:30","endtime":"10:05"},{"starttime":"09:40","endtime":"10:15"},{"starttime":"09:45","endtime":"10:20"},{"starttime":"09:55","endtime":"10:30"},{"starttime":"10:00","endtime":"10:35"},{"starttime":"10:05","endtime":"10:40"},{"starttime":"10:20","endtime":"10:55"},{"starttime":"10:35","endtime":"11:10"},{"starttime":"10:45","endtime":"11:20"},{"starttime":"10:50","endtime":"11:25"},{"starttime":"10:55","endtime":"11:30"},{"starttime":"11:05","endtime":"11:40"},{"starttime":"11:10","endtime":"11:45"},{"starttime":"11:15","endtime":"11:50"},{"starttime":"11:20","endtime":"11:55"},{"starttime":"11:25","endtime":"12:00"},{"starttime":"11:50","endtime":"12:25"},{"starttime":"11:55","endtime":"12:30"},{"starttime":"12:05","endtime":"12:35"},{"starttime":"12:10","endtime":"12:45"},{"starttime":"12:25","endtime":"13:00"},{"starttime":"12:30","endtime":"13:05"},{"starttime":"12:35","endtime":"13:10"},{"starttime":"12:40","endtime":"13:15"},{"starttime":"12:45","endtime":"13:20"},{"starttime":"13:25","endtime":"14:00"},{"starttime":"13:40","endtime":"14:15"},{"starttime":"13:50","endtime":"14:25"},{"starttime":"14:00","endtime":"14:40"},{"starttime":"14:15","endtime":"14:50"},{"starttime":"14:30","endtime":"15:05"},{"starttime":"15:00","endtime":"15:35"},{"starttime":"15:10","endtime":"15:45"},{"starttime":"15:20","endtime":"15:55"},{"starttime":"15:25","endtime":"16:00"},{"starttime":"15:35","endtime":"16:10"},{"starttime":"15:50","endtime":"16:25"},{"starttime":"15:55","endtime":"16:30"},{"starttime":"16:05","endtime":"16:40"},{"starttime":"16:20","endtime":"16:55"},{"starttime":"16:30","endtime":"17:05"},{"starttime":"16:50","endtime":"17:25"},{"starttime":"17:00","endtime":"17:35"},{"starttime":"17:05","endtime":"17:40"},{"starttime":"17:15","endtime":"17:50"},{"starttime":"17:20","endtime":"17:55"},{"starttime":"17:25","endtime":"18:00"},{"starttime":"17:40","endtime":"18:15"},{"starttime":"17:50","endtime":"18:25"},{"starttime":"18:15","endtime":"18:50"},{"starttime":"18:20","endtime":"18:55"},{"starttime":"18:25","endtime":"19:00"},{"starttime":"18:55","endtime":"19:30"},{"starttime":"19:10","endtime":"19:45"},{"starttime":"19:45","endtime":"20:10"},{"starttime":"19:50","endtime":"20:25"},{"starttime":"20:00","endtime":"20:35"},{"starttime":"20:25","endtime":"21:00"},{"starttime":"20:30","endtime":"21:00"},{"starttime":"20:35","endtime":"21:10"}]}],"Message":"Success","Issuccess":true,"exception":null,"RowCount":1,"responsecode":200}