{"data":[{"fromstationname":"Neelasandra Bus Stand","tostationname":"Jagajeevanram Nagara","fromstationid":"22349","tostationid":"33081","apptime":"00:55:00","distance":"10.20","platformname":"","platformnumber":"","baynumber":"","tripdetails":[{"starttime":"07:35","endtime":"08:30"},{"starttime":"09:35","endtime":"10:30"},{"starttime":"11:55","endtime":"12:45"},{"starttime":"15:55","endtime":"16:50"},{"starttime":"18:20","endtime":"19:15"},{"starttime":"20:20","endtime":"21:15"}]}],"Message":"Success","Issuccess":true,"exception":null,"RowCount":1,"responsecode":200}