{"data":[{"fromstationname":"Neelasandra Bus Stand","tostationname":"Shivajinagara Bus Station","fromstationid":"22349","tostationid":"21173","apptime":"00:25:00","distance":"5.40","platformname":"","platformnumber":"","baynumber":"","tripdetails":[{"starttime":"09:30","endtime":"09:55"},{"starttime":"11:10","endtime":"11:35"},{"starttime":"12:10","endtime":"12:35"},{"starttime":"18:45","endtime":"19:10"},{"starttime":"21:05","endtime":"21:30"}]}],"Message":"Success","Issuccess":true,"exception":null,"RowCount":1,"responsecode":200}