{"data":[{"fromstationname":"Shivajinagara Bus Station","tostationname":"Neelasandra Bus Stand","fromstationid":"21172","tostationid":"22350","apptime":"00:35:00","distance":"7.00","platformname":"","platformnumber":"","baynumber":"","tripdetails":[{"starttime":"06:40","endtime":"07:15"},{"starttime":"09:00","endtime":"09:25"},{"starttime":"10:00","endtime":"10:25"},{"starttime":"11:30","endtime":"12:00"},{"starttime":"11:40","endtime":"12:05"},{"starttime":"18:15","endtime":"18:40"}]}],"Message":"Success","Issuccess":true,"exception":null,"RowCount":1,"responsecode":200}