{"data":[{"fromstationname":"Neelasandra Rose Garden","tostationname":"Kaval Byrasandra","fromstationid":"22351","tostationid":"20918","apptime":"01:05:00","distance":"15.60","platformname":"","platformnumber":"","baynumber":"","tripdetails":[{"starttime":"08:55","endtime":"10:00"},{"starttime":"10:40","endtime":"11:40"},{"starttime":"11:40","endtime":"12:40"},{"starttime":"12:50","endtime":"13:50"},{"starttime":"14:20","endtime":"15:20"},{"starttime":"15:25","endtime":"16:25"},{"starttime":"16:30","endtime":"17:35"}]}],"Message":"Success","Issuccess":true,"exception":null,"RowCount":1,"responsecode":200}