{"data":[{"fromstationname":"Neelasandra Rose Garden","tostationname":"Shivajinagara Bus Station","fromstationid":"22351","tostationid":"21173","apptime":"00:25:00","distance":"5.80","platformname":"","platformnumber":"","baynumber":"","tripdetails":[{"starttime":"06:50","endtime":"07:15"},{"starttime":"07:00","endtime":"07:30"},{"starttime":"07:50","endtime":"08:15"},{"starttime":"08:10","endtime":"08:40"},{"starttime":"08:30","endtime":"09:00"},{"starttime":"08:50","endtime":"09:15"},{"starttime":"09:20","endtime":"09:50"},{"starttime":"09:25","endtime":"09:50"},{"starttime":"09:30","endtime":"10:00"},{"starttime":"09:40","endtime":"10:10"},{"starttime":"10:15","endtime":"10:40"},{"starttime":"10:25","endtime":"10:50"},{"starttime":"10:30","endtime":"10:55"},{"starttime":"10:40","endtime":"11:10"},{"starttime":"10:55","endtime":"11:25"},{"starttime":"11:15","endtime":"11:40"},{"starttime":"11:20","endtime":"11:50"},{"starttime":"11:40","endtime":"12:10"},{"starttime":"11:45","endtime":"12:10"},{"starttime":"11:50","endtime":"12:15"},{"starttime":"11:55","endtime":"12:20"},{"starttime":"12:05","endtime":"12:35"},{"starttime":"12:10","endtime":"12:35"},{"starttime":"12:15","endtime":"12:40"},{"starttime":"12:25","endtime":"12:55"},{"starttime":"12:30","endtime":"13:00"},{"starttime":"12:40","endtime":"13:10"},{"starttime":"12:45","endtime":"13:10"},{"starttime":"12:50","endtime":"13:15"},{"starttime":"13:10","endtime":"13:35"},{"starttime":"13:15","endtime":"13:40"},{"starttime":"13:25","endtime":"13:55"},{"starttime":"13:35","endtime":"14:05"},{"starttime":"13:40","endtime":"14:10"},{"starttime":"13:45","endtime":"14:10"},{"starttime":"13:50","endtime":"14:15"},{"starttime":"14:10","endtime":"14:35"},{"starttime":"14:30","endtime":"15:00"},{"starttime":"14:35","endtime":"15:05"},{"starttime":"14:45","endtime":"15:15"},{"starttime":"14:50","endtime":"15:15"},{"starttime":"15:05","endtime":"15:30"},{"starttime":"15:10","endtime":"15:35"},{"starttime":"15:15","endtime":"15:40"},{"starttime":"15:20","endtime":"15:50"},{"starttime":"15:30","endtime":"16:00"},{"starttime":"15:40","endtime":"16:10"},{"starttime":"15:45","endtime":"16:15"},{"starttime":"15:50","endtime":"16:15"},{"starttime":"16:05","endtime":"16:35"},{"starttime":"16:10","endtime":"16:35"},{"starttime":"16:15","endtime":"16:40"},{"starttime":"16:30","endtime":"17:00"},{"starttime":"16:40","endtime":"17:10"},{"starttime":"16:50","endtime":"17:15"},{"starttime":"16:55","endtime":"17:25"},{"starttime":"17:10","endtime":"17:35"},{"starttime":"17:15","endtime":"17:45"},{"starttime":"17:25","endtime":"17:55"},{"starttime":"17:30","endtime":"17:55"},{"starttime":"17:35","endtime":"18:00"},{"starttime":"17:40","endtime":"18:05"},{"starttime":"17:50","endtime":"18:15"},{"starttime":"18:05","endtime":"18:35"},{"starttime":"18:10","endtime":"18:35"},{"starttime":"18:15","endtime":"18:40"},{"starttime":"18:25","endtime":"18:55"},{"starttime":"18:30","endtime":"18:55"},{"starttime":"18:40","endtime":"19:05"},{"starttime":"19:15","endtime":"19:40"},{"starttime":"19:25","endtime":"19:55"},{"starttime":"19:30","endtime":"19:55"},{"starttime":"19:35","endtime":"20:05"},{"starttime":"19:45","endtime":"20:15"},{"starttime":"20:30","endtime":"20:55"},{"starttime":"20:40","endtime":"21:05"},{"starttime":"20:45","endtime":"21:15"},{"starttime":"21:00","endtime":"21:25"}]}],"Message":"Success","Issuccess":true,"exception":null,"RowCount":1,"responsecode":200}