{"data":[{"fromstationname":"Kaval Byrasandra","tostationname":"Neelasandra Rose Garden","fromstationid":"20918","tostationid":"22352","apptime":"01:00:00","distance":"15.60","platformname":"","platformnumber":"","baynumber":"","tripdetails":[{"starttime":"09:10","endtime":"10:10"},{"starttime":"10:05","endtime":"11:05"},{"starttime":"11:45","endtime":"12:45"},{"starttime":"12:45","endtime":"13:45"},{"starttime":"13:55","endtime":"14:55"},{"starttime":"15:25","endtime":"16:25"},{"starttime":"16:30","endtime":"17:30"}]}],"Message":"Success","Issuccess":true,"exception":null,"RowCount":1,"responsecode":200}