{"data":[{"fromstationname":"Shivajinagara Bus Station","tostationname":"Neelasandra Rose Garden","fromstationid":"21172","tostationid":"22352","apptime":"00:25:00","distance":"5.80","platformname":"","platformnumber":"","baynumber":"","tripdetails":[{"starttime":"06:20","endtime":"06:45"},{"starttime":"06:30","endtime":"06:55"},{"starttime":"07:20","endtime":"07:45"},{"starttime":"07:35","endtime":"08:05"},{"starttime":"07:55","endtime":"08:25"},{"starttime":"08:00","endtime":"08:25"},{"starttime":"08:25","endtime":"08:50"},{"starttime":"08:45","endtime":"09:15"},{"starttime":"08:55","endtime":"09:20"},{"starttime":"09:00","endtime":"09:25"},{"starttime":"09:05","endtime":"09:35"},{"starttime":"09:45","endtime":"10:10"},{"starttime":"09:55","endtime":"10:20"},{"starttime":"10:00","endtime":"10:25"},{"starttime":"10:05","endtime":"10:35"},{"starttime":"10:15","endtime":"10:45"},{"starttime":"10:25","endtime":"10:50"},{"starttime":"10:40","endtime":"11:10"},{"starttime":"10:45","endtime":"11:10"},{"starttime":"10:55","endtime":"11:20"},{"starttime":"11:15","endtime":"11:40"},{"starttime":"11:25","endtime":"11:50"},{"starttime":"11:40","endtime":"12:10"},{"starttime":"11:45","endtime":"12:10"},{"starttime":"11:50","endtime":"12:20"},{"starttime":"11:55","endtime":"12:25"},{"starttime":"12:15","endtime":"12:40"},{"starttime":"12:20","endtime":"12:45"},{"starttime":"12:40","endtime":"13:05"},{"starttime":"12:45","endtime":"13:10"},{"starttime":"12:50","endtime":"13:20"},{"starttime":"13:00","endtime":"13:30"},{"starttime":"13:05","endtime":"13:35"},{"starttime":"13:15","endtime":"13:40"},{"starttime":"13:20","endtime":"13:45"},{"starttime":"13:40","endtime":"14:05"},{"starttime":"13:55","endtime":"14:25"},{"starttime":"14:00","endtime":"14:30"},{"starttime":"14:10","endtime":"14:40"},{"starttime":"14:15","endtime":"14:40"},{"starttime":"14:20","endtime":"14:45"},{"starttime":"14:35","endtime":"15:00"},{"starttime":"14:40","endtime":"15:05"},{"starttime":"14:45","endtime":"15:10"},{"starttime":"14:55","endtime":"15:25"},{"starttime":"15:05","endtime":"15:35"},{"starttime":"15:10","endtime":"15:40"},{"starttime":"15:20","endtime":"15:45"},{"starttime":"15:35","endtime":"16:00"},{"starttime":"15:40","endtime":"16:05"},{"starttime":"15:45","endtime":"16:10"},{"starttime":"15:55","endtime":"16:25"},{"starttime":"16:05","endtime":"16:35"},{"starttime":"16:15","endtime":"16:45"},{"starttime":"16:20","endtime":"16:45"},{"starttime":"16:40","endtime":"17:05"},{"starttime":"16:45","endtime":"17:10"},{"starttime":"16:50","endtime":"17:20"},{"starttime":"17:00","endtime":"17:25"},{"starttime":"17:15","endtime":"17:45"},{"starttime":"17:20","endtime":"17:45"},{"starttime":"17:30","endtime":"18:00"},{"starttime":"17:40","endtime":"18:05"},{"starttime":"17:45","endtime":"18:10"},{"starttime":"17:50","endtime":"18:20"},{"starttime":"18:00","endtime":"18:25"},{"starttime":"18:10","endtime":"18:35"},{"starttime":"18:45","endtime":"19:10"},{"starttime":"19:00","endtime":"19:30"},{"starttime":"19:05","endtime":"19:35"},{"starttime":"20:00","endtime":"20:25"},{"starttime":"20:05","endtime":"20:35"},{"starttime":"20:10","endtime":"20:35"},{"starttime":"20:25","endtime":"20:55"}]}],"Message":"Success","Issuccess":true,"exception":null,"RowCount":1,"responsecode":200}