{"data":[{"fromstationname":"KR Market","tostationname":"Shivajinagara Bus Station","fromstationid":"20940","tostationid":"21173","apptime":"00:20:00","distance":"5.00","platformname":"","platformnumber":"","baynumber":"","tripdetails":[{"starttime":"07:00","endtime":"07:20"},{"starttime":"07:05","endtime":"07:30"},{"starttime":"07:50","endtime":"08:15"},{"starttime":"08:05","endtime":"08:30"},{"starttime":"08:50","endtime":"09:15"},{"starttime":"09:30","endtime":"09:55"},{"starttime":"10:10","endtime":"10:30"},{"starttime":"10:25","endtime":"10:50"},{"starttime":"10:30","endtime":"10:55"},{"starttime":"11:00","endtime":"11:20"},{"starttime":"11:30","endtime":"11:55"},{"starttime":"11:50","endtime":"12:10"},{"starttime":"12:30","endtime":"12:55"},{"starttime":"12:40","endtime":"13:00"},{"starttime":"13:10","endtime":"13:35"},{"starttime":"13:15","endtime":"13:40"},{"starttime":"13:25","endtime":"13:50"},{"starttime":"13:30","endtime":"13:55"},{"starttime":"13:40","endtime":"14:00"},{"starttime":"13:45","endtime":"14:05"},{"starttime":"14:30","endtime":"14:55"},{"starttime":"14:35","endtime":"14:55"},{"starttime":"15:25","endtime":"15:45"},{"starttime":"15:30","endtime":"15:55"},{"starttime":"16:15","endtime":"16:40"},{"starttime":"16:30","endtime":"16:55"},{"starttime":"17:30","endtime":"17:55"},{"starttime":"17:40","endtime":"18:05"},{"starttime":"17:55","endtime":"18:20"},{"starttime":"18:40","endtime":"19:05"},{"starttime":"18:55","endtime":"19:20"},{"starttime":"19:35","endtime":"19:55"},{"starttime":"20:20","endtime":"20:45"},{"starttime":"20:25","endtime":"20:45"},{"starttime":"21:20","endtime":"21:45"}]}],"Message":"Success","Issuccess":true,"exception":null,"RowCount":1,"responsecode":200}