{"data":[{"fromstationname":"Shivajinagara Bus Station","tostationname":"KR Market","fromstationid":"21172","tostationid":"20940","apptime":"00:20:00","distance":"5.00","platformname":"","platformnumber":"","baynumber":"","tripdetails":[{"starttime":"06:35","endtime":"06:55"},{"starttime":"06:55","endtime":"07:20"},{"starttime":"07:25","endtime":"07:45"},{"starttime":"07:35","endtime":"08:00"},{"starttime":"08:20","endtime":"08:45"},{"starttime":"09:00","endtime":"09:25"},{"starttime":"09:40","endtime":"10:05"},{"starttime":"09:55","endtime":"10:20"},{"starttime":"10:00","endtime":"10:25"},{"starttime":"10:20","endtime":"10:40"},{"starttime":"10:35","endtime":"10:55"},{"starttime":"11:00","endtime":"11:25"},{"starttime":"11:25","endtime":"11:45"},{"starttime":"12:00","endtime":"12:25"},{"starttime":"12:15","endtime":"12:35"},{"starttime":"13:00","endtime":"13:25"},{"starttime":"13:05","endtime":"13:25"},{"starttime":"13:30","endtime":"14:00"},{"starttime":"13:45","endtime":"14:10"},{"starttime":"14:00","endtime":"14:25"},{"starttime":"14:10","endtime":"14:30"},{"starttime":"14:30","endtime":"14:55"},{"starttime":"15:00","endtime":"15:20"},{"starttime":"15:50","endtime":"16:10"},{"starttime":"16:00","endtime":"16:25"},{"starttime":"17:10","endtime":"17:35"},{"starttime":"17:25","endtime":"17:50"},{"starttime":"18:00","endtime":"18:25"},{"starttime":"18:10","endtime":"18:35"},{"starttime":"18:25","endtime":"18:50"},{"starttime":"19:10","endtime":"19:30"},{"starttime":"19:50","endtime":"20:15"},{"starttime":"20:00","endtime":"20:20"},{"starttime":"20:50","endtime":"21:15"}]}],"Message":"Success","Issuccess":true,"exception":null,"RowCount":1,"responsecode":200}