{"data":[{"fromstationname":"Kempegowda Bus Station","tostationname":"Koramangala 1st Block","fromstationid":"20921","tostationid":"23894","apptime":"00:29:00","distance":"12.90","platformname":"13","platformnumber":"13","baynumber":"3","tripdetails":[{"starttime":"05:55","endtime":"06:24"},{"starttime":"07:45","endtime":"08:50"},{"starttime":"08:00","endtime":"09:05"},{"starttime":"08:20","endtime":"09:25"},{"starttime":"08:25","endtime":"09:25"},{"starttime":"08:40","endtime":"09:45"},{"starttime":"10:30","endtime":"11:35"},{"starttime":"10:40","endtime":"11:50"},{"starttime":"11:00","endtime":"12:00"},{"starttime":"11:15","endtime":"12:15"},{"starttime":"11:30","endtime":"12:30"},{"starttime":"12:50","endtime":"13:55"},{"starttime":"13:10","endtime":"14:10"},{"starttime":"13:25","endtime":"14:25"},{"starttime":"14:35","endtime":"15:35"},{"starttime":"15:10","endtime":"16:10"},{"starttime":"15:15","endtime":"16:20"},{"starttime":"16:05","endtime":"17:10"},{"starttime":"16:20","endtime":"17:30"},{"starttime":"16:30","endtime":"17:30"},{"starttime":"16:45","endtime":"17:50"},{"starttime":"18:05","endtime":"19:15"},{"starttime":"20:35","endtime":"21:45"}]}],"Message":"Success","Issuccess":true,"exception":null,"RowCount":1,"responsecode":200}