{"data":[{"fromstationname":"Koramangala 1st Block","tostationname":"Kempegowda Bus Station","fromstationid":"22892","tostationid":"20922","apptime":"01:00:00","distance":"14.50","platformname":"","platformnumber":"1","baynumber":"","tripdetails":[{"starttime":"06:40","endtime":"07:40"},{"starttime":"07:06","endtime":"07:55"},{"starttime":"07:11","endtime":"08:00"},{"starttime":"07:16","endtime":"08:05"},{"starttime":"07:26","endtime":"08:15"},{"starttime":"07:31","endtime":"08:20"},{"starttime":"07:41","endtime":"08:30"},{"starttime":"08:26","endtime":"09:15"},{"starttime":"08:55","endtime":"10:00"},{"starttime":"09:06","endtime":"09:55"},{"starttime":"09:10","endtime":"10:15"},{"starttime":"09:30","endtime":"10:35"},{"starttime":"09:36","endtime":"10:35"},{"starttime":"09:50","endtime":"10:50"},{"starttime":"09:55","endtime":"10:55"},{"starttime":"11:40","endtime":"12:45"},{"starttime":"12:05","endtime":"13:05"},{"starttime":"12:20","endtime":"13:20"},{"starttime":"12:35","endtime":"13:35"},{"starttime":"13:21","endtime":"14:10"},{"starttime":"13:36","endtime":"14:25"},{"starttime":"13:56","endtime":"14:45"},{"starttime":"14:05","endtime":"15:10"},{"starttime":"14:17","endtime":"15:05"},{"starttime":"14:37","endtime":"15:25"},{"starttime":"15:00","endtime":"16:00"},{"starttime":"15:05","endtime":"16:15"},{"starttime":"15:21","endtime":"16:10"},{"starttime":"15:25","endtime":"16:25"},{"starttime":"15:36","endtime":"16:25"},{"starttime":"15:40","endtime":"16:40"},{"starttime":"15:46","endtime":"16:35"},{"starttime":"16:40","endtime":"17:40"},{"starttime":"16:50","endtime":"18:00"},{"starttime":"17:15","endtime":"18:20"},{"starttime":"17:35","endtime":"18:45"},{"starttime":"17:55","endtime":"19:00"},{"starttime":"19:20","endtime":"20:30"},{"starttime":"19:35","endtime":"19:50"},{"starttime":"21:45","endtime":"21:54"}]}],"Message":"Success","Issuccess":true,"exception":null,"RowCount":1,"responsecode":200}