{"data":[{"fromstationname":"Kempegowda Bus Station","tostationname":"Koramangala 1st Block","fromstationid":"20921","tostationid":"23894","apptime":"00:50:00","distance":"14.50","platformname":"13","platformnumber":"13","baynumber":"3","tripdetails":[{"starttime":"04:50","endtime":"05:40"},{"starttime":"05:25","endtime":"06:10"},{"starttime":"05:45","endtime":"06:30"},{"starttime":"06:05","endtime":"06:55"},{"starttime":"06:20","endtime":"07:20"},{"starttime":"06:40","endtime":"07:35"},{"starttime":"07:05","endtime":"08:00"},{"starttime":"07:10","endtime":"08:15"},{"starttime":"07:20","endtime":"08:25"},{"starttime":"07:30","endtime":"08:35"},{"starttime":"07:55","endtime":"08:55"},{"starttime":"08:05","endtime":"09:15"},{"starttime":"08:15","endtime":"09:35"},{"starttime":"08:30","endtime":"09:30"},{"starttime":"08:40","endtime":"09:35"},{"starttime":"09:00","endtime":"10:05"},{"starttime":"09:20","endtime":"10:30"},{"starttime":"09:25","endtime":"10:35"},{"starttime":"09:40","endtime":"11:00"},{"starttime":"10:00","endtime":"11:10"},{"starttime":"10:05","endtime":"11:10"},{"starttime":"10:20","endtime":"11:20"},{"starttime":"10:25","endtime":"11:25"},{"starttime":"10:30","endtime":"11:40"},{"starttime":"11:20","endtime":"12:20"},{"starttime":"11:30","endtime":"12:40"},{"starttime":"11:35","endtime":"12:35"},{"starttime":"11:50","endtime":"12:55"},{"starttime":"12:15","endtime":"13:25"},{"starttime":"12:25","endtime":"13:30"},{"starttime":"12:30","endtime":"13:30"},{"starttime":"12:35","endtime":"13:35"},{"starttime":"12:40","endtime":"13:40"},{"starttime":"13:00","endtime":"14:00"},{"starttime":"13:45","endtime":"14:45"},{"starttime":"13:50","endtime":"14:50"},{"starttime":"14:00","endtime":"15:05"},{"starttime":"14:10","endtime":"15:15"},{"starttime":"14:35","endtime":"15:35"},{"starttime":"14:40","endtime":"15:50"},{"starttime":"14:50","endtime":"15:55"},{"starttime":"14:55","endtime":"16:00"},{"starttime":"15:05","endtime":"16:15"},{"starttime":"15:15","endtime":"16:15"},{"starttime":"15:30","endtime":"16:40"},{"starttime":"15:45","endtime":"16:55"},{"starttime":"16:15","endtime":"17:15"},{"starttime":"16:25","endtime":"17:45"},{"starttime":"16:30","endtime":"17:35"},{"starttime":"17:20","endtime":"18:35"},{"starttime":"17:35","endtime":"18:55"},{"starttime":"17:40","endtime":"18:35"},{"starttime":"17:55","endtime":"18:55"},{"starttime":"18:15","endtime":"19:35"},{"starttime":"18:35","endtime":"19:45"},{"starttime":"18:50","endtime":"20:10"},{"starttime":"19:15","endtime":"20:20"},{"starttime":"19:40","endtime":"20:35"},{"starttime":"20:10","endtime":"21:20"},{"starttime":"20:15","endtime":"21:25"},{"starttime":"20:25","endtime":"21:35"},{"starttime":"21:30","endtime":"22:25"},{"starttime":"21:50","endtime":"22:50"}]}],"Message":"Success","Issuccess":true,"exception":null,"RowCount":1,"responsecode":200}