{"data":[{"fromstationname":"Koramangala 1st Block","tostationname":"Kempegowda Bus Station","fromstationid":"22892","tostationid":"20922","apptime":"00:45:00","distance":"14.50","platformname":"","platformnumber":"1","baynumber":"","tripdetails":[{"starttime":"04:35","endtime":"05:20"},{"starttime":"04:50","endtime":"05:35"},{"starttime":"05:10","endtime":"06:00"},{"starttime":"05:45","endtime":"06:35"},{"starttime":"06:15","endtime":"07:05"},{"starttime":"06:35","endtime":"07:25"},{"starttime":"07:00","endtime":"08:05"},{"starttime":"07:25","endtime":"08:25"},{"starttime":"07:31","endtime":"08:20"},{"starttime":"07:40","endtime":"08:35"},{"starttime":"07:50","endtime":"08:55"},{"starttime":"08:05","endtime":"09:15"},{"starttime":"08:15","endtime":"09:35"},{"starttime":"08:16","endtime":"09:00"},{"starttime":"08:21","endtime":"09:10"},{"starttime":"08:30","endtime":"09:35"},{"starttime":"08:35","endtime":"09:55"},{"starttime":"08:40","endtime":"10:00"},{"starttime":"09:00","endtime":"10:00"},{"starttime":"09:20","endtime":"10:30"},{"starttime":"09:35","endtime":"10:45"},{"starttime":"09:40","endtime":"10:35"},{"starttime":"10:40","endtime":"11:45"},{"starttime":"11:00","endtime":"12:10"},{"starttime":"11:15","endtime":"12:20"},{"starttime":"11:20","endtime":"12:30"},{"starttime":"11:25","endtime":"12:25"},{"starttime":"11:30","endtime":"12:30"},{"starttime":"11:35","endtime":"12:35"},{"starttime":"11:45","endtime":"11:53"},{"starttime":"12:25","endtime":"12:34"},{"starttime":"12:40","endtime":"13:40"},{"starttime":"12:45","endtime":"13:55"},{"starttime":"12:50","endtime":"13:55"},{"starttime":"13:00","endtime":"14:05"},{"starttime":"13:35","endtime":"14:35"},{"starttime":"13:40","endtime":"14:45"},{"starttime":"13:45","endtime":"14:45"},{"starttime":"13:50","endtime":"15:00"},{"starttime":"13:55","endtime":"15:00"},{"starttime":"14:05","endtime":"15:05"},{"starttime":"14:35","endtime":"15:40"},{"starttime":"14:50","endtime":"15:50"},{"starttime":"15:10","endtime":"16:20"},{"starttime":"15:20","endtime":"16:20"},{"starttime":"15:40","endtime":"16:40"},{"starttime":"16:05","endtime":"17:15"},{"starttime":"16:10","endtime":"17:20"},{"starttime":"16:20","endtime":"17:30"},{"starttime":"16:25","endtime":"17:35"},{"starttime":"16:45","endtime":"17:45"},{"starttime":"16:50","endtime":"18:10"},{"starttime":"17:00","endtime":"18:10"},{"starttime":"17:20","endtime":"18:30"},{"starttime":"17:25","endtime":"18:45"},{"starttime":"17:30","endtime":"18:30"},{"starttime":"17:40","endtime":"18:45"},{"starttime":"18:10","endtime":"19:30"},{"starttime":"18:40","endtime":"19:35"},{"starttime":"18:55","endtime":"20:05"},{"starttime":"19:00","endtime":"20:20"},{"starttime":"19:40","endtime":"21:00"},{"starttime":"19:50","endtime":"20:50"},{"starttime":"20:15","endtime":"21:25"},{"starttime":"20:25","endtime":"21:30"},{"starttime":"20:40","endtime":"21:35"},{"starttime":"21:40","endtime":"22:40"}]}],"Message":"Success","Issuccess":true,"exception":null,"RowCount":1,"responsecode":200}