{"data":[{"fromstationname":"9th Block Jayanagara (40th Cross)","tostationname":"Kempegowda Bus Station","fromstationid":"22950","tostationid":"20922","apptime":"00:50:00","distance":"11.10","platformname":"","platformnumber":"1","baynumber":"","tripdetails":[{"starttime":"08:30","endtime":"09:20"},{"starttime":"09:20","endtime":"10:05"},{"starttime":"10:45","endtime":"11:35"},{"starttime":"11:15","endtime":"12:00"},{"starttime":"11:30","endtime":"12:20"},{"starttime":"12:35","endtime":"13:15"},{"starttime":"13:20","endtime":"14:10"},{"starttime":"14:40","endtime":"15:25"},{"starttime":"15:00","endtime":"15:50"},{"starttime":"16:20","endtime":"17:05"},{"starttime":"16:40","endtime":"17:25"},{"starttime":"18:20","endtime":"19:05"},{"starttime":"21:30","endtime":"22:10"}]}],"Message":"Success","Issuccess":true,"exception":null,"RowCount":1,"responsecode":200}