{"data":[{"fromstationname":"Kempegowda Bus Station","tostationname":"9th Block Jayanagara (40th Cross)","fromstationid":"20921","tostationid":"22950","apptime":"00:45:00","distance":"11.10","platformname":"11B","platformnumber":"","baynumber":"","tripdetails":[{"starttime":"06:00","endtime":"06:45"},{"starttime":"08:30","endtime":"09:15"},{"starttime":"09:25","endtime":"10:15"},{"starttime":"10:25","endtime":"11:10"},{"starttime":"10:30","endtime":"11:20"},{"starttime":"10:45","endtime":"11:25"},{"starttime":"11:40","endtime":"12:30"},{"starttime":"13:20","endtime":"14:05"},{"starttime":"14:05","endtime":"14:55"},{"starttime":"15:30","endtime":"16:15"},{"starttime":"17:30","endtime":"18:15"},{"starttime":"20:20","endtime":"21:10"},{"starttime":"20:30","endtime":"21:20"},{"starttime":"22:15","endtime":"22:45"}]}],"Message":"Success","Issuccess":true,"exception":null,"RowCount":1,"responsecode":200}