{"data":[{"fromstationname":"KHB Colony","tostationname":"Kaval Byrasandra","fromstationid":"20929","tostationid":"20918","apptime":"01:10:00","distance":"16.20","platformname":"","platformnumber":"","baynumber":"","tripdetails":[{"starttime":"08:20","endtime":"09:30"},{"starttime":"09:20","endtime":"10:25"},{"starttime":"11:05","endtime":"12:05"},{"starttime":"12:00","endtime":"13:00"},{"starttime":"14:10","endtime":"15:10"},{"starttime":"15:00","endtime":"16:00"},{"starttime":"17:15","endtime":"18:25"},{"starttime":"17:50","endtime":"19:00"}]}],"Message":"Success","Issuccess":true,"exception":null,"RowCount":1,"responsecode":200}