{"data":[{"fromstationname":"Kempegowda Bus Station","tostationname":"Kariyanapalya","fromstationid":"20921","tostationid":"30841","apptime":"01:20:00","distance":"22.00","platformname":"11","platformnumber":"","baynumber":"","tripdetails":[{"starttime":"06:30","endtime":"07:50"},{"starttime":"09:10","endtime":"10:15"},{"starttime":"14:05","endtime":"15:25"},{"starttime":"17:05","endtime":"18:35"},{"starttime":"20:40","endtime":"22:00"}]}],"Message":"Success","Issuccess":true,"exception":null,"RowCount":1,"responsecode":200}