{"data":[{"fromstationname":"Shivajinagara Bus Station","tostationname":"BEML Layout 5th stage","fromstationid":"21172","tostationid":"29871","apptime":"01:10:00","distance":"21.30","platformname":"","platformnumber":"","baynumber":"","tripdetails":[{"starttime":"05:50","endtime":"07:00"},{"starttime":"08:55","endtime":"10:15"},{"starttime":"10:05","endtime":"11:25"},{"starttime":"11:45","endtime":"12:54"},{"starttime":"15:40","endtime":"17:00"},{"starttime":"18:00","endtime":"19:20"},{"starttime":"19:00","endtime":"20:20"}]}],"Message":"Success","Issuccess":true,"exception":null,"RowCount":1,"responsecode":200}