{"data":[{"fromstationname":"Kempegowda Bus Station","tostationname":"ISRO Layout","fromstationid":"20921","tostationid":"22080","apptime":"00:55:00","distance":"13.90","platformname":"11","platformnumber":"","baynumber":"","tripdetails":[{"starttime":"06:45","endtime":"07:40"},{"starttime":"08:05","endtime":"09:00"},{"starttime":"08:45","endtime":"09:40"},{"starttime":"09:01","endtime":"10:01"},{"starttime":"10:00","endtime":"10:50"},{"starttime":"10:30","endtime":"11:25"},{"starttime":"10:59","endtime":"11:59"},{"starttime":"11:50","endtime":"12:40"},{"starttime":"12:10","endtime":"13:05"},{"starttime":"12:30","endtime":"13:25"},{"starttime":"13:17","endtime":"14:17"},{"starttime":"15:10","endtime":"15:47"},{"starttime":"15:20","endtime":"16:15"},{"starttime":"15:35","endtime":"16:30"},{"starttime":"17:50","endtime":"18:50"},{"starttime":"18:00","endtime":"18:55"},{"starttime":"20:20","endtime":"21:15"}]}],"Message":"Success","Issuccess":true,"exception":null,"RowCount":1,"responsecode":200}