{"data":[{"fromstationname":"ISRO Layout","tostationname":"Kempegowda Bus Station","fromstationid":"22081","tostationid":"20922","apptime":"00:55:00","distance":"13.90","platformname":"","platformnumber":"","baynumber":"","tripdetails":[{"starttime":"07:05","endtime":"08:00"},{"starttime":"07:45","endtime":"08:40"},{"starttime":"09:30","endtime":"10:25"},{"starttime":"09:45","endtime":"10:40"},{"starttime":"10:11","endtime":"10:54"},{"starttime":"10:55","endtime":"11:45"},{"starttime":"11:30","endtime":"12:25"},{"starttime":"12:29","endtime":"13:12"},{"starttime":"12:45","endtime":"13:35"},{"starttime":"13:15","endtime":"14:10"},{"starttime":"14:22","endtime":"15:05"},{"starttime":"14:35","endtime":"15:30"},{"starttime":"15:52","endtime":"16:35"},{"starttime":"16:45","endtime":"17:40"},{"starttime":"17:00","endtime":"17:55"},{"starttime":"19:00","endtime":"19:55"}]}],"Message":"Success","Issuccess":true,"exception":null,"RowCount":1,"responsecode":200}