{"data":[{"fromstationname":"Kariyanapalya","tostationname":"Kempegowda Bus Station","fromstationid":"30841","tostationid":"20922","apptime":"00:55:00","distance":"21.00","platformname":"","platformnumber":"","baynumber":"","tripdetails":[{"starttime":"05:30","endtime":"06:25"},{"starttime":"07:55","endtime":"09:05"},{"starttime":"10:30","endtime":"11:40"},{"starttime":"15:30","endtime":"17:00"},{"starttime":"19:05","endtime":"20:35"}]}],"Message":"Success","Issuccess":true,"exception":null,"RowCount":1,"responsecode":200}