{"data":[{"fromstationname":"Chikkallasandra","tostationname":"Kempegowda Bus Station","fromstationid":"24575","tostationid":"20922","apptime":"00:50:00","distance":"15.00","platformname":"","platformnumber":"","baynumber":"","tripdetails":[{"starttime":"05:10","endtime":"06:00"},{"starttime":"05:25","endtime":"06:15"},{"starttime":"05:40","endtime":"06:35"},{"starttime":"06:15","endtime":"07:15"},{"starttime":"06:25","endtime":"07:35"},{"starttime":"06:40","endtime":"07:50"},{"starttime":"06:45","endtime":"07:45"},{"starttime":"07:00","endtime":"08:15"},{"starttime":"07:20","endtime":"08:30"},{"starttime":"07:40","endtime":"08:55"},{"starttime":"08:00","endtime":"09:15"},{"starttime":"08:15","endtime":"09:30"},{"starttime":"08:45","endtime":"10:00"},{"starttime":"09:00","endtime":"10:15"},{"starttime":"09:20","endtime":"10:35"},{"starttime":"09:30","endtime":"10:45"},{"starttime":"09:45","endtime":"11:00"},{"starttime":"10:00","endtime":"11:15"},{"starttime":"10:20","endtime":"11:35"},{"starttime":"10:40","endtime":"11:55"},{"starttime":"10:50","endtime":"12:00"},{"starttime":"11:05","endtime":"12:15"},{"starttime":"11:35","endtime":"12:50"},{"starttime":"11:50","endtime":"12:50"},{"starttime":"12:05","endtime":"13:10"},{"starttime":"12:20","endtime":"13:35"},{"starttime":"12:40","endtime":"13:45"},{"starttime":"13:40","endtime":"14:40"},{"starttime":"14:10","endtime":"15:10"},{"starttime":"14:20","endtime":"15:25"},{"starttime":"14:35","endtime":"15:50"},{"starttime":"14:50","endtime":"16:00"},{"starttime":"15:00","endtime":"16:15"},{"starttime":"15:15","endtime":"16:30"},{"starttime":"15:30","endtime":"16:45"},{"starttime":"15:40","endtime":"16:55"},{"starttime":"15:50","endtime":"16:55"},{"starttime":"16:05","endtime":"17:20"},{"starttime":"16:20","endtime":"17:35"},{"starttime":"16:30","endtime":"17:45"},{"starttime":"16:40","endtime":"17:40"},{"starttime":"17:00","endtime":"18:15"},{"starttime":"17:15","endtime":"18:30"},{"starttime":"17:25","endtime":"18:40"},{"starttime":"17:40","endtime":"18:55"},{"starttime":"18:00","endtime":"19:10"},{"starttime":"18:20","endtime":"19:30"},{"starttime":"18:50","endtime":"19:55"},{"starttime":"18:55","endtime":"19:55"},{"starttime":"19:10","endtime":"20:20"},{"starttime":"20:00","endtime":"21:05"},{"starttime":"20:20","endtime":"21:25"},{"starttime":"20:40","endtime":"21:55"},{"starttime":"21:00","endtime":"22:15"},{"starttime":"21:20","endtime":"22:35"},{"starttime":"21:40","endtime":"22:40"}]}],"Message":"Success","Issuccess":true,"exception":null,"RowCount":1,"responsecode":200}