{"data":[{"fromstationname":"KR Market (Kalasipalya)","tostationname":"Tharalu","fromstationid":"20944","tostationid":"22542","apptime":"01:05:00","distance":"27.00","platformname":"","platformnumber":"","baynumber":"","tripdetails":[{"starttime":"05:35","endtime":"06:40"},{"starttime":"08:40","endtime":"10:05"},{"starttime":"10:00","endtime":"11:30"},{"starttime":"13:35","endtime":"15:05"},{"starttime":"19:40","endtime":"21:10"}]}],"Message":"Success","Issuccess":true,"exception":null,"RowCount":1,"responsecode":200}