{"data":[{"fromstationname":"Anjanapura","tostationname":"Kempegowda Bus Station","fromstationid":"23651","tostationid":"20922","apptime":"01:00:00","distance":"17.70","platformname":"","platformnumber":"","baynumber":"","tripdetails":[{"starttime":"04:45","endtime":"05:45"},{"starttime":"07:05","endtime":"08:15"},{"starttime":"16:35","endtime":"17:50"},{"starttime":"16:50","endtime":"18:00"},{"starttime":"19:25","endtime":"20:40"}]}],"Message":"Success","Issuccess":true,"exception":null,"RowCount":1,"responsecode":200}