{"data":[{"fromstationname":"Kempegowda Bus Station","tostationname":"Anjanapura","fromstationid":"20921","tostationid":"23649","apptime":"01:05:00","distance":"18.50","platformname":"11B","platformnumber":"","baynumber":"","tripdetails":[{"starttime":"05:55","endtime":"07:00"},{"starttime":"08:25","endtime":"09:35"},{"starttime":"09:25","endtime":"10:35"},{"starttime":"10:25","endtime":"11:30"},{"starttime":"15:00","endtime":"16:15"},{"starttime":"18:00","endtime":"19:15"},{"starttime":"21:10","endtime":"22:05"}]}],"Message":"Success","Issuccess":true,"exception":null,"RowCount":1,"responsecode":200}