{"data":[{"fromstationname":"Kempegowda Bus Station","tostationname":"Provident Sunworth Apartment","fromstationid":"20921","tostationid":"34285","apptime":"01:00:00","distance":"19.10","platformname":"19","platformnumber":"19","baynumber":"4","tripdetails":[{"starttime":"06:30","endtime":"07:30"},{"starttime":"09:05","endtime":"10:05"},{"starttime":"14:20","endtime":"15:30"},{"starttime":"16:50","endtime":"18:05"},{"starttime":"20:15","endtime":"21:35"}]}],"Message":"Success","Issuccess":true,"exception":null,"RowCount":1,"responsecode":200}