{"data":[{"fromstationname":"Provident Sunworth Apartment","tostationname":"Kempegowda Bus Station","fromstationid":"34285","tostationid":"20922","apptime":"00:55:00","distance":"19.10","platformname":"","platformnumber":"","baynumber":"","tripdetails":[{"starttime":"05:30","endtime":"06:25"},{"starttime":"05:35","endtime":"06:25"},{"starttime":"08:00","endtime":"09:00"},{"starttime":"10:10","endtime":"11:10"},{"starttime":"15:35","endtime":"16:45"},{"starttime":"18:35","endtime":"19:50"}]}],"Message":"Success","Issuccess":true,"exception":null,"RowCount":1,"responsecode":200}