{"data":[{"fromstationname":"Doddabele","tostationname":"KR Market (Kalasipalya)","fromstationid":"32529","tostationid":"20945","apptime":"00:45:00","distance":"17.20","platformname":"","platformnumber":"","baynumber":"","tripdetails":[{"starttime":"05:25","endtime":"06:10"},{"starttime":"07:15","endtime":"08:10"},{"starttime":"08:40","endtime":"09:40"},{"starttime":"09:15","endtime":"10:10"},{"starttime":"11:15","endtime":"12:15"},{"starttime":"13:25","endtime":"14:25"},{"starttime":"16:00","endtime":"17:00"},{"starttime":"16:50","endtime":"17:50"},{"starttime":"19:00","endtime":"20:00"}]}],"Message":"Success","Issuccess":true,"exception":null,"RowCount":1,"responsecode":200}