{"data":[{"fromstationname":"KR Market (Kalasipalya)","tostationname":"Doddabele","fromstationid":"20944","tostationid":"32529","apptime":"00:50:00","distance":"17.20","platformname":"","platformnumber":"","baynumber":"","tripdetails":[{"starttime":"06:15","endtime":"07:05"},{"starttime":"08:15","endtime":"09:10"},{"starttime":"08:21","endtime":"08:35"},{"starttime":"09:45","endtime":"10:45"},{"starttime":"12:20","endtime":"13:20"},{"starttime":"14:30","endtime":"15:30"},{"starttime":"17:30","endtime":"18:30"},{"starttime":"17:55","endtime":"18:55"},{"starttime":"20:40","endtime":"21:35"}]}],"Message":"Success","Issuccess":true,"exception":null,"RowCount":1,"responsecode":200}