{"data":[{"fromstationname":"Hunasemaradapalya","tostationname":"Kempegowda Bus Station","fromstationid":"26060","tostationid":"20922","apptime":"01:00:00","distance":"19.00","platformname":"","platformnumber":"","baynumber":"","tripdetails":[{"starttime":"06:20","endtime":"07:20"},{"starttime":"08:30","endtime":"09:30"},{"starttime":"16:00","endtime":"17:00"},{"starttime":"18:35","endtime":"19:35"},{"starttime":"21:10","endtime":"22:10"}]}],"Message":"Success","Issuccess":true,"exception":null,"RowCount":1,"responsecode":200}