{"data":[{"fromstationname":"Kempegowda Bus Station","tostationname":"Bande Mutt Badavane Radiant Enclave","fromstationid":"20921","tostationid":"31877","apptime":"01:00:00","distance":"18.20","platformname":"19","platformnumber":"19","baynumber":"4","tripdetails":[{"starttime":"06:50","endtime":"07:50"},{"starttime":"09:00","endtime":"10:00"},{"starttime":"14:45","endtime":"15:40"},{"starttime":"17:10","endtime":"18:10"},{"starttime":"19:20","endtime":"20:20"},{"starttime":"21:45","endtime":"22:40"}]}],"Message":"Success","Issuccess":true,"exception":null,"RowCount":1,"responsecode":200}