{"data":[{"fromstationname":"KR Market (Kalasipalya)","tostationname":"Bande Mutt Badavane Radiant Enclave","fromstationid":"20944","tostationid":"31877","apptime":"00:55:00","distance":"17.40","platformname":"","platformnumber":"","baynumber":"","tripdetails":[{"starttime":"05:55","endtime":"06:50"},{"starttime":"07:55","endtime":"08:50"},{"starttime":"13:45","endtime":"14:40"},{"starttime":"15:45","endtime":"16:40"},{"starttime":"18:10","endtime":"19:10"},{"starttime":"20:45","endtime":"21:45"}]}],"Message":"Success","Issuccess":true,"exception":null,"RowCount":1,"responsecode":200}