{"data":[{"fromstationname":"Bande Mutt Badavane Radiant Enclave","tostationname":"Kempegowda Bus Station","fromstationid":"31877","tostationid":"20922","apptime":"00:55:00","distance":"18.20","platformname":"","platformnumber":"","baynumber":"","tripdetails":[{"starttime":"05:50","endtime":"06:45"},{"starttime":"07:55","endtime":"08:55"},{"starttime":"10:20","endtime":"11:20"},{"starttime":"16:10","endtime":"17:05"},{"starttime":"18:15","endtime":"19:15"},{"starttime":"20:25","endtime":"21:20"}]}],"Message":"Success","Issuccess":true,"exception":null,"RowCount":1,"responsecode":200}