{"data":[{"fromstationname":"Kempegowda Bus Station","tostationname":"Hunasemaradapalya","fromstationid":"20921","tostationid":"33004","apptime":"01:00:00","distance":"19.00","platformname":"19","platformnumber":"19","baynumber":"4","tripdetails":[{"starttime":"05:15","endtime":"06:15"},{"starttime":"07:25","endtime":"08:25"},{"starttime":"10:00","endtime":"11:00"},{"starttime":"14:55","endtime":"15:55"},{"starttime":"17:30","endtime":"18:30"},{"starttime":"19:40","endtime":"20:40"}]}],"Message":"Success","Issuccess":true,"exception":null,"RowCount":1,"responsecode":200}