{"data":[{"fromstationname":"Bande Mutt Badavane Radiant Enclave","tostationname":"KR Market (Kalasipalya)","fromstationid":"31877","tostationid":"20945","apptime":"00:50:00","distance":"17.40","platformname":"","platformnumber":"","baynumber":"","tripdetails":[{"starttime":"05:00","endtime":"05:50"},{"starttime":"06:55","endtime":"07:50"},{"starttime":"08:55","endtime":"09:55"},{"starttime":"14:45","endtime":"15:40"},{"starttime":"16:45","endtime":"17:40"},{"starttime":"19:15","endtime":"20:15"}]}],"Message":"Success","Issuccess":true,"exception":null,"RowCount":1,"responsecode":200}