{"data":[{"fromstationname":"Kengeri Bus Station","tostationname":"St Clare School","fromstationid":"20925","tostationid":"26688","apptime":"00:30:00","distance":"8.00","platformname":"","platformnumber":"","baynumber":"","tripdetails":[{"starttime":"13:40","endtime":"14:10"},{"starttime":"14:15","endtime":"14:35"},{"starttime":"14:20","endtime":"14:50"},{"starttime":"14:25","endtime":"14:45"},{"starttime":"14:45","endtime":"15:05"}]}],"Message":"Success","Issuccess":true,"exception":null,"RowCount":1,"responsecode":200}