{"data":[{"fromstationname":"Kengeri Satellite Town","tostationname":"KR Market (Kalasipalya)","fromstationid":"22168","tostationid":"20945","apptime":"00:37:00","distance":"15.69","platformname":"","platformnumber":"","baynumber":"","tripdetails":[{"starttime":"10:34","endtime":"11:11"},{"starttime":"11:50","endtime":"12:27"},{"starttime":"13:06","endtime":"13:43"},{"starttime":"14:22","endtime":"14:59"},{"starttime":"15:38","endtime":"16:15"}]}],"Message":"Success","Issuccess":true,"exception":null,"RowCount":1,"responsecode":200}