{"data":[{"fromstationname":"KR Market (Kalasipalya)","tostationname":"Kengeri Satellite Town","fromstationid":"20944","tostationid":"22167","apptime":"00:29:00","distance":"15.43","platformname":"","platformnumber":"","baynumber":"","tripdetails":[{"starttime":"10:00","endtime":"10:29"},{"starttime":"11:16","endtime":"11:45"},{"starttime":"12:32","endtime":"13:01"},{"starttime":"13:48","endtime":"14:17"},{"starttime":"15:04","endtime":"15:33"}]}],"Message":"Success","Issuccess":true,"exception":null,"RowCount":1,"responsecode":200}