{"data":[{"fromstationname":"Kempegowda Bus Station","tostationname":"Shirke KHB Quarters","fromstationid":"20921","tostationid":"22665","apptime":"00:45:00","distance":"18.50","platformname":"19","platformnumber":"19","baynumber":"4","tripdetails":[{"starttime":"04:30","endtime":"05:15"},{"starttime":"10:00","endtime":"11:00"},{"starttime":"10:05","endtime":"11:05"},{"starttime":"12:25","endtime":"13:25"},{"starttime":"12:45","endtime":"13:45"},{"starttime":"13:20","endtime":"14:20"},{"starttime":"16:20","endtime":"17:30"},{"starttime":"19:40","endtime":"20:45"},{"starttime":"22:05","endtime":"23:00"},{"starttime":"22:15","endtime":"23:05"}]}],"Message":"Success","Issuccess":true,"exception":null,"RowCount":1,"responsecode":200}