{"data":[{"fromstationname":"Kempegowda Bus Station","tostationname":"Kengeri Satellite Town","fromstationid":"20921","tostationid":"22167","apptime":"00:45:00","distance":"13.50","platformname":"19","platformnumber":"19","baynumber":"4","tripdetails":[{"starttime":"09:20","endtime":"10:05"},{"starttime":"09:30","endtime":"10:20"},{"starttime":"12:25","endtime":"13:25"},{"starttime":"12:50","endtime":"13:45"},{"starttime":"13:05","endtime":"14:00"},{"starttime":"15:25","endtime":"16:20"}]}],"Message":"Success","Issuccess":true,"exception":null,"RowCount":1,"responsecode":200}