{"data":[{"fromstationname":"Shirke KHB Quarters","tostationname":"Kempegowda Bus Station","fromstationid":"22664","tostationid":"20922","apptime":"01:00:00","distance":"18.50","platformname":"","platformnumber":"","baynumber":"","tripdetails":[{"starttime":"11:25","endtime":"12:25"},{"starttime":"11:40","endtime":"12:40"},{"starttime":"13:30","endtime":"14:30"},{"starttime":"15:05","endtime":"16:15"},{"starttime":"17:35","endtime":"18:45"},{"starttime":"20:55","endtime":"21:55"}]}],"Message":"Success","Issuccess":true,"exception":null,"RowCount":1,"responsecode":200}