{"data":[{"fromstationname":"KR Market (Kalasipalya)","tostationname":"Sulikere","fromstationid":"20944","tostationid":"34722","apptime":"01:00:00","distance":"18.90","platformname":"","platformnumber":"","baynumber":"","tripdetails":[{"starttime":"06:30","endtime":"07:30"},{"starttime":"08:45","endtime":"09:50"},{"starttime":"15:50","endtime":"16:55"},{"starttime":"18:35","endtime":"19:40"},{"starttime":"21:20","endtime":"22:20"}]}],"Message":"Success","Issuccess":true,"exception":null,"RowCount":1,"responsecode":200}