{"data":[{"fromstationname":"Dodda Basti","tostationname":"KR Market (Kalasipalya)","fromstationid":"25008","tostationid":"20945","apptime":"00:40:00","distance":"14.90","platformname":"","platformnumber":"","baynumber":"","tripdetails":[{"starttime":"04:10","endtime":"04:50"},{"starttime":"04:55","endtime":"05:45"},{"starttime":"05:10","endtime":"05:50"},{"starttime":"05:20","endtime":"06:10"},{"starttime":"05:40","endtime":"06:30"},{"starttime":"05:50","endtime":"06:40"},{"starttime":"06:00","endtime":"06:50"},{"starttime":"06:25","endtime":"07:20"},{"starttime":"06:40","endtime":"07:30"},{"starttime":"06:50","endtime":"07:45"},{"starttime":"07:05","endtime":"07:55"},{"starttime":"07:10","endtime":"08:05"},{"starttime":"07:25","endtime":"08:25"},{"starttime":"07:30","endtime":"08:30"},{"starttime":"07:35","endtime":"08:30"},{"starttime":"08:00","endtime":"08:55"},{"starttime":"08:30","endtime":"09:25"},{"starttime":"08:35","endtime":"09:35"},{"starttime":"08:50","endtime":"09:55"},{"starttime":"09:00","endtime":"10:00"},{"starttime":"09:15","endtime":"10:15"},{"starttime":"09:25","endtime":"10:20"},{"starttime":"09:30","endtime":"10:25"},{"starttime":"09:35","endtime":"10:40"},{"starttime":"09:40","endtime":"10:40"},{"starttime":"09:50","endtime":"10:50"},{"starttime":"10:00","endtime":"10:50"},{"starttime":"10:30","endtime":"11:25"},{"starttime":"11:20","endtime":"12:15"},{"starttime":"11:45","endtime":"12:40"},{"starttime":"11:55","endtime":"12:50"},{"starttime":"12:05","endtime":"13:00"},{"starttime":"12:25","endtime":"13:20"},{"starttime":"12:50","endtime":"13:45"},{"starttime":"12:55","endtime":"13:50"},{"starttime":"13:45","endtime":"14:40"},{"starttime":"14:20","endtime":"15:15"},{"starttime":"14:25","endtime":"15:20"},{"starttime":"14:30","endtime":"15:25"},{"starttime":"14:40","endtime":"15:35"},{"starttime":"14:45","endtime":"15:40"},{"starttime":"14:50","endtime":"15:45"},{"starttime":"15:05","endtime":"16:00"},{"starttime":"15:15","endtime":"16:10"},{"starttime":"15:20","endtime":"16:15"},{"starttime":"15:25","endtime":"16:20"},{"starttime":"15:30","endtime":"16:30"},{"starttime":"15:40","endtime":"16:35"},{"starttime":"15:45","endtime":"16:40"},{"starttime":"15:50","endtime":"16:40"},{"starttime":"16:20","endtime":"17:15"},{"starttime":"16:25","endtime":"17:20"},{"starttime":"16:30","endtime":"17:25"},{"starttime":"16:45","endtime":"17:40"},{"starttime":"16:50","endtime":"17:45"},{"starttime":"17:05","endtime":"18:00"},{"starttime":"17:15","endtime":"18:10"},{"starttime":"17:20","endtime":"18:15"},{"starttime":"17:45","endtime":"18:40"},{"starttime":"17:50","endtime":"18:45"},{"starttime":"18:20","endtime":"19:15"},{"starttime":"18:25","endtime":"19:20"},{"starttime":"18:50","endtime":"19:45"},{"starttime":"19:05","endtime":"20:00"},{"starttime":"19:10","endtime":"20:10"},{"starttime":"19:20","endtime":"20:20"},{"starttime":"19:30","endtime":"20:30"},{"starttime":"19:45","endtime":"20:40"},{"starttime":"20:00","endtime":"20:55"},{"starttime":"20:15","endtime":"21:15"},{"starttime":"20:35","endtime":"21:25"},{"starttime":"20:50","endtime":"21:50"},{"starttime":"20:55","endtime":"21:50"},{"starttime":"21:15","endtime":"22:10"}]}],"Message":"Success","Issuccess":true,"exception":null,"RowCount":1,"responsecode":200}