{"data":[{"fromstationname":"1st Block Vishweshwaraiah Layout","tostationname":"KR Market (Kalasipalya)","fromstationid":"29392","tostationid":"20945","apptime":"00:55:00","distance":"15.50","platformname":"","platformnumber":"","baynumber":"","tripdetails":[{"starttime":"07:45","endtime":"08:40"},{"starttime":"08:50","endtime":"09:45"},{"starttime":"09:00","endtime":"09:55"},{"starttime":"10:00","endtime":"10:55"},{"starttime":"11:15","endtime":"12:10"},{"starttime":"13:35","endtime":"14:30"},{"starttime":"15:50","endtime":"16:45"},{"starttime":"16:20","endtime":"17:15"},{"starttime":"18:15","endtime":"19:15"}]}],"Message":"Success","Issuccess":true,"exception":null,"RowCount":1,"responsecode":200}