{"data":[{"fromstationname":"KR Market (Kalasipalya)","tostationname":"Dodda Basti","fromstationid":"20944","tostationid":"22731","apptime":"00:30:00","distance":"14.90","platformname":"","platformnumber":"","baynumber":"","tripdetails":[{"starttime":"05:00","endtime":"05:30"},{"starttime":"05:30","endtime":"06:20"},{"starttime":"05:50","endtime":"06:45"},{"starttime":"05:55","endtime":"06:35"},{"starttime":"06:15","endtime":"07:05"},{"starttime":"06:35","endtime":"07:30"},{"starttime":"06:55","endtime":"07:45"},{"starttime":"07:25","endtime":"08:20"},{"starttime":"07:35","endtime":"08:30"},{"starttime":"07:50","endtime":"08:45"},{"starttime":"08:00","endtime":"08:55"},{"starttime":"08:10","endtime":"09:05"},{"starttime":"08:30","endtime":"09:30"},{"starttime":"08:35","endtime":"09:30"},{"starttime":"09:00","endtime":"09:55"},{"starttime":"09:25","endtime":"10:20"},{"starttime":"09:30","endtime":"10:25"},{"starttime":"09:40","endtime":"10:40"},{"starttime":"10:00","endtime":"11:05"},{"starttime":"10:05","endtime":"11:00"},{"starttime":"10:20","endtime":"11:15"},{"starttime":"10:30","endtime":"11:25"},{"starttime":"10:40","endtime":"11:35"},{"starttime":"10:45","endtime":"11:50"},{"starttime":"10:55","endtime":"11:45"},{"starttime":"11:05","endtime":"12:00"},{"starttime":"11:10","endtime":"12:00"},{"starttime":"11:25","endtime":"12:20"},{"starttime":"11:55","endtime":"12:50"},{"starttime":"12:45","endtime":"13:40"},{"starttime":"12:55","endtime":"13:50"},{"starttime":"13:00","endtime":"14:00"},{"starttime":"13:25","endtime":"14:20"},{"starttime":"13:40","endtime":"14:35"},{"starttime":"13:50","endtime":"14:45"},{"starttime":"14:05","endtime":"15:00"},{"starttime":"14:20","endtime":"15:15"},{"starttime":"14:25","endtime":"15:20"},{"starttime":"14:30","endtime":"15:20"},{"starttime":"14:45","endtime":"15:40"},{"starttime":"15:05","endtime":"15:55"},{"starttime":"15:20","endtime":"16:15"},{"starttime":"15:30","endtime":"16:25"},{"starttime":"15:40","endtime":"16:35"},{"starttime":"15:45","endtime":"16:40"},{"starttime":"15:50","endtime":"16:45"},{"starttime":"16:05","endtime":"17:00"},{"starttime":"16:15","endtime":"17:10"},{"starttime":"16:20","endtime":"17:15"},{"starttime":"16:25","endtime":"17:20"},{"starttime":"16:35","endtime":"17:35"},{"starttime":"16:45","endtime":"17:40"},{"starttime":"16:55","endtime":"17:50"},{"starttime":"17:20","endtime":"18:15"},{"starttime":"17:25","endtime":"18:20"},{"starttime":"17:50","endtime":"18:45"},{"starttime":"17:55","endtime":"18:50"},{"starttime":"18:05","endtime":"19:00"},{"starttime":"18:15","endtime":"19:15"},{"starttime":"18:25","endtime":"19:25"},{"starttime":"18:45","endtime":"19:40"},{"starttime":"18:50","endtime":"19:45"},{"starttime":"19:05","endtime":"20:00"},{"starttime":"19:20","endtime":"20:20"},{"starttime":"19:25","endtime":"20:20"},{"starttime":"20:15","endtime":"21:10"},{"starttime":"20:30","endtime":"21:25"},{"starttime":"20:50","endtime":"21:45"},{"starttime":"21:00","endtime":"21:55"},{"starttime":"21:10","endtime":"22:00"},{"starttime":"21:30","endtime":"22:20"},{"starttime":"21:45","endtime":"22:40"},{"starttime":"21:55","endtime":"22:45"},{"starttime":"22:10","endtime":"23:00"}]}],"Message":"Success","Issuccess":true,"exception":null,"RowCount":1,"responsecode":200}