{"data":[{"fromstationname":"Kempegowda Bus Station","tostationname":"Upkar Residency Layout","fromstationid":"20921","tostationid":"34943","apptime":"01:00:00","distance":"14.70","platformname":"2","platformnumber":"2","baynumber":"1","tripdetails":[{"starttime":"08:00","endtime":"09:00"},{"starttime":"10:10","endtime":"11:05"},{"starttime":"12:35","endtime":"13:30"},{"starttime":"15:00","endtime":"15:55"},{"starttime":"17:30","endtime":"18:30"}]}],"Message":"Success","Issuccess":true,"exception":null,"RowCount":1,"responsecode":200}