{"data":[{"fromstationname":"Ramasandra","tostationname":"KR Market (Kalasipalya)","fromstationid":"34372","tostationid":"20945","apptime":"00:55:00","distance":"17.00","platformname":"","platformnumber":"","baynumber":"","tripdetails":[{"starttime":"05:00","endtime":"05:55"},{"starttime":"05:20","endtime":"06:05"},{"starttime":"06:10","endtime":"07:00"},{"starttime":"07:00","endtime":"07:55"},{"starttime":"07:05","endtime":"08:05"},{"starttime":"07:40","endtime":"08:40"},{"starttime":"08:05","endtime":"09:05"},{"starttime":"09:05","endtime":"10:15"},{"starttime":"09:50","endtime":"10:50"},{"starttime":"10:30","endtime":"11:30"},{"starttime":"10:35","endtime":"11:35"},{"starttime":"12:25","endtime":"13:25"},{"starttime":"13:45","endtime":"14:45"},{"starttime":"15:25","endtime":"16:25"},{"starttime":"15:35","endtime":"16:30"},{"starttime":"15:55","endtime":"17:00"},{"starttime":"16:10","endtime":"17:10"},{"starttime":"16:20","endtime":"17:25"},{"starttime":"16:35","endtime":"17:35"},{"starttime":"16:40","endtime":"17:50"},{"starttime":"17:00","endtime":"18:00"},{"starttime":"18:05","endtime":"19:05"},{"starttime":"18:55","endtime":"20:00"},{"starttime":"20:15","endtime":"21:15"},{"starttime":"21:10","endtime":"22:10"}]}],"Message":"Success","Issuccess":true,"exception":null,"RowCount":1,"responsecode":200}