{"data":[{"fromstationname":"Sulikere","tostationname":"KR Market (Kalasipalya)","fromstationid":"34722","tostationid":"20945","apptime":"00:29:13","distance":"9.67","platformname":"","platformnumber":"","baynumber":"","tripdetails":[{"starttime":"05:30","endtime":"06:25"},{"starttime":"07:35","endtime":"08:40"},{"starttime":"10:20","endtime":"11:20"},{"starttime":"14:40","endtime":"15:45"},{"starttime":"17:25","endtime":"18:30"},{"starttime":"19:45","endtime":"20:50"}]}],"Message":"Success","Issuccess":true,"exception":null,"RowCount":1,"responsecode":200}