{"data":[{"fromstationname":"KR Market (Kalasipalya)","tostationname":"Ramasandra","fromstationid":"20944","tostationid":"34372","apptime":"00:45:00","distance":"17.00","platformname":"","platformnumber":"","baynumber":"","tripdetails":[{"starttime":"05:20","endtime":"06:05"},{"starttime":"06:10","endtime":"06:55"},{"starttime":"07:05","endtime":"08:00"},{"starttime":"08:00","endtime":"09:00"},{"starttime":"08:45","endtime":"09:45"},{"starttime":"09:10","endtime":"10:10"},{"starttime":"11:20","endtime":"12:20"},{"starttime":"11:40","endtime":"12:40"},{"starttime":"13:55","endtime":"14:55"},{"starttime":"14:40","endtime":"15:30"},{"starttime":"14:50","endtime":"15:50"},{"starttime":"15:05","endtime":"16:05"},{"starttime":"15:55","endtime":"16:55"},{"starttime":"16:30","endtime":"17:35"},{"starttime":"17:00","endtime":"18:00"},{"starttime":"17:40","endtime":"18:45"},{"starttime":"19:10","endtime":"20:10"},{"starttime":"20:05","endtime":"21:05"},{"starttime":"21:00","endtime":"21:50"},{"starttime":"21:45","endtime":"22:35"}]}],"Message":"Success","Issuccess":true,"exception":null,"RowCount":1,"responsecode":200}