{"data":[{"fromstationname":"KR Market (Kalasipalya)","tostationname":"1st Block Vishweshwaraiah Layout","fromstationid":"20944","tostationid":"35600","apptime":"00:55:00","distance":"15.50","platformname":"","platformnumber":"","baynumber":"","tripdetails":[{"starttime":"06:45","endtime":"07:40"},{"starttime":"07:50","endtime":"08:45"},{"starttime":"08:45","endtime":"09:40"},{"starttime":"10:15","endtime":"11:10"},{"starttime":"11:00","endtime":"11:55"},{"starttime":"12:15","endtime":"13:05"},{"starttime":"14:50","endtime":"15:45"},{"starttime":"15:20","endtime":"16:15"},{"starttime":"16:50","endtime":"17:45"},{"starttime":"17:20","endtime":"18:15"}]}],"Message":"Success","Issuccess":true,"exception":null,"RowCount":1,"responsecode":200}