{"data":[{"fromstationname":"Karubele","tostationname":"KR Market (Kalasipalya)","fromstationid":"30873","tostationid":"20945","apptime":"00:50:00","distance":"19.10","platformname":"","platformnumber":"","baynumber":"","tripdetails":[{"starttime":"05:30","endtime":"06:20"},{"starttime":"07:20","endtime":"08:10"},{"starttime":"07:25","endtime":"08:10"},{"starttime":"08:30","endtime":"09:45"},{"starttime":"09:35","endtime":"10:35"},{"starttime":"19:20","endtime":"20:30"}]}],"Message":"Success","Issuccess":true,"exception":null,"RowCount":1,"responsecode":200}