{"data":[{"fromstationname":"KR Market (Kalasipalya)","tostationname":"Karubele","fromstationid":"20944","tostationid":"30873","apptime":"00:50:00","distance":"19.10","platformname":"","platformnumber":"","baynumber":"","tripdetails":[{"starttime":"06:25","endtime":"07:15"},{"starttime":"08:15","endtime":"09:05"},{"starttime":"09:50","endtime":"11:00"},{"starttime":"10:40","endtime":"11:40"},{"starttime":"14:25","endtime":"15:25"},{"starttime":"15:00","endtime":"16:10"},{"starttime":"20:50","endtime":"22:00"}]}],"Message":"Success","Issuccess":true,"exception":null,"RowCount":1,"responsecode":200}