{"data":[{"fromstationname":"KR Market (Kalasipalya)","tostationname":"Doddypalya","fromstationid":"20944","tostationid":"25127","apptime":"01:00:00","distance":"20.20","platformname":"","platformnumber":"","baynumber":"","tripdetails":[{"starttime":"06:30","endtime":"07:30"},{"starttime":"08:40","endtime":"09:55"},{"starttime":"15:50","endtime":"16:50"},{"starttime":"18:35","endtime":"19:45"},{"starttime":"21:05","endtime":"22:05"}]}],"Message":"Success","Issuccess":true,"exception":null,"RowCount":1,"responsecode":200}