{"data":[{"fromstationname":"Doddypalya","tostationname":"KR Market (Kalasipalya)","fromstationid":"25127","tostationid":"20945","apptime":"00:55:00","distance":"20.20","platformname":"","platformnumber":"","baynumber":"","tripdetails":[{"starttime":"05:30","endtime":"06:25"},{"starttime":"07:35","endtime":"08:35"},{"starttime":"10:15","endtime":"11:30"},{"starttime":"17:20","endtime":"18:30"},{"starttime":"19:50","endtime":"21:00"}]}],"Message":"Success","Issuccess":true,"exception":null,"RowCount":1,"responsecode":200}