{"data":[{"fromstationname":"KR Market (Kalasipalya)","tostationname":"BEML Layout 5th stage","fromstationid":"20944","tostationid":"29871","apptime":"00:40:00","distance":"12.50","platformname":"","platformnumber":"","baynumber":"","tripdetails":[{"starttime":"05:00","endtime":"05:40"},{"starttime":"05:40","endtime":"06:20"},{"starttime":"07:20","endtime":"08:10"},{"starttime":"08:55","endtime":"09:45"},{"starttime":"10:15","endtime":"10:54"},{"starttime":"11:10","endtime":"12:00"},{"starttime":"11:20","endtime":"11:59"},{"starttime":"11:30","endtime":"12:15"},{"starttime":"11:35","endtime":"12:19"},{"starttime":"11:40","endtime":"12:25"},{"starttime":"12:00","endtime":"12:39"},{"starttime":"12:05","endtime":"12:49"},{"starttime":"12:45","endtime":"13:35"},{"starttime":"12:55","endtime":"13:40"},{"starttime":"13:10","endtime":"13:55"},{"starttime":"15:15","endtime":"16:05"},{"starttime":"15:35","endtime":"16:25"},{"starttime":"17:10","endtime":"17:59"},{"starttime":"17:35","endtime":"18:24"},{"starttime":"18:05","endtime":"18:49"},{"starttime":"21:00","endtime":"21:49"}]}],"Message":"Success","Issuccess":true,"exception":null,"RowCount":1,"responsecode":200}