{"data":[{"fromstationname":"KR Market (Kalasipalya)","tostationname":"Bangarappa Nagara","fromstationid":"20944","tostationid":"29703","apptime":"00:40:00","distance":"12.50","platformname":"","platformnumber":"","baynumber":"","tripdetails":[{"starttime":"05:30","endtime":"06:10"},{"starttime":"07:20","endtime":"08:10"},{"starttime":"09:30","endtime":"10:20"},{"starttime":"11:15","endtime":"12:00"},{"starttime":"14:40","endtime":"15:20"},{"starttime":"16:10","endtime":"16:50"},{"starttime":"18:25","endtime":"19:15"},{"starttime":"20:35","endtime":"21:25"}]}],"Message":"Success","Issuccess":true,"exception":null,"RowCount":1,"responsecode":200}