{"data":[{"fromstationname":"KR Market (Kalasipalya)","tostationname":"BEML Layout 5th stage","fromstationid":"20944","tostationid":"29871","apptime":"00:40:00","distance":"12.50","platformname":"","platformnumber":"","baynumber":"","tripdetails":[{"starttime":"05:00","endtime":"05:40"},{"starttime":"05:40","endtime":"06:20"},{"starttime":"05:50","endtime":"06:40"},{"starttime":"07:05","endtime":"07:45"},{"starttime":"07:40","endtime":"08:30"},{"starttime":"08:40","endtime":"09:30"},{"starttime":"09:20","endtime":"10:10"},{"starttime":"09:35","endtime":"10:30"},{"starttime":"10:15","endtime":"10:54"},{"starttime":"10:55","endtime":"11:39"},{"starttime":"11:00","endtime":"11:44"},{"starttime":"11:10","endtime":"11:59"},{"starttime":"11:20","endtime":"11:59"},{"starttime":"11:30","endtime":"12:15"},{"starttime":"11:35","endtime":"12:19"},{"starttime":"11:40","endtime":"12:25"},{"starttime":"11:50","endtime":"12:35"},{"starttime":"12:00","endtime":"12:39"},{"starttime":"12:05","endtime":"12:49"},{"starttime":"12:45","endtime":"13:35"},{"starttime":"12:55","endtime":"13:40"},{"starttime":"13:10","endtime":"13:55"},{"starttime":"13:35","endtime":"14:25"},{"starttime":"14:35","endtime":"15:25"},{"starttime":"14:45","endtime":"15:25"},{"starttime":"15:50","endtime":"16:40"},{"starttime":"16:20","endtime":"17:10"},{"starttime":"16:25","endtime":"17:15"},{"starttime":"17:10","endtime":"17:59"},{"starttime":"17:40","endtime":"18:29"},{"starttime":"17:45","endtime":"18:39"},{"starttime":"18:05","endtime":"18:49"},{"starttime":"18:30","endtime":"19:19"},{"starttime":"18:35","endtime":"19:30"},{"starttime":"18:40","endtime":"19:30"},{"starttime":"18:45","endtime":"19:34"},{"starttime":"20:30","endtime":"21:19"},{"starttime":"21:00","endtime":"21:50"}]}],"Message":"Success","Issuccess":true,"exception":null,"RowCount":1,"responsecode":200}