{"data":[{"fromstationname":"Kempegowda Bus Station","tostationname":"BEML Layout 5th stage","fromstationid":"20921","tostationid":"29871","apptime":"00:49:00","distance":"13.50","platformname":"19","platformnumber":"19","baynumber":"4","tripdetails":[{"starttime":"05:00","endtime":"05:49"},{"starttime":"05:10","endtime":"06:00"},{"starttime":"05:40","endtime":"06:20"},{"starttime":"05:45","endtime":"06:30"},{"starttime":"06:20","endtime":"06:58"},{"starttime":"06:35","endtime":"07:25"},{"starttime":"06:50","endtime":"07:45"},{"starttime":"07:05","endtime":"07:55"},{"starttime":"07:15","endtime":"08:10"},{"starttime":"07:20","endtime":"08:10"},{"starttime":"07:25","endtime":"08:15"},{"starttime":"07:50","endtime":"08:45"},{"starttime":"08:00","endtime":"08:55"},{"starttime":"08:20","endtime":"09:10"},{"starttime":"08:50","endtime":"09:45"},{"starttime":"08:55","endtime":"09:50"},{"starttime":"09:00","endtime":"09:55"},{"starttime":"09:05","endtime":"09:55"},{"starttime":"09:10","endtime":"10:00"},{"starttime":"09:20","endtime":"10:10"},{"starttime":"09:30","endtime":"10:25"},{"starttime":"10:05","endtime":"10:59"},{"starttime":"10:10","endtime":"10:59"},{"starttime":"10:15","endtime":"11:14"},{"starttime":"10:20","endtime":"11:09"},{"starttime":"10:30","endtime":"11:20"},{"starttime":"10:45","endtime":"11:35"},{"starttime":"10:50","endtime":"11:38"},{"starttime":"11:00","endtime":"11:48"},{"starttime":"11:10","endtime":"11:59"},{"starttime":"11:15","endtime":"12:05"},{"starttime":"11:20","endtime":"12:10"},{"starttime":"11:25","endtime":"12:14"},{"starttime":"11:30","endtime":"12:20"},{"starttime":"11:35","endtime":"12:29"},{"starttime":"11:45","endtime":"12:35"},{"starttime":"11:55","endtime":"12:45"},{"starttime":"12:20","endtime":"13:10"},{"starttime":"12:25","endtime":"13:05"},{"starttime":"13:05","endtime":"13:55"},{"starttime":"13:10","endtime":"14:00"},{"starttime":"13:25","endtime":"14:15"},{"starttime":"13:35","endtime":"14:25"},{"starttime":"14:00","endtime":"14:50"},{"starttime":"14:30","endtime":"15:20"},{"starttime":"15:05","endtime":"15:55"},{"starttime":"15:10","endtime":"16:00"},{"starttime":"15:15","endtime":"16:05"},{"starttime":"15:25","endtime":"16:15"},{"starttime":"15:30","endtime":"16:20"},{"starttime":"15:50","endtime":"16:45"},{"starttime":"16:20","endtime":"17:15"},{"starttime":"16:50","endtime":"17:40"},{"starttime":"17:00","endtime":"17:55"},{"starttime":"17:05","endtime":"17:59"},{"starttime":"17:10","endtime":"18:05"},{"starttime":"17:25","endtime":"18:19"},{"starttime":"17:50","endtime":"18:44"},{"starttime":"17:55","endtime":"18:45"},{"starttime":"18:35","endtime":"19:30"},{"starttime":"18:40","endtime":"19:54"},{"starttime":"18:45","endtime":"19:45"},{"starttime":"19:15","endtime":"20:10"},{"starttime":"19:25","endtime":"20:20"},{"starttime":"19:55","endtime":"20:45"},{"starttime":"20:25","endtime":"21:15"},{"starttime":"20:30","endtime":"21:25"},{"starttime":"20:35","endtime":"21:24"},{"starttime":"20:55","endtime":"21:44"},{"starttime":"21:10","endtime":"21:59"},{"starttime":"21:15","endtime":"22:00"},{"starttime":"21:20","endtime":"22:09"},{"starttime":"21:25","endtime":"22:14"},{"starttime":"22:10","endtime":"22:55"},{"starttime":"22:40","endtime":"23:25"}]}],"Message":"Success","Issuccess":true,"exception":null,"RowCount":1,"responsecode":200}