{"data":[{"fromstationname":"Bangarappa Nagara","tostationname":"KR Market (Kalasipalya)","fromstationid":"29703","tostationid":"20945","apptime":"00:45:00","distance":"10.80","platformname":"","platformnumber":"","baynumber":"","tripdetails":[{"starttime":"08:40","endtime":"09:25"},{"starttime":"10:25","endtime":"11:10"},{"starttime":"12:05","endtime":"12:50"},{"starttime":"15:25","endtime":"16:05"},{"starttime":"17:30","endtime":"18:20"},{"starttime":"19:45","endtime":"20:30"},{"starttime":"21:25","endtime":"22:10"}]}],"Message":"Success","Issuccess":true,"exception":null,"RowCount":1,"responsecode":200}