{"data":[{"fromstationname":"BEML Layout 5th stage","tostationname":"Kempegowda Bus Station","fromstationid":"29871","tostationid":"20922","apptime":"00:40:00","distance":"13.50","platformname":"","platformnumber":"","baynumber":"","tripdetails":[{"starttime":"05:00","endtime":"05:40"},{"starttime":"05:45","endtime":"06:30"},{"starttime":"06:16","endtime":"07:00"},{"starttime":"06:25","endtime":"07:10"},{"starttime":"06:31","endtime":"07:15"},{"starttime":"06:35","endtime":"07:20"},{"starttime":"06:56","endtime":"07:55"},{"starttime":"07:15","endtime":"08:10"},{"starttime":"07:21","endtime":"08:10"},{"starttime":"07:50","endtime":"08:45"},{"starttime":"08:00","endtime":"08:55"},{"starttime":"08:15","endtime":"09:15"},{"starttime":"08:30","endtime":"09:25"},{"starttime":"08:36","endtime":"09:25"},{"starttime":"08:50","endtime":"10:00"},{"starttime":"09:10","endtime":"10:05"},{"starttime":"09:50","endtime":"10:45"},{"starttime":"09:55","endtime":"10:45"},{"starttime":"10:15","endtime":"11:05"},{"starttime":"10:20","endtime":"11:10"},{"starttime":"10:25","endtime":"11:15"},{"starttime":"10:30","endtime":"11:25"},{"starttime":"10:40","endtime":"11:30"},{"starttime":"10:50","endtime":"11:40"},{"starttime":"11:25","endtime":"12:15"},{"starttime":"12:10","endtime":"13:05"},{"starttime":"12:15","endtime":"13:05"},{"starttime":"12:25","endtime":"13:15"},{"starttime":"12:30","endtime":"13:20"},{"starttime":"12:31","endtime":"13:20"},{"starttime":"12:40","endtime":"13:30"},{"starttime":"12:41","endtime":"13:30"},{"starttime":"12:50","endtime":"13:40"},{"starttime":"13:16","endtime":"14:00"},{"starttime":"13:17","endtime":"14:05"},{"starttime":"13:31","endtime":"14:25"},{"starttime":"13:42","endtime":"14:25"},{"starttime":"13:46","endtime":"14:35"},{"starttime":"14:01","endtime":"14:36"},{"starttime":"14:10","endtime":"15:00"},{"starttime":"14:20","endtime":"15:10"},{"starttime":"14:21","endtime":"15:05"},{"starttime":"14:25","endtime":"15:25"},{"starttime":"14:30","endtime":"15:20"},{"starttime":"14:45","endtime":"15:50"},{"starttime":"14:55","endtime":"15:45"},{"starttime":"15:25","endtime":"16:15"},{"starttime":"15:50","endtime":"16:45"},{"starttime":"16:00","endtime":"16:55"},{"starttime":"16:05","endtime":"16:55"},{"starttime":"16:10","endtime":"17:05"},{"starttime":"16:50","endtime":"17:50"},{"starttime":"17:20","endtime":"18:15"},{"starttime":"17:35","endtime":"18:30"},{"starttime":"17:45","endtime":"18:40"},{"starttime":"17:50","endtime":"18:40"},{"starttime":"18:00","endtime":"18:55"},{"starttime":"18:15","endtime":"19:10"},{"starttime":"18:25","endtime":"19:20"},{"starttime":"18:50","endtime":"19:55"},{"starttime":"19:01","endtime":"19:50"},{"starttime":"19:30","endtime":"20:25"},{"starttime":"19:32","endtime":"20:20"},{"starttime":"19:50","endtime":"20:45"},{"starttime":"20:00","endtime":"20:50"},{"starttime":"20:10","endtime":"21:05"},{"starttime":"20:15","endtime":"21:05"},{"starttime":"20:25","endtime":"21:15"},{"starttime":"20:50","endtime":"21:40"},{"starttime":"21:10","endtime":"22:05"},{"starttime":"21:20","endtime":"22:10"},{"starttime":"21:50","endtime":"22:45"},{"starttime":"23:00","endtime":"23:40"}]}],"Message":"Success","Issuccess":true,"exception":null,"RowCount":1,"responsecode":200}