{"data":[{"fromstationname":"Kempegowda Bus Station","tostationname":"BHEL Concord Layout","fromstationid":"20921","tostationid":"32036","apptime":"01:00:00","distance":"15.30","platformname":"19","platformnumber":"19","baynumber":"4","tripdetails":[{"starttime":"06:35","endtime":"07:35"},{"starttime":"08:50","endtime":"09:55"},{"starttime":"11:30","endtime":"12:30"},{"starttime":"15:55","endtime":"16:55"},{"starttime":"18:35","endtime":"19:40"},{"starttime":"21:20","endtime":"22:20"}]}],"Message":"Success","Issuccess":true,"exception":null,"RowCount":1,"responsecode":200}