{"data":[{"fromstationname":"BEML Layout 5th stage","tostationname":"KR Market (Kalasipalya)","fromstationid":"29871","tostationid":"20945","apptime":"00:45:00","distance":"12.50","platformname":"","platformnumber":"","baynumber":"","tripdetails":[{"starttime":"05:00","endtime":"05:45"},{"starttime":"06:01","endtime":"06:40"},{"starttime":"06:21","endtime":"07:00"},{"starttime":"06:26","endtime":"07:10"},{"starttime":"06:31","endtime":"07:15"},{"starttime":"06:45","endtime":"07:35"},{"starttime":"07:21","endtime":"08:05"},{"starttime":"07:22","endtime":"08:05"},{"starttime":"07:26","endtime":"08:10"},{"starttime":"07:46","endtime":"08:30"},{"starttime":"07:50","endtime":"08:35"},{"starttime":"07:51","endtime":"08:35"},{"starttime":"08:26","endtime":"09:15"},{"starttime":"08:35","endtime":"09:30"},{"starttime":"09:35","endtime":"10:25"},{"starttime":"10:35","endtime":"11:25"},{"starttime":"10:40","endtime":"11:25"},{"starttime":"10:55","endtime":"11:45"},{"starttime":"11:00","endtime":"11:55"},{"starttime":"11:50","endtime":"12:40"},{"starttime":"12:20","endtime":"13:05"},{"starttime":"12:21","endtime":"13:00"},{"starttime":"12:30","endtime":"13:15"},{"starttime":"12:40","endtime":"13:25"},{"starttime":"13:01","endtime":"13:45"},{"starttime":"13:11","endtime":"13:50"},{"starttime":"13:16","endtime":"14:05"},{"starttime":"13:45","endtime":"14:30"},{"starttime":"13:50","endtime":"14:35"},{"starttime":"14:01","endtime":"14:40"},{"starttime":"14:11","endtime":"15:00"},{"starttime":"14:21","endtime":"15:05"},{"starttime":"14:30","endtime":"15:20"},{"starttime":"14:31","endtime":"15:20"},{"starttime":"15:30","endtime":"16:15"},{"starttime":"16:45","endtime":"17:40"},{"starttime":"17:40","endtime":"18:30"},{"starttime":"17:45","endtime":"18:35"},{"starttime":"19:35","endtime":"20:30"},{"starttime":"21:10","endtime":"22:05"},{"starttime":"21:50","endtime":"22:40"}]}],"Message":"Success","Issuccess":true,"exception":null,"RowCount":1,"responsecode":200}