{"data":[{"fromstationname":"KR Market (Kalasipalya)","tostationname":"BHEL Layout Maramma Temple","fromstationid":"20944","tostationid":"32040","apptime":"00:50:00","distance":"13.80","platformname":"","platformnumber":"","baynumber":"","tripdetails":[{"starttime":"07:45","endtime":"08:35"},{"starttime":"09:15","endtime":"10:10"},{"starttime":"13:20","endtime":"14:10"},{"starttime":"15:45","endtime":"16:30"}]}],"Message":"Success","Issuccess":true,"exception":null,"RowCount":1,"responsecode":200}