{"data":[{"fromstationname":"BHEL Layout Maramma Temple","tostationname":"KR Market (Kalasipalya)","fromstationid":"32040","tostationid":"20945","apptime":"00:50:00","distance":"13.80","platformname":"","platformnumber":"","baynumber":"","tripdetails":[{"starttime":"06:50","endtime":"07:40"},{"starttime":"08:15","endtime":"09:10"},{"starttime":"10:40","endtime":"11:35"},{"starttime":"14:55","endtime":"15:40"}]}],"Message":"Success","Issuccess":true,"exception":null,"RowCount":1,"responsecode":200}