{"data":[{"fromstationname":"Kempegowda Bus Station","tostationname":"BHEL Layout Water Tank","fromstationid":"20921","tostationid":"30022","apptime":"00:50:00","distance":"13.80","platformname":"19","platformnumber":"19","baynumber":"4","tripdetails":[{"starttime":"05:55","endtime":"06:45"},{"starttime":"09:35","endtime":"10:30"},{"starttime":"11:50","endtime":"12:40"},{"starttime":"14:05","endtime":"14:50"},{"starttime":"20:40","endtime":"21:35"}]}],"Message":"Success","Issuccess":true,"exception":null,"RowCount":1,"responsecode":200}