{"data":[{"fromstationname":"BHEL Concord Layout","tostationname":"Kempegowda Bus Station","fromstationid":"32036","tostationid":"20922","apptime":"01:00:00","distance":"15.30","platformname":"","platformnumber":"","baynumber":"","tripdetails":[{"starttime":"05:30","endtime":"06:30"},{"starttime":"07:40","endtime":"08:45"},{"starttime":"10:25","endtime":"11:25"},{"starttime":"14:50","endtime":"15:50"},{"starttime":"17:25","endtime":"18:30"},{"starttime":"19:45","endtime":"20:50"}]}],"Message":"Success","Issuccess":true,"exception":null,"RowCount":1,"responsecode":200}