{"data":[{"fromstationname":"Bidadi","tostationname":"KR Market (Kalasipalya)","fromstationid":"21465","tostationid":"20945","apptime":"01:45:00","distance":"33.90","platformname":"","platformnumber":"","baynumber":"","tripdetails":[{"starttime":"08:10","endtime":"09:55"},{"starttime":"08:15","endtime":"10:00"},{"starttime":"13:45","endtime":"15:20"},{"starttime":"16:55","endtime":"18:45"},{"starttime":"17:30","endtime":"19:15"}]}],"Message":"Success","Issuccess":true,"exception":null,"RowCount":1,"responsecode":200}