{"data":[{"fromstationname":"Bidadi","tostationname":"Kempegowda Bus Station","fromstationid":"21465","tostationid":"20922","apptime":"01:10:00","distance":"31.40","platformname":"","platformnumber":"","baynumber":"","tripdetails":[{"starttime":"04:20","endtime":"05:30"},{"starttime":"04:40","endtime":"05:50"},{"starttime":"04:50","endtime":"06:00"},{"starttime":"05:00","endtime":"06:10"},{"starttime":"05:10","endtime":"06:20"},{"starttime":"05:20","endtime":"06:30"},{"starttime":"05:30","endtime":"06:40"},{"starttime":"05:40","endtime":"07:00"},{"starttime":"05:50","endtime":"07:00"},{"starttime":"06:00","endtime":"07:10"},{"starttime":"06:10","endtime":"07:20"},{"starttime":"06:15","endtime":"07:40"},{"starttime":"06:20","endtime":"07:30"},{"starttime":"06:25","endtime":"07:35"},{"starttime":"06:30","endtime":"07:40"},{"starttime":"06:40","endtime":"07:50"},{"starttime":"06:50","endtime":"08:20"},{"starttime":"06:55","endtime":"08:15"},{"starttime":"07:00","endtime":"08:25"},{"starttime":"07:10","endtime":"08:35"},{"starttime":"07:20","endtime":"08:50"},{"starttime":"07:30","endtime":"08:55"},{"starttime":"07:35","endtime":"09:05"},{"starttime":"07:40","endtime":"09:10"},{"starttime":"07:50","endtime":"09:20"},{"starttime":"07:55","endtime":"09:25"},{"starttime":"08:00","endtime":"09:30"},{"starttime":"08:10","endtime":"09:40"},{"starttime":"08:15","endtime":"09:45"},{"starttime":"08:20","endtime":"09:45"},{"starttime":"08:25","endtime":"09:55"},{"starttime":"08:30","endtime":"10:00"},{"starttime":"08:35","endtime":"10:05"},{"starttime":"08:40","endtime":"10:10"},{"starttime":"08:50","endtime":"10:20"},{"starttime":"08:55","endtime":"10:15"},{"starttime":"09:00","endtime":"10:30"},{"starttime":"09:05","endtime":"10:35"},{"starttime":"09:10","endtime":"10:40"},{"starttime":"09:20","endtime":"10:50"},{"starttime":"09:25","endtime":"10:55"},{"starttime":"09:30","endtime":"11:00"},{"starttime":"09:40","endtime":"11:10"},{"starttime":"09:50","endtime":"11:20"},{"starttime":"09:55","endtime":"11:25"},{"starttime":"10:00","endtime":"11:35"},{"starttime":"10:10","endtime":"11:40"},{"starttime":"10:20","endtime":"11:45"},{"starttime":"10:25","endtime":"11:55"},{"starttime":"10:40","endtime":"12:10"},{"starttime":"10:50","endtime":"12:15"},{"starttime":"11:00","endtime":"12:30"},{"starttime":"11:10","endtime":"12:40"},{"starttime":"11:20","endtime":"12:50"},{"starttime":"11:25","endtime":"12:55"},{"starttime":"11:35","endtime":"13:00"},{"starttime":"11:45","endtime":"13:15"},{"starttime":"11:50","endtime":"13:20"},{"starttime":"12:05","endtime":"13:30"},{"starttime":"12:10","endtime":"13:35"},{"starttime":"12:20","endtime":"13:45"},{"starttime":"12:30","endtime":"14:00"},{"starttime":"12:40","endtime":"14:10"},{"starttime":"12:45","endtime":"14:10"},{"starttime":"12:55","endtime":"14:20"},{"starttime":"13:00","endtime":"14:25"},{"starttime":"13:10","endtime":"14:40"},{"starttime":"13:20","endtime":"14:45"},{"starttime":"13:30","endtime":"15:00"},{"starttime":"13:40","endtime":"15:05"},{"starttime":"13:50","endtime":"15:20"},{"starttime":"14:00","endtime":"15:25"},{"starttime":"14:10","endtime":"15:40"},{"starttime":"14:15","endtime":"15:45"},{"starttime":"14:20","endtime":"15:50"},{"starttime":"14:30","endtime":"16:00"},{"starttime":"14:35","endtime":"16:10"},{"starttime":"14:40","endtime":"16:10"},{"starttime":"14:50","endtime":"16:20"},{"starttime":"15:00","endtime":"16:30"},{"starttime":"15:05","endtime":"16:35"},{"starttime":"15:10","endtime":"16:40"},{"starttime":"15:15","endtime":"16:45"},{"starttime":"15:20","endtime":"16:50"},{"starttime":"15:30","endtime":"17:00"},{"starttime":"15:35","endtime":"17:05"},{"starttime":"15:40","endtime":"17:05"},{"starttime":"15:50","endtime":"17:20"},{"starttime":"16:00","endtime":"17:30"},{"starttime":"16:05","endtime":"17:35"},{"starttime":"16:10","endtime":"17:40"},{"starttime":"16:20","endtime":"17:50"},{"starttime":"16:30","endtime":"18:00"},{"starttime":"16:40","endtime":"18:10"},{"starttime":"16:45","endtime":"18:10"},{"starttime":"16:50","endtime":"18:20"},{"starttime":"17:00","endtime":"18:30"},{"starttime":"17:10","endtime":"18:40"},{"starttime":"17:20","endtime":"18:50"},{"starttime":"17:30","endtime":"19:00"},{"starttime":"17:35","endtime":"19:05"},{"starttime":"17:40","endtime":"19:10"},{"starttime":"17:50","endtime":"19:20"},{"starttime":"17:55","endtime":"19:25"},{"starttime":"18:00","endtime":"19:30"},{"starttime":"18:05","endtime":"19:35"},{"starttime":"18:10","endtime":"19:40"},{"starttime":"18:15","endtime":"19:45"},{"starttime":"18:20","endtime":"19:50"},{"starttime":"18:30","endtime":"20:00"},{"starttime":"18:40","endtime":"20:10"},{"starttime":"18:45","endtime":"20:15"},{"starttime":"18:50","endtime":"20:20"},{"starttime":"19:05","endtime":"20:35"},{"starttime":"19:20","endtime":"20:50"},{"starttime":"19:25","endtime":"20:55"},{"starttime":"19:35","endtime":"21:05"},{"starttime":"19:50","endtime":"21:20"},{"starttime":"20:10","endtime":"21:40"},{"starttime":"20:45","endtime":"22:15"},{"starttime":"21:15","endtime":"22:40"},{"starttime":"22:15","endtime":"23:40"}]}],"Message":"Success","Issuccess":true,"exception":null,"RowCount":1,"responsecode":200}