{"data":[{"fromstationname":"Kempegowda Bus Station","tostationname":"Bidadi","fromstationid":"20921","tostationid":"21465","apptime":"01:25:00","distance":"31.00","platformname":"19A","platformnumber":"","baynumber":"","tripdetails":[{"starttime":"04:00","endtime":"05:25"},{"starttime":"05:25","endtime":"06:45"},{"starttime":"05:35","endtime":"06:45"},{"starttime":"05:55","endtime":"07:15"},{"starttime":"06:15","endtime":"07:35"},{"starttime":"06:25","endtime":"07:45"},{"starttime":"06:35","endtime":"07:55"},{"starttime":"06:45","endtime":"08:05"},{"starttime":"06:55","endtime":"08:25"},{"starttime":"07:05","endtime":"08:35"},{"starttime":"07:15","endtime":"08:45"},{"starttime":"07:25","endtime":"08:55"},{"starttime":"07:35","endtime":"09:05"},{"starttime":"07:40","endtime":"09:00"},{"starttime":"07:45","endtime":"09:15"},{"starttime":"08:00","endtime":"09:25"},{"starttime":"08:15","endtime":"09:50"},{"starttime":"08:30","endtime":"10:00"},{"starttime":"08:40","endtime":"10:10"},{"starttime":"08:50","endtime":"10:20"},{"starttime":"09:00","endtime":"10:30"},{"starttime":"09:10","endtime":"10:40"},{"starttime":"09:15","endtime":"10:45"},{"starttime":"09:20","endtime":"10:50"},{"starttime":"09:25","endtime":"10:55"},{"starttime":"09:30","endtime":"11:00"},{"starttime":"09:35","endtime":"11:05"},{"starttime":"09:40","endtime":"11:10"},{"starttime":"09:45","endtime":"11:15"},{"starttime":"09:50","endtime":"11:20"},{"starttime":"10:00","endtime":"11:30"},{"starttime":"10:05","endtime":"11:30"},{"starttime":"10:10","endtime":"11:40"},{"starttime":"10:15","endtime":"11:40"},{"starttime":"10:20","endtime":"11:50"},{"starttime":"10:25","endtime":"11:55"},{"starttime":"10:30","endtime":"12:00"},{"starttime":"10:35","endtime":"12:05"},{"starttime":"10:40","endtime":"12:10"},{"starttime":"10:45","endtime":"12:15"},{"starttime":"10:50","endtime":"12:20"},{"starttime":"10:55","endtime":"12:25"},{"starttime":"11:00","endtime":"12:30"},{"starttime":"11:05","endtime":"12:30"},{"starttime":"11:10","endtime":"12:40"},{"starttime":"11:20","endtime":"12:50"},{"starttime":"11:30","endtime":"13:00"},{"starttime":"11:40","endtime":"13:10"},{"starttime":"11:45","endtime":"13:10"},{"starttime":"11:50","endtime":"13:20"},{"starttime":"11:55","endtime":"13:25"},{"starttime":"12:00","endtime":"13:25"},{"starttime":"12:05","endtime":"13:30"},{"starttime":"12:15","endtime":"13:45"},{"starttime":"12:25","endtime":"13:50"},{"starttime":"12:30","endtime":"14:00"},{"starttime":"12:35","endtime":"14:05"},{"starttime":"12:45","endtime":"14:15"},{"starttime":"12:55","endtime":"14:25"},{"starttime":"13:00","endtime":"14:25"},{"starttime":"13:05","endtime":"14:35"},{"starttime":"13:25","endtime":"14:55"},{"starttime":"13:30","endtime":"15:00"},{"starttime":"13:45","endtime":"15:15"},{"starttime":"13:55","endtime":"15:25"},{"starttime":"14:00","endtime":"15:30"},{"starttime":"14:05","endtime":"15:35"},{"starttime":"14:15","endtime":"15:40"},{"starttime":"14:30","endtime":"16:00"},{"starttime":"14:40","endtime":"16:10"},{"starttime":"14:50","endtime":"16:15"},{"starttime":"15:05","endtime":"16:35"},{"starttime":"15:10","endtime":"16:40"},{"starttime":"15:20","endtime":"16:50"},{"starttime":"15:30","endtime":"17:00"},{"starttime":"15:40","endtime":"17:05"},{"starttime":"15:50","endtime":"17:20"},{"starttime":"16:00","endtime":"17:30"},{"starttime":"16:10","endtime":"17:40"},{"starttime":"16:15","endtime":"17:45"},{"starttime":"16:20","endtime":"17:50"},{"starttime":"16:30","endtime":"18:00"},{"starttime":"16:40","endtime":"18:10"},{"starttime":"16:45","endtime":"18:15"},{"starttime":"16:50","endtime":"18:20"},{"starttime":"17:00","endtime":"18:30"},{"starttime":"17:10","endtime":"18:40"},{"starttime":"17:20","endtime":"18:50"},{"starttime":"17:25","endtime":"18:55"},{"starttime":"17:30","endtime":"19:00"},{"starttime":"17:40","endtime":"19:10"},{"starttime":"17:50","endtime":"19:20"},{"starttime":"17:55","endtime":"19:25"},{"starttime":"18:00","endtime":"19:30"},{"starttime":"18:10","endtime":"19:40"},{"starttime":"18:15","endtime":"19:45"},{"starttime":"18:20","endtime":"19:50"},{"starttime":"18:30","endtime":"20:00"},{"starttime":"18:40","endtime":"20:10"},{"starttime":"18:50","endtime":"20:20"},{"starttime":"19:00","endtime":"20:25"},{"starttime":"19:10","endtime":"20:40"},{"starttime":"19:20","endtime":"20:50"},{"starttime":"19:30","endtime":"21:00"},{"starttime":"19:40","endtime":"21:10"},{"starttime":"19:45","endtime":"21:10"},{"starttime":"19:50","endtime":"21:20"},{"starttime":"19:55","endtime":"21:25"},{"starttime":"20:00","endtime":"21:30"},{"starttime":"20:10","endtime":"21:40"},{"starttime":"20:20","endtime":"21:50"},{"starttime":"20:30","endtime":"22:00"},{"starttime":"20:40","endtime":"22:10"},{"starttime":"20:45","endtime":"22:10"},{"starttime":"20:50","endtime":"22:15"},{"starttime":"21:00","endtime":"22:20"},{"starttime":"21:15","endtime":"22:40"},{"starttime":"21:30","endtime":"22:55"},{"starttime":"21:50","endtime":"23:15"},{"starttime":"22:00","endtime":"23:20"},{"starttime":"22:10","endtime":"23:35"},{"starttime":"22:30","endtime":"23:50"}]}],"Message":"Success","Issuccess":true,"exception":null,"RowCount":1,"responsecode":200}