{"data":[{"fromstationname":"KR Market (Kalasipalya)","tostationname":"Bidadi","fromstationid":"20944","tostationid":"21465","apptime":"01:10:00","distance":"30.10","platformname":"","platformnumber":"","baynumber":"","tripdetails":[{"starttime":"05:45","endtime":"06:55"},{"starttime":"06:05","endtime":"07:15"},{"starttime":"06:25","endtime":"07:45"},{"starttime":"06:30","endtime":"08:00"},{"starttime":"06:45","endtime":"08:05"},{"starttime":"07:05","endtime":"08:25"},{"starttime":"07:20","endtime":"08:45"},{"starttime":"07:40","endtime":"09:10"},{"starttime":"07:50","endtime":"09:20"},{"starttime":"07:55","endtime":"09:25"},{"starttime":"08:15","endtime":"09:45"},{"starttime":"08:30","endtime":"10:00"},{"starttime":"08:35","endtime":"10:05"},{"starttime":"08:50","endtime":"10:20"},{"starttime":"09:00","endtime":"10:30"},{"starttime":"09:10","endtime":"10:40"},{"starttime":"09:15","endtime":"10:45"},{"starttime":"09:20","endtime":"10:50"},{"starttime":"09:25","endtime":"10:55"},{"starttime":"09:30","endtime":"10:55"},{"starttime":"09:40","endtime":"11:00"},{"starttime":"09:50","endtime":"11:20"},{"starttime":"09:55","endtime":"11:25"},{"starttime":"10:00","endtime":"11:30"},{"starttime":"10:05","endtime":"11:25"},{"starttime":"10:10","endtime":"11:40"},{"starttime":"10:15","endtime":"11:40"},{"starttime":"10:20","endtime":"11:50"},{"starttime":"10:25","endtime":"11:55"},{"starttime":"10:30","endtime":"12:00"},{"starttime":"10:40","endtime":"12:10"},{"starttime":"10:45","endtime":"12:15"},{"starttime":"10:50","endtime":"12:20"},{"starttime":"10:55","endtime":"12:25"},{"starttime":"11:10","endtime":"12:35"},{"starttime":"11:20","endtime":"12:50"},{"starttime":"11:25","endtime":"12:50"},{"starttime":"11:30","endtime":"13:00"},{"starttime":"11:40","endtime":"13:10"},{"starttime":"11:45","endtime":"13:05"},{"starttime":"11:50","endtime":"13:20"},{"starttime":"12:00","endtime":"13:30"},{"starttime":"12:15","endtime":"13:40"},{"starttime":"12:30","endtime":"13:55"},{"starttime":"12:50","endtime":"14:20"},{"starttime":"12:55","endtime":"14:20"},{"starttime":"13:10","endtime":"14:40"},{"starttime":"13:15","endtime":"14:45"},{"starttime":"13:20","endtime":"14:45"},{"starttime":"13:30","endtime":"14:55"},{"starttime":"13:35","endtime":"15:05"},{"starttime":"13:50","endtime":"15:15"},{"starttime":"14:10","endtime":"15:35"},{"starttime":"14:30","endtime":"15:55"},{"starttime":"14:40","endtime":"16:10"},{"starttime":"15:00","endtime":"16:30"},{"starttime":"15:05","endtime":"16:35"},{"starttime":"15:10","endtime":"16:40"},{"starttime":"15:15","endtime":"16:45"},{"starttime":"15:20","endtime":"16:50"},{"starttime":"15:25","endtime":"17:00"},{"starttime":"15:40","endtime":"17:10"},{"starttime":"15:50","endtime":"17:20"},{"starttime":"16:00","endtime":"17:30"},{"starttime":"16:05","endtime":"17:35"},{"starttime":"16:10","endtime":"17:40"},{"starttime":"16:20","endtime":"17:50"},{"starttime":"16:25","endtime":"17:55"},{"starttime":"16:40","endtime":"18:10"},{"starttime":"17:00","endtime":"18:30"},{"starttime":"17:10","endtime":"18:40"},{"starttime":"17:15","endtime":"18:45"},{"starttime":"17:20","endtime":"18:50"},{"starttime":"17:30","endtime":"18:50"},{"starttime":"17:40","endtime":"19:10"},{"starttime":"17:50","endtime":"19:20"},{"starttime":"18:10","endtime":"19:40"},{"starttime":"18:20","endtime":"19:50"},{"starttime":"18:40","endtime":"20:10"},{"starttime":"18:45","endtime":"20:15"},{"starttime":"18:55","endtime":"20:25"},{"starttime":"19:05","endtime":"20:35"},{"starttime":"19:15","endtime":"20:45"},{"starttime":"19:35","endtime":"21:05"},{"starttime":"19:55","endtime":"21:25"},{"starttime":"20:00","endtime":"21:40"},{"starttime":"20:15","endtime":"21:45"},{"starttime":"20:25","endtime":"21:55"},{"starttime":"20:30","endtime":"22:00"},{"starttime":"20:35","endtime":"22:05"},{"starttime":"20:55","endtime":"22:25"},{"starttime":"21:15","endtime":"22:45"}]}],"Message":"Success","Issuccess":true,"exception":null,"RowCount":1,"responsecode":200}