{"data":[{"fromstationname":"Bidadi","tostationname":"KR Market (Kalasipalya)","fromstationid":"21465","tostationid":"20945","apptime":"01:10:00","distance":"30.70","platformname":"","platformnumber":"","baynumber":"","tripdetails":[{"starttime":"04:30","endtime":"05:40"},{"starttime":"04:50","endtime":"06:00"},{"starttime":"05:10","endtime":"06:30"},{"starttime":"05:30","endtime":"06:40"},{"starttime":"05:50","endtime":"07:00"},{"starttime":"06:00","endtime":"07:20"},{"starttime":"06:10","endtime":"07:20"},{"starttime":"06:30","endtime":"07:50"},{"starttime":"06:50","endtime":"08:15"},{"starttime":"07:00","endtime":"08:30"},{"starttime":"07:20","endtime":"08:45"},{"starttime":"07:30","endtime":"09:00"},{"starttime":"07:40","endtime":"09:10"},{"starttime":"07:50","endtime":"09:20"},{"starttime":"08:00","endtime":"09:25"},{"starttime":"08:10","endtime":"09:40"},{"starttime":"08:20","endtime":"09:50"},{"starttime":"08:25","endtime":"09:50"},{"starttime":"08:35","endtime":"10:05"},{"starttime":"08:40","endtime":"10:10"},{"starttime":"08:50","endtime":"10:20"},{"starttime":"09:05","endtime":"10:35"},{"starttime":"09:10","endtime":"10:40"},{"starttime":"09:30","endtime":"10:55"},{"starttime":"09:50","endtime":"11:20"},{"starttime":"09:55","endtime":"11:25"},{"starttime":"10:05","endtime":"11:35"},{"starttime":"10:15","endtime":"11:45"},{"starttime":"10:30","endtime":"11:55"},{"starttime":"10:40","endtime":"12:10"},{"starttime":"11:00","endtime":"12:25"},{"starttime":"11:15","endtime":"12:45"},{"starttime":"11:20","endtime":"12:50"},{"starttime":"11:25","endtime":"12:50"},{"starttime":"11:35","endtime":"13:05"},{"starttime":"11:50","endtime":"13:20"},{"starttime":"12:00","endtime":"13:30"},{"starttime":"12:20","endtime":"13:45"},{"starttime":"12:30","endtime":"14:00"},{"starttime":"12:40","endtime":"14:00"},{"starttime":"12:50","endtime":"14:20"},{"starttime":"13:00","endtime":"14:25"},{"starttime":"13:10","endtime":"14:35"},{"starttime":"13:15","endtime":"14:45"},{"starttime":"13:20","endtime":"14:40"},{"starttime":"13:25","endtime":"14:55"},{"starttime":"13:30","endtime":"14:55"},{"starttime":"13:35","endtime":"15:05"},{"starttime":"13:40","endtime":"15:10"},{"starttime":"14:00","endtime":"15:35"},{"starttime":"14:05","endtime":"15:30"},{"starttime":"14:10","endtime":"15:40"},{"starttime":"14:15","endtime":"15:45"},{"starttime":"14:20","endtime":"15:50"},{"starttime":"14:25","endtime":"15:55"},{"starttime":"14:30","endtime":"15:50"},{"starttime":"14:35","endtime":"16:00"},{"starttime":"14:40","endtime":"16:10"},{"starttime":"14:50","endtime":"16:20"},{"starttime":"15:00","endtime":"16:30"},{"starttime":"15:05","endtime":"16:35"},{"starttime":"15:20","endtime":"16:50"},{"starttime":"15:30","endtime":"17:00"},{"starttime":"15:40","endtime":"17:10"},{"starttime":"15:50","endtime":"17:20"},{"starttime":"16:00","endtime":"17:30"},{"starttime":"16:15","endtime":"17:45"},{"starttime":"16:20","endtime":"17:50"},{"starttime":"16:35","endtime":"18:05"},{"starttime":"16:45","endtime":"18:15"},{"starttime":"16:55","endtime":"18:25"},{"starttime":"17:05","endtime":"18:35"},{"starttime":"17:15","endtime":"18:45"},{"starttime":"17:25","endtime":"18:55"},{"starttime":"17:35","endtime":"19:05"},{"starttime":"17:40","endtime":"19:10"},{"starttime":"17:45","endtime":"19:15"},{"starttime":"17:55","endtime":"19:25"},{"starttime":"18:05","endtime":"19:35"},{"starttime":"18:15","endtime":"19:45"},{"starttime":"18:25","endtime":"19:55"},{"starttime":"18:35","endtime":"20:05"},{"starttime":"18:50","endtime":"20:15"},{"starttime":"18:55","endtime":"20:25"},{"starttime":"19:15","endtime":"20:45"}]}],"Message":"Success","Issuccess":true,"exception":null,"RowCount":1,"responsecode":200}