{"data":[{"fromstationname":"KR Market (Kalasipalya)","tostationname":"Hampapura","fromstationid":"20944","tostationid":"32838","apptime":"01:15:00","distance":"26.20","platformname":"","platformnumber":"","baynumber":"","tripdetails":[{"starttime":"06:20","endtime":"07:35"},{"starttime":"06:25","endtime":"07:35"},{"starttime":"08:55","endtime":"10:05"},{"starttime":"18:00","endtime":"19:20"},{"starttime":"21:15","endtime":"22:35"}]}],"Message":"Success","Issuccess":true,"exception":null,"RowCount":1,"responsecode":200}