{"data":[{"fromstationname":"Punugumaranahalli","tostationname":"KR Market (Kalasipalya)","fromstationid":"34289","tostationid":"20945","apptime":"01:10:00","distance":"29.00","platformname":"","platformnumber":"","baynumber":"","tripdetails":[{"starttime":"04:15","endtime":"05:25"},{"starttime":"05:45","endtime":"06:55"},{"starttime":"06:55","endtime":"08:25"},{"starttime":"08:15","endtime":"09:45"},{"starttime":"17:00","endtime":"18:15"},{"starttime":"18:20","endtime":"19:45"},{"starttime":"19:45","endtime":"21:05"}]}],"Message":"Success","Issuccess":true,"exception":null,"RowCount":1,"responsecode":200}