{"data":[{"fromstationname":"Thittahalli","tostationname":"KR Market (Kalasipalya)","fromstationid":"34980","tostationid":"20945","apptime":"01:10:00","distance":"28.20","platformname":"","platformnumber":"","baynumber":"","tripdetails":[{"starttime":"05:15","endtime":"06:25"},{"starttime":"07:45","endtime":"09:10"},{"starttime":"10:05","endtime":"11:35"},{"starttime":"10:55","endtime":"12:10"},{"starttime":"13:10","endtime":"14:35"},{"starttime":"16:00","endtime":"17:25"},{"starttime":"16:50","endtime":"18:20"},{"starttime":"19:25","endtime":"20:50"}]}],"Message":"Success","Issuccess":true,"exception":null,"RowCount":1,"responsecode":200}