{"data":[{"fromstationname":"Gaviyanapalya","tostationname":"KR Market (Kalasipalya)","fromstationid":"25355","tostationid":"20945","apptime":"01:15:00","distance":"24.20","platformname":"","platformnumber":"","baynumber":"","tripdetails":[{"starttime":"04:45","endtime":"06:00"},{"starttime":"06:15","endtime":"07:20"},{"starttime":"07:30","endtime":"08:50"},{"starttime":"08:35","endtime":"09:45"},{"starttime":"16:40","endtime":"17:55"},{"starttime":"19:30","endtime":"20:55"}]}],"Message":"Success","Issuccess":true,"exception":null,"RowCount":1,"responsecode":200}