{"data":[{"fromstationname":"Panchasheela Nagara","tostationname":"9th Block Jayanagara (40th Cross)","fromstationid":"27593","tostationid":"22950","apptime":"01:10:00","distance":"16.20","platformname":"","platformnumber":"","baynumber":"","tripdetails":[{"starttime":"06:50","endtime":"08:00"},{"starttime":"09:20","endtime":"10:30"},{"starttime":"14:55","endtime":"16:00"},{"starttime":"17:45","endtime":"18:55"},{"starttime":"20:15","endtime":"21:25"}]}],"Message":"Success","Issuccess":true,"exception":null,"RowCount":1,"responsecode":200}