{"data":[{"fromstationname":"Srigandhada Kaval","tostationname":"Kempegowda Bus Station","fromstationid":"26636","tostationid":"20922","apptime":"00:35:00","distance":"14.30","platformname":"","platformnumber":"","baynumber":"","tripdetails":[{"starttime":"04:40","endtime":"05:15"},{"starttime":"06:15","endtime":"06:55"},{"starttime":"07:00","endtime":"07:55"},{"starttime":"07:35","endtime":"08:25"},{"starttime":"07:55","endtime":"08:50"},{"starttime":"08:35","endtime":"09:25"},{"starttime":"09:00","endtime":"09:50"},{"starttime":"09:35","endtime":"10:30"},{"starttime":"10:10","endtime":"11:05"},{"starttime":"10:35","endtime":"11:30"},{"starttime":"11:25","endtime":"12:20"},{"starttime":"11:55","endtime":"12:50"},{"starttime":"12:45","endtime":"13:40"},{"starttime":"15:40","endtime":"16:35"},{"starttime":"16:05","endtime":"17:00"},{"starttime":"16:40","endtime":"17:35"},{"starttime":"17:00","endtime":"17:55"},{"starttime":"17:45","endtime":"18:40"},{"starttime":"18:10","endtime":"19:05"},{"starttime":"18:35","endtime":"19:35"},{"starttime":"19:10","endtime":"20:05"},{"starttime":"19:50","endtime":"20:45"},{"starttime":"20:15","endtime":"21:10"},{"starttime":"20:45","endtime":"21:40"}]}],"Message":"Success","Issuccess":true,"exception":null,"RowCount":1,"responsecode":200}