{"data":[{"fromstationname":"Mahadeshwara Nagara","tostationname":"KR Market","fromstationid":"28617","tostationid":"22201","apptime":"00:45:00","distance":"11.50","platformname":"","platformnumber":"","baynumber":"","tripdetails":[{"starttime":"07:05","endtime":"07:50"},{"starttime":"08:45","endtime":"09:30"},{"starttime":"10:55","endtime":"11:40"},{"starttime":"17:55","endtime":"18:40"},{"starttime":"20:00","endtime":"20:45"}]}],"Message":"Success","Issuccess":true,"exception":null,"RowCount":1,"responsecode":200}