{"data":[{"fromstationname":"KR Market (Kalasipalya)","tostationname":"Tavarekere","fromstationid":"20944","tostationid":"21610","apptime":"01:20:00","distance":"24.50","platformname":"","platformnumber":"","baynumber":"","tripdetails":[{"starttime":"06:55","endtime":"08:15"},{"starttime":"07:20","endtime":"08:40"},{"starttime":"08:40","endtime":"10:00"},{"starttime":"08:45","endtime":"10:05"},{"starttime":"09:10","endtime":"10:30"},{"starttime":"09:35","endtime":"10:55"},{"starttime":"10:10","endtime":"11:30"},{"starttime":"10:20","endtime":"11:40"},{"starttime":"10:25","endtime":"11:40"},{"starttime":"10:40","endtime":"12:00"},{"starttime":"10:45","endtime":"12:00"},{"starttime":"10:55","endtime":"12:15"},{"starttime":"11:00","endtime":"12:15"},{"starttime":"11:05","endtime":"12:25"},{"starttime":"11:50","endtime":"13:05"},{"starttime":"11:55","endtime":"13:10"},{"starttime":"12:20","endtime":"13:35"},{"starttime":"12:40","endtime":"13:55"},{"starttime":"12:55","endtime":"14:10"},{"starttime":"13:40","endtime":"14:55"},{"starttime":"14:10","endtime":"15:30"},{"starttime":"14:15","endtime":"15:30"},{"starttime":"14:45","endtime":"16:05"},{"starttime":"14:55","endtime":"16:15"},{"starttime":"15:10","endtime":"16:35"},{"starttime":"15:25","endtime":"16:45"},{"starttime":"16:25","endtime":"17:45"},{"starttime":"16:50","endtime":"18:10"},{"starttime":"16:55","endtime":"18:15"},{"starttime":"17:15","endtime":"18:35"},{"starttime":"17:25","endtime":"18:45"},{"starttime":"19:30","endtime":"20:45"},{"starttime":"20:30","endtime":"21:50"},{"starttime":"20:45","endtime":"22:05"}]}],"Message":"Success","Issuccess":true,"exception":null,"RowCount":1,"responsecode":200}