{"data":[{"fromstationname":"Tavarekere","tostationname":"KR Market (Kalasipalya)","fromstationid":"21610","tostationid":"20945","apptime":"01:15:00","distance":"24.60","platformname":"","platformnumber":"","baynumber":"","tripdetails":[{"starttime":"05:30","endtime":"06:45"},{"starttime":"06:20","endtime":"07:30"},{"starttime":"06:35","endtime":"07:50"},{"starttime":"06:55","endtime":"08:15"},{"starttime":"08:20","endtime":"09:40"},{"starttime":"08:35","endtime":"09:55"},{"starttime":"08:45","endtime":"10:05"},{"starttime":"09:05","endtime":"10:25"},{"starttime":"09:40","endtime":"11:00"},{"starttime":"10:25","endtime":"11:45"},{"starttime":"10:35","endtime":"11:50"},{"starttime":"10:55","endtime":"12:15"},{"starttime":"11:35","endtime":"12:50"},{"starttime":"11:45","endtime":"13:00"},{"starttime":"12:05","endtime":"13:20"},{"starttime":"12:20","endtime":"13:35"},{"starttime":"12:55","endtime":"14:10"},{"starttime":"13:10","endtime":"14:25"},{"starttime":"13:40","endtime":"14:55"},{"starttime":"14:00","endtime":"15:20"},{"starttime":"14:50","endtime":"16:10"},{"starttime":"15:05","endtime":"16:20"},{"starttime":"15:25","endtime":"16:45"},{"starttime":"15:35","endtime":"16:55"},{"starttime":"15:55","endtime":"17:10"},{"starttime":"16:00","endtime":"17:20"},{"starttime":"16:20","endtime":"17:40"},{"starttime":"16:50","endtime":"18:10"},{"starttime":"17:05","endtime":"18:30"},{"starttime":"18:15","endtime":"19:30"},{"starttime":"18:20","endtime":"19:40"},{"starttime":"18:40","endtime":"20:00"},{"starttime":"18:45","endtime":"20:05"},{"starttime":"18:50","endtime":"20:10"},{"starttime":"19:25","endtime":"20:45"}]}],"Message":"Success","Issuccess":true,"exception":null,"RowCount":1,"responsecode":200}