{"data":[{"fromstationname":"Depot-31 Gate","tostationname":"Kempegowda Bus Station","fromstationid":"21887","tostationid":"20922","apptime":"00:24:00","distance":"8.40","platformname":"","platformnumber":"","baynumber":"","tripdetails":[{"starttime":"05:56","endtime":"06:20"},{"starttime":"06:01","endtime":"06:30"},{"starttime":"06:06","endtime":"06:30"},{"starttime":"06:21","endtime":"06:50"},{"starttime":"06:31","endtime":"07:05"},{"starttime":"06:36","endtime":"07:05"},{"starttime":"06:41","endtime":"07:05"},{"starttime":"07:41","endtime":"08:10"},{"starttime":"08:01","endtime":"08:25"},{"starttime":"08:06","endtime":"08:35"},{"starttime":"08:11","endtime":"08:40"},{"starttime":"08:31","endtime":"08:55"},{"starttime":"08:36","endtime":"09:05"},{"starttime":"09:01","endtime":"09:25"},{"starttime":"09:06","endtime":"09:35"},{"starttime":"13:20","endtime":"13:45"},{"starttime":"13:31","endtime":"13:55"},{"starttime":"13:35","endtime":"14:00"},{"starttime":"13:46","endtime":"14:15"},{"starttime":"14:02","endtime":"14:40"},{"starttime":"14:06","endtime":"14:30"},{"starttime":"14:16","endtime":"14:45"},{"starttime":"14:21","endtime":"14:50"},{"starttime":"14:26","endtime":"14:55"},{"starttime":"14:41","endtime":"15:10"},{"starttime":"14:46","endtime":"15:15"},{"starttime":"14:56","endtime":"15:25"},{"starttime":"15:06","endtime":"15:40"},{"starttime":"19:01","endtime":"19:25"}]}],"Message":"Success","Issuccess":true,"exception":null,"RowCount":1,"responsecode":200}