{"data":[{"fromstationname":"Kempegowda Bus Station","tostationname":"Tavarekere","fromstationid":"20921","tostationid":"21610","apptime":"01:00:00","distance":"22.50","platformname":"4","platformnumber":"4","baynumber":"1","tripdetails":[{"starttime":"00:10","endtime":"01:10"},{"starttime":"04:30","endtime":"05:35"},{"starttime":"04:50","endtime":"05:50"},{"starttime":"05:10","endtime":"06:10"},{"starttime":"05:20","endtime":"06:20"},{"starttime":"05:55","endtime":"07:05"},{"starttime":"06:00","endtime":"07:10"},{"starttime":"06:05","endtime":"07:15"},{"starttime":"06:15","endtime":"07:15"},{"starttime":"06:20","endtime":"07:30"},{"starttime":"06:35","endtime":"07:45"},{"starttime":"06:40","endtime":"07:50"},{"starttime":"06:55","endtime":"08:05"},{"starttime":"07:15","endtime":"08:25"},{"starttime":"07:20","endtime":"08:30"},{"starttime":"07:30","endtime":"08:45"},{"starttime":"07:40","endtime":"08:55"},{"starttime":"07:50","endtime":"09:05"},{"starttime":"08:10","endtime":"09:20"},{"starttime":"08:15","endtime":"09:35"},{"starttime":"08:25","endtime":"09:35"},{"starttime":"08:30","endtime":"09:45"},{"starttime":"08:35","endtime":"09:50"},{"starttime":"08:40","endtime":"10:00"},{"starttime":"08:45","endtime":"10:00"},{"starttime":"08:55","endtime":"10:10"},{"starttime":"09:00","endtime":"10:20"},{"starttime":"09:05","endtime":"10:15"},{"starttime":"09:10","endtime":"10:20"},{"starttime":"09:15","endtime":"10:25"},{"starttime":"09:20","endtime":"10:35"},{"starttime":"09:25","endtime":"10:40"},{"starttime":"09:30","endtime":"10:40"},{"starttime":"09:35","endtime":"10:50"},{"starttime":"09:40","endtime":"10:55"},{"starttime":"09:45","endtime":"10:55"},{"starttime":"09:50","endtime":"11:00"},{"starttime":"09:55","endtime":"11:10"},{"starttime":"10:00","endtime":"11:10"},{"starttime":"10:10","endtime":"11:25"},{"starttime":"10:15","endtime":"11:30"},{"starttime":"10:25","endtime":"11:40"},{"starttime":"10:30","endtime":"11:40"},{"starttime":"10:35","endtime":"11:45"},{"starttime":"10:40","endtime":"11:50"},{"starttime":"10:45","endtime":"11:55"},{"starttime":"11:00","endtime":"12:10"},{"starttime":"11:05","endtime":"12:15"},{"starttime":"11:10","endtime":"12:20"},{"starttime":"11:15","endtime":"12:25"},{"starttime":"11:20","endtime":"12:30"},{"starttime":"11:30","endtime":"12:45"},{"starttime":"11:35","endtime":"12:45"},{"starttime":"11:55","endtime":"13:05"},{"starttime":"12:05","endtime":"13:15"},{"starttime":"12:10","endtime":"13:20"},{"starttime":"12:25","endtime":"13:35"},{"starttime":"12:30","endtime":"13:45"},{"starttime":"12:40","endtime":"13:50"},{"starttime":"12:45","endtime":"13:55"},{"starttime":"12:50","endtime":"14:00"},{"starttime":"13:10","endtime":"14:20"},{"starttime":"13:20","endtime":"14:30"},{"starttime":"13:25","endtime":"14:35"},{"starttime":"13:40","endtime":"14:50"},{"starttime":"13:45","endtime":"14:55"},{"starttime":"14:00","endtime":"15:10"},{"starttime":"14:05","endtime":"15:15"},{"starttime":"14:15","endtime":"15:25"},{"starttime":"14:20","endtime":"15:35"},{"starttime":"14:25","endtime":"15:35"},{"starttime":"14:30","endtime":"15:40"},{"starttime":"14:50","endtime":"16:00"},{"starttime":"15:00","endtime":"16:10"},{"starttime":"15:05","endtime":"16:15"},{"starttime":"15:10","endtime":"16:20"},{"starttime":"15:15","endtime":"16:30"},{"starttime":"15:20","endtime":"16:35"},{"starttime":"15:25","endtime":"16:35"},{"starttime":"15:30","endtime":"16:45"},{"starttime":"15:35","endtime":"16:45"},{"starttime":"15:40","endtime":"16:50"},{"starttime":"15:45","endtime":"17:05"},{"starttime":"15:55","endtime":"17:10"},{"starttime":"16:00","endtime":"17:15"},{"starttime":"16:05","endtime":"17:15"},{"starttime":"16:20","endtime":"17:35"},{"starttime":"16:25","endtime":"17:40"},{"starttime":"16:30","endtime":"17:45"},{"starttime":"16:40","endtime":"17:50"},{"starttime":"16:45","endtime":"18:00"},{"starttime":"16:50","endtime":"18:05"},{"starttime":"17:10","endtime":"18:25"},{"starttime":"17:15","endtime":"18:35"},{"starttime":"17:30","endtime":"18:50"},{"starttime":"17:35","endtime":"18:50"},{"starttime":"17:50","endtime":"19:05"},{"starttime":"17:55","endtime":"19:05"},{"starttime":"18:05","endtime":"19:20"},{"starttime":"18:10","endtime":"19:30"},{"starttime":"18:20","endtime":"19:35"},{"starttime":"18:25","endtime":"19:40"},{"starttime":"18:30","endtime":"19:45"},{"starttime":"18:35","endtime":"19:50"},{"starttime":"18:45","endtime":"20:00"},{"starttime":"19:00","endtime":"20:20"},{"starttime":"19:10","endtime":"20:30"},{"starttime":"19:15","endtime":"20:30"},{"starttime":"19:30","endtime":"20:45"},{"starttime":"19:35","endtime":"20:45"},{"starttime":"19:55","endtime":"21:05"},{"starttime":"20:10","endtime":"21:20"},{"starttime":"20:40","endtime":"21:50"},{"starttime":"20:45","endtime":"21:55"},{"starttime":"21:00","endtime":"22:10"},{"starttime":"21:35","endtime":"22:45"},{"starttime":"21:40","endtime":"22:40"},{"starttime":"21:45","endtime":"22:45"},{"starttime":"22:15","endtime":"23:25"},{"starttime":"22:30","endtime":"23:30"},{"starttime":"22:40","endtime":"23:40"}]}],"Message":"Success","Issuccess":true,"exception":null,"RowCount":1,"responsecode":200}