{"data":[{"fromstationname":"Tavarekere","tostationname":"Kempegowda Bus Station","fromstationid":"21609","tostationid":"20922","apptime":"01:00:00","distance":"22.50","platformname":"","platformnumber":"","baynumber":"","tripdetails":[{"starttime":"04:20","endtime":"05:20"},{"starttime":"04:35","endtime":"05:45"},{"starttime":"04:50","endtime":"05:50"},{"starttime":"05:00","endtime":"06:00"},{"starttime":"05:15","endtime":"06:15"},{"starttime":"05:30","endtime":"06:30"},{"starttime":"05:40","endtime":"06:45"},{"starttime":"05:55","endtime":"06:55"},{"starttime":"06:00","endtime":"07:10"},{"starttime":"06:10","endtime":"07:10"},{"starttime":"06:15","endtime":"07:25"},{"starttime":"06:25","endtime":"07:35"},{"starttime":"07:00","endtime":"08:10"},{"starttime":"07:15","endtime":"08:30"},{"starttime":"07:20","endtime":"08:30"},{"starttime":"07:25","endtime":"08:40"},{"starttime":"07:30","endtime":"08:40"},{"starttime":"07:35","endtime":"08:50"},{"starttime":"07:40","endtime":"08:55"},{"starttime":"07:50","endtime":"09:05"},{"starttime":"07:55","endtime":"09:05"},{"starttime":"08:00","endtime":"09:10"},{"starttime":"08:10","endtime":"09:25"},{"starttime":"08:15","endtime":"09:25"},{"starttime":"08:30","endtime":"09:45"},{"starttime":"08:35","endtime":"09:45"},{"starttime":"08:45","endtime":"10:00"},{"starttime":"08:55","endtime":"10:10"},{"starttime":"09:00","endtime":"10:15"},{"starttime":"09:15","endtime":"10:30"},{"starttime":"09:20","endtime":"10:30"},{"starttime":"09:35","endtime":"10:45"},{"starttime":"09:50","endtime":"11:00"},{"starttime":"09:55","endtime":"11:10"},{"starttime":"10:00","endtime":"11:25"},{"starttime":"10:05","endtime":"11:15"},{"starttime":"10:15","endtime":"11:25"},{"starttime":"10:20","endtime":"11:35"},{"starttime":"10:30","endtime":"11:50"},{"starttime":"10:35","endtime":"11:45"},{"starttime":"10:40","endtime":"11:50"},{"starttime":"10:50","endtime":"12:00"},{"starttime":"10:55","endtime":"12:05"},{"starttime":"11:00","endtime":"12:10"},{"starttime":"11:10","endtime":"12:25"},{"starttime":"11:15","endtime":"12:30"},{"starttime":"11:25","endtime":"12:40"},{"starttime":"11:30","endtime":"12:45"},{"starttime":"11:35","endtime":"12:45"},{"starttime":"11:45","endtime":"12:55"},{"starttime":"11:55","endtime":"13:05"},{"starttime":"12:10","endtime":"13:20"},{"starttime":"12:15","endtime":"13:25"},{"starttime":"12:20","endtime":"13:30"},{"starttime":"12:25","endtime":"13:35"},{"starttime":"12:30","endtime":"13:40"},{"starttime":"12:45","endtime":"13:55"},{"starttime":"12:50","endtime":"14:00"},{"starttime":"13:00","endtime":"14:10"},{"starttime":"13:10","endtime":"14:20"},{"starttime":"13:15","endtime":"14:25"},{"starttime":"13:20","endtime":"14:30"},{"starttime":"13:25","endtime":"14:35"},{"starttime":"13:50","endtime":"15:00"},{"starttime":"14:00","endtime":"15:10"},{"starttime":"14:05","endtime":"15:15"},{"starttime":"14:10","endtime":"15:25"},{"starttime":"14:25","endtime":"15:40"},{"starttime":"14:30","endtime":"15:40"},{"starttime":"14:35","endtime":"15:50"},{"starttime":"14:40","endtime":"15:50"},{"starttime":"14:45","endtime":"15:55"},{"starttime":"14:50","endtime":"16:00"},{"starttime":"14:55","endtime":"16:10"},{"starttime":"15:00","endtime":"16:15"},{"starttime":"15:10","endtime":"16:20"},{"starttime":"15:20","endtime":"16:30"},{"starttime":"15:25","endtime":"16:40"},{"starttime":"15:30","endtime":"16:40"},{"starttime":"15:40","endtime":"16:55"},{"starttime":"15:50","endtime":"17:05"},{"starttime":"15:55","endtime":"17:10"},{"starttime":"16:05","endtime":"17:20"},{"starttime":"16:10","endtime":"17:20"},{"starttime":"16:15","endtime":"17:25"},{"starttime":"16:20","endtime":"17:35"},{"starttime":"16:25","endtime":"17:40"},{"starttime":"16:30","endtime":"17:45"},{"starttime":"16:35","endtime":"17:50"},{"starttime":"16:40","endtime":"17:55"},{"starttime":"16:45","endtime":"18:00"},{"starttime":"16:50","endtime":"18:05"},{"starttime":"17:00","endtime":"18:15"},{"starttime":"17:10","endtime":"18:25"},{"starttime":"17:20","endtime":"18:35"},{"starttime":"17:30","endtime":"18:55"},{"starttime":"17:40","endtime":"19:00"},{"starttime":"17:45","endtime":"19:00"},{"starttime":"17:50","endtime":"19:05"},{"starttime":"17:55","endtime":"19:10"},{"starttime":"18:00","endtime":"19:15"},{"starttime":"18:05","endtime":"19:25"},{"starttime":"18:30","endtime":"19:45"},{"starttime":"18:35","endtime":"19:50"},{"starttime":"18:40","endtime":"20:00"},{"starttime":"18:55","endtime":"20:10"},{"starttime":"19:00","endtime":"20:15"},{"starttime":"19:05","endtime":"20:20"},{"starttime":"19:20","endtime":"20:35"},{"starttime":"19:35","endtime":"20:55"},{"starttime":"19:40","endtime":"21:00"},{"starttime":"19:45","endtime":"21:00"},{"starttime":"19:50","endtime":"21:00"},{"starttime":"19:55","endtime":"21:10"},{"starttime":"20:30","endtime":"21:40"},{"starttime":"20:35","endtime":"21:45"},{"starttime":"20:50","endtime":"22:00"},{"starttime":"20:55","endtime":"22:05"},{"starttime":"21:00","endtime":"22:15"},{"starttime":"21:25","endtime":"22:35"},{"starttime":"21:35","endtime":"22:45"},{"starttime":"22:50","endtime":"23:50"}]}],"Message":"Success","Issuccess":true,"exception":null,"RowCount":1,"responsecode":200}