{"data":[{"fromstationname":"Kempegowda Bus Station","tostationname":"Depot-35 Gate","fromstationid":"20921","tostationid":"35809","apptime":"00:59:00","distance":"18.90","platformname":"4","platformnumber":"4","baynumber":"1","tripdetails":[{"starttime":"11:25","endtime":"12:24"},{"starttime":"11:40","endtime":"12:39"},{"starttime":"11:55","endtime":"12:49"},{"starttime":"12:00","endtime":"12:58"},{"starttime":"12:05","endtime":"13:04"},{"starttime":"17:00","endtime":"17:59"},{"starttime":"17:10","endtime":"18:08"},{"starttime":"17:40","endtime":"18:38"},{"starttime":"17:45","endtime":"18:43"},{"starttime":"18:00","endtime":"18:58"},{"starttime":"18:05","endtime":"19:03"},{"starttime":"18:10","endtime":"19:09"},{"starttime":"18:25","endtime":"19:23"},{"starttime":"18:40","endtime":"19:39"},{"starttime":"20:25","endtime":"21:23"},{"starttime":"20:35","endtime":"21:33"},{"starttime":"20:55","endtime":"21:54"}]}],"Message":"Success","Issuccess":true,"exception":null,"RowCount":1,"responsecode":200}