{"data":[{"fromstationname":"Nelamangala Bus Station","tostationname":"KR Market (Kalasipalya)","fromstationid":"22353","tostationid":"20945","apptime":"01:30:00","distance":"40.50","platformname":"","platformnumber":"","baynumber":"","tripdetails":[{"starttime":"05:30","endtime":"07:00"},{"starttime":"05:50","endtime":"07:20"},{"starttime":"09:25","endtime":"11:25"},{"starttime":"09:30","endtime":"11:30"},{"starttime":"10:00","endtime":"11:50"},{"starttime":"17:40","endtime":"19:50"}]}],"Message":"Success","Issuccess":true,"exception":null,"RowCount":1,"responsecode":200}