{"data":[{"fromstationname":"Depot-31 Gate","tostationname":"Tavarekere","fromstationid":"21887","tostationid":"21610","apptime":"00:49:00","distance":"14.90","platformname":"","platformnumber":"","baynumber":"","tripdetails":[{"starttime":"06:01","endtime":"06:50"},{"starttime":"06:16","endtime":"06:55"},{"starttime":"06:36","endtime":"07:20"},{"starttime":"07:36","endtime":"08:25"},{"starttime":"08:11","endtime":"09:00"},{"starttime":"08:36","endtime":"09:25"},{"starttime":"08:46","endtime":"09:35"},{"starttime":"13:36","endtime":"14:25"},{"starttime":"13:46","endtime":"14:30"},{"starttime":"14:56","endtime":"15:45"},{"starttime":"18:26","endtime":"19:15"}]}],"Message":"Success","Issuccess":true,"exception":null,"RowCount":1,"responsecode":200}