{"data":[{"fromstationname":"Depot-35 Gate","tostationname":"Kempegowda Bus Station","fromstationid":"35809","tostationid":"20922","apptime":"00:59:00","distance":"18.90","platformname":"","platformnumber":"","baynumber":"","tripdetails":[{"starttime":"05:51","endtime":"06:50"},{"starttime":"06:16","endtime":"07:10"},{"starttime":"06:41","endtime":"07:40"},{"starttime":"06:56","endtime":"07:45"},{"starttime":"07:36","endtime":"08:35"},{"starttime":"07:46","endtime":"08:45"},{"starttime":"12:36","endtime":"13:35"},{"starttime":"12:46","endtime":"13:45"},{"starttime":"13:46","endtime":"14:45"},{"starttime":"14:06","endtime":"15:05"},{"starttime":"14:11","endtime":"15:10"},{"starttime":"14:16","endtime":"15:15"},{"starttime":"14:46","endtime":"15:45"},{"starttime":"19:01","endtime":"20:20"}]}],"Message":"Success","Issuccess":true,"exception":null,"RowCount":1,"responsecode":200}