{"data":[{"fromstationname":"Peenya Satellite Bus Station","tostationname":"KR Market (Kalasipalya)","fromstationid":"21085","tostationid":"20945","apptime":"01:15:00","distance":"23.40","platformname":"","platformnumber":"","baynumber":"","tripdetails":[{"starttime":"04:00","endtime":"05:15"},{"starttime":"04:10","endtime":"05:30"},{"starttime":"04:20","endtime":"05:40"},{"starttime":"04:50","endtime":"06:05"},{"starttime":"05:30","endtime":"07:00"},{"starttime":"05:50","endtime":"07:20"},{"starttime":"06:00","endtime":"07:30"}]}],"Message":"Success","Issuccess":true,"exception":null,"RowCount":1,"responsecode":200}