{"data":[{"fromstationname":"Kempegowda Bus Station","tostationname":"Chikka Banavara","fromstationid":"20921","tostationid":"20718","apptime":"00:55:00","distance":"18.50","platformname":"20D","platformnumber":"","baynumber":"","tripdetails":[{"starttime":"06:15","endtime":"07:10"},{"starttime":"07:10","endtime":"08:00"},{"starttime":"07:30","endtime":"08:30"},{"starttime":"08:00","endtime":"09:00"},{"starttime":"08:20","endtime":"09:30"},{"starttime":"08:45","endtime":"09:45"},{"starttime":"09:05","endtime":"10:00"},{"starttime":"09:40","endtime":"10:40"},{"starttime":"10:10","endtime":"11:10"},{"starttime":"10:55","endtime":"11:55"},{"starttime":"14:45","endtime":"15:10"},{"starttime":"14:50","endtime":"15:50"},{"starttime":"15:10","endtime":"16:10"},{"starttime":"15:20","endtime":"16:20"},{"starttime":"16:15","endtime":"17:15"},{"starttime":"17:45","endtime":"18:45"},{"starttime":"18:15","endtime":"19:15"}]}],"Message":"Success","Issuccess":true,"exception":null,"RowCount":1,"responsecode":200}