{"data":[{"fromstationname":"Laggere New Bus Stand","tostationname":"Kempegowda Bus Station","fromstationid":"28443","tostationid":"20922","apptime":"00:50:00","distance":"16.40","platformname":"","platformnumber":"","baynumber":"","tripdetails":[{"starttime":"06:55","endtime":"07:45"},{"starttime":"08:55","endtime":"09:55"},{"starttime":"10:35","endtime":"11:30"},{"starttime":"11:20","endtime":"12:10"},{"starttime":"11:45","endtime":"12:35"},{"starttime":"13:10","endtime":"14:00"},{"starttime":"14:45","endtime":"15:40"},{"starttime":"15:25","endtime":"16:25"},{"starttime":"17:35","endtime":"18:35"},{"starttime":"18:50","endtime":"19:40"},{"starttime":"20:40","endtime":"21:30"},{"starttime":"22:40","endtime":"23:25"}]}],"Message":"Success","Issuccess":true,"exception":null,"RowCount":1,"responsecode":200}