{"data":[{"fromstationname":"Nelamangala Bus Station","tostationname":"Depot-43 Gate","fromstationid":"22353","tostationid":"24875","apptime":"00:14:00","distance":"8.30","platformname":"","platformnumber":"","baynumber":"","tripdetails":[{"starttime":"05:00","endtime":"05:14"},{"starttime":"05:35","endtime":"05:49"},{"starttime":"10:25","endtime":"10:44"},{"starttime":"10:30","endtime":"10:49"},{"starttime":"10:45","endtime":"11:04"},{"starttime":"11:00","endtime":"11:19"},{"starttime":"11:10","endtime":"11:29"},{"starttime":"11:15","endtime":"11:34"},{"starttime":"11:30","endtime":"11:49"},{"starttime":"11:35","endtime":"11:49"},{"starttime":"11:40","endtime":"11:59"},{"starttime":"11:45","endtime":"12:04"},{"starttime":"11:50","endtime":"12:04"},{"starttime":"12:00","endtime":"12:19"},{"starttime":"12:05","endtime":"12:19"},{"starttime":"12:10","endtime":"12:29"},{"starttime":"12:20","endtime":"12:39"},{"starttime":"12:25","endtime":"12:44"},{"starttime":"12:45","endtime":"13:04"},{"starttime":"13:00","endtime":"13:19"},{"starttime":"13:05","endtime":"13:24"},{"starttime":"17:30","endtime":"17:49"},{"starttime":"17:45","endtime":"17:54"},{"starttime":"17:50","endtime":"18:04"},{"starttime":"18:05","endtime":"18:19"},{"starttime":"18:15","endtime":"18:34"},{"starttime":"18:25","endtime":"18:39"},{"starttime":"18:30","endtime":"18:49"},{"starttime":"18:35","endtime":"18:54"},{"starttime":"18:40","endtime":"18:54"},{"starttime":"18:55","endtime":"19:14"},{"starttime":"19:20","endtime":"19:39"},{"starttime":"20:00","endtime":"20:19"},{"starttime":"20:55","endtime":"21:14"},{"starttime":"21:55","endtime":"22:09"}]}],"Message":"Success","Issuccess":true,"exception":null,"RowCount":1,"responsecode":200}