{"data":[{"fromstationname":"Hesaraghatta","tostationname":"KR Market","fromstationid":"35751","tostationid":"22199","apptime":"01:20:00","distance":"29.70","platformname":"","platformnumber":"","baynumber":"","tripdetails":[{"starttime":"04:10","endtime":"05:30"},{"starttime":"05:00","endtime":"06:30"},{"starttime":"07:00","endtime":"08:30"},{"starttime":"08:35","endtime":"10:05"},{"starttime":"13:55","endtime":"15:25"},{"starttime":"14:55","endtime":"16:25"},{"starttime":"17:30","endtime":"19:00"},{"starttime":"18:30","endtime":"20:00"}]}],"Message":"Success","Issuccess":true,"exception":null,"RowCount":1,"responsecode":200}