{"data":[{"fromstationname":"Kanshiram Nagara","tostationname":"KR Market","fromstationid":"33339","tostationid":"22199","apptime":"01:05:00","distance":"20.20","platformname":"","platformnumber":"","baynumber":"","tripdetails":[{"starttime":"07:30","endtime":"08:35"},{"starttime":"10:15","endtime":"11:20"},{"starttime":"14:50","endtime":"15:50"},{"starttime":"17:30","endtime":"18:35"},{"starttime":"20:20","endtime":"21:25"}]}],"Message":"Success","Issuccess":true,"exception":null,"RowCount":1,"responsecode":200}