{"data":[{"fromstationname":"Mahadeshwara Nagara","tostationname":"Shivajinagara Bus Station","fromstationid":"28617","tostationid":"21173","apptime":"00:45:00","distance":"15.50","platformname":"","platformnumber":"","baynumber":"","tripdetails":[{"starttime":"05:00","endtime":"05:45"},{"starttime":"06:35","endtime":"07:25"},{"starttime":"06:45","endtime":"07:35"},{"starttime":"08:30","endtime":"09:30"},{"starttime":"08:40","endtime":"09:40"},{"starttime":"11:05","endtime":"12:05"},{"starttime":"15:30","endtime":"16:25"},{"starttime":"16:30","endtime":"17:30"},{"starttime":"17:30","endtime":"18:30"},{"starttime":"18:40","endtime":"19:40"},{"starttime":"19:40","endtime":"20:40"},{"starttime":"21:15","endtime":"22:15"}]}],"Message":"Success","Issuccess":true,"exception":null,"RowCount":1,"responsecode":200}