{"data":[{"fromstationname":"Shivajinagara Bus Station","tostationname":"Mahadeshwara Nagara","fromstationid":"21172","tostationid":"35353","apptime":"00:50:00","distance":"15.50","platformname":"10","platformnumber":"10","baynumber":"3","tripdetails":[{"starttime":"05:40","endtime":"06:30"},{"starttime":"05:50","endtime":"06:40"},{"starttime":"07:30","endtime":"08:25"},{"starttime":"07:40","endtime":"08:35"},{"starttime":"09:35","endtime":"10:35"},{"starttime":"09:45","endtime":"10:45"},{"starttime":"15:05","endtime":"16:00"},{"starttime":"16:30","endtime":"17:25"},{"starttime":"17:35","endtime":"18:35"},{"starttime":"18:35","endtime":"19:35"},{"starttime":"19:45","endtime":"20:45"},{"starttime":"21:10","endtime":"22:00"}]}],"Message":"Success","Issuccess":true,"exception":null,"RowCount":1,"responsecode":200}