{"data":[{"fromstationname":"Puttenahalli","tostationname":"Kempegowda Bus Station","fromstationid":"34300","tostationid":"20922","apptime":"01:20:00","distance":"23.50","platformname":"","platformnumber":"","baynumber":"","tripdetails":[{"starttime":"05:50","endtime":"07:10"},{"starttime":"06:00","endtime":"07:25"},{"starttime":"06:15","endtime":"07:40"},{"starttime":"06:30","endtime":"07:55"},{"starttime":"06:45","endtime":"08:10"},{"starttime":"14:46","endtime":"16:10"},{"starttime":"15:01","endtime":"16:25"},{"starttime":"15:16","endtime":"16:40"},{"starttime":"15:31","endtime":"16:55"},{"starttime":"15:46","endtime":"17:10"}]}],"Message":"Success","Issuccess":true,"exception":null,"RowCount":1,"responsecode":200}