{"data":[{"fromstationname":"Virupakshapura","tostationname":"Kempegowda Bus Station","fromstationid":"24115","tostationid":"20922","apptime":"00:45:00","distance":"16.60","platformname":"","platformnumber":"","baynumber":"","tripdetails":[{"starttime":"05:10","endtime":"05:55"},{"starttime":"07:25","endtime":"08:30"},{"starttime":"08:35","endtime":"09:40"},{"starttime":"09:50","endtime":"11:00"},{"starttime":"14:45","endtime":"15:45"},{"starttime":"17:25","endtime":"18:35"},{"starttime":"18:45","endtime":"19:55"},{"starttime":"19:55","endtime":"21:05"}]}],"Message":"Success","Issuccess":true,"exception":null,"RowCount":1,"responsecode":200}