{"data":[{"fromstationname":"Kempegowda Bus Station","tostationname":"Yarappanahalli","fromstationid":"20921","tostationid":"31843","apptime":"01:20:00","distance":"29.20","platformname":"23C","platformnumber":"","baynumber":"","tripdetails":[{"starttime":"06:05","endtime":"07:25"},{"starttime":"08:55","endtime":"10:15"},{"starttime":"13:50","endtime":"15:10"},{"starttime":"17:05","endtime":"18:25"},{"starttime":"20:20","endtime":"21:40"}]}],"Message":"Success","Issuccess":true,"exception":null,"RowCount":1,"responsecode":200}