{"data":[{"fromstationname":"Kempegowda International Airport","tostationname":"Puttenahalli","fromstationid":"38069","tostationid":"34299","apptime":"01:09:00","distance":"23.00","platformname":"","platformnumber":"","baynumber":"","tripdetails":[{"starttime":"09:40","endtime":"10:49"},{"starttime":"10:10","endtime":"11:19"},{"starttime":"10:40","endtime":"11:49"},{"starttime":"11:10","endtime":"12:19"},{"starttime":"11:40","endtime":"12:49"},{"starttime":"17:10","endtime":"18:19"},{"starttime":"17:40","endtime":"18:49"},{"starttime":"18:10","endtime":"19:19"},{"starttime":"18:40","endtime":"19:49"},{"starttime":"19:50","endtime":"21:00"},{"starttime":"20:20","endtime":"21:30"},{"starttime":"20:50","endtime":"22:00"},{"starttime":"21:20","endtime":"22:30"},{"starttime":"21:50","endtime":"22:50"}]}],"Message":"Success","Issuccess":true,"exception":null,"RowCount":1,"responsecode":200}