{"data":[{"fromstationname":"Yelahanka Old Town","tostationname":"Kempegowda Bus Station","fromstationid":"22640","tostationid":"20922","apptime":"00:45:00","distance":"16.20","platformname":"3","platformnumber":"3","baynumber":"3","tripdetails":[{"starttime":"04:30","endtime":"05:15"},{"starttime":"05:10","endtime":"06:00"},{"starttime":"06:25","endtime":"07:25"},{"starttime":"11:10","endtime":"12:10"},{"starttime":"12:25","endtime":"13:20"},{"starttime":"13:20","endtime":"14:10"},{"starttime":"15:40","endtime":"17:15"},{"starttime":"17:20","endtime":"18:20"},{"starttime":"19:30","endtime":"20:30"},{"starttime":"20:30","endtime":"22:00"},{"starttime":"20:40","endtime":"22:10"},{"starttime":"20:50","endtime":"22:20"},{"starttime":"21:00","endtime":"22:30"},{"starttime":"21:20","endtime":"22:50"},{"starttime":"21:35","endtime":"22:25"}]}],"Message":"Success","Issuccess":true,"exception":null,"RowCount":1,"responsecode":200}