{"data":[{"fromstationname":"Kempegowda Bus Station","tostationname":"Yelahanka Old Town","fromstationid":"20921","tostationid":"22641","apptime":"01:20:00","distance":"23.90","platformname":"23C","platformnumber":"","baynumber":"","tripdetails":[{"starttime":"05:20","endtime":"06:40"},{"starttime":"05:30","endtime":"06:50"},{"starttime":"05:40","endtime":"07:00"},{"starttime":"05:50","endtime":"07:10"},{"starttime":"06:10","endtime":"07:35"},{"starttime":"08:50","endtime":"09:50"},{"starttime":"09:15","endtime":"10:15"},{"starttime":"15:40","endtime":"16:40"},{"starttime":"18:25","endtime":"19:25"},{"starttime":"20:20","endtime":"21:30"},{"starttime":"21:05","endtime":"22:00"},{"starttime":"23:15","endtime":"00:05"}]}],"Message":"Success","Issuccess":true,"exception":null,"RowCount":1,"responsecode":200}