{"data":[{"fromstationname":"Kempegowda Bus Station","tostationname":"Yalahanka Satellite Town","fromstationid":"20921","tostationid":"22646","apptime":"00:50:00","distance":"17.60","platformname":"23A","platformnumber":"","baynumber":"","tripdetails":[{"starttime":"05:20","endtime":"06:10"},{"starttime":"06:30","endtime":"07:25"},{"starttime":"07:10","endtime":"08:00"},{"starttime":"07:30","endtime":"08:30"},{"starttime":"08:30","endtime":"09:25"},{"starttime":"09:35","endtime":"10:35"},{"starttime":"09:55","endtime":"10:55"},{"starttime":"10:00","endtime":"11:00"},{"starttime":"10:25","endtime":"11:25"},{"starttime":"12:15","endtime":"13:15"},{"starttime":"12:30","endtime":"13:30"},{"starttime":"12:35","endtime":"13:35"},{"starttime":"15:00","endtime":"16:00"},{"starttime":"15:10","endtime":"16:10"},{"starttime":"15:40","endtime":"16:40"},{"starttime":"15:50","endtime":"16:40"},{"starttime":"16:10","endtime":"17:10"},{"starttime":"16:20","endtime":"17:10"},{"starttime":"17:40","endtime":"18:35"},{"starttime":"18:45","endtime":"19:45"},{"starttime":"19:40","endtime":"20:40"},{"starttime":"20:05","endtime":"21:00"},{"starttime":"22:30","endtime":"23:20"}]}],"Message":"Success","Issuccess":true,"exception":null,"RowCount":1,"responsecode":200}