{"data":[{"fromstationname":"Yalahanka Satellite Town","tostationname":"Kempegowda Bus Station","fromstationid":"22821","tostationid":"20922","apptime":"01:00:00","distance":"17.60","platformname":"","platformnumber":"","baynumber":"","tripdetails":[{"starttime":"05:20","endtime":"06:20"},{"starttime":"05:35","endtime":"06:25"},{"starttime":"06:15","endtime":"07:05"},{"starttime":"07:30","endtime":"08:25"},{"starttime":"08:30","endtime":"09:30"},{"starttime":"09:00","endtime":"10:00"},{"starttime":"09:55","endtime":"10:50"},{"starttime":"10:40","endtime":"11:30"},{"starttime":"11:25","endtime":"12:25"},{"starttime":"11:30","endtime":"12:30"},{"starttime":"13:25","endtime":"14:25"},{"starttime":"14:00","endtime":"14:55"},{"starttime":"14:05","endtime":"15:05"},{"starttime":"14:35","endtime":"15:35"},{"starttime":"15:25","endtime":"16:15"},{"starttime":"16:15","endtime":"17:15"},{"starttime":"16:25","endtime":"17:25"},{"starttime":"16:40","endtime":"17:35"},{"starttime":"16:45","endtime":"17:45"},{"starttime":"17:10","endtime":"18:00"},{"starttime":"17:40","endtime":"18:30"},{"starttime":"19:05","endtime":"20:00"},{"starttime":"19:50","endtime":"20:50"},{"starttime":"21:00","endtime":"22:00"},{"starttime":"21:05","endtime":"22:00"}]}],"Message":"Success","Issuccess":true,"exception":null,"RowCount":1,"responsecode":200}