{"data":[{"fromstationname":"Kempegowda Bus Station","tostationname":"Vidyaniketan School Hebbala","fromstationid":"20921","tostationid":"31591","apptime":"00:50:00","distance":"14.10","platformname":"23A","platformnumber":"","baynumber":"","tripdetails":[{"starttime":"13:25","endtime":"14:15"},{"starttime":"13:30","endtime":"14:10"},{"starttime":"13:55","endtime":"14:35"},{"starttime":"14:10","endtime":"14:50"}]}],"Message":"Success","Issuccess":true,"exception":null,"RowCount":1,"responsecode":200}