{"data":[{"fromstationname":"NES Office","tostationname":"Doddaballapura Bus Stand","fromstationid":"22356","tostationid":"25068","apptime":"00:50:00","distance":"23.30","platformname":"","platformnumber":"","baynumber":"","tripdetails":[{"starttime":"05:40","endtime":"06:30"},{"starttime":"06:00","endtime":"07:00"},{"starttime":"06:10","endtime":"07:10"},{"starttime":"06:20","endtime":"07:20"},{"starttime":"06:30","endtime":"07:30"},{"starttime":"06:40","endtime":"07:40"},{"starttime":"07:00","endtime":"08:00"},{"starttime":"07:20","endtime":"08:20"},{"starttime":"08:00","endtime":"09:00"},{"starttime":"08:10","endtime":"09:10"},{"starttime":"08:20","endtime":"09:20"},{"starttime":"08:25","endtime":"09:25"},{"starttime":"08:40","endtime":"09:40"},{"starttime":"08:45","endtime":"09:45"},{"starttime":"09:10","endtime":"10:10"},{"starttime":"09:15","endtime":"10:15"},{"starttime":"09:30","endtime":"10:30"},{"starttime":"10:15","endtime":"11:15"},{"starttime":"10:35","endtime":"11:35"},{"starttime":"10:55","endtime":"11:55"},{"starttime":"11:05","endtime":"12:05"},{"starttime":"11:10","endtime":"12:10"},{"starttime":"11:25","endtime":"12:25"},{"starttime":"11:30","endtime":"12:30"},{"starttime":"11:45","endtime":"12:45"},{"starttime":"11:50","endtime":"12:50"},{"starttime":"12:05","endtime":"13:05"},{"starttime":"12:35","endtime":"13:35"},{"starttime":"13:05","endtime":"14:05"},{"starttime":"13:50","endtime":"14:50"},{"starttime":"14:10","endtime":"15:10"},{"starttime":"14:15","endtime":"15:15"},{"starttime":"14:30","endtime":"15:30"},{"starttime":"14:45","endtime":"15:45"},{"starttime":"14:50","endtime":"15:50"},{"starttime":"15:05","endtime":"16:05"},{"starttime":"15:10","endtime":"16:10"},{"starttime":"15:30","endtime":"16:30"},{"starttime":"16:25","endtime":"17:25"},{"starttime":"16:30","endtime":"17:30"},{"starttime":"16:45","endtime":"17:45"},{"starttime":"16:55","endtime":"17:55"},{"starttime":"17:05","endtime":"18:05"},{"starttime":"17:15","endtime":"18:15"},{"starttime":"17:20","endtime":"18:20"},{"starttime":"17:35","endtime":"18:35"},{"starttime":"17:40","endtime":"18:40"},{"starttime":"17:55","endtime":"18:55"},{"starttime":"18:45","endtime":"19:45"},{"starttime":"19:00","endtime":"20:00"},{"starttime":"19:15","endtime":"20:15"},{"starttime":"19:25","endtime":"20:25"},{"starttime":"19:30","endtime":"20:30"},{"starttime":"19:40","endtime":"20:40"},{"starttime":"19:45","endtime":"20:45"},{"starttime":"19:50","endtime":"20:50"},{"starttime":"20:10","endtime":"21:10"}]}],"Message":"Success","Issuccess":true,"exception":null,"RowCount":1,"responsecode":200}