{"data":[{"fromstationname":"Doddaballapura Bus Stand","tostationname":"KR Market","fromstationid":"25068","tostationid":"22199","apptime":"01:30:00","distance":"41.60","platformname":"","platformnumber":"","baynumber":"","tripdetails":[{"starttime":"04:30","endtime":"06:00"},{"starttime":"04:50","endtime":"06:20"},{"starttime":"05:20","endtime":"06:50"},{"starttime":"05:30","endtime":"07:00"},{"starttime":"05:45","endtime":"07:20"},{"starttime":"06:05","endtime":"07:45"},{"starttime":"06:45","endtime":"08:25"},{"starttime":"08:45","endtime":"10:30"},{"starttime":"09:20","endtime":"11:05"},{"starttime":"11:10","endtime":"12:50"},{"starttime":"12:15","endtime":"14:00"},{"starttime":"13:10","endtime":"14:50"},{"starttime":"14:35","endtime":"16:20"},{"starttime":"15:30","endtime":"17:15"},{"starttime":"15:55","endtime":"17:40"},{"starttime":"18:05","endtime":"19:45"},{"starttime":"18:20","endtime":"20:05"},{"starttime":"18:50","endtime":"20:35"},{"starttime":"19:10","endtime":"20:55"},{"starttime":"20:10","endtime":"21:50"},{"starttime":"20:30","endtime":"22:10"},{"starttime":"21:05","endtime":"22:50"}]}],"Message":"Success","Issuccess":true,"exception":null,"RowCount":1,"responsecode":200}