{"data":[{"fromstationname":"Doddaballapura Bus Stand","tostationname":"Kempegowda Bus Station","fromstationid":"25068","tostationid":"20922","apptime":"01:25:00","distance":"39.80","platformname":"","platformnumber":"","baynumber":"","tripdetails":[{"starttime":"03:35","endtime":"05:00"},{"starttime":"04:00","endtime":"05:25"},{"starttime":"04:20","endtime":"05:45"},{"starttime":"04:40","endtime":"06:05"},{"starttime":"05:00","endtime":"06:25"},{"starttime":"05:10","endtime":"06:40"},{"starttime":"05:35","endtime":"07:05"},{"starttime":"05:40","endtime":"07:20"},{"starttime":"05:55","endtime":"07:30"},{"starttime":"06:15","endtime":"07:50"},{"starttime":"06:25","endtime":"07:55"},{"starttime":"06:35","endtime":"08:10"},{"starttime":"06:55","endtime":"08:30"},{"starttime":"07:05","endtime":"08:40"},{"starttime":"07:15","endtime":"08:50"},{"starttime":"07:25","endtime":"09:00"},{"starttime":"07:35","endtime":"09:10"},{"starttime":"07:55","endtime":"09:30"},{"starttime":"08:05","endtime":"09:40"},{"starttime":"08:10","endtime":"09:45"},{"starttime":"08:15","endtime":"09:50"},{"starttime":"08:25","endtime":"10:00"},{"starttime":"08:30","endtime":"10:05"},{"starttime":"08:35","endtime":"10:10"},{"starttime":"08:55","endtime":"10:30"},{"starttime":"09:00","endtime":"10:45"},{"starttime":"09:15","endtime":"10:50"},{"starttime":"09:20","endtime":"10:55"},{"starttime":"09:35","endtime":"11:10"},{"starttime":"09:40","endtime":"11:15"},{"starttime":"10:05","endtime":"11:40"},{"starttime":"10:35","endtime":"12:10"},{"starttime":"10:55","endtime":"12:30"},{"starttime":"11:15","endtime":"12:50"},{"starttime":"11:35","endtime":"13:10"},{"starttime":"11:40","endtime":"13:15"},{"starttime":"11:45","endtime":"13:20"},{"starttime":"11:50","endtime":"13:25"},{"starttime":"12:00","endtime":"13:35"},{"starttime":"12:20","endtime":"13:55"},{"starttime":"12:25","endtime":"14:00"},{"starttime":"12:30","endtime":"14:05"},{"starttime":"12:40","endtime":"14:15"},{"starttime":"12:55","endtime":"14:30"},{"starttime":"13:00","endtime":"14:35"},{"starttime":"13:20","endtime":"14:55"},{"starttime":"13:30","endtime":"15:05"},{"starttime":"13:55","endtime":"15:30"},{"starttime":"14:05","endtime":"15:40"},{"starttime":"14:15","endtime":"15:50"},{"starttime":"14:25","endtime":"15:55"},{"starttime":"14:35","endtime":"16:10"},{"starttime":"14:45","endtime":"16:20"},{"starttime":"14:55","endtime":"16:30"},{"starttime":"15:00","endtime":"16:35"},{"starttime":"15:05","endtime":"16:40"},{"starttime":"15:15","endtime":"16:50"},{"starttime":"15:25","endtime":"17:00"},{"starttime":"15:30","endtime":"17:05"},{"starttime":"15:35","endtime":"17:10"},{"starttime":"15:40","endtime":"17:15"},{"starttime":"15:45","endtime":"17:20"},{"starttime":"15:55","endtime":"17:30"},{"starttime":"16:05","endtime":"17:40"},{"starttime":"16:15","endtime":"17:50"},{"starttime":"16:25","endtime":"18:00"},{"starttime":"16:45","endtime":"18:20"},{"starttime":"17:05","endtime":"18:40"},{"starttime":"17:15","endtime":"18:50"},{"starttime":"17:25","endtime":"19:00"},{"starttime":"17:45","endtime":"19:20"},{"starttime":"18:30","endtime":"20:05"},{"starttime":"18:40","endtime":"20:15"},{"starttime":"19:00","endtime":"20:35"},{"starttime":"19:20","endtime":"20:55"},{"starttime":"19:30","endtime":"21:05"},{"starttime":"19:40","endtime":"21:15"},{"starttime":"19:50","endtime":"21:25"},{"starttime":"20:00","endtime":"21:35"},{"starttime":"20:20","endtime":"21:55"},{"starttime":"20:40","endtime":"22:15"},{"starttime":"21:00","endtime":"22:35"},{"starttime":"21:05","endtime":"22:40"},{"starttime":"21:15","endtime":"22:50"},{"starttime":"21:40","endtime":"23:15"},{"starttime":"21:50","endtime":"23:20"},{"starttime":"22:00","endtime":"23:30"}]}],"Message":"Success","Issuccess":true,"exception":null,"RowCount":1,"responsecode":200}