{"data":[{"fromstationname":"Doddaballapura Bus Stand","tostationname":"NES Office","fromstationid":"25068","tostationid":"22357","apptime":"01:00:00","distance":"23.70","platformname":"","platformnumber":"","baynumber":"","tripdetails":[{"starttime":"06:40","endtime":"07:40"},{"starttime":"07:10","endtime":"08:10"},{"starttime":"07:20","endtime":"08:20"},{"starttime":"07:30","endtime":"08:30"},{"starttime":"07:40","endtime":"08:40"},{"starttime":"07:50","endtime":"08:50"},{"starttime":"08:10","endtime":"09:10"},{"starttime":"08:25","endtime":"09:25"},{"starttime":"09:10","endtime":"10:10"},{"starttime":"09:25","endtime":"10:25"},{"starttime":"09:30","endtime":"10:30"},{"starttime":"09:50","endtime":"10:50"},{"starttime":"09:55","endtime":"10:55"},{"starttime":"10:00","endtime":"11:00"},{"starttime":"10:15","endtime":"11:15"},{"starttime":"10:20","endtime":"11:20"},{"starttime":"10:40","endtime":"11:40"},{"starttime":"10:45","endtime":"11:45"},{"starttime":"11:00","endtime":"12:00"},{"starttime":"11:10","endtime":"12:10"},{"starttime":"11:20","endtime":"12:20"},{"starttime":"12:00","endtime":"13:00"},{"starttime":"12:10","endtime":"13:10"},{"starttime":"12:15","endtime":"13:15"},{"starttime":"12:20","endtime":"13:20"},{"starttime":"12:35","endtime":"13:35"},{"starttime":"12:40","endtime":"13:40"},{"starttime":"12:45","endtime":"13:45"},{"starttime":"12:50","endtime":"14:00"},{"starttime":"12:55","endtime":"13:55"},{"starttime":"13:10","endtime":"14:10"},{"starttime":"13:40","endtime":"14:40"},{"starttime":"14:30","endtime":"15:30"},{"starttime":"15:20","endtime":"16:20"},{"starttime":"15:40","endtime":"16:40"},{"starttime":"15:50","endtime":"16:50"},{"starttime":"15:55","endtime":"16:55"},{"starttime":"16:00","endtime":"17:00"},{"starttime":"16:10","endtime":"17:10"},{"starttime":"16:20","endtime":"17:20"},{"starttime":"16:30","endtime":"17:30"},{"starttime":"16:50","endtime":"17:50"},{"starttime":"17:10","endtime":"18:10"},{"starttime":"17:30","endtime":"18:30"},{"starttime":"17:35","endtime":"18:35"},{"starttime":"17:55","endtime":"18:55"},{"starttime":"18:10","endtime":"19:10"},{"starttime":"18:20","endtime":"19:20"},{"starttime":"18:25","endtime":"19:25"},{"starttime":"18:35","endtime":"19:35"},{"starttime":"18:40","endtime":"19:40"},{"starttime":"18:45","endtime":"19:45"},{"starttime":"19:05","endtime":"20:05"},{"starttime":"19:25","endtime":"20:25"},{"starttime":"19:55","endtime":"20:55"},{"starttime":"20:25","endtime":"21:25"},{"starttime":"20:35","endtime":"21:35"},{"starttime":"20:45","endtime":"21:45"},{"starttime":"20:50","endtime":"21:50"},{"starttime":"20:55","endtime":"21:55"},{"starttime":"21:10","endtime":"22:10"},{"starttime":"21:20","endtime":"22:20"},{"starttime":"21:30","endtime":"22:30"}]}],"Message":"Success","Issuccess":true,"exception":null,"RowCount":1,"responsecode":200}