{"data":[{"fromstationname":"Cauvery Bhavana","tostationname":"Doddaballapura Bus Stand","fromstationid":"20696","tostationid":"25068","apptime":"01:35:00","distance":"38.50","platformname":"","platformnumber":"","baynumber":"","tripdetails":[{"starttime":"10:05","endtime":"11:40"},{"starttime":"10:15","endtime":"11:50"},{"starttime":"13:45","endtime":"15:20"},{"starttime":"14:00","endtime":"15:35"},{"starttime":"17:40","endtime":"19:15"},{"starttime":"18:20","endtime":"19:55"}]}],"Message":"Success","Issuccess":true,"exception":null,"RowCount":1,"responsecode":200}