{"data":[{"fromstationname":"Doddaballapura Bus Stand","tostationname":"Cauvery Bhavana","fromstationid":"25068","tostationid":"20697","apptime":"01:35:00","distance":"38.90","platformname":"","platformnumber":"","baynumber":"","tripdetails":[{"starttime":"08:00","endtime":"09:35"},{"starttime":"08:20","endtime":"09:55"},{"starttime":"11:55","endtime":"13:30"},{"starttime":"12:05","endtime":"13:40"},{"starttime":"15:10","endtime":"16:45"},{"starttime":"15:20","endtime":"16:55"},{"starttime":"15:40","endtime":"17:15"},{"starttime":"16:15","endtime":"17:50"}]}],"Message":"Success","Issuccess":true,"exception":null,"RowCount":1,"responsecode":200}