{"data":[{"fromstationname":"KR Market","tostationname":"Doddaballapura Bus Stand","fromstationid":"22199","tostationid":"25068","apptime":"01:30:00","distance":"41.20","platformname":"","platformnumber":"","baynumber":"","tripdetails":[{"starttime":"05:10","endtime":"06:40"},{"starttime":"05:40","endtime":"07:10"},{"starttime":"06:05","endtime":"07:45"},{"starttime":"06:25","endtime":"08:05"},{"starttime":"06:55","endtime":"08:35"},{"starttime":"07:25","endtime":"09:10"},{"starttime":"07:55","endtime":"09:40"},{"starttime":"08:30","endtime":"10:15"},{"starttime":"09:30","endtime":"11:15"},{"starttime":"09:55","endtime":"11:40"},{"starttime":"10:25","endtime":"12:10"},{"starttime":"10:50","endtime":"12:30"},{"starttime":"11:35","endtime":"13:15"},{"starttime":"12:55","endtime":"14:35"},{"starttime":"14:25","endtime":"16:10"},{"starttime":"14:55","endtime":"16:40"},{"starttime":"15:25","endtime":"17:10"},{"starttime":"15:35","endtime":"17:20"},{"starttime":"16:05","endtime":"17:50"},{"starttime":"16:35","endtime":"18:20"},{"starttime":"17:05","endtime":"18:50"},{"starttime":"17:35","endtime":"19:20"},{"starttime":"18:00","endtime":"19:45"},{"starttime":"18:05","endtime":"19:50"},{"starttime":"20:30","endtime":"22:10"},{"starttime":"21:00","endtime":"22:40"},{"starttime":"21:30","endtime":"23:10"}]}],"Message":"Success","Issuccess":true,"exception":null,"RowCount":1,"responsecode":200}