{"data":[{"fromstationname":"Kempegowda Bus Station","tostationname":"Doddaballapura Bus Stand","fromstationid":"20921","tostationid":"25068","apptime":"01:25:00","distance":"37.70","platformname":"23A","platformnumber":"","baynumber":"","tripdetails":[{"starttime":"04:00","endtime":"05:25"},{"starttime":"04:20","endtime":"05:45"},{"starttime":"04:40","endtime":"06:05"},{"starttime":"05:00","endtime":"06:30"},{"starttime":"05:20","endtime":"06:50"},{"starttime":"05:30","endtime":"07:00"},{"starttime":"05:40","endtime":"07:10"},{"starttime":"05:50","endtime":"07:20"},{"starttime":"06:00","endtime":"07:30"},{"starttime":"06:10","endtime":"07:45"},{"starttime":"06:20","endtime":"07:50"},{"starttime":"06:30","endtime":"08:00"},{"starttime":"06:40","endtime":"08:10"},{"starttime":"06:50","endtime":"08:25"},{"starttime":"07:00","endtime":"08:35"},{"starttime":"07:15","endtime":"08:50"},{"starttime":"07:20","endtime":"08:55"},{"starttime":"07:25","endtime":"08:50"},{"starttime":"07:40","endtime":"09:15"},{"starttime":"07:50","endtime":"09:25"},{"starttime":"08:00","endtime":"09:35"},{"starttime":"08:20","endtime":"09:55"},{"starttime":"08:40","endtime":"10:15"},{"starttime":"08:50","endtime":"10:25"},{"starttime":"09:00","endtime":"10:35"},{"starttime":"09:10","endtime":"10:45"},{"starttime":"09:20","endtime":"10:55"},{"starttime":"09:30","endtime":"11:05"},{"starttime":"09:40","endtime":"11:15"},{"starttime":"09:50","endtime":"11:25"},{"starttime":"10:00","endtime":"11:35"},{"starttime":"10:05","endtime":"11:40"},{"starttime":"10:10","endtime":"11:45"},{"starttime":"10:20","endtime":"11:55"},{"starttime":"10:30","endtime":"12:05"},{"starttime":"10:40","endtime":"12:15"},{"starttime":"10:50","endtime":"12:35"},{"starttime":"11:00","endtime":"12:35"},{"starttime":"11:20","endtime":"12:55"},{"starttime":"11:40","endtime":"13:15"},{"starttime":"12:10","endtime":"13:45"},{"starttime":"12:20","endtime":"13:55"},{"starttime":"12:40","endtime":"14:15"},{"starttime":"13:00","endtime":"14:35"},{"starttime":"13:20","endtime":"14:55"},{"starttime":"13:30","endtime":"15:05"},{"starttime":"13:40","endtime":"15:15"},{"starttime":"14:00","endtime":"15:35"},{"starttime":"14:20","endtime":"15:55"},{"starttime":"14:35","endtime":"16:10"},{"starttime":"15:05","endtime":"16:40"},{"starttime":"15:10","endtime":"16:45"},{"starttime":"15:20","endtime":"16:55"},{"starttime":"15:40","endtime":"17:15"},{"starttime":"16:00","endtime":"17:35"},{"starttime":"16:05","endtime":"17:40"},{"starttime":"16:10","endtime":"17:45"},{"starttime":"16:25","endtime":"18:00"},{"starttime":"16:30","endtime":"18:05"},{"starttime":"16:50","endtime":"18:25"},{"starttime":"17:00","endtime":"18:35"},{"starttime":"17:10","endtime":"18:45"},{"starttime":"17:20","endtime":"18:55"},{"starttime":"17:30","endtime":"19:05"},{"starttime":"17:40","endtime":"19:15"},{"starttime":"17:50","endtime":"19:25"},{"starttime":"18:10","endtime":"19:45"},{"starttime":"18:20","endtime":"19:55"},{"starttime":"18:30","endtime":"20:05"},{"starttime":"18:50","endtime":"20:25"},{"starttime":"19:10","endtime":"20:45"},{"starttime":"19:25","endtime":"21:00"},{"starttime":"19:40","endtime":"21:15"},{"starttime":"19:50","endtime":"21:25"},{"starttime":"20:00","endtime":"21:35"},{"starttime":"20:10","endtime":"21:45"},{"starttime":"20:15","endtime":"21:50"},{"starttime":"20:30","endtime":"22:05"},{"starttime":"20:50","endtime":"22:20"},{"starttime":"21:10","endtime":"22:45"},{"starttime":"21:30","endtime":"23:00"},{"starttime":"22:00","endtime":"23:30"}]}],"Message":"Success","Issuccess":true,"exception":null,"RowCount":1,"responsecode":200}