{"data":[{"fromstationname":"KR Market","tostationname":"Jakkur","fromstationid":"22199","tostationid":"26246","apptime":"01:00:00","distance":"18.00","platformname":"","platformnumber":"","baynumber":"","tripdetails":[{"starttime":"09:35","endtime":"10:35"},{"starttime":"09:55","endtime":"10:55"},{"starttime":"12:10","endtime":"13:10"},{"starttime":"12:30","endtime":"13:30"},{"starttime":"14:45","endtime":"15:45"},{"starttime":"14:55","endtime":"15:55"},{"starttime":"16:55","endtime":"17:55"}]}],"Message":"Success","Issuccess":true,"exception":null,"RowCount":1,"responsecode":200}