{"data":[{"fromstationname":"Jakkur","tostationname":"KR Market","fromstationid":"33093","tostationid":"22199","apptime":"01:00:00","distance":"18.00","platformname":"","platformnumber":"","baynumber":"","tripdetails":[{"starttime":"08:30","endtime":"09:30"},{"starttime":"11:05","endtime":"12:05"},{"starttime":"11:25","endtime":"12:25"},{"starttime":"13:40","endtime":"14:40"},{"starttime":"13:50","endtime":"14:50"},{"starttime":"15:50","endtime":"16:50"},{"starttime":"16:15","endtime":"17:15"}]}],"Message":"Success","Issuccess":true,"exception":null,"RowCount":1,"responsecode":200}