{"data":[{"fromstationname":"KR Market","tostationname":"Sri Ramapura","fromstationid":"22199","tostationid":"34671","apptime":"01:00:00","distance":"19.20","platformname":"","platformnumber":"","baynumber":"","tripdetails":[{"starttime":"05:55","endtime":"06:55"},{"starttime":"08:05","endtime":"09:05"},{"starttime":"09:05","endtime":"10:05"},{"starttime":"11:40","endtime":"12:40"},{"starttime":"13:50","endtime":"14:50"},{"starttime":"15:15","endtime":"16:15"},{"starttime":"16:40","endtime":"17:40"},{"starttime":"17:50","endtime":"18:50"}]}],"Message":"Success","Issuccess":true,"exception":null,"RowCount":1,"responsecode":200}