{"data":[{"fromstationname":"KR Market","tostationname":"Thindlu","fromstationid":"22199","tostationid":"35277","apptime":"00:50:00","distance":"17.70","platformname":"","platformnumber":"","baynumber":"","tripdetails":[{"starttime":"05:55","endtime":"06:45"},{"starttime":"06:10","endtime":"07:00"},{"starttime":"07:55","endtime":"08:55"},{"starttime":"08:15","endtime":"09:05"},{"starttime":"10:10","endtime":"11:05"},{"starttime":"10:15","endtime":"11:15"},{"starttime":"12:25","endtime":"13:25"},{"starttime":"14:35","endtime":"15:30"},{"starttime":"21:30","endtime":"22:30"},{"starttime":"21:35","endtime":"22:35"}]}],"Message":"Success","Issuccess":true,"exception":null,"RowCount":1,"responsecode":200}