{"data":[{"fromstationname":"Thindlu","tostationname":"KR Market","fromstationid":"23518","tostationid":"22199","apptime":"00:50:00","distance":"17.70","platformname":"","platformnumber":"","baynumber":"","tripdetails":[{"starttime":"05:00","endtime":"05:50"},{"starttime":"05:15","endtime":"06:05"},{"starttime":"06:50","endtime":"07:40"},{"starttime":"07:20","endtime":"08:10"},{"starttime":"09:00","endtime":"10:00"},{"starttime":"09:10","endtime":"10:05"},{"starttime":"11:20","endtime":"12:20"},{"starttime":"13:45","endtime":"14:45"},{"starttime":"19:45","endtime":"20:45"},{"starttime":"20:00","endtime":"21:05"}]}],"Message":"Success","Issuccess":true,"exception":null,"RowCount":1,"responsecode":200}