{"data":[{"fromstationname":"Shivajinagara Bus Station","tostationname":"Kodigehalli","fromstationid":"21172","tostationid":"33515","apptime":"00:45:00","distance":"13.90","platformname":"5","platformnumber":"5","baynumber":"2","tripdetails":[{"starttime":"05:50","endtime":"06:35"},{"starttime":"06:05","endtime":"06:50"},{"starttime":"07:25","endtime":"08:10"},{"starttime":"07:35","endtime":"08:25"},{"starttime":"07:45","endtime":"08:35"},{"starttime":"07:55","endtime":"08:45"},{"starttime":"09:25","endtime":"10:15"},{"starttime":"09:30","endtime":"10:25"},{"starttime":"09:35","endtime":"10:25"},{"starttime":"09:55","endtime":"10:45"},{"starttime":"10:00","endtime":"10:50"},{"starttime":"10:15","endtime":"11:05"},{"starttime":"11:25","endtime":"12:15"},{"starttime":"11:40","endtime":"12:30"},{"starttime":"12:00","endtime":"12:50"},{"starttime":"12:30","endtime":"13:20"},{"starttime":"13:30","endtime":"14:20"},{"starttime":"13:50","endtime":"14:40"},{"starttime":"15:05","endtime":"15:55"},{"starttime":"15:35","endtime":"16:25"},{"starttime":"15:40","endtime":"16:30"},{"starttime":"15:45","endtime":"16:30"},{"starttime":"15:55","endtime":"16:45"},{"starttime":"17:10","endtime":"18:00"},{"starttime":"17:55","endtime":"18:45"},{"starttime":"19:00","endtime":"19:55"},{"starttime":"19:45","endtime":"20:35"},{"starttime":"21:20","endtime":"22:10"},{"starttime":"21:25","endtime":"22:15"},{"starttime":"22:00","endtime":"22:45"}]}],"Message":"Success","Issuccess":true,"exception":null,"RowCount":1,"responsecode":200}