{"data":[{"fromstationname":"Kodigehalli","tostationname":"Shivajinagara Bus Station","fromstationid":"23522","tostationid":"21173","apptime":"00:45:00","distance":"13.90","platformname":"","platformnumber":"","baynumber":"","tripdetails":[{"starttime":"05:00","endtime":"05:45"},{"starttime":"05:15","endtime":"06:00"},{"starttime":"05:40","endtime":"06:20"},{"starttime":"06:40","endtime":"07:30"},{"starttime":"06:55","endtime":"07:40"},{"starttime":"07:00","endtime":"07:50"},{"starttime":"08:30","endtime":"09:20"},{"starttime":"08:40","endtime":"09:30"},{"starttime":"09:05","endtime":"09:55"},{"starttime":"09:10","endtime":"10:10"},{"starttime":"10:30","endtime":"11:20"},{"starttime":"10:35","endtime":"11:25"},{"starttime":"10:45","endtime":"11:35"},{"starttime":"10:55","endtime":"11:45"},{"starttime":"11:05","endtime":"11:55"},{"starttime":"11:35","endtime":"12:25"},{"starttime":"12:20","endtime":"13:10"},{"starttime":"12:35","endtime":"13:25"},{"starttime":"12:55","endtime":"13:45"},{"starttime":"13:50","endtime":"14:40"},{"starttime":"14:40","endtime":"15:30"},{"starttime":"14:55","endtime":"15:40"},{"starttime":"15:00","endtime":"15:50"},{"starttime":"16:15","endtime":"17:05"},{"starttime":"16:30","endtime":"17:20"},{"starttime":"17:00","endtime":"17:50"},{"starttime":"18:00","endtime":"18:55"},{"starttime":"18:05","endtime":"18:55"},{"starttime":"18:50","endtime":"19:40"},{"starttime":"20:00","endtime":"20:50"},{"starttime":"20:25","endtime":"21:15"},{"starttime":"20:30","endtime":"21:20"},{"starttime":"20:40","endtime":"21:30"}]}],"Message":"Success","Issuccess":true,"exception":null,"RowCount":1,"responsecode":200}