{"data":[{"fromstationname":"Kodigehalli","tostationname":"Kempegowda Bus Station","fromstationid":"23522","tostationid":"20922","apptime":"00:45:00","distance":"14.10","platformname":"","platformnumber":"","baynumber":"","tripdetails":[{"starttime":"10:10","endtime":"10:55"},{"starttime":"11:10","endtime":"11:55"},{"starttime":"11:50","endtime":"12:35"},{"starttime":"12:00","endtime":"12:50"},{"starttime":"12:50","endtime":"13:35"},{"starttime":"13:55","endtime":"14:40"},{"starttime":"14:15","endtime":"15:05"},{"starttime":"14:55","endtime":"15:40"},{"starttime":"15:35","endtime":"16:20"},{"starttime":"16:05","endtime":"16:55"},{"starttime":"17:00","endtime":"17:50"},{"starttime":"17:15","endtime":"18:00"}]}],"Message":"Success","Issuccess":true,"exception":null,"RowCount":1,"responsecode":200}