{"data":[{"fromstationname":"Kempegowda Bus Station","tostationname":"Kodigehalli","fromstationid":"20921","tostationid":"33515","apptime":"00:45:00","distance":"14.10","platformname":"23D","platformnumber":"","baynumber":"","tripdetails":[{"starttime":"08:55","endtime":"09:40"},{"starttime":"09:50","endtime":"10:40"},{"starttime":"11:00","endtime":"11:45"},{"starttime":"11:05","endtime":"11:55"},{"starttime":"12:00","endtime":"12:45"},{"starttime":"12:40","endtime":"13:25"},{"starttime":"12:55","endtime":"13:45"},{"starttime":"13:40","endtime":"14:25"},{"starttime":"14:45","endtime":"15:30"},{"starttime":"15:10","endtime":"16:00"},{"starttime":"15:45","endtime":"16:30"},{"starttime":"16:25","endtime":"17:10"}]}],"Message":"Success","Issuccess":true,"exception":null,"RowCount":1,"responsecode":200}