{"data":[{"fromstationname":"Thindlu","tostationname":"Kempegowda Bus Station","fromstationid":"23518","tostationid":"20922","apptime":"00:50:00","distance":"14.20","platformname":"","platformnumber":"","baynumber":"","tripdetails":[{"starttime":"08:10","endtime":"09:00"},{"starttime":"09:45","endtime":"10:35"},{"starttime":"10:15","endtime":"11:05"},{"starttime":"11:45","endtime":"12:35"},{"starttime":"12:05","endtime":"12:55"},{"starttime":"14:30","endtime":"15:20"},{"starttime":"16:05","endtime":"16:55"},{"starttime":"16:20","endtime":"17:10"},{"starttime":"16:35","endtime":"17:25"},{"starttime":"18:10","endtime":"19:00"},{"starttime":"20:00","endtime":"20:50"}]}],"Message":"Success","Issuccess":true,"exception":null,"RowCount":1,"responsecode":200}