{"data":[{"fromstationname":"Yelahanka Old Town","tostationname":"Devanahalli New Bus Station","fromstationid":"22640","tostationid":"32458","apptime":"01:25:00","distance":"33.50","platformname":"3","platformnumber":"3","baynumber":"3","tripdetails":[{"starttime":"08:00","endtime":"09:25"},{"starttime":"08:30","endtime":"09:55"},{"starttime":"10:25","endtime":"11:50"},{"starttime":"11:20","endtime":"12:45"},{"starttime":"13:25","endtime":"14:50"},{"starttime":"15:00","endtime":"16:25"}]}],"Message":"Success","Issuccess":true,"exception":null,"RowCount":1,"responsecode":200}