{"data":[{"fromstationname":"Mestripalya","tostationname":"Kempegowda Bus Station","fromstationid":"28980","tostationid":"20922","apptime":"00:55:00","distance":"16.70","platformname":"","platformnumber":"","baynumber":"","tripdetails":[{"starttime":"05:15","endtime":"06:10"},{"starttime":"07:15","endtime":"08:20"},{"starttime":"10:00","endtime":"11:05"},{"starttime":"16:35","endtime":"17:40"},{"starttime":"19:25","endtime":"20:30"}]}],"Message":"Success","Issuccess":true,"exception":null,"RowCount":1,"responsecode":200}