{"data":[{"fromstationname":"Shivajinagara Bus Station","tostationname":"K Narayanapura Main Bus Stand","fromstationid":"21172","tostationid":"33199","apptime":"00:50:00","distance":"16.40","platformname":"9","platformnumber":"9","baynumber":"3","tripdetails":[{"starttime":"08:00","endtime":"08:50"},{"starttime":"08:40","endtime":"09:30"},{"starttime":"09:35","endtime":"10:30"},{"starttime":"10:20","endtime":"11:10"},{"starttime":"11:55","endtime":"12:45"},{"starttime":"13:45","endtime":"14:35"},{"starttime":"15:00","endtime":"16:00"},{"starttime":"15:20","endtime":"16:10"},{"starttime":"16:00","endtime":"16:55"},{"starttime":"17:40","endtime":"18:35"},{"starttime":"18:05","endtime":"19:05"},{"starttime":"20:05","endtime":"20:55"}]}],"Message":"Success","Issuccess":true,"exception":null,"RowCount":1,"responsecode":200}