{"data":[{"fromstationname":"Hosakote Bus Stand (Old)","tostationname":"Devanahalli New Bus Station","fromstationid":"37685","tostationid":"32458","apptime":"01:00:00","distance":"26.70","platformname":"","platformnumber":"","baynumber":"","tripdetails":[{"starttime":"05:45","endtime":"06:45"},{"starttime":"06:10","endtime":"07:10"},{"starttime":"06:35","endtime":"07:45"},{"starttime":"07:05","endtime":"08:15"},{"starttime":"07:45","endtime":"08:55"},{"starttime":"08:05","endtime":"09:15"},{"starttime":"08:25","endtime":"09:35"},{"starttime":"08:45","endtime":"09:55"},{"starttime":"09:00","endtime":"10:20"},{"starttime":"09:05","endtime":"10:15"},{"starttime":"09:35","endtime":"10:45"},{"starttime":"09:55","endtime":"11:00"},{"starttime":"10:15","endtime":"11:25"},{"starttime":"10:35","endtime":"11:45"},{"starttime":"10:55","endtime":"12:05"},{"starttime":"11:15","endtime":"12:25"},{"starttime":"11:35","endtime":"12:45"},{"starttime":"11:55","endtime":"13:00"},{"starttime":"12:35","endtime":"13:40"},{"starttime":"13:00","endtime":"14:10"},{"starttime":"13:20","endtime":"14:30"},{"starttime":"13:40","endtime":"14:50"},{"starttime":"14:00","endtime":"15:10"},{"starttime":"14:20","endtime":"15:25"},{"starttime":"15:20","endtime":"16:25"},{"starttime":"15:40","endtime":"16:45"},{"starttime":"16:00","endtime":"17:05"},{"starttime":"16:25","endtime":"17:35"},{"starttime":"16:50","endtime":"18:00"},{"starttime":"17:10","endtime":"18:20"},{"starttime":"17:30","endtime":"18:40"},{"starttime":"17:40","endtime":"18:50"},{"starttime":"17:50","endtime":"19:00"},{"starttime":"18:10","endtime":"19:20"},{"starttime":"18:50","endtime":"20:00"},{"starttime":"18:55","endtime":"20:05"},{"starttime":"19:15","endtime":"20:25"},{"starttime":"19:35","endtime":"20:45"},{"starttime":"19:55","endtime":"21:05"},{"starttime":"20:15","endtime":"21:25"},{"starttime":"20:35","endtime":"21:45"},{"starttime":"21:00","endtime":"22:05"},{"starttime":"21:55","endtime":"22:55"}]}],"Message":"Success","Issuccess":true,"exception":null,"RowCount":1,"responsecode":200}