{"data":[{"fromstationname":"Devanahalli Old Bus Stand","tostationname":"Kempegowda Bus Station","fromstationid":"32462","tostationid":"20922","apptime":"01:20:00","distance":"36.70","platformname":"","platformnumber":"","baynumber":"","tripdetails":[{"starttime":"03:40","endtime":"05:00"},{"starttime":"04:45","endtime":"06:10"},{"starttime":"04:50","endtime":"06:20"},{"starttime":"05:05","endtime":"06:30"},{"starttime":"05:20","endtime":"06:45"},{"starttime":"05:55","endtime":"07:25"},{"starttime":"06:00","endtime":"07:30"},{"starttime":"06:20","endtime":"07:50"},{"starttime":"06:35","endtime":"08:10"},{"starttime":"06:40","endtime":"08:10"},{"starttime":"07:00","endtime":"08:30"},{"starttime":"07:10","endtime":"08:45"},{"starttime":"07:20","endtime":"08:55"},{"starttime":"07:25","endtime":"09:05"},{"starttime":"07:40","endtime":"09:15"},{"starttime":"07:45","endtime":"09:25"},{"starttime":"07:55","endtime":"09:30"},{"starttime":"08:05","endtime":"09:45"},{"starttime":"08:15","endtime":"09:55"},{"starttime":"08:20","endtime":"10:00"},{"starttime":"08:25","endtime":"10:05"},{"starttime":"08:35","endtime":"10:15"},{"starttime":"08:40","endtime":"10:20"},{"starttime":"08:50","endtime":"10:30"},{"starttime":"09:05","endtime":"10:45"},{"starttime":"09:10","endtime":"10:45"},{"starttime":"10:00","endtime":"11:40"},{"starttime":"10:50","endtime":"12:30"},{"starttime":"12:05","endtime":"13:35"},{"starttime":"12:35","endtime":"14:05"},{"starttime":"12:45","endtime":"14:15"},{"starttime":"13:15","endtime":"14:45"},{"starttime":"13:25","endtime":"14:55"},{"starttime":"13:30","endtime":"15:05"},{"starttime":"13:40","endtime":"15:15"},{"starttime":"13:55","endtime":"15:25"},{"starttime":"14:00","endtime":"15:30"},{"starttime":"14:05","endtime":"15:35"},{"starttime":"14:25","endtime":"16:00"},{"starttime":"14:45","endtime":"16:20"},{"starttime":"15:00","endtime":"16:30"},{"starttime":"15:05","endtime":"16:45"},{"starttime":"15:10","endtime":"16:50"},{"starttime":"15:20","endtime":"17:00"},{"starttime":"15:25","endtime":"17:05"},{"starttime":"15:30","endtime":"17:10"},{"starttime":"15:40","endtime":"17:15"},{"starttime":"15:45","endtime":"17:25"},{"starttime":"16:05","endtime":"17:45"},{"starttime":"16:25","endtime":"18:05"},{"starttime":"16:40","endtime":"18:20"},{"starttime":"16:55","endtime":"18:35"},{"starttime":"17:00","endtime":"19:40"},{"starttime":"17:05","endtime":"18:45"},{"starttime":"17:20","endtime":"19:00"},{"starttime":"17:25","endtime":"19:05"},{"starttime":"17:35","endtime":"19:15"},{"starttime":"18:00","endtime":"19:40"},{"starttime":"18:10","endtime":"19:50"},{"starttime":"18:15","endtime":"19:55"},{"starttime":"18:20","endtime":"20:00"},{"starttime":"18:25","endtime":"19:55"},{"starttime":"18:40","endtime":"20:20"},{"starttime":"19:00","endtime":"20:40"},{"starttime":"19:10","endtime":"20:50"},{"starttime":"19:15","endtime":"20:55"},{"starttime":"19:20","endtime":"21:00"},{"starttime":"19:25","endtime":"21:05"},{"starttime":"19:35","endtime":"21:15"},{"starttime":"19:40","endtime":"21:20"},{"starttime":"20:00","endtime":"21:40"},{"starttime":"20:15","endtime":"21:45"},{"starttime":"20:20","endtime":"22:00"},{"starttime":"20:40","endtime":"22:20"},{"starttime":"21:00","endtime":"22:40"},{"starttime":"21:10","endtime":"22:45"},{"starttime":"21:20","endtime":"23:00"},{"starttime":"21:40","endtime":"23:10"},{"starttime":"22:10","endtime":"23:40"}]}],"Message":"Success","Issuccess":true,"exception":null,"RowCount":1,"responsecode":200}