{"data":[{"fromstationname":"Kempegowda Bus Station","tostationname":"Devanahalli Old Bus Stand","fromstationid":"20921","tostationid":"32461","apptime":"01:20:00","distance":"35.90","platformname":"23","platformnumber":"23","baynumber":"4","tripdetails":[{"starttime":"04:30","endtime":"05:50"},{"starttime":"04:40","endtime":"06:05"},{"starttime":"04:50","endtime":"06:10"},{"starttime":"05:05","endtime":"06:25"},{"starttime":"05:10","endtime":"06:35"},{"starttime":"05:30","endtime":"06:55"},{"starttime":"05:50","endtime":"07:15"},{"starttime":"05:55","endtime":"07:25"},{"starttime":"06:10","endtime":"07:35"},{"starttime":"06:15","endtime":"07:50"},{"starttime":"06:25","endtime":"07:55"},{"starttime":"06:30","endtime":"08:00"},{"starttime":"06:35","endtime":"08:10"},{"starttime":"06:40","endtime":"08:10"},{"starttime":"06:50","endtime":"08:20"},{"starttime":"06:55","endtime":"08:30"},{"starttime":"07:00","endtime":"08:30"},{"starttime":"07:40","endtime":"09:20"},{"starttime":"08:00","endtime":"09:40"},{"starttime":"08:15","endtime":"09:55"},{"starttime":"08:20","endtime":"10:00"},{"starttime":"08:40","endtime":"10:20"},{"starttime":"09:00","endtime":"10:40"},{"starttime":"09:15","endtime":"10:45"},{"starttime":"09:20","endtime":"11:00"},{"starttime":"09:30","endtime":"11:10"},{"starttime":"09:35","endtime":"11:15"},{"starttime":"09:45","endtime":"11:20"},{"starttime":"09:50","endtime":"11:30"},{"starttime":"10:00","endtime":"11:40"},{"starttime":"10:10","endtime":"11:45"},{"starttime":"10:20","endtime":"11:55"},{"starttime":"10:25","endtime":"12:00"},{"starttime":"10:30","endtime":"11:20"},{"starttime":"10:40","endtime":"12:10"},{"starttime":"10:45","endtime":"12:20"},{"starttime":"11:00","endtime":"12:35"},{"starttime":"11:10","endtime":"12:40"},{"starttime":"11:50","endtime":"13:30"},{"starttime":"12:00","endtime":"13:35"},{"starttime":"12:35","endtime":"14:15"},{"starttime":"12:45","endtime":"14:25"},{"starttime":"13:20","endtime":"14:55"},{"starttime":"13:25","endtime":"15:00"},{"starttime":"13:40","endtime":"15:10"},{"starttime":"13:45","endtime":"15:25"},{"starttime":"15:00","endtime":"16:40"},{"starttime":"15:30","endtime":"17:10"},{"starttime":"15:35","endtime":"17:15"},{"starttime":"15:50","endtime":"17:30"},{"starttime":"16:05","endtime":"17:45"},{"starttime":"16:10","endtime":"17:50"},{"starttime":"16:25","endtime":"18:05"},{"starttime":"16:30","endtime":"18:10"},{"starttime":"16:50","endtime":"18:30"},{"starttime":"17:05","endtime":"18:45"},{"starttime":"17:10","endtime":"18:50"},{"starttime":"17:15","endtime":"18:55"},{"starttime":"17:25","endtime":"19:05"},{"starttime":"17:30","endtime":"19:10"},{"starttime":"17:35","endtime":"19:15"},{"starttime":"17:50","endtime":"19:30"},{"starttime":"18:10","endtime":"19:50"},{"starttime":"18:30","endtime":"20:10"},{"starttime":"18:50","endtime":"20:30"},{"starttime":"19:05","endtime":"20:45"},{"starttime":"19:10","endtime":"20:50"},{"starttime":"19:45","endtime":"21:25"},{"starttime":"20:00","endtime":"21:30"},{"starttime":"20:10","endtime":"21:45"},{"starttime":"20:25","endtime":"22:00"},{"starttime":"20:50","endtime":"22:25"},{"starttime":"21:20","endtime":"22:50"},{"starttime":"21:40","endtime":"23:10"}]}],"Message":"Success","Issuccess":true,"exception":null,"RowCount":1,"responsecode":200}