{"data":[{"fromstationname":"Devanahalli New Bus Station","tostationname":"Hosakote Bus Stand (Old)","fromstationid":"24931","tostationid":"37685","apptime":"01:00:00","distance":"26.70","platformname":"","platformnumber":"","baynumber":"","tripdetails":[{"starttime":"05:30","endtime":"06:30"},{"starttime":"06:00","endtime":"07:00"},{"starttime":"06:30","endtime":"07:40"},{"starttime":"06:50","endtime":"08:00"},{"starttime":"07:10","endtime":"08:20"},{"starttime":"07:30","endtime":"08:40"},{"starttime":"07:50","endtime":"09:00"},{"starttime":"08:05","endtime":"09:15"},{"starttime":"08:20","endtime":"09:30"},{"starttime":"08:40","endtime":"09:50"},{"starttime":"09:00","endtime":"10:10"},{"starttime":"09:20","endtime":"10:30"},{"starttime":"09:40","endtime":"10:50"},{"starttime":"10:00","endtime":"11:10"},{"starttime":"10:25","endtime":"11:35"},{"starttime":"11:20","endtime":"12:25"},{"starttime":"11:45","endtime":"12:55"},{"starttime":"12:05","endtime":"13:15"},{"starttime":"12:25","endtime":"13:35"},{"starttime":"12:45","endtime":"13:55"},{"starttime":"13:10","endtime":"14:15"},{"starttime":"13:30","endtime":"14:40"},{"starttime":"13:50","endtime":"15:00"},{"starttime":"14:10","endtime":"15:20"},{"starttime":"14:20","endtime":"15:35"},{"starttime":"14:30","endtime":"15:40"},{"starttime":"14:50","endtime":"16:00"},{"starttime":"15:10","endtime":"16:20"},{"starttime":"15:30","endtime":"16:40"},{"starttime":"16:00","endtime":"17:10"},{"starttime":"16:30","endtime":"17:40"},{"starttime":"16:50","endtime":"18:00"},{"starttime":"17:10","endtime":"18:20"},{"starttime":"17:40","endtime":"18:50"},{"starttime":"18:00","endtime":"19:10"},{"starttime":"18:20","endtime":"19:30"},{"starttime":"19:00","endtime":"20:10"},{"starttime":"19:20","endtime":"20:30"},{"starttime":"19:40","endtime":"20:50"},{"starttime":"20:10","endtime":"21:20"},{"starttime":"20:40","endtime":"21:50"},{"starttime":"21:10","endtime":"22:20"}]}],"Message":"Success","Issuccess":true,"exception":null,"RowCount":1,"responsecode":200}