{"data":[{"fromstationname":"TC Palya","tostationname":"B Channasandra Bridge(Ramamurthy Nagara Ring Road)","fromstationid":"26840","tostationid":"21694","apptime":"00:20:00","distance":"5.20","platformname":"","platformnumber":"","baynumber":"","tripdetails":[{"starttime":"06:35","endtime":"06:55"},{"starttime":"07:05","endtime":"07:25"},{"starttime":"07:25","endtime":"07:45"},{"starttime":"08:30","endtime":"08:55"},{"starttime":"08:40","endtime":"09:05"},{"starttime":"09:00","endtime":"09:25"},{"starttime":"09:30","endtime":"09:55"},{"starttime":"09:40","endtime":"10:05"},{"starttime":"10:00","endtime":"10:25"},{"starttime":"10:50","endtime":"11:10"},{"starttime":"11:00","endtime":"11:20"},{"starttime":"11:20","endtime":"11:40"},{"starttime":"11:45","endtime":"12:05"},{"starttime":"12:00","endtime":"12:20"},{"starttime":"12:35","endtime":"12:55"},{"starttime":"12:45","endtime":"13:05"},{"starttime":"13:05","endtime":"13:25"},{"starttime":"13:25","endtime":"13:45"},{"starttime":"13:35","endtime":"13:55"},{"starttime":"13:55","endtime":"14:15"},{"starttime":"14:15","endtime":"14:35"},{"starttime":"14:25","endtime":"14:45"},{"starttime":"15:30","endtime":"15:55"},{"starttime":"15:40","endtime":"16:00"},{"starttime":"16:00","endtime":"16:20"},{"starttime":"16:05","endtime":"16:30"},{"starttime":"16:25","endtime":"16:50"},{"starttime":"16:30","endtime":"16:55"},{"starttime":"16:35","endtime":"17:00"},{"starttime":"16:55","endtime":"17:20"},{"starttime":"17:05","endtime":"17:30"},{"starttime":"17:25","endtime":"17:50"},{"starttime":"17:30","endtime":"17:55"},{"starttime":"17:35","endtime":"18:00"},{"starttime":"17:55","endtime":"18:20"},{"starttime":"18:05","endtime":"18:30"},{"starttime":"18:30","endtime":"18:55"},{"starttime":"19:05","endtime":"19:30"},{"starttime":"19:30","endtime":"19:55"},{"starttime":"20:05","endtime":"20:30"},{"starttime":"21:25","endtime":"21:45"}]}],"Message":"Success","Issuccess":true,"exception":null,"RowCount":1,"responsecode":200}