{"data":[{"fromstationname":"KR Market","tostationname":"Kalkere","fromstationid":"20940","tostationid":"30641","apptime":"01:00:00","distance":"18.00","platformname":"","platformnumber":"","baynumber":"","tripdetails":[{"starttime":"06:35","endtime":"07:35"},{"starttime":"09:25","endtime":"10:35"},{"starttime":"15:05","endtime":"16:15"},{"starttime":"18:05","endtime":"19:20"},{"starttime":"20:55","endtime":"21:55"}]}],"Message":"Success","Issuccess":true,"exception":null,"RowCount":1,"responsecode":200}