{"data":[{"fromstationname":"KR Market","tostationname":"Kalyananagara 302","fromstationid":"22199","tostationid":"37895","apptime":"00:45:00","distance":"16.80","platformname":"","platformnumber":"","baynumber":"","tripdetails":[{"starttime":"05:15","endtime":"06:00"},{"starttime":"06:05","endtime":"06:50"},{"starttime":"06:55","endtime":"07:50"},{"starttime":"07:55","endtime":"09:00"},{"starttime":"09:30","endtime":"10:35"},{"starttime":"10:30","endtime":"11:25"},{"starttime":"10:40","endtime":"11:35"},{"starttime":"12:30","endtime":"13:25"},{"starttime":"14:45","endtime":"15:40"},{"starttime":"15:00","endtime":"15:55"},{"starttime":"16:40","endtime":"17:45"},{"starttime":"17:20","endtime":"18:25"},{"starttime":"19:25","endtime":"20:30"},{"starttime":"20:20","endtime":"21:09"},{"starttime":"20:30","endtime":"21:25"}]}],"Message":"Success","Issuccess":true,"exception":null,"RowCount":1,"responsecode":200}