{"data":[{"fromstationname":"Kalyananagara 302","tostationname":"KR Market","fromstationid":"37895","tostationid":"22199","apptime":"00:45:00","distance":"14.30","platformname":"","platformnumber":"","baynumber":"","tripdetails":[{"starttime":"05:15","endtime":"06:00"},{"starttime":"06:05","endtime":"06:50"},{"starttime":"06:31","endtime":"07:20"},{"starttime":"06:55","endtime":"07:50"},{"starttime":"07:55","endtime":"09:00"},{"starttime":"09:30","endtime":"10:35"},{"starttime":"11:30","endtime":"12:25"},{"starttime":"13:40","endtime":"14:40"},{"starttime":"13:45","endtime":"14:40"},{"starttime":"14:00","endtime":"14:55"},{"starttime":"15:15","endtime":"16:10"},{"starttime":"16:00","endtime":"17:05"},{"starttime":"16:10","endtime":"17:15"},{"starttime":"17:50","endtime":"18:55"},{"starttime":"18:55","endtime":"20:00"},{"starttime":"21:00","endtime":"21:55"}]}],"Message":"Success","Issuccess":true,"exception":null,"RowCount":1,"responsecode":200}