{"data":[{"fromstationname":"Channasandra","tostationname":"Kempegowda Bus Station","fromstationid":"21822","tostationid":"20922","apptime":"01:10:00","distance":"25.50","platformname":"","platformnumber":"","baynumber":"","tripdetails":[{"starttime":"04:50","endtime":"06:00"},{"starttime":"07:10","endtime":"08:40"},{"starttime":"07:40","endtime":"09:10"},{"starttime":"07:55","endtime":"09:40"},{"starttime":"15:10","endtime":"16:55"},{"starttime":"19:20","endtime":"21:05"}]}],"Message":"Success","Issuccess":true,"exception":null,"RowCount":1,"responsecode":200}