{"data":[{"fromstationname":"Kempegowda Bus Station","tostationname":"Channasandra","fromstationid":"20921","tostationid":"21821","apptime":"01:20:00","distance":"25.50","platformname":"29A","platformnumber":"","baynumber":"","tripdetails":[{"starttime":"06:05","endtime":"07:25"},{"starttime":"09:10","endtime":"10:40"},{"starttime":"09:40","endtime":"11:10"},{"starttime":"09:45","endtime":"11:30"},{"starttime":"10:55","endtime":"12:30"},{"starttime":"15:30","endtime":"17:00"},{"starttime":"16:00","endtime":"17:30"},{"starttime":"17:05","endtime":"18:50"},{"starttime":"21:35","endtime":"22:55"}]}],"Message":"Success","Issuccess":true,"exception":null,"RowCount":1,"responsecode":200}