{"data":[{"fromstationname":"Sir M Vishweshwaraiah Railway Station","tostationname":"Krishnaraja Pura Govt Hospital","fromstationid":"37713","tostationid":"20946","apptime":"00:30:00","distance":"7.80","platformname":"","platformnumber":"","baynumber":"","tripdetails":[{"starttime":"10:15","endtime":"10:45"},{"starttime":"10:40","endtime":"11:10"},{"starttime":"10:50","endtime":"11:20"},{"starttime":"11:10","endtime":"11:40"},{"starttime":"11:20","endtime":"11:50"},{"starttime":"11:30","endtime":"12:00"},{"starttime":"11:40","endtime":"12:10"},{"starttime":"11:50","endtime":"12:20"},{"starttime":"11:55","endtime":"12:25"},{"starttime":"12:05","endtime":"12:35"}]}],"Message":"Success","Issuccess":true,"exception":null,"RowCount":1,"responsecode":200}