{"data":[{"fromstationname":"Malleshpalya New Bus Station(Vignananagar)","tostationname":"Kempegowda Bus Station","fromstationid":"28703","tostationid":"20922","apptime":"00:50:00","distance":"16.40","platformname":"","platformnumber":"","baynumber":"","tripdetails":[{"starttime":"05:45","endtime":"06:35"},{"starttime":"07:35","endtime":"08:35"},{"starttime":"07:55","endtime":"09:05"},{"starttime":"10:10","endtime":"11:10"},{"starttime":"11:10","endtime":"12:10"},{"starttime":"13:20","endtime":"14:20"},{"starttime":"15:05","endtime":"16:05"},{"starttime":"15:55","endtime":"16:55"},{"starttime":"17:15","endtime":"18:15"},{"starttime":"18:45","endtime":"19:55"},{"starttime":"19:25","endtime":"20:25"},{"starttime":"19:45","endtime":"20:45"}]}],"Message":"Success","Issuccess":true,"exception":null,"RowCount":1,"responsecode":200}