{"data":[{"fromstationname":"CV Raman Nagara","tostationname":"Kempegowda Bus Station","fromstationid":"24744","tostationid":"20922","apptime":"00:50:00","distance":"17.20","platformname":"","platformnumber":"","baynumber":"","tripdetails":[{"starttime":"04:55","endtime":"05:45"},{"starttime":"05:30","endtime":"06:25"},{"starttime":"05:55","endtime":"06:45"},{"starttime":"08:15","endtime":"09:25"},{"starttime":"15:20","endtime":"16:20"},{"starttime":"18:10","endtime":"19:20"},{"starttime":"20:05","endtime":"21:05"},{"starttime":"20:55","endtime":"21:55"}]}],"Message":"Success","Issuccess":true,"exception":null,"RowCount":1,"responsecode":200}