{"data":[{"fromstationname":"Kempegowda Bus Station","tostationname":"Malleshpalya New Bus Station(Vignananagar)","fromstationid":"20921","tostationid":"28703","apptime":"00:50:00","distance":"16.40","platformname":"18A","platformnumber":"","baynumber":"","tripdetails":[{"starttime":"05:50","endtime":"06:40"},{"starttime":"06:40","endtime":"07:30"},{"starttime":"06:50","endtime":"07:50"},{"starttime":"08:40","endtime":"09:40"},{"starttime":"09:10","endtime":"10:20"},{"starttime":"09:50","endtime":"10:50"},{"starttime":"11:15","endtime":"12:15"},{"starttime":"12:15","endtime":"13:15"},{"starttime":"14:25","endtime":"15:35"},{"starttime":"14:50","endtime":"15:50"},{"starttime":"16:10","endtime":"17:10"},{"starttime":"18:20","endtime":"19:20"},{"starttime":"18:30","endtime":"19:40"},{"starttime":"20:50","endtime":"22:00"},{"starttime":"20:55","endtime":"21:55"}]}],"Message":"Success","Issuccess":true,"exception":null,"RowCount":1,"responsecode":200}