{"data":[{"fromstationname":"Shivajinagara Bus Station","tostationname":"Kadugodi Bus Station","fromstationid":"21172","tostationid":"20902","apptime":"01:30:00","distance":"22.50","platformname":"4","platformnumber":"4","baynumber":"1","tripdetails":[{"starttime":"05:30","endtime":"07:00"},{"starttime":"07:35","endtime":"08:55"},{"starttime":"08:40","endtime":"10:15"},{"starttime":"15:10","endtime":"16:40"},{"starttime":"17:55","endtime":"19:35"},{"starttime":"18:10","endtime":"19:50"}]}],"Message":"Success","Issuccess":true,"exception":null,"RowCount":1,"responsecode":200}