{"data":[{"fromstationname":"Kadugodi Bus Station","tostationname":"Shivajinagara Bus Station","fromstationid":"20902","tostationid":"21173","apptime":"01:30:00","distance":"22.50","platformname":"","platformnumber":"1","baynumber":"","tripdetails":[{"starttime":"07:05","endtime":"08:35"},{"starttime":"09:25","endtime":"10:45"},{"starttime":"10:45","endtime":"12:15"},{"starttime":"15:35","endtime":"17:15"},{"starttime":"15:50","endtime":"17:30"},{"starttime":"21:15","endtime":"22:30"}]}],"Message":"Success","Issuccess":true,"exception":null,"RowCount":1,"responsecode":200}