{"data":[{"fromstationname":"Kempegowda Bus Station","tostationname":"Kadugodi Bus Station","fromstationid":"20921","tostationid":"20902","apptime":"01:40:00","distance":"27.80","platformname":"29","platformnumber":"29","baynumber":"4","tripdetails":[{"starttime":"06:50","endtime":"08:30"},{"starttime":"10:45","endtime":"12:20"},{"starttime":"14:10","endtime":"15:45"},{"starttime":"18:00","endtime":"19:40"}]}],"Message":"Success","Issuccess":true,"exception":null,"RowCount":1,"responsecode":200}