{"data":[{"fromstationname":"Basavanagara","tostationname":"Kempegowda Bus Station","fromstationid":"21719","tostationid":"20922","apptime":"00:50:00","distance":"16.00","platformname":"","platformnumber":"","baynumber":"","tripdetails":[{"starttime":"05:40","endtime":"06:30"},{"starttime":"07:35","endtime":"08:35"},{"starttime":"09:25","endtime":"10:50"},{"starttime":"14:25","endtime":"15:25"},{"starttime":"18:35","endtime":"19:35"},{"starttime":"19:50","endtime":"20:50"}]}],"Message":"Success","Issuccess":true,"exception":null,"RowCount":1,"responsecode":200}