{"data":[{"fromstationname":"Kadugodi Bus Station","tostationname":"Kempegowda Bus Station","fromstationid":"20902","tostationid":"20922","apptime":"01:40:00","distance":"26.30","platformname":"","platformnumber":"1","baynumber":"","tripdetails":[{"starttime":"08:35","endtime":"10:15"},{"starttime":"12:25","endtime":"14:00"},{"starttime":"15:50","endtime":"17:25"},{"starttime":"19:45","endtime":"21:25"},{"starttime":"21:15","endtime":"23:00"}]}],"Message":"Success","Issuccess":true,"exception":null,"RowCount":1,"responsecode":200}