{"data":[{"fromstationname":"B Nagasandra","tostationname":"KR Market","fromstationid":"35641","tostationid":"22199","apptime":"00:40:00","distance":"14.10","platformname":"","platformnumber":"","baynumber":"","tripdetails":[{"starttime":"05:45","endtime":"06:25"},{"starttime":"07:15","endtime":"08:00"},{"starttime":"09:00","endtime":"09:50"},{"starttime":"11:20","endtime":"12:10"},{"starttime":"15:35","endtime":"16:25"},{"starttime":"17:35","endtime":"18:30"},{"starttime":"20:05","endtime":"21:00"}]}],"Message":"Success","Issuccess":true,"exception":null,"RowCount":1,"responsecode":200}