{"data":[{"fromstationname":"KR Market","tostationname":"B Nagasandra","fromstationid":"22199","tostationid":"29616","apptime":"00:40:00","distance":"14.10","platformname":"","platformnumber":"","baynumber":"","tripdetails":[{"starttime":"06:30","endtime":"07:10"},{"starttime":"08:05","endtime":"08:55"},{"starttime":"10:00","endtime":"10:50"},{"starttime":"14:40","endtime":"15:30"},{"starttime":"16:35","endtime":"17:25"},{"starttime":"19:00","endtime":"19:55"},{"starttime":"21:05","endtime":"22:00"}]}],"Message":"Success","Issuccess":true,"exception":null,"RowCount":1,"responsecode":200}