{"data":[{"fromstationname":"Kadugodi Bus Station","tostationname":"Kempegowda Bus Station","fromstationid":"20902","tostationid":"20922","apptime":"01:50:00","distance":"28.10","platformname":"","platformnumber":"1","baynumber":"","tripdetails":[{"starttime":"06:45","endtime":"08:35"},{"starttime":"09:55","endtime":"11:25"},{"starttime":"10:50","endtime":"12:20"},{"starttime":"11:10","endtime":"12:40"},{"starttime":"13:25","endtime":"14:55"},{"starttime":"18:05","endtime":"20:05"}]}],"Message":"Success","Issuccess":true,"exception":null,"RowCount":1,"responsecode":200}