{"data":[{"fromstationname":"Kempegowda Bus Station","tostationname":"Kadugodi Bus Station","fromstationid":"20921","tostationid":"20902","apptime":"01:30:00","distance":"28.10","platformname":"29","platformnumber":"29","baynumber":"4","tripdetails":[{"starttime":"05:10","endtime":"06:40"},{"starttime":"14:40","endtime":"16:10"},{"starttime":"15:00","endtime":"16:30"},{"starttime":"15:30","endtime":"17:00"}]}],"Message":"Success","Issuccess":true,"exception":null,"RowCount":1,"responsecode":200}