{"data":[{"fromstationname":"Sarjapura","tostationname":"KR Market (Kalasipalya)","fromstationid":"22462","tostationid":"20945","apptime":"01:30:00","distance":"29.00","platformname":"","platformnumber":"","baynumber":"","tripdetails":[{"starttime":"05:30","endtime":"07:00"},{"starttime":"06:15","endtime":"07:45"},{"starttime":"06:35","endtime":"08:05"},{"starttime":"06:45","endtime":"08:15"},{"starttime":"07:00","endtime":"08:40"},{"starttime":"07:55","endtime":"09:35"},{"starttime":"08:15","endtime":"09:55"},{"starttime":"08:30","endtime":"10:30"},{"starttime":"08:35","endtime":"10:15"},{"starttime":"09:25","endtime":"11:10"},{"starttime":"09:35","endtime":"11:15"},{"starttime":"09:45","endtime":"11:30"},{"starttime":"09:55","endtime":"11:40"},{"starttime":"10:30","endtime":"12:20"},{"starttime":"10:35","endtime":"12:25"},{"starttime":"10:55","endtime":"12:35"},{"starttime":"11:35","endtime":"13:25"},{"starttime":"11:50","endtime":"13:30"},{"starttime":"12:10","endtime":"13:50"},{"starttime":"12:25","endtime":"14:05"},{"starttime":"14:35","endtime":"16:25"},{"starttime":"14:40","endtime":"16:30"},{"starttime":"15:25","endtime":"17:10"},{"starttime":"15:40","endtime":"17:20"},{"starttime":"15:50","endtime":"17:40"},{"starttime":"16:05","endtime":"17:45"},{"starttime":"16:30","endtime":"18:20"},{"starttime":"17:00","endtime":"18:40"},{"starttime":"17:05","endtime":"18:45"},{"starttime":"17:30","endtime":"19:30"},{"starttime":"18:05","endtime":"20:05"},{"starttime":"18:30","endtime":"20:30"},{"starttime":"18:55","endtime":"20:45"},{"starttime":"19:10","endtime":"21:00"},{"starttime":"19:15","endtime":"21:05"},{"starttime":"19:30","endtime":"21:15"},{"starttime":"19:40","endtime":"21:30"},{"starttime":"20:30","endtime":"22:25"},{"starttime":"21:00","endtime":"22:40"}]}],"Message":"Success","Issuccess":true,"exception":null,"RowCount":1,"responsecode":200}