{"data":[{"fromstationname":"Kempegowda Bus Station","tostationname":"Sarjapura","fromstationid":"20921","tostationid":"23907","apptime":"01:30:00","distance":"31.50","platformname":"14","platformnumber":"14","baynumber":"3","tripdetails":[{"starttime":"04:00","endtime":"05:30"},{"starttime":"04:25","endtime":"05:55"},{"starttime":"04:30","endtime":"06:00"},{"starttime":"04:45","endtime":"06:15"},{"starttime":"05:00","endtime":"06:30"},{"starttime":"05:05","endtime":"06:35"},{"starttime":"05:15","endtime":"06:45"},{"starttime":"05:25","endtime":"06:55"},{"starttime":"05:30","endtime":"06:50"},{"starttime":"05:35","endtime":"07:15"},{"starttime":"05:45","endtime":"07:15"},{"starttime":"05:55","endtime":"07:25"},{"starttime":"06:00","endtime":"07:40"},{"starttime":"06:10","endtime":"07:45"},{"starttime":"06:25","endtime":"08:05"},{"starttime":"06:35","endtime":"08:15"},{"starttime":"06:40","endtime":"08:30"},{"starttime":"06:55","endtime":"08:35"},{"starttime":"07:10","endtime":"09:10"},{"starttime":"07:15","endtime":"08:55"},{"starttime":"07:25","endtime":"09:25"},{"starttime":"07:40","endtime":"09:30"},{"starttime":"07:50","endtime":"09:50"},{"starttime":"07:55","endtime":"09:55"},{"starttime":"08:05","endtime":"09:55"},{"starttime":"08:15","endtime":"10:15"},{"starttime":"08:25","endtime":"10:25"},{"starttime":"08:40","endtime":"10:40"},{"starttime":"08:45","endtime":"10:35"},{"starttime":"09:00","endtime":"10:40"},{"starttime":"09:05","endtime":"10:55"},{"starttime":"09:15","endtime":"11:05"},{"starttime":"09:20","endtime":"11:10"},{"starttime":"09:25","endtime":"11:15"},{"starttime":"09:30","endtime":"11:20"},{"starttime":"09:40","endtime":"11:30"},{"starttime":"09:45","endtime":"11:35"},{"starttime":"09:55","endtime":"11:55"},{"starttime":"10:00","endtime":"11:50"},{"starttime":"10:05","endtime":"11:50"},{"starttime":"10:20","endtime":"12:20"},{"starttime":"10:30","endtime":"12:20"},{"starttime":"10:35","endtime":"12:25"},{"starttime":"10:40","endtime":"12:35"},{"starttime":"10:45","endtime":"12:35"},{"starttime":"13:25","endtime":"15:15"},{"starttime":"13:30","endtime":"15:30"},{"starttime":"13:40","endtime":"15:40"},{"starttime":"13:50","endtime":"15:50"},{"starttime":"14:15","endtime":"16:15"},{"starttime":"14:25","endtime":"16:15"},{"starttime":"14:50","endtime":"16:50"},{"starttime":"15:00","endtime":"16:50"},{"starttime":"15:10","endtime":"17:10"},{"starttime":"15:20","endtime":"17:20"},{"starttime":"15:25","endtime":"17:25"},{"starttime":"15:30","endtime":"17:20"},{"starttime":"15:40","endtime":"17:40"},{"starttime":"15:45","endtime":"17:45"},{"starttime":"15:55","endtime":"17:50"},{"starttime":"16:05","endtime":"17:55"},{"starttime":"16:10","endtime":"18:10"},{"starttime":"16:25","endtime":"18:15"},{"starttime":"16:40","endtime":"18:40"},{"starttime":"16:50","endtime":"19:00"},{"starttime":"17:00","endtime":"19:00"},{"starttime":"17:10","endtime":"19:00"},{"starttime":"17:20","endtime":"19:20"},{"starttime":"18:00","endtime":"20:00"},{"starttime":"18:15","endtime":"20:15"},{"starttime":"18:35","endtime":"20:35"},{"starttime":"19:05","endtime":"20:30"},{"starttime":"19:20","endtime":"21:20"},{"starttime":"19:25","endtime":"21:25"},{"starttime":"19:40","endtime":"21:30"},{"starttime":"19:45","endtime":"21:35"},{"starttime":"19:55","endtime":"21:45"},{"starttime":"20:00","endtime":"22:00"},{"starttime":"20:20","endtime":"22:00"},{"starttime":"20:30","endtime":"22:20"},{"starttime":"20:40","endtime":"22:40"},{"starttime":"21:10","endtime":"23:05"},{"starttime":"21:25","endtime":"22:50"},{"starttime":"22:05","endtime":"23:35"},{"starttime":"22:20","endtime":"23:50"}]}],"Message":"Success","Issuccess":true,"exception":null,"RowCount":1,"responsecode":200}