{"data":[{"fromstationname":"Sarjapura","tostationname":"Kempegowda Bus Station","fromstationid":"22462","tostationid":"20922","apptime":"01:30:00","distance":"31.50","platformname":"","platformnumber":"","baynumber":"","tripdetails":[{"starttime":"04:30","endtime":"06:00"},{"starttime":"04:45","endtime":"06:15"},{"starttime":"05:00","endtime":"06:30"},{"starttime":"05:20","endtime":"06:50"},{"starttime":"05:30","endtime":"07:10"},{"starttime":"05:40","endtime":"07:10"},{"starttime":"05:50","endtime":"07:30"},{"starttime":"06:00","endtime":"07:40"},{"starttime":"06:10","endtime":"07:45"},{"starttime":"06:20","endtime":"08:00"},{"starttime":"06:25","endtime":"08:15"},{"starttime":"06:30","endtime":"08:00"},{"starttime":"06:40","endtime":"08:20"},{"starttime":"06:50","endtime":"08:40"},{"starttime":"06:55","endtime":"08:35"},{"starttime":"07:00","endtime":"08:40"},{"starttime":"07:10","endtime":"09:00"},{"starttime":"07:20","endtime":"09:00"},{"starttime":"07:30","endtime":"09:20"},{"starttime":"07:50","endtime":"09:40"},{"starttime":"08:00","endtime":"09:30"},{"starttime":"08:05","endtime":"10:05"},{"starttime":"08:10","endtime":"10:00"},{"starttime":"08:15","endtime":"09:45"},{"starttime":"08:20","endtime":"10:10"},{"starttime":"08:25","endtime":"10:25"},{"starttime":"08:40","endtime":"10:30"},{"starttime":"08:50","endtime":"10:50"},{"starttime":"09:00","endtime":"10:50"},{"starttime":"09:20","endtime":"11:20"},{"starttime":"10:00","endtime":"12:00"},{"starttime":"10:25","endtime":"12:20"},{"starttime":"10:30","endtime":"12:15"},{"starttime":"12:05","endtime":"13:55"},{"starttime":"12:30","endtime":"14:20"},{"starttime":"12:35","endtime":"14:25"},{"starttime":"13:05","endtime":"14:55"},{"starttime":"13:25","endtime":"15:15"},{"starttime":"14:15","endtime":"16:05"},{"starttime":"15:05","endtime":"17:05"},{"starttime":"15:15","endtime":"17:05"},{"starttime":"15:25","endtime":"17:25"},{"starttime":"15:55","endtime":"17:55"},{"starttime":"16:00","endtime":"18:00"},{"starttime":"17:00","endtime":"19:00"},{"starttime":"17:15","endtime":"19:05"},{"starttime":"17:20","endtime":"19:20"},{"starttime":"17:30","endtime":"19:30"},{"starttime":"17:35","endtime":"19:35"},{"starttime":"18:00","endtime":"19:50"},{"starttime":"18:05","endtime":"20:05"},{"starttime":"18:10","endtime":"20:10"},{"starttime":"18:20","endtime":"20:10"},{"starttime":"18:35","endtime":"20:25"},{"starttime":"18:40","endtime":"20:25"},{"starttime":"18:50","endtime":"20:50"},{"starttime":"19:00","endtime":"21:00"},{"starttime":"19:05","endtime":"21:05"},{"starttime":"19:15","endtime":"21:15"},{"starttime":"19:20","endtime":"21:20"},{"starttime":"19:30","endtime":"21:20"},{"starttime":"19:55","endtime":"21:40"},{"starttime":"20:05","endtime":"21:55"},{"starttime":"20:15","endtime":"21:50"},{"starttime":"20:25","endtime":"22:15"},{"starttime":"20:30","endtime":"22:15"},{"starttime":"21:00","endtime":"22:30"},{"starttime":"21:05","endtime":"23:05"},{"starttime":"21:30","endtime":"23:00"},{"starttime":"21:35","endtime":"23:25"},{"starttime":"21:50","endtime":"23:40"},{"starttime":"22:00","endtime":"23:40"}]}],"Message":"Success","Issuccess":true,"exception":null,"RowCount":1,"responsecode":200}