{"data":[{"fromstationname":"KR Market (Kalasipalya)","tostationname":"Sarjapura","fromstationid":"20944","tostationid":"23907","apptime":"01:10:00","distance":"29.00","platformname":"","platformnumber":"3","baynumber":"","tripdetails":[{"starttime":"05:00","endtime":"06:10"},{"starttime":"05:25","endtime":"06:55"},{"starttime":"06:30","endtime":"07:50"},{"starttime":"06:50","endtime":"08:10"},{"starttime":"06:55","endtime":"08:25"},{"starttime":"07:25","endtime":"09:00"},{"starttime":"07:50","endtime":"09:30"},{"starttime":"08:30","endtime":"10:15"},{"starttime":"08:45","endtime":"10:25"},{"starttime":"09:00","endtime":"10:50"},{"starttime":"09:15","endtime":"11:05"},{"starttime":"09:55","endtime":"11:25"},{"starttime":"10:00","endtime":"11:45"},{"starttime":"10:05","endtime":"11:45"},{"starttime":"10:25","endtime":"12:05"},{"starttime":"11:40","endtime":"13:25"},{"starttime":"11:45","endtime":"13:30"},{"starttime":"13:40","endtime":"15:20"},{"starttime":"13:45","endtime":"15:25"},{"starttime":"14:10","endtime":"15:50"},{"starttime":"14:15","endtime":"15:55"},{"starttime":"14:20","endtime":"16:00"},{"starttime":"14:35","endtime":"16:15"},{"starttime":"14:55","endtime":"16:35"},{"starttime":"15:15","endtime":"16:55"},{"starttime":"15:30","endtime":"17:25"},{"starttime":"15:50","endtime":"17:45"},{"starttime":"16:25","endtime":"18:25"},{"starttime":"17:00","endtime":"18:50"},{"starttime":"17:10","endtime":"18:55"},{"starttime":"17:45","endtime":"19:35"},{"starttime":"18:40","endtime":"20:10"},{"starttime":"18:50","endtime":"20:30"},{"starttime":"20:45","endtime":"22:35"},{"starttime":"20:55","endtime":"22:35"},{"starttime":"21:15","endtime":"22:45"},{"starttime":"22:00","endtime":"23:20"}]}],"Message":"Success","Issuccess":true,"exception":null,"RowCount":1,"responsecode":200}