{"data":[{"fromstationname":"Beguru","tostationname":"KR Market (Kalasipalya)","fromstationid":"36307","tostationid":"20945","apptime":"00:50:00","distance":"14.40","platformname":"","platformnumber":"","baynumber":"","tripdetails":[{"starttime":"04:50","endtime":"05:40"},{"starttime":"05:00","endtime":"06:00"},{"starttime":"05:30","endtime":"06:30"},{"starttime":"05:40","endtime":"06:40"},{"starttime":"06:05","endtime":"07:05"},{"starttime":"06:50","endtime":"07:50"},{"starttime":"07:10","endtime":"08:20"},{"starttime":"07:40","endtime":"08:40"},{"starttime":"07:50","endtime":"08:45"},{"starttime":"07:55","endtime":"09:00"},{"starttime":"08:20","endtime":"09:30"},{"starttime":"08:40","endtime":"09:40"},{"starttime":"09:05","endtime":"10:15"},{"starttime":"10:05","endtime":"11:15"},{"starttime":"10:10","endtime":"11:10"},{"starttime":"10:20","endtime":"11:20"},{"starttime":"10:30","endtime":"11:35"},{"starttime":"10:35","endtime":"11:35"},{"starttime":"10:45","endtime":"11:50"},{"starttime":"11:15","endtime":"12:15"},{"starttime":"11:25","endtime":"12:25"},{"starttime":"12:45","endtime":"13:45"},{"starttime":"12:50","endtime":"13:45"},{"starttime":"13:10","endtime":"14:10"},{"starttime":"13:35","endtime":"14:35"},{"starttime":"13:40","endtime":"14:40"},{"starttime":"14:40","endtime":"15:45"},{"starttime":"15:00","endtime":"16:10"},{"starttime":"15:05","endtime":"16:05"},{"starttime":"15:15","endtime":"16:10"},{"starttime":"15:30","endtime":"16:30"},{"starttime":"15:35","endtime":"16:35"},{"starttime":"15:45","endtime":"16:40"},{"starttime":"16:30","endtime":"17:40"},{"starttime":"16:45","endtime":"17:45"},{"starttime":"17:20","endtime":"18:30"},{"starttime":"17:35","endtime":"18:35"},{"starttime":"17:40","endtime":"18:40"},{"starttime":"17:50","endtime":"18:50"},{"starttime":"18:15","endtime":"19:20"},{"starttime":"18:25","endtime":"19:35"},{"starttime":"18:50","endtime":"20:00"},{"starttime":"19:00","endtime":"20:00"},{"starttime":"19:50","endtime":"20:55"},{"starttime":"20:35","endtime":"21:40"},{"starttime":"20:45","endtime":"21:45"},{"starttime":"20:55","endtime":"21:55"},{"starttime":"21:25","endtime":"22:25"}]}],"Message":"Success","Issuccess":true,"exception":null,"RowCount":1,"responsecode":200}