{"data":[{"fromstationname":"KR Market (Kalasipalya)","tostationname":"Beguru","fromstationid":"20944","tostationid":"35222","apptime":"00:50:00","distance":"14.40","platformname":"","platformnumber":"3A","baynumber":"","tripdetails":[{"starttime":"05:10","endtime":"06:00"},{"starttime":"06:00","endtime":"06:55"},{"starttime":"06:05","endtime":"07:05"},{"starttime":"06:35","endtime":"07:35"},{"starttime":"06:45","endtime":"07:50"},{"starttime":"06:50","endtime":"07:45"},{"starttime":"07:10","endtime":"08:15"},{"starttime":"07:35","endtime":"08:35"},{"starttime":"07:55","endtime":"09:00"},{"starttime":"08:05","endtime":"09:10"},{"starttime":"08:25","endtime":"09:35"},{"starttime":"08:45","endtime":"09:45"},{"starttime":"08:50","endtime":"09:50"},{"starttime":"08:55","endtime":"09:55"},{"starttime":"09:00","endtime":"10:00"},{"starttime":"09:30","endtime":"10:30"},{"starttime":"09:35","endtime":"10:45"},{"starttime":"10:20","endtime":"11:20"},{"starttime":"10:30","endtime":"11:25"},{"starttime":"10:40","endtime":"11:40"},{"starttime":"10:45","endtime":"11:50"},{"starttime":"10:55","endtime":"12:00"},{"starttime":"11:20","endtime":"12:30"},{"starttime":"11:25","endtime":"12:20"},{"starttime":"11:35","endtime":"12:35"},{"starttime":"11:40","endtime":"12:40"},{"starttime":"11:45","endtime":"12:45"},{"starttime":"11:55","endtime":"13:00"},{"starttime":"12:30","endtime":"13:30"},{"starttime":"12:35","endtime":"13:35"},{"starttime":"13:05","endtime":"14:00"},{"starttime":"13:45","endtime":"14:45"},{"starttime":"13:50","endtime":"14:50"},{"starttime":"14:15","endtime":"15:10"},{"starttime":"14:20","endtime":"15:25"},{"starttime":"14:45","endtime":"15:45"},{"starttime":"15:00","endtime":"16:00"},{"starttime":"15:40","endtime":"16:40"},{"starttime":"15:45","endtime":"16:45"},{"starttime":"15:50","endtime":"16:55"},{"starttime":"16:10","endtime":"17:15"},{"starttime":"16:25","endtime":"17:35"},{"starttime":"16:30","endtime":"17:30"},{"starttime":"16:35","endtime":"17:35"},{"starttime":"16:40","endtime":"17:45"},{"starttime":"16:45","endtime":"17:45"},{"starttime":"17:40","endtime":"18:50"},{"starttime":"17:45","endtime":"18:55"},{"starttime":"17:50","endtime":"18:50"},{"starttime":"18:35","endtime":"19:45"},{"starttime":"19:20","endtime":"20:30"},{"starttime":"19:25","endtime":"20:30"},{"starttime":"19:30","endtime":"20:40"},{"starttime":"19:40","endtime":"20:50"},{"starttime":"20:15","endtime":"21:20"},{"starttime":"20:40","endtime":"21:50"},{"starttime":"21:30","endtime":"22:35"},{"starttime":"21:45","endtime":"22:45"},{"starttime":"22:00","endtime":"23:00"},{"starttime":"22:05","endtime":"23:05"}]}],"Message":"Success","Issuccess":true,"exception":null,"RowCount":1,"responsecode":200}