{"data":[{"fromstationname":"KR Market (Kalasipalya)","tostationname":"Hongasandra MICO Layout","fromstationid":"20944","tostationid":"25913","apptime":"00:55:00","distance":"12.80","platformname":"","platformnumber":"3A","baynumber":"","tripdetails":[{"starttime":"06:55","endtime":"07:50"},{"starttime":"09:05","endtime":"10:00"},{"starttime":"16:20","endtime":"17:15"},{"starttime":"18:30","endtime":"19:25"}]}],"Message":"Success","Issuccess":true,"exception":null,"RowCount":1,"responsecode":200}