{"data":[{"fromstationname":"Central Silk Board","tostationname":"Jigani APC Circle","fromstationid":"35768","tostationid":"35167","apptime":"00:55:00","distance":"20.70","platformname":"","platformnumber":"","baynumber":"","tripdetails":[{"starttime":"05:00","endtime":"05:55"},{"starttime":"06:00","endtime":"06:55"},{"starttime":"07:00","endtime":"08:05"},{"starttime":"08:05","endtime":"09:10"},{"starttime":"08:40","endtime":"09:45"},{"starttime":"09:20","endtime":"10:20"},{"starttime":"09:45","endtime":"10:50"},{"starttime":"10:40","endtime":"11:45"},{"starttime":"11:25","endtime":"12:25"},{"starttime":"12:10","endtime":"13:05"},{"starttime":"13:35","endtime":"14:35"},{"starttime":"14:25","endtime":"15:20"},{"starttime":"15:45","endtime":"16:45"},{"starttime":"16:15","endtime":"17:20"},{"starttime":"16:20","endtime":"17:25"},{"starttime":"16:50","endtime":"17:55"},{"starttime":"17:55","endtime":"19:00"},{"starttime":"19:10","endtime":"20:15"},{"starttime":"20:15","endtime":"21:20"},{"starttime":"21:35","endtime":"22:20"}]}],"Message":"Success","Issuccess":true,"exception":null,"RowCount":1,"responsecode":200}