{"data":[{"fromstationname":"KR Market (Kalasipalya)","tostationname":"Hulimangala","fromstationid":"20944","tostationid":"26036","apptime":"01:20:00","distance":"24.20","platformname":"","platformnumber":"","baynumber":"","tripdetails":[{"starttime":"06:05","endtime":"07:25"},{"starttime":"09:05","endtime":"10:35"},{"starttime":"09:55","endtime":"11:20"},{"starttime":"17:55","endtime":"19:30"},{"starttime":"21:35","endtime":"23:00"}]}],"Message":"Success","Issuccess":true,"exception":null,"RowCount":1,"responsecode":200}