{"data":[{"fromstationname":"Kempegowda Bus Station","tostationname":"AECS Layout Singasandra","fromstationid":"20921","tostationid":"29451","apptime":"01:00:00","distance":"17.50","platformname":"15","platformnumber":"15","baynumber":"3","tripdetails":[{"starttime":"06:05","endtime":"07:05"},{"starttime":"08:50","endtime":"10:00"},{"starttime":"15:25","endtime":"16:45"},{"starttime":"18:15","endtime":"19:35"},{"starttime":"21:45","endtime":"22:45"}]}],"Message":"Success","Issuccess":true,"exception":null,"RowCount":1,"responsecode":200}