{"data":[{"fromstationname":"Subhashnagara Hosa Road","tostationname":"KR Market (Kalasipalya)","fromstationid":"34711","tostationid":"20945","apptime":"01:00:00","distance":"16.90","platformname":"","platformnumber":"","baynumber":"","tripdetails":[{"starttime":"05:30","endtime":"06:30"},{"starttime":"07:45","endtime":"08:55"},{"starttime":"10:40","endtime":"11:40"},{"starttime":"15:00","endtime":"16:00"},{"starttime":"17:45","endtime":"18:55"},{"starttime":"20:05","endtime":"21:05"}]}],"Message":"Success","Issuccess":true,"exception":null,"RowCount":1,"responsecode":200}