{"data":[{"fromstationname":"Hosapalya Kudlu Gate","tostationname":"Kempegowda Bus Station","fromstationid":"23924","tostationid":"20922","apptime":"00:55:00","distance":"19.00","platformname":"","platformnumber":"","baynumber":"","tripdetails":[{"starttime":"05:30","endtime":"06:25"},{"starttime":"07:30","endtime":"08:25"},{"starttime":"10:25","endtime":"11:35"},{"starttime":"15:35","endtime":"17:05"},{"starttime":"19:10","endtime":"20:40"}]}],"Message":"Success","Issuccess":true,"exception":null,"RowCount":1,"responsecode":200}