{"data":[{"fromstationname":"Kempegowda Bus Station","tostationname":"Anekal","fromstationid":"20921","tostationid":"23094","apptime":"02:00:00","distance":"39.50","platformname":"15A","platformnumber":"","baynumber":"","tripdetails":[{"starttime":"04:00","endtime":"06:00"},{"starttime":"04:20","endtime":"06:20"},{"starttime":"04:35","endtime":"06:15"},{"starttime":"04:40","endtime":"06:40"},{"starttime":"05:00","endtime":"06:40"},{"starttime":"05:20","endtime":"07:20"},{"starttime":"05:25","endtime":"07:05"},{"starttime":"05:30","endtime":"07:30"},{"starttime":"05:40","endtime":"07:40"},{"starttime":"06:00","endtime":"08:00"},{"starttime":"06:20","endtime":"08:20"},{"starttime":"06:25","endtime":"08:15"},{"starttime":"06:40","endtime":"08:40"},{"starttime":"07:00","endtime":"08:55"},{"starttime":"07:50","endtime":"10:00"},{"starttime":"08:15","endtime":"10:25"},{"starttime":"08:30","endtime":"10:30"},{"starttime":"08:40","endtime":"10:50"},{"starttime":"08:50","endtime":"11:15"},{"starttime":"08:55","endtime":"11:05"},{"starttime":"09:00","endtime":"11:10"},{"starttime":"09:20","endtime":"11:20"},{"starttime":"09:40","endtime":"11:50"},{"starttime":"10:20","endtime":"12:20"},{"starttime":"10:25","endtime":"12:25"},{"starttime":"10:35","endtime":"12:35"},{"starttime":"10:50","endtime":"12:50"},{"starttime":"10:55","endtime":"12:55"},{"starttime":"12:10","endtime":"14:10"},{"starttime":"12:15","endtime":"14:35"},{"starttime":"12:45","endtime":"14:45"},{"starttime":"13:05","endtime":"15:05"},{"starttime":"13:20","endtime":"15:20"},{"starttime":"13:40","endtime":"15:40"},{"starttime":"13:50","endtime":"15:50"},{"starttime":"14:00","endtime":"16:00"},{"starttime":"14:10","endtime":"16:10"},{"starttime":"14:20","endtime":"16:30"},{"starttime":"14:55","endtime":"16:55"},{"starttime":"15:00","endtime":"17:00"},{"starttime":"15:25","endtime":"17:25"},{"starttime":"15:30","endtime":"17:30"},{"starttime":"16:20","endtime":"18:20"},{"starttime":"17:00","endtime":"19:25"},{"starttime":"17:20","endtime":"19:45"},{"starttime":"18:00","endtime":"20:25"}]}],"Message":"Success","Issuccess":true,"exception":null,"RowCount":1,"responsecode":200}