{"data":[{"fromstationname":"Anekal","tostationname":"Kempegowda Bus Station","fromstationid":"23094","tostationid":"20922","apptime":"01:35:00","distance":"39.50","platformname":"","platformnumber":"","baynumber":"","tripdetails":[{"starttime":"04:30","endtime":"06:05"},{"starttime":"06:20","endtime":"08:20"},{"starttime":"06:40","endtime":"08:50"},{"starttime":"07:10","endtime":"09:20"},{"starttime":"07:50","endtime":"09:50"},{"starttime":"08:00","endtime":"09:50"},{"starttime":"08:20","endtime":"10:20"},{"starttime":"09:00","endtime":"11:00"},{"starttime":"09:25","endtime":"11:25"},{"starttime":"10:40","endtime":"12:40"},{"starttime":"11:00","endtime":"13:00"},{"starttime":"11:15","endtime":"13:15"},{"starttime":"11:30","endtime":"13:30"},{"starttime":"11:45","endtime":"13:45"},{"starttime":"11:50","endtime":"13:50"},{"starttime":"12:05","endtime":"14:15"},{"starttime":"12:25","endtime":"14:25"},{"starttime":"12:40","endtime":"14:40"},{"starttime":"12:55","endtime":"14:55"},{"starttime":"13:25","endtime":"15:25"},{"starttime":"14:15","endtime":"16:15"},{"starttime":"14:20","endtime":"16:30"},{"starttime":"14:50","endtime":"17:00"},{"starttime":"15:05","endtime":"17:25"},{"starttime":"15:15","endtime":"17:25"},{"starttime":"15:30","endtime":"17:40"},{"starttime":"15:40","endtime":"17:50"},{"starttime":"16:10","endtime":"18:20"},{"starttime":"16:30","endtime":"18:40"},{"starttime":"17:00","endtime":"19:10"},{"starttime":"18:50","endtime":"21:10"},{"starttime":"19:00","endtime":"21:00"},{"starttime":"19:15","endtime":"21:25"},{"starttime":"19:35","endtime":"21:45"},{"starttime":"19:45","endtime":"21:55"},{"starttime":"19:55","endtime":"22:05"},{"starttime":"20:15","endtime":"22:25"},{"starttime":"20:30","endtime":"22:30"},{"starttime":"20:35","endtime":"22:45"},{"starttime":"20:55","endtime":"23:05"},{"starttime":"21:15","endtime":"23:25"},{"starttime":"21:35","endtime":"23:25"},{"starttime":"21:55","endtime":"23:45"}]}],"Message":"Success","Issuccess":true,"exception":null,"RowCount":1,"responsecode":200}