{"data":[{"fromstationname":"BDA Complex HSR Layout","tostationname":"Electronic City Wipro Main Gate","fromstationid":"23716","tostationid":"20772","apptime":"00:40:00","distance":"14.00","platformname":"","platformnumber":"","baynumber":"","tripdetails":[{"starttime":"07:30","endtime":"08:10"},{"starttime":"07:45","endtime":"08:25"},{"starttime":"08:00","endtime":"08:40"},{"starttime":"08:15","endtime":"08:55"},{"starttime":"08:30","endtime":"09:10"},{"starttime":"09:00","endtime":"09:40"},{"starttime":"09:15","endtime":"09:55"},{"starttime":"09:30","endtime":"10:10"},{"starttime":"09:45","endtime":"10:25"},{"starttime":"10:00","endtime":"10:40"},{"starttime":"10:15","endtime":"10:55"},{"starttime":"10:50","endtime":"11:30"},{"starttime":"11:05","endtime":"11:45"},{"starttime":"11:10","endtime":"11:50"},{"starttime":"11:25","endtime":"12:05"},{"starttime":"11:40","endtime":"12:20"},{"starttime":"11:55","endtime":"12:35"},{"starttime":"12:10","endtime":"12:50"},{"starttime":"12:20","endtime":"13:00"},{"starttime":"12:25","endtime":"13:05"},{"starttime":"12:35","endtime":"13:15"},{"starttime":"12:55","endtime":"13:35"},{"starttime":"13:10","endtime":"13:50"},{"starttime":"13:25","endtime":"14:05"},{"starttime":"13:40","endtime":"14:20"},{"starttime":"13:50","endtime":"14:30"},{"starttime":"13:55","endtime":"14:35"},{"starttime":"14:05","endtime":"14:45"},{"starttime":"14:40","endtime":"15:20"},{"starttime":"14:50","endtime":"15:30"},{"starttime":"14:55","endtime":"15:35"},{"starttime":"15:10","endtime":"15:50"},{"starttime":"15:25","endtime":"16:05"},{"starttime":"15:50","endtime":"16:30"},{"starttime":"16:05","endtime":"16:45"},{"starttime":"16:20","endtime":"17:00"},{"starttime":"16:35","endtime":"17:15"},{"starttime":"16:40","endtime":"17:30"},{"starttime":"16:50","endtime":"17:30"},{"starttime":"17:05","endtime":"17:45"}]}],"Message":"Success","Issuccess":true,"exception":null,"RowCount":1,"responsecode":200}