{"data":[{"fromstationname":"Electronic City Wipro Main Gate","tostationname":"BDA Complex HSR Layout","fromstationid":"20772","tostationid":"23925","apptime":"00:40:00","distance":"14.00","platformname":"","platformnumber":"","baynumber":"","tripdetails":[{"starttime":"08:55","endtime":"09:35"},{"starttime":"10:30","endtime":"11:15"},{"starttime":"10:45","endtime":"11:30"},{"starttime":"11:00","endtime":"11:45"},{"starttime":"11:40","endtime":"12:30"},{"starttime":"15:20","endtime":"16:10"}]}],"Message":"Success","Issuccess":true,"exception":null,"RowCount":1,"responsecode":200}