{"data":[{"fromstationname":"Electronic City Wipro Main Gate","tostationname":"BDA Complex HSR Layout","fromstationid":"20772","tostationid":"23925","apptime":"00:40:00","distance":"14.00","platformname":"","platformnumber":"","baynumber":"","tripdetails":[{"starttime":"08:15","endtime":"08:55"},{"starttime":"08:30","endtime":"09:10"},{"starttime":"08:45","endtime":"09:25"},{"starttime":"09:00","endtime":"09:40"},{"starttime":"09:15","endtime":"09:55"},{"starttime":"09:30","endtime":"10:10"},{"starttime":"10:00","endtime":"10:40"},{"starttime":"10:05","endtime":"10:45"},{"starttime":"10:20","endtime":"11:00"},{"starttime":"10:40","endtime":"11:20"},{"starttime":"10:55","endtime":"11:35"},{"starttime":"11:10","endtime":"11:50"},{"starttime":"11:25","endtime":"12:05"},{"starttime":"11:35","endtime":"12:15"},{"starttime":"11:40","endtime":"12:20"},{"starttime":"11:50","endtime":"12:30"},{"starttime":"12:10","endtime":"12:50"},{"starttime":"12:25","endtime":"13:05"},{"starttime":"12:40","endtime":"13:20"},{"starttime":"12:55","endtime":"13:35"},{"starttime":"13:05","endtime":"13:45"},{"starttime":"13:10","endtime":"13:50"},{"starttime":"13:20","endtime":"14:00"},{"starttime":"13:40","endtime":"14:20"},{"starttime":"13:55","endtime":"14:35"},{"starttime":"14:10","endtime":"14:50"},{"starttime":"14:25","endtime":"15:05"},{"starttime":"14:40","endtime":"15:20"},{"starttime":"15:05","endtime":"15:45"},{"starttime":"15:20","endtime":"16:00"},{"starttime":"15:35","endtime":"16:15"},{"starttime":"15:50","endtime":"16:30"},{"starttime":"16:05","endtime":"16:45"},{"starttime":"16:20","endtime":"17:00"},{"starttime":"16:35","endtime":"17:15"},{"starttime":"16:50","endtime":"17:30"},{"starttime":"17:05","endtime":"17:45"},{"starttime":"17:20","endtime":"18:00"},{"starttime":"17:35","endtime":"18:15"}]}],"Message":"Success","Issuccess":true,"exception":null,"RowCount":1,"responsecode":200}