{"data":[{"fromstationname":"Kempegowda Bus Station","tostationname":"Girinagara Extension","fromstationid":"20921","tostationid":"25417","apptime":"00:40:00","distance":"13.00","platformname":"10","platformnumber":"10","baynumber":"2","tripdetails":[{"starttime":"05:00","endtime":"05:40"},{"starttime":"06:30","endtime":"07:20"},{"starttime":"07:05","endtime":"07:55"},{"starttime":"08:55","endtime":"09:45"},{"starttime":"10:25","endtime":"11:20"},{"starttime":"11:10","endtime":"12:00"},{"starttime":"13:00","endtime":"13:55"},{"starttime":"15:00","endtime":"15:50"},{"starttime":"15:10","endtime":"16:00"},{"starttime":"16:50","endtime":"17:45"},{"starttime":"19:15","endtime":"20:05"}]}],"Message":"Success","Issuccess":true,"exception":null,"RowCount":1,"responsecode":200}