{"data":[{"fromstationname":"Girinagara Extension","tostationname":"Kempegowda Bus Station","fromstationid":"32685","tostationid":"20922","apptime":"00:40:00","distance":"13.00","platformname":"","platformnumber":"","baynumber":"","tripdetails":[{"starttime":"05:45","endtime":"06:25"},{"starttime":"08:00","endtime":"08:50"},{"starttime":"10:15","endtime":"11:05"},{"starttime":"12:00","endtime":"12:55"},{"starttime":"12:05","endtime":"12:55"},{"starttime":"15:55","endtime":"16:45"},{"starttime":"16:05","endtime":"16:55"},{"starttime":"16:15","endtime":"17:10"},{"starttime":"18:15","endtime":"19:10"},{"starttime":"20:10","endtime":"21:00"},{"starttime":"20:35","endtime":"21:25"}]}],"Message":"Success","Issuccess":true,"exception":null,"RowCount":1,"responsecode":200}