{"data":[{"fromstationname":"Kempegowda Bus Station","tostationname":"Avalahalli New BDA Layout","fromstationid":"20921","tostationid":"35659","apptime":"00:45:00","distance":"11.70","platformname":"10","platformnumber":"10","baynumber":"2","tripdetails":[{"starttime":"05:45","endtime":"06:30"},{"starttime":"06:15","endtime":"06:45"},{"starttime":"07:25","endtime":"08:10"},{"starttime":"09:10","endtime":"10:00"},{"starttime":"11:20","endtime":"12:05"},{"starttime":"16:45","endtime":"17:35"},{"starttime":"19:00","endtime":"19:50"},{"starttime":"20:50","endtime":"21:45"}]}],"Message":"Success","Issuccess":true,"exception":null,"RowCount":1,"responsecode":200}