{"data":[{"fromstationname":"Avalahalli New BDA Layout","tostationname":"Kempegowda Bus Station","fromstationid":"29594","tostationid":"20922","apptime":"00:45:00","distance":"11.70","platformname":"","platformnumber":"","baynumber":"","tripdetails":[{"starttime":"06:35","endtime":"07:20"},{"starttime":"08:15","endtime":"09:05"},{"starttime":"10:30","endtime":"11:20"},{"starttime":"15:50","endtime":"16:40"},{"starttime":"18:05","endtime":"18:55"},{"starttime":"19:55","endtime":"20:45"},{"starttime":"22:10","endtime":"23:00"}]}],"Message":"Success","Issuccess":true,"exception":null,"RowCount":1,"responsecode":200}