{"data":[{"fromstationname":"Anekal","tostationname":"KR Market (Kalasipalya)","fromstationid":"23094","tostationid":"20945","apptime":"01:40:00","distance":"38.00","platformname":"","platformnumber":"","baynumber":"","tripdetails":[{"starttime":"05:30","endtime":"07:10"},{"starttime":"05:40","endtime":"07:40"},{"starttime":"05:45","endtime":"07:30"},{"starttime":"06:00","endtime":"08:00"},{"starttime":"06:10","endtime":"08:20"},{"starttime":"06:30","endtime":"08:40"},{"starttime":"06:50","endtime":"09:00"},{"starttime":"07:10","endtime":"09:20"},{"starttime":"07:30","endtime":"09:40"},{"starttime":"07:40","endtime":"09:50"},{"starttime":"07:50","endtime":"10:00"},{"starttime":"08:10","endtime":"10:20"},{"starttime":"09:30","endtime":"11:40"},{"starttime":"09:50","endtime":"12:05"},{"starttime":"10:05","endtime":"12:05"},{"starttime":"10:15","endtime":"12:25"},{"starttime":"10:20","endtime":"12:20"},{"starttime":"10:45","endtime":"12:45"},{"starttime":"12:10","endtime":"14:20"},{"starttime":"13:35","endtime":"15:35"},{"starttime":"13:45","endtime":"15:45"},{"starttime":"13:55","endtime":"16:05"},{"starttime":"14:05","endtime":"16:05"},{"starttime":"14:15","endtime":"16:25"},{"starttime":"14:35","endtime":"16:45"},{"starttime":"14:55","endtime":"17:05"},{"starttime":"15:15","endtime":"17:25"},{"starttime":"15:35","endtime":"17:45"},{"starttime":"15:55","endtime":"18:05"},{"starttime":"16:05","endtime":"18:15"},{"starttime":"16:15","endtime":"18:25"},{"starttime":"16:35","endtime":"18:45"},{"starttime":"16:55","endtime":"19:05"},{"starttime":"17:05","endtime":"19:15"},{"starttime":"17:40","endtime":"19:50"},{"starttime":"18:10","endtime":"20:10"},{"starttime":"18:30","endtime":"20:30"},{"starttime":"19:00","endtime":"21:10"},{"starttime":"19:20","endtime":"21:30"}]}],"Message":"Success","Issuccess":true,"exception":null,"RowCount":1,"responsecode":200}