{"data":[{"fromstationname":"KR Market (Kalasipalya)","tostationname":"Anekal","fromstationid":"20944","tostationid":"23094","apptime":"01:40:00","distance":"38.00","platformname":"","platformnumber":"","baynumber":"","tripdetails":[{"starttime":"05:35","endtime":"07:15"},{"starttime":"07:15","endtime":"09:25"},{"starttime":"07:35","endtime":"09:35"},{"starttime":"07:50","endtime":"09:50"},{"starttime":"08:05","endtime":"10:25"},{"starttime":"08:50","endtime":"11:00"},{"starttime":"09:10","endtime":"11:20"},{"starttime":"09:30","endtime":"11:40"},{"starttime":"09:50","endtime":"12:00"},{"starttime":"10:10","endtime":"12:20"},{"starttime":"10:20","endtime":"12:30"},{"starttime":"10:30","endtime":"12:40"},{"starttime":"10:50","endtime":"13:00"},{"starttime":"11:10","endtime":"13:20"},{"starttime":"11:30","endtime":"13:40"},{"starttime":"12:10","endtime":"14:10"},{"starttime":"14:25","endtime":"16:35"},{"starttime":"14:30","endtime":"16:30"},{"starttime":"15:10","endtime":"17:20"},{"starttime":"15:30","endtime":"17:30"},{"starttime":"15:40","endtime":"17:40"},{"starttime":"15:50","endtime":"17:50"},{"starttime":"16:00","endtime":"18:00"},{"starttime":"16:10","endtime":"18:10"},{"starttime":"16:35","endtime":"18:55"},{"starttime":"16:40","endtime":"18:40"},{"starttime":"16:45","endtime":"18:55"},{"starttime":"16:55","endtime":"19:15"},{"starttime":"17:00","endtime":"19:00"},{"starttime":"17:15","endtime":"19:25"},{"starttime":"17:35","endtime":"19:45"},{"starttime":"17:55","endtime":"20:05"},{"starttime":"18:15","endtime":"20:25"},{"starttime":"18:35","endtime":"20:45"},{"starttime":"19:50","endtime":"22:00"},{"starttime":"20:40","endtime":"22:40"},{"starttime":"20:55","endtime":"22:55"},{"starttime":"21:30","endtime":"23:10"},{"starttime":"22:00","endtime":"23:40"}]}],"Message":"Success","Issuccess":true,"exception":null,"RowCount":1,"responsecode":200}