{"data":[{"fromstationname":"Shivajinagara Bus Station","tostationname":"Beguru","fromstationid":"21172","tostationid":"35222","apptime":"01:00:00","distance":"14.50","platformname":"","platformnumber":"","baynumber":"","tripdetails":[{"starttime":"05:20","endtime":"06:20"},{"starttime":"06:20","endtime":"07:10"},{"starttime":"06:30","endtime":"07:35"},{"starttime":"06:45","endtime":"07:50"},{"starttime":"06:55","endtime":"07:55"},{"starttime":"07:10","endtime":"08:15"},{"starttime":"07:30","endtime":"08:30"},{"starttime":"08:00","endtime":"09:05"},{"starttime":"08:15","endtime":"09:15"},{"starttime":"08:50","endtime":"09:55"},{"starttime":"08:55","endtime":"10:00"},{"starttime":"09:20","endtime":"10:30"},{"starttime":"09:35","endtime":"10:35"},{"starttime":"10:00","endtime":"11:05"},{"starttime":"10:05","endtime":"11:05"},{"starttime":"10:15","endtime":"11:10"},{"starttime":"10:20","endtime":"11:20"},{"starttime":"10:25","endtime":"11:25"},{"starttime":"11:10","endtime":"12:10"},{"starttime":"11:40","endtime":"12:40"},{"starttime":"11:45","endtime":"12:45"},{"starttime":"12:15","endtime":"13:15"},{"starttime":"12:40","endtime":"13:35"},{"starttime":"12:50","endtime":"13:50"},{"starttime":"13:00","endtime":"14:00"},{"starttime":"13:40","endtime":"14:50"},{"starttime":"13:50","endtime":"14:50"},{"starttime":"14:00","endtime":"15:00"},{"starttime":"14:25","endtime":"15:25"},{"starttime":"14:45","endtime":"15:45"},{"starttime":"15:10","endtime":"16:10"},{"starttime":"15:25","endtime":"16:30"},{"starttime":"15:40","endtime":"16:40"},{"starttime":"16:00","endtime":"17:05"},{"starttime":"16:10","endtime":"17:15"},{"starttime":"16:35","endtime":"17:40"},{"starttime":"16:55","endtime":"17:55"},{"starttime":"17:10","endtime":"18:05"},{"starttime":"18:00","endtime":"19:10"},{"starttime":"18:20","endtime":"19:25"},{"starttime":"18:30","endtime":"19:35"},{"starttime":"18:45","endtime":"19:50"},{"starttime":"19:10","endtime":"20:15"},{"starttime":"19:20","endtime":"20:20"},{"starttime":"22:15","endtime":"23:05"}]}],"Message":"Success","Issuccess":true,"exception":null,"RowCount":1,"responsecode":200}