{"data":[{"fromstationname":"Beguru","tostationname":"Shivajinagara Bus Station","fromstationid":"36307","tostationid":"21173","apptime":"01:00:00","distance":"14.50","platformname":"","platformnumber":"","baynumber":"","tripdetails":[{"starttime":"05:15","endtime":"06:15"},{"starttime":"06:25","endtime":"07:25"},{"starttime":"07:15","endtime":"08:20"},{"starttime":"07:45","endtime":"08:50"},{"starttime":"08:00","endtime":"09:10"},{"starttime":"08:25","endtime":"09:30"},{"starttime":"09:00","endtime":"10:00"},{"starttime":"09:10","endtime":"10:10"},{"starttime":"09:15","endtime":"10:10"},{"starttime":"10:00","endtime":"11:05"},{"starttime":"10:30","endtime":"11:35"},{"starttime":"11:10","endtime":"12:10"},{"starttime":"11:40","endtime":"12:35"},{"starttime":"11:45","endtime":"12:45"},{"starttime":"12:15","endtime":"13:25"},{"starttime":"12:45","endtime":"13:45"},{"starttime":"13:20","endtime":"14:20"},{"starttime":"13:40","endtime":"14:35"},{"starttime":"13:55","endtime":"14:55"},{"starttime":"14:30","endtime":"15:30"},{"starttime":"14:55","endtime":"15:55"},{"starttime":"15:30","endtime":"16:30"},{"starttime":"15:50","endtime":"16:50"},{"starttime":"16:10","endtime":"17:05"},{"starttime":"16:35","endtime":"17:40"},{"starttime":"16:40","endtime":"17:50"},{"starttime":"16:45","endtime":"17:50"},{"starttime":"16:50","endtime":"17:55"},{"starttime":"17:10","endtime":"18:15"},{"starttime":"18:00","endtime":"19:05"},{"starttime":"19:30","endtime":"20:35"},{"starttime":"19:40","endtime":"20:50"},{"starttime":"20:00","endtime":"21:05"},{"starttime":"20:25","endtime":"21:30"},{"starttime":"20:35","endtime":"21:35"}]}],"Message":"Success","Issuccess":true,"exception":null,"RowCount":1,"responsecode":200}