{"data":[{"fromstationname":"Devarachikkanahalli","tostationname":"Kempegowda Bus Station","fromstationid":"24946","tostationid":"20922","apptime":"01:00:00","distance":"17.80","platformname":"","platformnumber":"","baynumber":"","tripdetails":[{"starttime":"08:40","endtime":"09:40"},{"starttime":"09:30","endtime":"10:30"},{"starttime":"11:25","endtime":"12:25"},{"starttime":"12:05","endtime":"13:05"},{"starttime":"14:10","endtime":"15:10"},{"starttime":"18:25","endtime":"19:25"}]}],"Message":"Success","Issuccess":true,"exception":null,"RowCount":1,"responsecode":200}