{"data":[{"fromstationname":"Bannerughatta National Park","tostationname":"Kempegowda Bus Station","fromstationid":"22757","tostationid":"20922","apptime":"01:25:00","distance":"25.10","platformname":"","platformnumber":"","baynumber":"","tripdetails":[{"starttime":"04:50","endtime":"06:15"},{"starttime":"05:00","endtime":"06:10"},{"starttime":"05:25","endtime":"06:25"},{"starttime":"05:30","endtime":"06:40"},{"starttime":"05:40","endtime":"07:00"},{"starttime":"06:20","endtime":"07:50"},{"starttime":"07:20","endtime":"08:50"},{"starttime":"08:00","endtime":"09:15"},{"starttime":"08:10","endtime":"09:40"},{"starttime":"08:25","endtime":"09:55"},{"starttime":"08:30","endtime":"10:00"},{"starttime":"09:10","endtime":"10:50"},{"starttime":"09:30","endtime":"11:00"},{"starttime":"10:00","endtime":"11:30"},{"starttime":"10:30","endtime":"12:00"},{"starttime":"10:35","endtime":"12:00"},{"starttime":"10:45","endtime":"12:15"},{"starttime":"11:00","endtime":"12:30"},{"starttime":"11:25","endtime":"13:00"},{"starttime":"11:35","endtime":"13:00"},{"starttime":"11:45","endtime":"13:10"},{"starttime":"11:50","endtime":"13:20"},{"starttime":"12:00","endtime":"13:15"},{"starttime":"12:05","endtime":"13:35"},{"starttime":"12:15","endtime":"13:30"},{"starttime":"12:20","endtime":"13:50"},{"starttime":"12:30","endtime":"13:50"},{"starttime":"12:35","endtime":"14:00"},{"starttime":"14:20","endtime":"15:50"},{"starttime":"14:25","endtime":"15:50"},{"starttime":"14:30","endtime":"16:00"},{"starttime":"14:35","endtime":"15:55"},{"starttime":"14:40","endtime":"16:10"},{"starttime":"14:45","endtime":"16:15"},{"starttime":"15:10","endtime":"16:30"},{"starttime":"15:15","endtime":"16:55"},{"starttime":"15:25","endtime":"16:45"},{"starttime":"15:30","endtime":"16:50"},{"starttime":"15:40","endtime":"17:10"},{"starttime":"15:45","endtime":"17:05"},{"starttime":"15:50","endtime":"17:20"},{"starttime":"15:55","endtime":"17:25"},{"starttime":"16:00","endtime":"17:30"},{"starttime":"16:05","endtime":"17:30"},{"starttime":"16:35","endtime":"18:05"},{"starttime":"16:40","endtime":"18:05"},{"starttime":"16:45","endtime":"18:10"},{"starttime":"16:50","endtime":"18:10"},{"starttime":"17:20","endtime":"18:50"},{"starttime":"17:25","endtime":"18:50"},{"starttime":"17:30","endtime":"19:00"},{"starttime":"17:35","endtime":"19:05"},{"starttime":"17:40","endtime":"19:10"},{"starttime":"17:55","endtime":"19:25"},{"starttime":"18:15","endtime":"19:45"},{"starttime":"18:25","endtime":"19:55"},{"starttime":"18:40","endtime":"20:10"},{"starttime":"19:00","endtime":"20:30"},{"starttime":"19:05","endtime":"20:30"},{"starttime":"19:20","endtime":"20:50"},{"starttime":"20:05","endtime":"21:35"},{"starttime":"21:05","endtime":"22:35"},{"starttime":"21:20","endtime":"22:50"},{"starttime":"22:15","endtime":"23:30"}]}],"Message":"Success","Issuccess":true,"exception":null,"RowCount":1,"responsecode":200}