{"data":[{"fromstationname":"Kempegowda Bus Station","tostationname":"Bannerughatta National Park","fromstationid":"20921","tostationid":"23785","apptime":"01:20:00","distance":"25.10","platformname":"17","platformnumber":"17","baynumber":"3","tripdetails":[{"starttime":"04:15","endtime":"05:35"},{"starttime":"04:20","endtime":"05:20"},{"starttime":"05:00","endtime":"06:15"},{"starttime":"05:45","endtime":"07:15"},{"starttime":"06:30","endtime":"07:40"},{"starttime":"06:45","endtime":"08:05"},{"starttime":"07:00","endtime":"08:20"},{"starttime":"07:05","endtime":"08:25"},{"starttime":"07:15","endtime":"08:45"},{"starttime":"07:35","endtime":"09:05"},{"starttime":"07:55","endtime":"09:25"},{"starttime":"08:00","endtime":"09:30"},{"starttime":"08:30","endtime":"10:00"},{"starttime":"08:35","endtime":"10:05"},{"starttime":"09:00","endtime":"10:30"},{"starttime":"09:15","endtime":"10:45"},{"starttime":"09:55","endtime":"11:15"},{"starttime":"10:00","endtime":"11:30"},{"starttime":"10:05","endtime":"11:30"},{"starttime":"10:10","endtime":"11:40"},{"starttime":"10:15","endtime":"11:30"},{"starttime":"10:20","endtime":"11:50"},{"starttime":"10:25","endtime":"11:55"},{"starttime":"10:30","endtime":"11:45"},{"starttime":"10:35","endtime":"12:05"},{"starttime":"10:45","endtime":"12:15"},{"starttime":"10:50","endtime":"12:20"},{"starttime":"10:55","endtime":"12:25"},{"starttime":"11:05","endtime":"12:30"},{"starttime":"11:35","endtime":"13:05"},{"starttime":"11:40","endtime":"13:05"},{"starttime":"12:05","endtime":"13:35"},{"starttime":"12:20","endtime":"13:50"},{"starttime":"12:30","endtime":"13:50"},{"starttime":"12:45","endtime":"14:05"},{"starttime":"13:20","endtime":"14:40"},{"starttime":"13:30","endtime":"15:00"},{"starttime":"13:40","endtime":"15:00"},{"starttime":"13:45","endtime":"15:15"},{"starttime":"13:50","endtime":"15:10"},{"starttime":"13:55","endtime":"15:15"},{"starttime":"14:00","endtime":"15:20"},{"starttime":"14:05","endtime":"15:25"},{"starttime":"14:10","endtime":"15:35"},{"starttime":"14:15","endtime":"15:35"},{"starttime":"14:45","endtime":"16:05"},{"starttime":"14:50","endtime":"16:20"},{"starttime":"14:55","endtime":"16:25"},{"starttime":"15:15","endtime":"16:40"},{"starttime":"15:20","endtime":"16:50"},{"starttime":"15:30","endtime":"16:50"},{"starttime":"15:45","endtime":"17:15"},{"starttime":"15:55","endtime":"17:25"},{"starttime":"16:05","endtime":"17:35"},{"starttime":"16:15","endtime":"17:45"},{"starttime":"16:35","endtime":"18:05"},{"starttime":"17:05","endtime":"18:35"},{"starttime":"17:25","endtime":"18:55"},{"starttime":"17:35","endtime":"19:00"},{"starttime":"17:40","endtime":"19:10"},{"starttime":"17:55","endtime":"19:25"},{"starttime":"19:20","endtime":"20:50"},{"starttime":"19:30","endtime":"21:00"},{"starttime":"20:05","endtime":"21:35"},{"starttime":"20:15","endtime":"21:45"},{"starttime":"20:45","endtime":"22:15"},{"starttime":"20:50","endtime":"22:15"},{"starttime":"21:40","endtime":"22:55"}]}],"Message":"Success","Issuccess":true,"exception":null,"RowCount":1,"responsecode":200}