{"data":[{"fromstationname":"Bannerughatta National Park","tostationname":"Depot-34 Gate","fromstationid":"22757","tostationid":"32430","apptime":"00:29:00","distance":"9.90","platformname":"","platformnumber":"","baynumber":"","tripdetails":[{"starttime":"10:40","endtime":"11:09"},{"starttime":"10:50","endtime":"11:19"},{"starttime":"11:15","endtime":"11:44"},{"starttime":"12:00","endtime":"12:29"},{"starttime":"12:10","endtime":"12:39"},{"starttime":"18:10","endtime":"18:49"},{"starttime":"19:05","endtime":"19:49"}]}],"Message":"Success","Issuccess":true,"exception":null,"RowCount":1,"responsecode":200}