{"data":[{"fromstationname":"Kempegowda Bus Station","tostationname":"Shanubhoganahalli Bannerughatta","fromstationid":"20921","tostationid":"23743","apptime":"01:10:00","distance":"25.50","platformname":"17","platformnumber":"17","baynumber":"3","tripdetails":[{"starttime":"06:15","endtime":"07:25"},{"starttime":"07:20","endtime":"08:35"},{"starttime":"08:55","endtime":"10:25"},{"starttime":"14:05","endtime":"15:25"},{"starttime":"14:35","endtime":"15:55"},{"starttime":"15:35","endtime":"17:05"},{"starttime":"15:40","endtime":"17:00"},{"starttime":"16:10","endtime":"17:40"},{"starttime":"17:20","endtime":"18:40"},{"starttime":"18:00","endtime":"19:20"},{"starttime":"21:15","endtime":"22:30"}]}],"Message":"Success","Issuccess":true,"exception":null,"RowCount":1,"responsecode":200}