{"data":[{"fromstationname":"Shanubhoganahalli Bannerughatta","tostationname":"Kempegowda Bus Station","fromstationid":"23855","tostationid":"20922","apptime":"01:10:00","distance":"25.50","platformname":"","platformnumber":"","baynumber":"","tripdetails":[{"starttime":"05:00","endtime":"06:10"},{"starttime":"06:00","endtime":"07:15"},{"starttime":"08:40","endtime":"09:55"},{"starttime":"10:55","endtime":"12:25"},{"starttime":"15:55","endtime":"17:15"},{"starttime":"16:35","endtime":"17:55"},{"starttime":"18:45","endtime":"20:05"},{"starttime":"18:55","endtime":"20:15"}]}],"Message":"Success","Issuccess":true,"exception":null,"RowCount":1,"responsecode":200}