{"data":[{"fromstationname":"Kempegowda Bus Station","tostationname":"Bilavaradahalli","fromstationid":"20921","tostationid":"23740","apptime":"01:00:00","distance":"22.50","platformname":"17","platformnumber":"17","baynumber":"3","tripdetails":[{"starttime":"05:00","endtime":"06:00"},{"starttime":"05:40","endtime":"07:00"},{"starttime":"06:45","endtime":"08:00"},{"starttime":"06:55","endtime":"08:20"},{"starttime":"07:10","endtime":"08:15"},{"starttime":"07:20","endtime":"08:35"},{"starttime":"08:25","endtime":"09:45"},{"starttime":"08:40","endtime":"10:00"},{"starttime":"09:00","endtime":"10:10"},{"starttime":"09:25","endtime":"10:40"},{"starttime":"09:50","endtime":"11:10"},{"starttime":"09:55","endtime":"11:10"},{"starttime":"10:00","endtime":"11:15"},{"starttime":"10:25","endtime":"11:40"},{"starttime":"11:40","endtime":"12:55"},{"starttime":"11:55","endtime":"13:10"},{"starttime":"12:45","endtime":"14:00"},{"starttime":"13:05","endtime":"14:25"},{"starttime":"13:15","endtime":"14:30"},{"starttime":"13:45","endtime":"15:00"},{"starttime":"14:35","endtime":"15:50"},{"starttime":"14:50","endtime":"16:05"},{"starttime":"14:55","endtime":"16:10"},{"starttime":"15:10","endtime":"16:25"},{"starttime":"15:20","endtime":"16:35"},{"starttime":"15:25","endtime":"16:40"},{"starttime":"15:45","endtime":"17:05"},{"starttime":"16:25","endtime":"17:45"},{"starttime":"17:20","endtime":"18:40"},{"starttime":"17:35","endtime":"18:55"},{"starttime":"18:05","endtime":"19:30"},{"starttime":"18:15","endtime":"19:35"},{"starttime":"19:05","endtime":"20:25"},{"starttime":"19:25","endtime":"20:45"},{"starttime":"20:05","endtime":"21:20"},{"starttime":"20:20","endtime":"21:35"},{"starttime":"20:35","endtime":"21:35"},{"starttime":"20:50","endtime":"22:10"},{"starttime":"21:30","endtime":"22:50"},{"starttime":"22:35","endtime":"23:35"},{"starttime":"23:00","endtime":"23:50"}]}],"Message":"Success","Issuccess":true,"exception":null,"RowCount":1,"responsecode":200}