{"data":[{"fromstationname":"Kempegowda Bus Station","tostationname":"Anekal","fromstationid":"20921","tostationid":"23094","apptime":"01:55:00","distance":"41.40","platformname":"17","platformnumber":"17","baynumber":"3","tripdetails":[{"starttime":"04:30","endtime":"06:25"},{"starttime":"05:10","endtime":"07:05"},{"starttime":"05:25","endtime":"07:05"},{"starttime":"05:40","endtime":"07:20"},{"starttime":"06:45","endtime":"08:45"},{"starttime":"06:55","endtime":"08:55"},{"starttime":"07:05","endtime":"09:05"},{"starttime":"07:40","endtime":"09:40"},{"starttime":"07:50","endtime":"09:50"},{"starttime":"08:05","endtime":"10:05"},{"starttime":"08:10","endtime":"10:10"},{"starttime":"08:15","endtime":"10:25"},{"starttime":"08:30","endtime":"10:30"},{"starttime":"08:40","endtime":"10:50"},{"starttime":"09:10","endtime":"11:20"},{"starttime":"09:30","endtime":"11:40"},{"starttime":"09:40","endtime":"11:40"},{"starttime":"09:55","endtime":"11:55"},{"starttime":"10:05","endtime":"12:05"},{"starttime":"10:45","endtime":"12:45"},{"starttime":"11:45","endtime":"13:45"},{"starttime":"12:05","endtime":"14:05"},{"starttime":"12:25","endtime":"14:25"},{"starttime":"12:30","endtime":"14:30"},{"starttime":"12:45","endtime":"14:45"},{"starttime":"13:30","endtime":"15:30"},{"starttime":"14:50","endtime":"16:50"},{"starttime":"15:10","endtime":"17:10"},{"starttime":"15:25","endtime":"17:25"},{"starttime":"15:30","endtime":"17:30"},{"starttime":"15:35","endtime":"17:35"},{"starttime":"16:05","endtime":"18:05"},{"starttime":"16:15","endtime":"18:15"},{"starttime":"16:30","endtime":"18:30"},{"starttime":"16:40","endtime":"19:00"},{"starttime":"17:00","endtime":"19:10"},{"starttime":"17:10","endtime":"19:10"},{"starttime":"17:15","endtime":"19:25"},{"starttime":"17:20","endtime":"19:20"},{"starttime":"17:30","endtime":"19:30"},{"starttime":"19:35","endtime":"21:35"},{"starttime":"20:00","endtime":"22:05"},{"starttime":"20:15","endtime":"22:15"},{"starttime":"20:50","endtime":"23:10"},{"starttime":"21:05","endtime":"23:00"},{"starttime":"21:25","endtime":"23:15"},{"starttime":"21:45","endtime":"23:35"},{"starttime":"21:55","endtime":"23:35"}]}],"Message":"Success","Issuccess":true,"exception":null,"RowCount":1,"responsecode":200}