{"data":[{"fromstationname":"Kempegowda Bus Station","tostationname":"Jigani APC Circle","fromstationid":"20921","tostationid":"35167","apptime":"01:50:00","distance":"31.50","platformname":"17","platformnumber":"17","baynumber":"3","tripdetails":[{"starttime":"02:20","endtime":"04:10"},{"starttime":"05:05","endtime":"06:30"},{"starttime":"05:20","endtime":"06:40"},{"starttime":"05:30","endtime":"07:10"},{"starttime":"06:20","endtime":"08:00"},{"starttime":"06:35","endtime":"08:15"},{"starttime":"06:55","endtime":"08:35"},{"starttime":"07:10","endtime":"08:55"},{"starttime":"07:25","endtime":"09:10"},{"starttime":"07:30","endtime":"09:00"},{"starttime":"07:35","endtime":"09:15"},{"starttime":"07:40","endtime":"09:25"},{"starttime":"07:50","endtime":"09:40"},{"starttime":"08:45","endtime":"10:30"},{"starttime":"08:55","endtime":"10:45"},{"starttime":"09:00","endtime":"10:40"},{"starttime":"09:05","endtime":"10:55"},{"starttime":"09:15","endtime":"10:45"},{"starttime":"09:25","endtime":"11:05"},{"starttime":"09:35","endtime":"11:20"},{"starttime":"09:50","endtime":"11:40"},{"starttime":"10:05","endtime":"11:45"},{"starttime":"10:20","endtime":"12:00"},{"starttime":"10:30","endtime":"12:10"},{"starttime":"10:50","endtime":"12:30"},{"starttime":"11:20","endtime":"13:00"},{"starttime":"11:25","endtime":"13:10"},{"starttime":"11:40","endtime":"13:35"},{"starttime":"11:50","endtime":"13:30"},{"starttime":"12:35","endtime":"14:05"},{"starttime":"13:00","endtime":"14:40"},{"starttime":"13:20","endtime":"15:05"},{"starttime":"13:35","endtime":"15:20"},{"starttime":"13:50","endtime":"15:20"},{"starttime":"14:00","endtime":"15:30"},{"starttime":"14:05","endtime":"15:45"},{"starttime":"14:25","endtime":"16:15"},{"starttime":"14:35","endtime":"16:15"},{"starttime":"14:45","endtime":"16:35"},{"starttime":"14:55","endtime":"16:45"},{"starttime":"15:25","endtime":"17:10"},{"starttime":"16:35","endtime":"18:24"},{"starttime":"16:45","endtime":"18:35"},{"starttime":"16:55","endtime":"18:45"},{"starttime":"17:05","endtime":"18:55"},{"starttime":"17:20","endtime":"19:00"},{"starttime":"17:30","endtime":"19:10"},{"starttime":"18:00","endtime":"19:40"},{"starttime":"18:05","endtime":"19:55"},{"starttime":"18:20","endtime":"20:10"},{"starttime":"18:35","endtime":"20:25"},{"starttime":"18:45","endtime":"20:35"},{"starttime":"18:50","endtime":"20:30"},{"starttime":"19:15","endtime":"20:45"},{"starttime":"19:30","endtime":"21:00"},{"starttime":"19:40","endtime":"21:29"},{"starttime":"19:50","endtime":"21:34"},{"starttime":"21:00","endtime":"22:50"},{"starttime":"21:35","endtime":"23:15"},{"starttime":"22:15","endtime":"23:50"}]}],"Message":"Success","Issuccess":true,"exception":null,"RowCount":1,"responsecode":200}