{"data":[{"fromstationname":"Jigani APC Circle","tostationname":"Kempegowda Bus Station","fromstationid":"22785","tostationid":"20922","apptime":"01:25:00","distance":"31.50","platformname":"","platformnumber":"","baynumber":"","tripdetails":[{"starttime":"03:20","endtime":"04:45"},{"starttime":"04:30","endtime":"05:30"},{"starttime":"04:40","endtime":"06:30"},{"starttime":"05:30","endtime":"07:05"},{"starttime":"05:45","endtime":"07:20"},{"starttime":"06:45","endtime":"08:30"},{"starttime":"07:01","endtime":"08:50"},{"starttime":"08:10","endtime":"10:00"},{"starttime":"08:40","endtime":"10:20"},{"starttime":"09:00","endtime":"10:50"},{"starttime":"09:05","endtime":"10:45"},{"starttime":"09:25","endtime":"11:15"},{"starttime":"09:40","endtime":"11:30"},{"starttime":"09:45","endtime":"11:35"},{"starttime":"09:55","endtime":"11:45"},{"starttime":"11:00","endtime":"12:50"},{"starttime":"11:15","endtime":"12:55"},{"starttime":"11:30","endtime":"13:20"},{"starttime":"12:05","endtime":"13:45"},{"starttime":"12:15","endtime":"13:55"},{"starttime":"12:45","endtime":"14:25"},{"starttime":"13:05","endtime":"14:45"},{"starttime":"13:41","endtime":"15:30"},{"starttime":"13:50","endtime":"15:40"},{"starttime":"14:10","endtime":"15:50"},{"starttime":"14:25","endtime":"16:05"},{"starttime":"15:05","endtime":"16:45"},{"starttime":"15:10","endtime":"16:50"},{"starttime":"15:20","endtime":"17:10"},{"starttime":"15:30","endtime":"17:10"},{"starttime":"16:10","endtime":"17:50"},{"starttime":"16:45","endtime":"18:35"},{"starttime":"16:50","endtime":"18:40"},{"starttime":"17:05","endtime":"19:05"},{"starttime":"18:40","endtime":"20:30"},{"starttime":"19:00","endtime":"20:50"},{"starttime":"19:10","endtime":"20:45"},{"starttime":"19:30","endtime":"21:20"},{"starttime":"19:40","endtime":"21:30"},{"starttime":"20:00","endtime":"21:45"},{"starttime":"20:15","endtime":"22:00"},{"starttime":"20:40","endtime":"22:30"},{"starttime":"21:30","endtime":"23:00"}]}],"Message":"Success","Issuccess":true,"exception":null,"RowCount":1,"responsecode":200}