{"data":[{"fromstationname":"Bilavaradahalli","tostationname":"Kempegowda Bus Station","fromstationid":"23858","tostationid":"20922","apptime":"01:05:00","distance":"22.50","platformname":"","platformnumber":"","baynumber":"","tripdetails":[{"starttime":"04:50","endtime":"05:55"},{"starttime":"05:20","endtime":"06:35"},{"starttime":"05:40","endtime":"06:50"},{"starttime":"06:00","endtime":"07:15"},{"starttime":"06:05","endtime":"07:05"},{"starttime":"07:10","endtime":"08:30"},{"starttime":"08:05","endtime":"09:20"},{"starttime":"08:10","endtime":"09:25"},{"starttime":"08:40","endtime":"09:55"},{"starttime":"08:45","endtime":"10:00"},{"starttime":"08:50","endtime":"10:15"},{"starttime":"10:10","endtime":"11:30"},{"starttime":"10:15","endtime":"11:35"},{"starttime":"10:30","endtime":"11:50"},{"starttime":"11:25","endtime":"12:40"},{"starttime":"11:40","endtime":"13:00"},{"starttime":"11:55","endtime":"13:10"},{"starttime":"12:25","endtime":"13:40"},{"starttime":"12:50","endtime":"14:05"},{"starttime":"13:00","endtime":"14:15"},{"starttime":"13:15","endtime":"14:30"},{"starttime":"15:00","endtime":"16:20"},{"starttime":"15:15","endtime":"16:30"},{"starttime":"15:45","endtime":"17:00"},{"starttime":"16:10","endtime":"17:25"},{"starttime":"16:15","endtime":"17:30"},{"starttime":"16:30","endtime":"17:50"},{"starttime":"16:40","endtime":"18:00"},{"starttime":"16:45","endtime":"18:05"},{"starttime":"16:50","endtime":"18:10"},{"starttime":"17:15","endtime":"18:35"},{"starttime":"18:00","endtime":"19:20"},{"starttime":"19:00","endtime":"20:20"},{"starttime":"19:40","endtime":"21:00"},{"starttime":"20:00","endtime":"21:20"},{"starttime":"20:25","endtime":"21:45"},{"starttime":"20:35","endtime":"21:55"},{"starttime":"20:50","endtime":"22:00"},{"starttime":"22:15","endtime":"23:25"}]}],"Message":"Success","Issuccess":true,"exception":null,"RowCount":1,"responsecode":200}