{"data":[{"fromstationname":"Anekal","tostationname":"Kempegowda Bus Station","fromstationid":"23094","tostationid":"20922","apptime":"02:00:00","distance":"41.40","platformname":"","platformnumber":"","baynumber":"","tripdetails":[{"starttime":"04:30","endtime":"06:30"},{"starttime":"05:00","endtime":"06:30"},{"starttime":"05:15","endtime":"06:55"},{"starttime":"05:30","endtime":"07:30"},{"starttime":"06:05","endtime":"08:05"},{"starttime":"06:15","endtime":"08:10"},{"starttime":"06:25","endtime":"08:25"},{"starttime":"06:30","endtime":"08:40"},{"starttime":"07:10","endtime":"09:10"},{"starttime":"07:25","endtime":"09:25"},{"starttime":"08:05","endtime":"10:05"},{"starttime":"09:05","endtime":"11:05"},{"starttime":"09:15","endtime":"11:35"},{"starttime":"09:20","endtime":"11:20"},{"starttime":"09:35","endtime":"11:35"},{"starttime":"09:55","endtime":"11:55"},{"starttime":"10:10","endtime":"12:10"},{"starttime":"10:15","endtime":"12:15"},{"starttime":"10:25","endtime":"12:25"},{"starttime":"10:40","endtime":"12:40"},{"starttime":"10:45","endtime":"12:55"},{"starttime":"11:00","endtime":"13:00"},{"starttime":"12:00","endtime":"14:00"},{"starttime":"12:10","endtime":"14:10"},{"starttime":"12:50","endtime":"14:50"},{"starttime":"13:50","endtime":"15:50"},{"starttime":"14:15","endtime":"16:35"},{"starttime":"14:25","endtime":"16:35"},{"starttime":"14:35","endtime":"16:35"},{"starttime":"14:55","endtime":"16:55"},{"starttime":"15:05","endtime":"17:15"},{"starttime":"15:10","endtime":"17:10"},{"starttime":"15:15","endtime":"17:15"},{"starttime":"16:20","endtime":"18:20"},{"starttime":"17:15","endtime":"19:15"},{"starttime":"17:30","endtime":"19:30"},{"starttime":"17:50","endtime":"19:50"},{"starttime":"18:00","endtime":"20:20"},{"starttime":"18:05","endtime":"20:05"},{"starttime":"18:25","endtime":"20:25"},{"starttime":"18:35","endtime":"20:35"},{"starttime":"19:30","endtime":"21:50"},{"starttime":"19:40","endtime":"21:40"},{"starttime":"19:55","endtime":"21:55"},{"starttime":"20:00","endtime":"22:00"},{"starttime":"20:30","endtime":"22:40"}]}],"Message":"Success","Issuccess":true,"exception":null,"RowCount":1,"responsecode":200}