{"data":[{"fromstationname":"Devarachikkanahalli","tostationname":"KR Market (Kalasipalya)","fromstationid":"24946","tostationid":"20945","apptime":"00:50:00","distance":"13.80","platformname":"","platformnumber":"","baynumber":"","tripdetails":[{"starttime":"05:00","endtime":"05:50"},{"starttime":"05:30","endtime":"06:20"},{"starttime":"06:50","endtime":"07:40"},{"starttime":"07:30","endtime":"08:30"},{"starttime":"07:50","endtime":"08:50"},{"starttime":"08:05","endtime":"09:00"},{"starttime":"08:30","endtime":"09:25"},{"starttime":"09:00","endtime":"09:55"},{"starttime":"09:15","endtime":"10:15"},{"starttime":"10:05","endtime":"11:00"},{"starttime":"10:55","endtime":"11:50"},{"starttime":"11:30","endtime":"12:25"},{"starttime":"12:05","endtime":"13:00"},{"starttime":"12:50","endtime":"13:50"},{"starttime":"12:55","endtime":"13:50"},{"starttime":"14:45","endtime":"15:40"},{"starttime":"14:55","endtime":"15:50"},{"starttime":"15:40","endtime":"16:40"},{"starttime":"15:55","endtime":"16:50"},{"starttime":"16:00","endtime":"16:55"},{"starttime":"16:25","endtime":"17:20"},{"starttime":"16:45","endtime":"17:40"},{"starttime":"18:00","endtime":"19:00"},{"starttime":"18:30","endtime":"19:25"},{"starttime":"18:50","endtime":"19:45"},{"starttime":"20:25","endtime":"21:15"},{"starttime":"20:35","endtime":"21:25"},{"starttime":"20:50","endtime":"21:45"}]}],"Message":"Success","Issuccess":true,"exception":null,"RowCount":1,"responsecode":200}