{"data":[{"fromstationname":"Chikka Kammanahalli","tostationname":"Kempegowda Bus Station","fromstationid":"24511","tostationid":"20922","apptime":"01:00:00","distance":"19.80","platformname":"","platformnumber":"","baynumber":"","tripdetails":[{"starttime":"06:10","endtime":"07:10"},{"starttime":"06:25","endtime":"07:30"},{"starttime":"08:30","endtime":"09:40"},{"starttime":"09:10","endtime":"10:15"},{"starttime":"16:00","endtime":"17:05"},{"starttime":"16:10","endtime":"17:20"},{"starttime":"16:15","endtime":"17:25"},{"starttime":"19:05","endtime":"20:10"},{"starttime":"20:30","endtime":"21:35"},{"starttime":"20:45","endtime":"21:55"}]}],"Message":"Success","Issuccess":true,"exception":null,"RowCount":1,"responsecode":200}