{"data":[{"fromstationname":"Kempegowda Bus Station","tostationname":"Chikka Kammanahalli","fromstationid":"20921","tostationid":"32275","apptime":"01:00:00","distance":"19.80","platformname":"17","platformnumber":"17","baynumber":"3","tripdetails":[{"starttime":"05:00","endtime":"06:00"},{"starttime":"05:15","endtime":"06:20"},{"starttime":"07:15","endtime":"08:20"},{"starttime":"07:35","endtime":"08:40"},{"starttime":"10:10","endtime":"11:20"},{"starttime":"10:20","endtime":"11:25"},{"starttime":"10:45","endtime":"12:00"},{"starttime":"14:25","endtime":"15:30"},{"starttime":"14:50","endtime":"15:55"},{"starttime":"14:55","endtime":"16:05"},{"starttime":"17:10","endtime":"18:15"},{"starttime":"17:30","endtime":"18:35"}]}],"Message":"Success","Issuccess":true,"exception":null,"RowCount":1,"responsecode":200}