{"data":[{"fromstationname":"Srinagara Bus Station","tostationname":"Shivajinagara Bus Station","fromstationid":"21188","tostationid":"21173","apptime":"00:35:00","distance":"9.50","platformname":"","platformnumber":"","baynumber":"","tripdetails":[{"starttime":"06:50","endtime":"07:25"},{"starttime":"07:30","endtime":"08:10"},{"starttime":"07:40","endtime":"08:20"},{"starttime":"08:20","endtime":"09:10"},{"starttime":"09:00","endtime":"09:55"},{"starttime":"09:15","endtime":"10:10"},{"starttime":"10:00","endtime":"10:50"},{"starttime":"10:40","endtime":"11:25"},{"starttime":"11:15","endtime":"12:00"},{"starttime":"11:30","endtime":"12:15"},{"starttime":"12:20","endtime":"13:05"},{"starttime":"14:30","endtime":"15:15"},{"starttime":"14:40","endtime":"15:25"},{"starttime":"15:55","endtime":"16:45"},{"starttime":"16:10","endtime":"17:00"},{"starttime":"16:20","endtime":"17:15"},{"starttime":"17:50","endtime":"18:45"},{"starttime":"18:30","endtime":"19:25"},{"starttime":"18:50","endtime":"19:40"},{"starttime":"20:10","endtime":"20:55"},{"starttime":"20:20","endtime":"21:05"},{"starttime":"20:40","endtime":"21:25"}]}],"Message":"Success","Issuccess":true,"exception":null,"RowCount":1,"responsecode":200}