{"data":[{"fromstationname":"Shivajinagara Bus Station","tostationname":"Srinagara Bus Station","fromstationid":"21172","tostationid":"21188","apptime":"00:35:00","distance":"9.50","platformname":"10","platformnumber":"10","baynumber":"3","tripdetails":[{"starttime":"06:50","endtime":"07:25"},{"starttime":"06:55","endtime":"07:35"},{"starttime":"07:30","endtime":"08:10"},{"starttime":"08:15","endtime":"08:55"},{"starttime":"08:25","endtime":"09:10"},{"starttime":"08:35","endtime":"09:25"},{"starttime":"09:15","endtime":"10:10"},{"starttime":"10:25","endtime":"11:10"},{"starttime":"10:35","endtime":"11:25"},{"starttime":"11:30","endtime":"12:15"},{"starttime":"12:05","endtime":"12:45"},{"starttime":"12:20","endtime":"13:00"},{"starttime":"15:05","endtime":"15:50"},{"starttime":"15:20","endtime":"16:05"},{"starttime":"15:30","endtime":"16:15"},{"starttime":"16:50","endtime":"17:45"},{"starttime":"17:05","endtime":"18:00"},{"starttime":"17:20","endtime":"18:15"},{"starttime":"17:50","endtime":"18:25"},{"starttime":"19:00","endtime":"19:30"},{"starttime":"19:15","endtime":"20:05"},{"starttime":"19:30","endtime":"20:15"},{"starttime":"19:45","endtime":"20:35"}]}],"Message":"Success","Issuccess":true,"exception":null,"RowCount":1,"responsecode":200}