{"data":[{"fromstationname":"Nelamangala Bus Station","tostationname":"Summanahalli","fromstationid":"22353","tostationid":"21203","apptime":"01:30:00","distance":"32.50","platformname":"","platformnumber":"","baynumber":"","tripdetails":[{"starttime":"05:00","endtime":"06:30"},{"starttime":"05:45","endtime":"07:15"},{"starttime":"06:35","endtime":"08:05"},{"starttime":"07:20","endtime":"08:50"},{"starttime":"08:10","endtime":"09:40"},{"starttime":"08:55","endtime":"10:25"},{"starttime":"14:05","endtime":"15:35"},{"starttime":"14:50","endtime":"16:20"},{"starttime":"15:55","endtime":"17:25"},{"starttime":"16:40","endtime":"18:10"},{"starttime":"17:40","endtime":"19:10"},{"starttime":"18:25","endtime":"19:55"}]}],"Message":"Success","Issuccess":true,"exception":null,"RowCount":1,"responsecode":200}