{"data":[{"fromstationname":"Banashankari Bus Station","tostationname":"Electronic City","fromstationid":"20623","tostationid":"20773","apptime":"01:20:00","distance":"24.00","platformname":"","platformnumber":"","baynumber":"","tripdetails":[{"starttime":"11:15","endtime":"12:35"},{"starttime":"12:15","endtime":"13:35"},{"starttime":"14:00","endtime":"14:50"},{"starttime":"16:40","endtime":"18:05"},{"starttime":"17:20","endtime":"18:45"}]}],"Message":"Success","Issuccess":true,"exception":null,"RowCount":1,"responsecode":200}