{"data":[{"fromstationname":"KR Market","tostationname":"Haraluru","fromstationid":"22199","tostationid":"32858","apptime":"01:30:00","distance":"35.50","platformname":"","platformnumber":"","baynumber":"","tripdetails":[{"starttime":"05:25","endtime":"06:55"},{"starttime":"10:05","endtime":"11:50"},{"starttime":"13:50","endtime":"15:35"},{"starttime":"14:40","endtime":"16:25"},{"starttime":"19:15","endtime":"21:00"}]}],"Message":"Success","Issuccess":true,"exception":null,"RowCount":1,"responsecode":200}