{"data":[{"fromstationname":"Kengeri Bus Station","tostationname":"Yeshawanthapura Bus Station","fromstationid":"20925","tostationid":"24016","apptime":"01:00:00","distance":"21.50","platformname":"2","platformnumber":"2","baynumber":"2","tripdetails":[{"starttime":"05:05","endtime":"06:05"},{"starttime":"05:15","endtime":"06:15"},{"starttime":"05:25","endtime":"06:30"},{"starttime":"05:35","endtime":"06:35"},{"starttime":"05:45","endtime":"06:50"},{"starttime":"06:10","endtime":"07:10"},{"starttime":"06:35","endtime":"07:40"},{"starttime":"07:01","endtime":"08:05"},{"starttime":"07:10","endtime":"08:15"},{"starttime":"07:15","endtime":"08:20"},{"starttime":"07:25","endtime":"08:30"},{"starttime":"07:30","endtime":"08:35"},{"starttime":"07:35","endtime":"08:40"},{"starttime":"07:40","endtime":"08:45"},{"starttime":"07:55","endtime":"09:00"},{"starttime":"08:05","endtime":"09:10"},{"starttime":"08:10","endtime":"09:25"},{"starttime":"08:15","endtime":"09:30"},{"starttime":"08:21","endtime":"09:35"},{"starttime":"08:30","endtime":"09:45"},{"starttime":"08:40","endtime":"09:55"},{"starttime":"08:45","endtime":"10:00"},{"starttime":"08:50","endtime":"10:05"},{"starttime":"08:55","endtime":"10:10"},{"starttime":"09:20","endtime":"10:35"},{"starttime":"09:40","endtime":"10:45"},{"starttime":"09:50","endtime":"10:55"},{"starttime":"10:05","endtime":"11:10"},{"starttime":"10:10","endtime":"11:15"},{"starttime":"10:15","endtime":"11:30"},{"starttime":"10:20","endtime":"11:25"},{"starttime":"10:25","endtime":"11:30"},{"starttime":"10:35","endtime":"11:40"},{"starttime":"10:40","endtime":"11:45"},{"starttime":"10:45","endtime":"11:50"},{"starttime":"10:55","endtime":"12:00"},{"starttime":"11:00","endtime":"12:05"},{"starttime":"11:05","endtime":"12:10"},{"starttime":"11:10","endtime":"12:15"},{"starttime":"11:25","endtime":"12:30"},{"starttime":"11:35","endtime":"12:40"},{"starttime":"11:40","endtime":"12:45"},{"starttime":"11:55","endtime":"13:00"},{"starttime":"12:05","endtime":"13:10"},{"starttime":"12:10","endtime":"13:15"},{"starttime":"12:15","endtime":"13:20"},{"starttime":"12:25","endtime":"13:30"},{"starttime":"12:40","endtime":"13:45"},{"starttime":"13:05","endtime":"14:10"},{"starttime":"13:50","endtime":"14:55"},{"starttime":"14:00","endtime":"15:05"},{"starttime":"14:10","endtime":"15:15"},{"starttime":"14:21","endtime":"15:25"},{"starttime":"14:30","endtime":"15:35"},{"starttime":"14:55","endtime":"16:00"},{"starttime":"15:06","endtime":"16:10"},{"starttime":"15:10","endtime":"16:25"},{"starttime":"15:16","endtime":"16:20"},{"starttime":"15:20","endtime":"16:25"},{"starttime":"15:25","endtime":"16:30"},{"starttime":"15:30","endtime":"16:35"},{"starttime":"15:36","endtime":"16:40"},{"starttime":"16:15","endtime":"17:30"},{"starttime":"16:25","endtime":"17:40"},{"starttime":"16:30","endtime":"17:45"},{"starttime":"16:40","endtime":"17:45"},{"starttime":"16:55","endtime":"18:10"},{"starttime":"17:00","endtime":"18:15"},{"starttime":"17:15","endtime":"18:30"},{"starttime":"17:20","endtime":"18:35"},{"starttime":"17:30","endtime":"18:45"},{"starttime":"17:40","endtime":"18:55"},{"starttime":"18:00","endtime":"19:15"},{"starttime":"18:10","endtime":"19:25"},{"starttime":"18:20","endtime":"19:35"},{"starttime":"18:40","endtime":"19:55"},{"starttime":"19:30","endtime":"20:45"},{"starttime":"19:40","endtime":"20:55"},{"starttime":"19:45","endtime":"21:00"},{"starttime":"19:55","endtime":"21:10"},{"starttime":"20:05","endtime":"21:20"},{"starttime":"20:10","endtime":"21:24"},{"starttime":"20:15","endtime":"21:30"},{"starttime":"20:20","endtime":"21:35"},{"starttime":"20:25","endtime":"21:40"},{"starttime":"20:35","endtime":"21:49"},{"starttime":"20:45","endtime":"22:00"},{"starttime":"21:05","endtime":"22:10"}]}],"Message":"Success","Issuccess":true,"exception":null,"RowCount":1,"responsecode":200}