{"data":[{"fromstationname":"Jalahalli Cross","tostationname":"Banashankari Bus Station","fromstationid":"20870","tostationid":"20624","apptime":"01:05:00","distance":"23.20","platformname":"","platformnumber":"","baynumber":"","tripdetails":[{"starttime":"05:00","endtime":"06:05"},{"starttime":"05:30","endtime":"06:30"},{"starttime":"05:55","endtime":"07:10"},{"starttime":"06:15","endtime":"07:30"},{"starttime":"06:25","endtime":"07:45"},{"starttime":"08:00","endtime":"09:30"},{"starttime":"08:05","endtime":"09:35"},{"starttime":"08:30","endtime":"10:00"},{"starttime":"08:55","endtime":"10:25"},{"starttime":"09:10","endtime":"10:40"},{"starttime":"09:40","endtime":"11:10"},{"starttime":"09:50","endtime":"11:10"},{"starttime":"10:10","endtime":"11:35"},{"starttime":"10:40","endtime":"12:05"},{"starttime":"11:00","endtime":"12:25"},{"starttime":"11:30","endtime":"13:00"},{"starttime":"12:30","endtime":"13:55"},{"starttime":"12:40","endtime":"13:55"},{"starttime":"13:10","endtime":"14:35"},{"starttime":"13:40","endtime":"15:05"},{"starttime":"14:00","endtime":"15:25"},{"starttime":"15:50","endtime":"17:20"},{"starttime":"16:10","endtime":"17:40"},{"starttime":"16:15","endtime":"17:45"},{"starttime":"16:40","endtime":"18:10"},{"starttime":"17:00","endtime":"18:30"},{"starttime":"17:25","endtime":"18:55"},{"starttime":"17:30","endtime":"19:00"},{"starttime":"18:05","endtime":"19:35"},{"starttime":"19:15","endtime":"20:45"},{"starttime":"19:20","endtime":"20:50"},{"starttime":"19:25","endtime":"20:55"},{"starttime":"20:00","endtime":"21:30"},{"starttime":"20:50","endtime":"22:10"},{"starttime":"21:45","endtime":"23:00"}]}],"Message":"Success","Issuccess":true,"exception":null,"RowCount":1,"responsecode":200}