{"data":[{"fromstationname":"Shri Vidhyanagara","tostationname":"Kempegowda Bus Station","fromstationid":"22675","tostationid":"20922","apptime":"00:45:00","distance":"12.50","platformname":"","platformnumber":"","baynumber":"","tripdetails":[{"starttime":"08:50","endtime":"09:35"},{"starttime":"11:05","endtime":"11:50"},{"starttime":"12:50","endtime":"13:35"},{"starttime":"15:05","endtime":"15:50"},{"starttime":"16:50","endtime":"17:35"}]}],"Message":"Success","Issuccess":true,"exception":null,"RowCount":1,"responsecode":200}