{"data":[{"fromstationname":"Kadugodi Bus Station","tostationname":"Banashankari Bus Station","fromstationid":"20902","tostationid":"20624","apptime":"01:50:00","distance":"29.40","platformname":"","platformnumber":"1","baynumber":"","tripdetails":[{"starttime":"07:00","endtime":"08:50"},{"starttime":"07:30","endtime":"09:20"},{"starttime":"09:10","endtime":"11:10"},{"starttime":"20:30","endtime":"22:20"},{"starttime":"21:00","endtime":"22:50"},{"starttime":"21:05","endtime":"22:30"}]}],"Message":"Success","Issuccess":true,"exception":null,"RowCount":1,"responsecode":200}