{"data":[{"fromstationname":"Central Silk Board","tostationname":"Hebbala Bridge","fromstationid":"20707","tostationid":"20823","apptime":"01:10:00","distance":"30.50","platformname":"","platformnumber":"","baynumber":"","tripdetails":[{"starttime":"04:00","endtime":"05:10"},{"starttime":"04:10","endtime":"05:20"},{"starttime":"04:20","endtime":"05:40"},{"starttime":"05:55","endtime":"07:25"},{"starttime":"06:35","endtime":"08:05"},{"starttime":"06:40","endtime":"07:55"},{"starttime":"06:45","endtime":"08:15"},{"starttime":"07:00","endtime":"08:30"},{"starttime":"07:20","endtime":"08:50"},{"starttime":"07:55","endtime":"09:25"},{"starttime":"08:05","endtime":"09:35"},{"starttime":"08:10","endtime":"09:40"},{"starttime":"08:15","endtime":"09:45"},{"starttime":"08:20","endtime":"09:50"},{"starttime":"08:25","endtime":"09:55"},{"starttime":"08:30","endtime":"10:00"},{"starttime":"08:35","endtime":"10:05"},{"starttime":"08:40","endtime":"10:10"},{"starttime":"08:45","endtime":"10:15"},{"starttime":"08:50","endtime":"10:20"},{"starttime":"08:55","endtime":"10:35"},{"starttime":"09:05","endtime":"10:35"},{"starttime":"09:20","endtime":"10:50"},{"starttime":"09:25","endtime":"10:55"},{"starttime":"09:35","endtime":"11:05"},{"starttime":"09:40","endtime":"11:10"},{"starttime":"09:45","endtime":"11:15"},{"starttime":"10:05","endtime":"11:35"},{"starttime":"10:10","endtime":"11:40"},{"starttime":"10:15","endtime":"11:45"},{"starttime":"10:30","endtime":"12:00"},{"starttime":"10:35","endtime":"12:15"},{"starttime":"10:40","endtime":"12:10"},{"starttime":"10:45","endtime":"12:25"},{"starttime":"10:50","endtime":"12:20"},{"starttime":"10:55","endtime":"12:25"},{"starttime":"11:00","endtime":"12:30"},{"starttime":"11:05","endtime":"12:45"},{"starttime":"11:10","endtime":"12:40"},{"starttime":"11:15","endtime":"12:45"},{"starttime":"11:20","endtime":"13:00"},{"starttime":"11:25","endtime":"12:55"},{"starttime":"11:35","endtime":"13:05"},{"starttime":"11:45","endtime":"13:15"},{"starttime":"11:50","endtime":"13:20"},{"starttime":"11:55","endtime":"13:25"},{"starttime":"12:00","endtime":"13:30"},{"starttime":"12:05","endtime":"13:35"},{"starttime":"12:10","endtime":"13:40"},{"starttime":"12:15","endtime":"13:45"},{"starttime":"12:20","endtime":"13:50"},{"starttime":"12:25","endtime":"13:55"},{"starttime":"12:30","endtime":"14:00"},{"starttime":"12:35","endtime":"14:05"},{"starttime":"12:40","endtime":"14:10"},{"starttime":"13:25","endtime":"14:55"},{"starttime":"13:55","endtime":"15:25"},{"starttime":"14:05","endtime":"15:35"},{"starttime":"14:35","endtime":"16:05"},{"starttime":"14:50","endtime":"16:20"},{"starttime":"15:00","endtime":"16:30"},{"starttime":"15:05","endtime":"16:35"},{"starttime":"15:10","endtime":"16:40"},{"starttime":"15:20","endtime":"16:50"},{"starttime":"15:25","endtime":"16:55"},{"starttime":"15:30","endtime":"17:00"},{"starttime":"15:35","endtime":"17:05"},{"starttime":"15:45","endtime":"17:15"},{"starttime":"15:50","endtime":"17:20"},{"starttime":"15:55","endtime":"17:25"},{"starttime":"16:00","endtime":"17:30"},{"starttime":"16:05","endtime":"17:35"},{"starttime":"16:10","endtime":"17:50"},{"starttime":"16:15","endtime":"17:45"},{"starttime":"16:20","endtime":"18:00"},{"starttime":"16:25","endtime":"17:55"},{"starttime":"16:30","endtime":"18:05"},{"starttime":"16:35","endtime":"18:15"},{"starttime":"16:40","endtime":"18:10"},{"starttime":"16:45","endtime":"18:15"},{"starttime":"16:55","endtime":"18:25"},{"starttime":"17:05","endtime":"18:35"},{"starttime":"17:10","endtime":"18:40"},{"starttime":"17:15","endtime":"18:45"},{"starttime":"17:45","endtime":"19:15"},{"starttime":"18:00","endtime":"19:30"},{"starttime":"18:10","endtime":"19:40"},{"starttime":"18:25","endtime":"19:55"},{"starttime":"18:30","endtime":"20:00"},{"starttime":"18:45","endtime":"20:15"},{"starttime":"18:50","endtime":"20:20"},{"starttime":"19:00","endtime":"20:30"},{"starttime":"19:05","endtime":"20:35"},{"starttime":"19:10","endtime":"20:40"},{"starttime":"19:15","endtime":"20:45"},{"starttime":"19:20","endtime":"20:50"},{"starttime":"19:25","endtime":"20:55"},{"starttime":"19:30","endtime":"21:00"},{"starttime":"19:35","endtime":"21:05"},{"starttime":"19:40","endtime":"21:10"},{"starttime":"19:45","endtime":"21:15"},{"starttime":"19:50","endtime":"21:10"},{"starttime":"19:55","endtime":"21:25"},{"starttime":"20:00","endtime":"21:20"},{"starttime":"20:05","endtime":"21:45"},{"starttime":"20:10","endtime":"21:40"},{"starttime":"20:15","endtime":"21:55"},{"starttime":"20:20","endtime":"22:00"},{"starttime":"20:30","endtime":"22:10"},{"starttime":"20:40","endtime":"21:55"},{"starttime":"20:55","endtime":"22:15"},{"starttime":"21:00","endtime":"22:30"},{"starttime":"21:30","endtime":"23:00"},{"starttime":"21:40","endtime":"22:50"},{"starttime":"21:50","endtime":"23:00"},{"starttime":"22:10","endtime":"23:10"}]}],"Message":"Success","Issuccess":true,"exception":null,"RowCount":1,"responsecode":200}