{"data":[{"fromstationname":"Central Silk Board","tostationname":"Kadugodi Bus Station","fromstationid":"20707","tostationid":"20902","apptime":"01:15:00","distance":"24.50","platformname":"","platformnumber":"","baynumber":"","tripdetails":[{"starttime":"05:45","endtime":"07:00"},{"starttime":"06:40","endtime":"08:05"},{"starttime":"07:00","endtime":"08:25"},{"starttime":"07:25","endtime":"08:50"},{"starttime":"07:50","endtime":"09:15"},{"starttime":"07:55","endtime":"09:20"},{"starttime":"08:10","endtime":"09:40"},{"starttime":"08:30","endtime":"09:55"},{"starttime":"08:45","endtime":"10:10"},{"starttime":"08:50","endtime":"10:15"},{"starttime":"08:55","endtime":"10:20"},{"starttime":"09:00","endtime":"10:25"},{"starttime":"10:00","endtime":"11:25"},{"starttime":"10:10","endtime":"11:35"},{"starttime":"10:15","endtime":"11:40"},{"starttime":"10:25","endtime":"11:40"},{"starttime":"10:30","endtime":"11:55"},{"starttime":"10:45","endtime":"12:10"},{"starttime":"10:50","endtime":"12:10"},{"starttime":"10:55","endtime":"12:20"},{"starttime":"11:10","endtime":"12:35"},{"starttime":"11:15","endtime":"12:30"},{"starttime":"11:20","endtime":"12:45"},{"starttime":"11:25","endtime":"12:50"},{"starttime":"12:25","endtime":"13:50"},{"starttime":"13:10","endtime":"14:35"},{"starttime":"13:15","endtime":"14:35"},{"starttime":"13:30","endtime":"14:55"},{"starttime":"13:40","endtime":"15:10"},{"starttime":"13:55","endtime":"15:20"},{"starttime":"14:10","endtime":"15:35"},{"starttime":"14:25","endtime":"15:55"},{"starttime":"14:40","endtime":"16:05"},{"starttime":"14:45","endtime":"16:15"},{"starttime":"14:55","endtime":"16:25"},{"starttime":"15:00","endtime":"16:30"},{"starttime":"15:15","endtime":"16:45"},{"starttime":"15:25","endtime":"16:50"},{"starttime":"15:30","endtime":"17:00"},{"starttime":"16:20","endtime":"17:45"},{"starttime":"16:25","endtime":"17:55"},{"starttime":"16:35","endtime":"18:00"},{"starttime":"16:45","endtime":"18:15"},{"starttime":"16:55","endtime":"18:20"},{"starttime":"17:05","endtime":"18:35"},{"starttime":"17:20","endtime":"18:50"},{"starttime":"17:35","endtime":"19:00"},{"starttime":"17:50","endtime":"19:20"},{"starttime":"17:55","endtime":"19:20"},{"starttime":"18:20","endtime":"19:50"},{"starttime":"18:25","endtime":"19:55"},{"starttime":"18:40","endtime":"20:10"},{"starttime":"18:50","endtime":"20:20"},{"starttime":"19:00","endtime":"20:25"},{"starttime":"20:05","endtime":"21:35"},{"starttime":"20:30","endtime":"21:55"},{"starttime":"20:40","endtime":"22:00"},{"starttime":"21:00","endtime":"22:25"},{"starttime":"21:40","endtime":"23:00"}]}],"Message":"Success","Issuccess":true,"exception":null,"RowCount":1,"responsecode":200}