{"data":[{"fromstationname":"Banashankari Bus Station","tostationname":"Hebbala Bridge","fromstationid":"20623","tostationid":"20823","apptime":"01:45:00","distance":"36.00","platformname":"7","platformnumber":"7","baynumber":"3","tripdetails":[{"starttime":"05:00","endtime":"06:45"},{"starttime":"05:15","endtime":"07:15"},{"starttime":"05:30","endtime":"07:30"},{"starttime":"06:15","endtime":"08:00"},{"starttime":"06:45","endtime":"08:55"},{"starttime":"07:00","endtime":"09:10"},{"starttime":"07:10","endtime":"09:10"},{"starttime":"07:20","endtime":"09:20"},{"starttime":"07:25","endtime":"09:25"},{"starttime":"07:30","endtime":"09:40"},{"starttime":"07:35","endtime":"09:35"},{"starttime":"07:40","endtime":"09:40"},{"starttime":"07:50","endtime":"09:50"},{"starttime":"08:00","endtime":"10:10"},{"starttime":"08:05","endtime":"10:05"},{"starttime":"08:10","endtime":"10:25"},{"starttime":"08:20","endtime":"10:30"},{"starttime":"08:30","endtime":"10:40"},{"starttime":"08:40","endtime":"10:50"},{"starttime":"09:00","endtime":"11:10"},{"starttime":"09:05","endtime":"11:25"},{"starttime":"09:15","endtime":"11:25"},{"starttime":"09:20","endtime":"11:20"},{"starttime":"09:25","endtime":"11:35"},{"starttime":"09:30","endtime":"11:30"},{"starttime":"09:40","endtime":"11:50"},{"starttime":"09:45","endtime":"11:40"},{"starttime":"09:50","endtime":"11:50"},{"starttime":"10:00","endtime":"12:00"},{"starttime":"10:10","endtime":"12:10"},{"starttime":"10:20","endtime":"12:20"},{"starttime":"10:30","endtime":"12:30"},{"starttime":"10:40","endtime":"12:40"},{"starttime":"10:50","endtime":"12:50"},{"starttime":"11:00","endtime":"13:00"},{"starttime":"11:05","endtime":"13:05"},{"starttime":"11:35","endtime":"13:35"},{"starttime":"11:40","endtime":"13:40"},{"starttime":"11:45","endtime":"13:45"},{"starttime":"11:50","endtime":"13:50"},{"starttime":"12:20","endtime":"14:20"},{"starttime":"12:45","endtime":"14:45"},{"starttime":"12:50","endtime":"14:50"},{"starttime":"13:20","endtime":"15:20"},{"starttime":"14:00","endtime":"16:10"},{"starttime":"14:10","endtime":"16:10"},{"starttime":"14:20","endtime":"16:20"},{"starttime":"14:30","endtime":"16:30"},{"starttime":"14:35","endtime":"16:35"},{"starttime":"14:45","endtime":"16:45"},{"starttime":"15:00","endtime":"17:00"},{"starttime":"15:10","endtime":"17:10"},{"starttime":"15:15","endtime":"17:15"},{"starttime":"15:20","endtime":"17:20"},{"starttime":"15:25","endtime":"17:25"},{"starttime":"15:40","endtime":"17:40"},{"starttime":"15:50","endtime":"17:50"},{"starttime":"15:55","endtime":"17:55"},{"starttime":"16:00","endtime":"18:00"},{"starttime":"16:10","endtime":"18:10"},{"starttime":"16:20","endtime":"18:20"},{"starttime":"16:30","endtime":"18:40"},{"starttime":"16:40","endtime":"18:50"},{"starttime":"16:50","endtime":"18:50"},{"starttime":"17:40","endtime":"19:40"},{"starttime":"18:00","endtime":"20:00"},{"starttime":"18:25","endtime":"20:10"},{"starttime":"18:30","endtime":"20:30"},{"starttime":"18:40","endtime":"20:50"},{"starttime":"18:50","endtime":"20:35"},{"starttime":"18:55","endtime":"21:05"},{"starttime":"19:00","endtime":"21:00"},{"starttime":"19:10","endtime":"21:20"},{"starttime":"19:20","endtime":"21:20"},{"starttime":"19:40","endtime":"21:40"},{"starttime":"19:50","endtime":"21:50"},{"starttime":"19:55","endtime":"21:55"},{"starttime":"20:10","endtime":"22:10"},{"starttime":"20:30","endtime":"22:30"},{"starttime":"21:00","endtime":"22:50"},{"starttime":"21:10","endtime":"23:10"},{"starttime":"21:30","endtime":"23:30"},{"starttime":"21:50","endtime":"23:40"},{"starttime":"22:15","endtime":"23:45"},{"starttime":"22:30","endtime":"23:55"}]}],"Message":"Success","Issuccess":true,"exception":null,"RowCount":1,"responsecode":200}