{"data":[{"fromstationname":"Hebbala Bridge","tostationname":"Central Silk Board","fromstationid":"20823","tostationid":"20707","apptime":"01:20:00","distance":"30.50","platformname":"","platformnumber":"","baynumber":"","tripdetails":[{"starttime":"04:20","endtime":"05:40"},{"starttime":"05:20","endtime":"06:35"},{"starttime":"05:45","endtime":"06:55"},{"starttime":"06:05","endtime":"07:15"},{"starttime":"06:30","endtime":"07:50"},{"starttime":"06:35","endtime":"08:05"},{"starttime":"06:40","endtime":"08:00"},{"starttime":"06:45","endtime":"08:15"},{"starttime":"06:50","endtime":"08:20"},{"starttime":"06:55","endtime":"08:25"},{"starttime":"07:00","endtime":"08:30"},{"starttime":"07:05","endtime":"08:35"},{"starttime":"07:10","endtime":"08:40"},{"starttime":"07:15","endtime":"08:45"},{"starttime":"07:20","endtime":"08:50"},{"starttime":"07:30","endtime":"09:00"},{"starttime":"07:35","endtime":"09:05"},{"starttime":"07:40","endtime":"09:10"},{"starttime":"07:45","endtime":"09:15"},{"starttime":"07:50","endtime":"09:30"},{"starttime":"08:10","endtime":"09:40"},{"starttime":"08:15","endtime":"09:45"},{"starttime":"08:25","endtime":"09:55"},{"starttime":"08:30","endtime":"10:00"},{"starttime":"08:35","endtime":"10:05"},{"starttime":"08:45","endtime":"10:15"},{"starttime":"08:50","endtime":"10:20"},{"starttime":"08:55","endtime":"10:25"},{"starttime":"09:00","endtime":"10:30"},{"starttime":"09:05","endtime":"10:35"},{"starttime":"09:10","endtime":"10:40"},{"starttime":"09:15","endtime":"10:45"},{"starttime":"09:25","endtime":"10:55"},{"starttime":"09:30","endtime":"11:00"},{"starttime":"09:35","endtime":"11:05"},{"starttime":"09:40","endtime":"11:10"},{"starttime":"09:45","endtime":"11:15"},{"starttime":"09:50","endtime":"11:20"},{"starttime":"10:10","endtime":"11:40"},{"starttime":"10:15","endtime":"11:45"},{"starttime":"10:20","endtime":"11:50"},{"starttime":"10:25","endtime":"11:55"},{"starttime":"10:30","endtime":"12:00"},{"starttime":"10:35","endtime":"12:05"},{"starttime":"10:40","endtime":"12:10"},{"starttime":"10:45","endtime":"12:15"},{"starttime":"10:50","endtime":"12:20"},{"starttime":"10:55","endtime":"12:35"},{"starttime":"11:05","endtime":"12:35"},{"starttime":"11:10","endtime":"12:50"},{"starttime":"11:25","endtime":"13:05"},{"starttime":"11:40","endtime":"13:20"},{"starttime":"11:50","endtime":"13:20"},{"starttime":"12:05","endtime":"13:35"},{"starttime":"12:10","endtime":"13:40"},{"starttime":"12:20","endtime":"13:50"},{"starttime":"12:50","endtime":"14:20"},{"starttime":"13:00","endtime":"14:30"},{"starttime":"13:10","endtime":"14:40"},{"starttime":"13:20","endtime":"14:50"},{"starttime":"13:25","endtime":"14:55"},{"starttime":"13:30","endtime":"15:00"},{"starttime":"13:35","endtime":"15:05"},{"starttime":"13:45","endtime":"15:15"},{"starttime":"13:50","endtime":"15:20"},{"starttime":"13:55","endtime":"15:25"},{"starttime":"14:05","endtime":"15:35"},{"starttime":"14:10","endtime":"15:40"},{"starttime":"14:15","endtime":"15:45"},{"starttime":"14:20","endtime":"15:45"},{"starttime":"14:25","endtime":"15:55"},{"starttime":"14:35","endtime":"16:05"},{"starttime":"14:40","endtime":"16:10"},{"starttime":"14:45","endtime":"16:15"},{"starttime":"15:20","endtime":"16:50"},{"starttime":"15:30","endtime":"17:00"},{"starttime":"15:35","endtime":"17:05"},{"starttime":"15:40","endtime":"17:10"},{"starttime":"15:45","endtime":"17:15"},{"starttime":"16:00","endtime":"17:30"},{"starttime":"16:10","endtime":"17:40"},{"starttime":"16:15","endtime":"17:45"},{"starttime":"16:50","endtime":"18:20"},{"starttime":"17:00","endtime":"18:30"},{"starttime":"17:15","endtime":"18:45"},{"starttime":"17:20","endtime":"19:00"},{"starttime":"17:25","endtime":"18:55"},{"starttime":"17:30","endtime":"19:00"},{"starttime":"17:35","endtime":"19:05"},{"starttime":"17:40","endtime":"19:10"},{"starttime":"17:45","endtime":"19:15"},{"starttime":"17:50","endtime":"19:20"},{"starttime":"17:55","endtime":"19:25"},{"starttime":"18:00","endtime":"19:30"},{"starttime":"18:05","endtime":"19:35"},{"starttime":"18:10","endtime":"19:40"},{"starttime":"18:15","endtime":"19:45"},{"starttime":"18:20","endtime":"19:50"},{"starttime":"18:25","endtime":"19:55"},{"starttime":"19:25","endtime":"20:55"},{"starttime":"19:30","endtime":"21:10"},{"starttime":"19:35","endtime":"21:05"},{"starttime":"19:40","endtime":"21:20"},{"starttime":"19:45","endtime":"21:15"},{"starttime":"20:05","endtime":"21:30"}]}],"Message":"Success","Issuccess":true,"exception":null,"RowCount":1,"responsecode":200}