{"data":[{"fromstationname":"Banashankari Bus Station","tostationname":"Kadugodi Bus Station","fromstationid":"20623","tostationid":"20902","apptime":"01:20:00","distance":"29.50","platformname":"7","platformnumber":"7","baynumber":"3","tripdetails":[{"starttime":"05:00","endtime":"06:20"},{"starttime":"05:15","endtime":"06:55"},{"starttime":"05:45","endtime":"07:25"},{"starttime":"06:55","endtime":"08:45"},{"starttime":"18:35","endtime":"20:25"},{"starttime":"19:05","endtime":"20:55"}]}],"Message":"Success","Issuccess":true,"exception":null,"RowCount":1,"responsecode":200}