{"data":[{"fromstationname":"Hebbala Bridge","tostationname":"Banashankari Bus Station","fromstationid":"20823","tostationid":"20624","apptime":"01:15:00","distance":"36.00","platformname":"","platformnumber":"","baynumber":"","tripdetails":[{"starttime":"04:00","endtime":"05:15"},{"starttime":"04:30","endtime":"05:50"},{"starttime":"04:40","endtime":"06:20"},{"starttime":"05:00","endtime":"07:00"},{"starttime":"05:15","endtime":"07:15"},{"starttime":"05:25","endtime":"07:20"},{"starttime":"05:30","endtime":"07:30"},{"starttime":"05:40","endtime":"07:30"},{"starttime":"05:45","endtime":"07:35"},{"starttime":"06:00","endtime":"07:50"},{"starttime":"06:15","endtime":"08:00"},{"starttime":"06:30","endtime":"08:10"},{"starttime":"06:50","endtime":"08:50"},{"starttime":"07:00","endtime":"09:00"},{"starttime":"07:20","endtime":"09:20"},{"starttime":"07:30","endtime":"09:40"},{"starttime":"07:40","endtime":"09:50"},{"starttime":"08:00","endtime":"10:10"},{"starttime":"08:10","endtime":"10:20"},{"starttime":"08:20","endtime":"10:20"},{"starttime":"08:30","endtime":"10:30"},{"starttime":"08:35","endtime":"10:35"},{"starttime":"09:00","endtime":"11:10"},{"starttime":"09:25","endtime":"11:30"},{"starttime":"09:30","endtime":"11:35"},{"starttime":"09:35","endtime":"11:40"},{"starttime":"09:50","endtime":"11:50"},{"starttime":"09:55","endtime":"11:55"},{"starttime":"10:00","endtime":"12:00"},{"starttime":"10:05","endtime":"12:05"},{"starttime":"10:10","endtime":"12:10"},{"starttime":"10:20","endtime":"12:20"},{"starttime":"10:25","endtime":"12:30"},{"starttime":"10:30","endtime":"12:30"},{"starttime":"10:35","endtime":"12:35"},{"starttime":"10:40","endtime":"12:40"},{"starttime":"10:50","endtime":"12:50"},{"starttime":"11:15","endtime":"13:25"},{"starttime":"11:20","endtime":"13:20"},{"starttime":"11:30","endtime":"13:30"},{"starttime":"11:50","endtime":"13:50"},{"starttime":"12:00","endtime":"14:00"},{"starttime":"12:05","endtime":"14:05"},{"starttime":"12:10","endtime":"14:10"},{"starttime":"12:20","endtime":"14:20"},{"starttime":"12:30","endtime":"14:30"},{"starttime":"12:35","endtime":"14:35"},{"starttime":"12:55","endtime":"14:45"},{"starttime":"13:10","endtime":"15:10"},{"starttime":"13:20","endtime":"15:20"},{"starttime":"13:45","endtime":"15:45"},{"starttime":"14:05","endtime":"16:05"},{"starttime":"14:40","endtime":"16:40"},{"starttime":"14:45","endtime":"16:55"},{"starttime":"14:50","endtime":"16:50"},{"starttime":"15:00","endtime":"17:10"},{"starttime":"15:15","endtime":"17:15"},{"starttime":"15:20","endtime":"17:20"},{"starttime":"15:30","endtime":"17:40"},{"starttime":"16:00","endtime":"18:10"},{"starttime":"16:10","endtime":"18:20"},{"starttime":"16:15","endtime":"18:25"},{"starttime":"16:20","endtime":"18:30"},{"starttime":"16:25","endtime":"18:25"},{"starttime":"16:30","endtime":"18:40"},{"starttime":"16:35","endtime":"18:45"},{"starttime":"16:40","endtime":"18:40"},{"starttime":"16:50","endtime":"19:00"},{"starttime":"17:00","endtime":"19:15"},{"starttime":"17:05","endtime":"19:15"},{"starttime":"17:15","endtime":"19:15"},{"starttime":"17:30","endtime":"19:40"},{"starttime":"17:40","endtime":"19:40"},{"starttime":"18:20","endtime":"20:10"},{"starttime":"18:25","endtime":"20:25"},{"starttime":"18:30","endtime":"20:30"},{"starttime":"18:50","endtime":"20:50"},{"starttime":"19:00","endtime":"21:00"},{"starttime":"19:10","endtime":"21:20"},{"starttime":"19:20","endtime":"21:30"},{"starttime":"19:30","endtime":"21:30"},{"starttime":"20:10","endtime":"22:00"},{"starttime":"20:35","endtime":"22:35"},{"starttime":"20:40","endtime":"22:10"},{"starttime":"21:10","endtime":"23:10"},{"starttime":"21:55","endtime":"23:45"}]}],"Message":"Success","Issuccess":true,"exception":null,"RowCount":1,"responsecode":200}