{"data":[{"fromstationname":"Kadugodi Bus Station","tostationname":"Central Silk Board","fromstationid":"20902","tostationid":"32213","apptime":"01:15:00","distance":"24.50","platformname":"","platformnumber":"1","baynumber":"","tripdetails":[{"starttime":"05:00","endtime":"06:15"},{"starttime":"05:20","endtime":"06:35"},{"starttime":"05:40","endtime":"06:55"},{"starttime":"06:00","endtime":"07:20"},{"starttime":"06:35","endtime":"07:50"},{"starttime":"06:50","endtime":"08:05"},{"starttime":"07:00","endtime":"08:25"},{"starttime":"07:05","endtime":"08:25"},{"starttime":"07:20","endtime":"08:50"},{"starttime":"08:10","endtime":"09:35"},{"starttime":"08:15","endtime":"09:40"},{"starttime":"08:20","endtime":"09:45"},{"starttime":"08:30","endtime":"09:55"},{"starttime":"08:35","endtime":"10:00"},{"starttime":"08:45","endtime":"10:10"},{"starttime":"08:50","endtime":"10:20"},{"starttime":"09:00","endtime":"10:25"},{"starttime":"09:15","endtime":"10:40"},{"starttime":"09:20","endtime":"10:45"},{"starttime":"09:40","endtime":"11:05"},{"starttime":"09:45","endtime":"11:10"},{"starttime":"10:10","endtime":"11:40"},{"starttime":"10:20","endtime":"11:45"},{"starttime":"10:35","endtime":"12:00"},{"starttime":"10:50","endtime":"12:15"},{"starttime":"10:55","endtime":"12:20"},{"starttime":"11:40","endtime":"13:05"},{"starttime":"11:45","endtime":"13:10"},{"starttime":"12:00","endtime":"13:25"},{"starttime":"12:15","endtime":"13:35"},{"starttime":"12:25","endtime":"13:50"},{"starttime":"12:35","endtime":"13:50"},{"starttime":"12:40","endtime":"14:05"},{"starttime":"12:45","endtime":"14:10"},{"starttime":"12:50","endtime":"14:15"},{"starttime":"12:55","endtime":"14:20"},{"starttime":"13:55","endtime":"15:20"},{"starttime":"14:05","endtime":"15:30"},{"starttime":"14:25","endtime":"15:55"},{"starttime":"14:30","endtime":"16:00"},{"starttime":"14:45","endtime":"16:15"},{"starttime":"15:05","endtime":"16:35"},{"starttime":"15:20","endtime":"16:50"},{"starttime":"15:25","endtime":"16:50"},{"starttime":"15:50","endtime":"17:10"},{"starttime":"16:15","endtime":"17:45"},{"starttime":"16:35","endtime":"18:00"},{"starttime":"16:45","endtime":"18:15"},{"starttime":"16:50","endtime":"18:20"},{"starttime":"17:05","endtime":"18:35"},{"starttime":"17:10","endtime":"18:30"},{"starttime":"17:25","endtime":"18:55"},{"starttime":"17:35","endtime":"19:00"},{"starttime":"18:00","endtime":"19:30"},{"starttime":"18:20","endtime":"19:50"},{"starttime":"18:40","endtime":"20:10"},{"starttime":"19:00","endtime":"20:30"},{"starttime":"20:05","endtime":"21:35"},{"starttime":"20:50","endtime":"22:20"}]}],"Message":"Success","Issuccess":true,"exception":null,"RowCount":1,"responsecode":200}