{"data":[{"fromstationname":"Kadugodi Bus Station","tostationname":"Central Silk Board","fromstationid":"20902","tostationid":"32213","apptime":"01:25:00","distance":"23.00","platformname":"","platformnumber":"1","baynumber":"","tripdetails":[{"starttime":"08:15","endtime":"09:40"},{"starttime":"08:35","endtime":"10:00"},{"starttime":"09:15","endtime":"10:35"},{"starttime":"09:35","endtime":"10:55"},{"starttime":"11:40","endtime":"13:00"},{"starttime":"12:00","endtime":"13:20"},{"starttime":"12:50","endtime":"14:10"},{"starttime":"12:55","endtime":"14:15"},{"starttime":"14:55","endtime":"16:20"},{"starttime":"15:15","endtime":"16:40"},{"starttime":"16:50","endtime":"18:10"}]}],"Message":"Success","Issuccess":true,"exception":null,"RowCount":1,"responsecode":200}