{"data":[{"fromstationname":"Banashankari Bus Station","tostationname":"Krishnaraja Pura Govt Hospital","fromstationid":"20623","tostationid":"20946","apptime":"01:50:00","distance":"30.60","platformname":"","platformnumber":"","baynumber":"","tripdetails":[{"starttime":"07:00","endtime":"08:50"},{"starttime":"07:20","endtime":"09:10"},{"starttime":"07:40","endtime":"09:40"},{"starttime":"07:55","endtime":"09:55"},{"starttime":"20:25","endtime":"22:10"},{"starttime":"20:40","endtime":"22:25"},{"starttime":"20:55","endtime":"22:35"},{"starttime":"21:10","endtime":"22:45"}]}],"Message":"Success","Issuccess":true,"exception":null,"RowCount":1,"responsecode":200}