{"data":[{"fromstationname":"Banashankari Bus Station","tostationname":"Hebbala Bridge","fromstationid":"20623","tostationid":"25819","apptime":"01:30:00","distance":"37.00","platformname":"6","platformnumber":"6","baynumber":"2","tripdetails":[{"starttime":"05:30","endtime":"07:00"},{"starttime":"06:00","endtime":"07:50"},{"starttime":"07:00","endtime":"09:05"},{"starttime":"07:05","endtime":"09:05"},{"starttime":"07:10","endtime":"09:10"},{"starttime":"07:15","endtime":"09:25"},{"starttime":"07:20","endtime":"09:30"},{"starttime":"07:30","endtime":"09:40"},{"starttime":"07:35","endtime":"09:35"},{"starttime":"08:10","endtime":"10:20"},{"starttime":"08:20","endtime":"10:30"},{"starttime":"08:30","endtime":"10:40"},{"starttime":"08:35","endtime":"10:35"},{"starttime":"08:50","endtime":"11:00"},{"starttime":"09:05","endtime":"11:05"},{"starttime":"09:10","endtime":"11:20"},{"starttime":"09:15","endtime":"11:15"},{"starttime":"09:20","endtime":"11:30"},{"starttime":"10:05","endtime":"12:05"},{"starttime":"10:10","endtime":"12:10"},{"starttime":"10:30","endtime":"12:30"},{"starttime":"10:40","endtime":"12:50"},{"starttime":"10:45","endtime":"12:45"},{"starttime":"11:25","endtime":"13:25"},{"starttime":"11:40","endtime":"13:40"},{"starttime":"12:10","endtime":"14:10"},{"starttime":"12:20","endtime":"14:20"},{"starttime":"12:40","endtime":"14:40"},{"starttime":"13:10","endtime":"15:10"},{"starttime":"13:40","endtime":"15:40"},{"starttime":"13:55","endtime":"16:05"},{"starttime":"14:05","endtime":"16:05"},{"starttime":"14:20","endtime":"16:30"},{"starttime":"14:50","endtime":"17:00"},{"starttime":"15:10","endtime":"17:10"},{"starttime":"15:15","endtime":"17:25"},{"starttime":"15:20","endtime":"17:20"},{"starttime":"16:15","endtime":"18:25"},{"starttime":"16:20","endtime":"18:20"},{"starttime":"17:50","endtime":"20:00"},{"starttime":"18:10","endtime":"20:10"},{"starttime":"18:40","endtime":"20:05"},{"starttime":"19:10","endtime":"21:20"},{"starttime":"19:15","endtime":"21:25"},{"starttime":"19:20","endtime":"21:20"},{"starttime":"19:40","endtime":"21:50"},{"starttime":"19:50","endtime":"21:50"},{"starttime":"20:40","endtime":"22:35"},{"starttime":"21:40","endtime":"23:30"}]}],"Message":"Success","Issuccess":true,"exception":null,"RowCount":1,"responsecode":200}