{"data":[{"fromstationname":"Hebbala Bridge","tostationname":"Banashankari Bus Station","fromstationid":"21527","tostationid":"20624","apptime":"01:40:00","distance":"37.00","platformname":"","platformnumber":"","baynumber":"","tripdetails":[{"starttime":"04:45","endtime":"06:25"},{"starttime":"05:10","endtime":"07:00"},{"starttime":"05:20","endtime":"07:10"},{"starttime":"05:30","endtime":"07:20"},{"starttime":"06:00","endtime":"07:30"},{"starttime":"06:20","endtime":"08:10"},{"starttime":"06:45","endtime":"08:45"},{"starttime":"07:05","endtime":"09:05"},{"starttime":"08:00","endtime":"10:00"},{"starttime":"08:15","endtime":"10:15"},{"starttime":"08:35","endtime":"10:45"},{"starttime":"08:45","endtime":"10:45"},{"starttime":"09:10","endtime":"11:10"},{"starttime":"09:20","endtime":"11:20"},{"starttime":"09:40","endtime":"11:50"},{"starttime":"10:00","endtime":"12:10"},{"starttime":"10:05","endtime":"12:05"},{"starttime":"10:10","endtime":"12:10"},{"starttime":"10:35","endtime":"12:35"},{"starttime":"11:00","endtime":"13:10"},{"starttime":"11:05","endtime":"13:05"},{"starttime":"11:10","endtime":"13:20"},{"starttime":"11:30","endtime":"13:35"},{"starttime":"11:35","endtime":"13:35"},{"starttime":"11:50","endtime":"14:00"},{"starttime":"12:00","endtime":"14:00"},{"starttime":"12:30","endtime":"14:40"},{"starttime":"12:35","endtime":"14:35"},{"starttime":"12:50","endtime":"14:15"},{"starttime":"14:10","endtime":"16:10"},{"starttime":"15:10","endtime":"17:10"},{"starttime":"15:40","endtime":"17:40"},{"starttime":"16:00","endtime":"18:00"},{"starttime":"16:05","endtime":"18:05"},{"starttime":"16:10","endtime":"18:20"},{"starttime":"16:30","endtime":"18:30"},{"starttime":"16:35","endtime":"18:45"},{"starttime":"16:40","endtime":"18:40"},{"starttime":"16:50","endtime":"18:50"},{"starttime":"17:10","endtime":"19:20"},{"starttime":"17:15","endtime":"19:25"},{"starttime":"17:20","endtime":"19:20"},{"starttime":"17:30","endtime":"19:40"},{"starttime":"17:50","endtime":"20:00"},{"starttime":"18:00","endtime":"20:10"},{"starttime":"18:10","endtime":"20:20"},{"starttime":"19:00","endtime":"21:10"},{"starttime":"20:15","endtime":"22:15"},{"starttime":"21:20","endtime":"23:10"}]}],"Message":"Success","Issuccess":true,"exception":null,"RowCount":1,"responsecode":200}