{"data":[{"fromstationname":"Dwaraka Nagara","tostationname":"Krishnaraja Pura Govt Hospital","fromstationid":"21507","tostationid":"20946","apptime":"01:20:00","distance":"26.60","platformname":"","platformnumber":"","baynumber":"","tripdetails":[{"starttime":"05:20","endtime":"06:40"},{"starttime":"06:45","endtime":"08:15"},{"starttime":"07:15","endtime":"08:55"},{"starttime":"07:30","endtime":"09:00"},{"starttime":"08:00","endtime":"09:35"},{"starttime":"08:05","endtime":"09:40"},{"starttime":"08:15","endtime":"09:50"},{"starttime":"08:35","endtime":"10:10"},{"starttime":"08:45","endtime":"10:20"},{"starttime":"08:55","endtime":"10:30"},{"starttime":"09:35","endtime":"11:10"},{"starttime":"10:00","endtime":"11:35"},{"starttime":"10:20","endtime":"11:55"},{"starttime":"10:25","endtime":"11:55"},{"starttime":"10:45","endtime":"12:20"},{"starttime":"11:10","endtime":"12:40"},{"starttime":"11:45","endtime":"13:15"},{"starttime":"11:50","endtime":"13:25"},{"starttime":"12:10","endtime":"13:40"},{"starttime":"12:15","endtime":"13:45"},{"starttime":"12:20","endtime":"13:55"},{"starttime":"13:20","endtime":"14:55"},{"starttime":"14:20","endtime":"15:55"},{"starttime":"14:25","endtime":"15:55"},{"starttime":"14:30","endtime":"16:05"},{"starttime":"14:40","endtime":"16:15"},{"starttime":"15:00","endtime":"16:35"},{"starttime":"15:20","endtime":"16:55"},{"starttime":"15:35","endtime":"17:10"},{"starttime":"15:50","endtime":"17:25"},{"starttime":"16:00","endtime":"17:35"},{"starttime":"16:05","endtime":"17:40"},{"starttime":"16:45","endtime":"18:25"},{"starttime":"17:05","endtime":"18:40"},{"starttime":"17:45","endtime":"19:20"},{"starttime":"18:15","endtime":"19:50"},{"starttime":"18:25","endtime":"20:00"},{"starttime":"18:30","endtime":"20:05"},{"starttime":"18:45","endtime":"20:20"},{"starttime":"20:15","endtime":"21:50"},{"starttime":"21:25","endtime":"22:45"}]}],"Message":"Success","Issuccess":true,"exception":null,"RowCount":1,"responsecode":200}