{"data":[{"fromstationname":"Banashankari Bus Station","tostationname":"Banashankari Bus Station","fromstationid":"20623","tostationid":"20624","apptime":"01:35:00","distance":"26.00","platformname":"6","platformnumber":"6","baynumber":"2","tripdetails":[{"starttime":"07:15","endtime":"08:50"},{"starttime":"07:30","endtime":"09:05"},{"starttime":"08:20","endtime":"10:00"},{"starttime":"08:35","endtime":"10:15"},{"starttime":"09:30","endtime":"11:05"},{"starttime":"09:45","endtime":"11:20"},{"starttime":"10:30","endtime":"12:05"},{"starttime":"10:45","endtime":"12:20"},{"starttime":"11:15","endtime":"12:50"},{"starttime":"11:30","endtime":"13:05"},{"starttime":"12:10","endtime":"13:45"},{"starttime":"12:25","endtime":"14:00"},{"starttime":"13:55","endtime":"15:30"},{"starttime":"14:10","endtime":"15:45"},{"starttime":"15:00","endtime":"16:35"},{"starttime":"15:15","endtime":"16:50"},{"starttime":"15:40","endtime":"17:20"},{"starttime":"15:55","endtime":"17:35"},{"starttime":"17:15","endtime":"18:50"},{"starttime":"17:30","endtime":"19:05"},{"starttime":"17:50","endtime":"19:30"},{"starttime":"18:05","endtime":"19:45"},{"starttime":"19:45","endtime":"21:20"}]}],"Message":"Success","Issuccess":true,"exception":null,"RowCount":1,"responsecode":200}