{"data":[{"fromstationname":"Vijayanagara Garage","tostationname":"Attibele Bus Stand","fromstationid":"35395","tostationid":"21670","apptime":"02:00:00","distance":"39.50","platformname":"5","platformnumber":"5","baynumber":"3","tripdetails":[{"starttime":"05:30","endtime":"07:30"},{"starttime":"07:15","endtime":"09:40"},{"starttime":"13:45","endtime":"16:00"},{"starttime":"14:10","endtime":"16:40"},{"starttime":"14:15","endtime":"16:30"}]}],"Message":"Success","Issuccess":true,"exception":null,"RowCount":1,"responsecode":200}