{"data":[{"fromstationname":"Chandapura","tostationname":"Banashankari Bus Station","fromstationid":"21818","tostationid":"20624","apptime":"01:05:00","distance":"20.20","platformname":"","platformnumber":"","baynumber":"","tripdetails":[{"starttime":"06:50","endtime":"07:55"},{"starttime":"09:35","endtime":"10:40"},{"starttime":"11:00","endtime":"12:20"},{"starttime":"14:10","endtime":"15:20"},{"starttime":"14:45","endtime":"16:05"},{"starttime":"17:55","endtime":"19:15"}]}],"Message":"Success","Issuccess":true,"exception":null,"RowCount":1,"responsecode":200}