{"data":[{"fromstationname":"Shivajinagara Bus Station","tostationname":"Vidhana Soudha Layout","fromstationid":"21172","tostationid":"31586","apptime":"01:00:00","distance":"13.80","platformname":"8","platformnumber":"8","baynumber":"2","tripdetails":[{"starttime":"09:30","endtime":"10:30"},{"starttime":"10:35","endtime":"11:35"},{"starttime":"12:05","endtime":"13:05"},{"starttime":"12:45","endtime":"13:45"},{"starttime":"14:15","endtime":"15:15"},{"starttime":"15:20","endtime":"16:20"},{"starttime":"17:05","endtime":"18:05"}]}],"Message":"Success","Issuccess":true,"exception":null,"RowCount":1,"responsecode":200}