{"data":[{"fromstationname":"Kurubarahalli","tostationname":"Shivajinagara Bus Station","fromstationid":"33635","tostationid":"21173","apptime":"00:45:00","distance":"12.50","platformname":"","platformnumber":"","baynumber":"","tripdetails":[{"starttime":"09:20","endtime":"10:05"},{"starttime":"11:25","endtime":"12:10"},{"starttime":"13:10","endtime":"13:55"},{"starttime":"15:15","endtime":"16:00"},{"starttime":"16:55","endtime":"17:40"}]}],"Message":"Success","Issuccess":true,"exception":null,"RowCount":1,"responsecode":200}