{"data":[{"fromstationname":"Kempegowda Bus Station","tostationname":"Sakamma Layout","fromstationid":"20921","tostationid":"34455","apptime":"00:40:00","distance":"10.05","platformname":"6A","platformnumber":"","baynumber":"","tripdetails":[{"starttime":"06:40","endtime":"07:20"},{"starttime":"08:10","endtime":"08:50"},{"starttime":"09:40","endtime":"10:20"},{"starttime":"11:35","endtime":"12:15"},{"starttime":"14:15","endtime":"14:55"},{"starttime":"15:45","endtime":"16:25"},{"starttime":"17:45","endtime":"18:25"},{"starttime":"19:20","endtime":"20:00"}]}],"Message":"Success","Issuccess":true,"exception":null,"RowCount":1,"responsecode":200}