{"data":[{"fromstationname":"Kempegowda Bus Station","tostationname":"Cauvery Nagara","fromstationid":"20921","tostationid":"32209","apptime":"00:30:00","distance":"8.60","platformname":"5","platformnumber":"5","baynumber":"2","tripdetails":[{"starttime":"05:20","endtime":"05:50"},{"starttime":"05:35","endtime":"06:05"},{"starttime":"05:50","endtime":"06:25"},{"starttime":"06:00","endtime":"06:35"},{"starttime":"06:20","endtime":"06:50"},{"starttime":"06:35","endtime":"07:10"},{"starttime":"06:50","endtime":"07:25"},{"starttime":"07:00","endtime":"07:35"},{"starttime":"07:10","endtime":"07:45"},{"starttime":"07:15","endtime":"07:45"},{"starttime":"07:20","endtime":"07:55"},{"starttime":"07:30","endtime":"08:05"},{"starttime":"07:40","endtime":"08:15"},{"starttime":"07:45","endtime":"08:25"},{"starttime":"07:50","endtime":"08:30"},{"starttime":"08:00","endtime":"08:40"},{"starttime":"08:15","endtime":"08:55"},{"starttime":"08:25","endtime":"09:00"},{"starttime":"08:30","endtime":"09:05"},{"starttime":"08:35","endtime":"09:15"},{"starttime":"08:40","endtime":"09:15"},{"starttime":"08:45","endtime":"09:20"},{"starttime":"08:50","endtime":"09:25"},{"starttime":"08:55","endtime":"09:35"},{"starttime":"09:05","endtime":"09:45"},{"starttime":"09:15","endtime":"09:55"},{"starttime":"09:25","endtime":"10:05"},{"starttime":"09:35","endtime":"10:15"},{"starttime":"09:45","endtime":"10:20"},{"starttime":"09:55","endtime":"10:35"},{"starttime":"10:00","endtime":"10:35"},{"starttime":"10:05","endtime":"10:40"},{"starttime":"10:15","endtime":"10:55"},{"starttime":"10:30","endtime":"11:05"},{"starttime":"10:35","endtime":"11:05"},{"starttime":"10:45","endtime":"11:20"},{"starttime":"10:55","endtime":"11:30"},{"starttime":"11:00","endtime":"11:35"},{"starttime":"11:05","endtime":"11:40"},{"starttime":"11:10","endtime":"11:45"},{"starttime":"11:15","endtime":"11:50"},{"starttime":"11:25","endtime":"12:00"},{"starttime":"11:30","endtime":"12:00"},{"starttime":"11:35","endtime":"12:10"},{"starttime":"11:40","endtime":"12:15"},{"starttime":"11:45","endtime":"12:15"},{"starttime":"11:50","endtime":"12:25"},{"starttime":"12:15","endtime":"12:50"},{"starttime":"12:25","endtime":"13:00"},{"starttime":"12:35","endtime":"13:10"},{"starttime":"12:40","endtime":"13:10"},{"starttime":"12:45","endtime":"13:20"},{"starttime":"12:55","endtime":"13:30"},{"starttime":"13:10","endtime":"13:45"},{"starttime":"13:20","endtime":"14:00"},{"starttime":"13:25","endtime":"14:00"},{"starttime":"14:05","endtime":"14:40"},{"starttime":"14:10","endtime":"14:45"},{"starttime":"14:25","endtime":"15:00"},{"starttime":"14:30","endtime":"15:05"},{"starttime":"14:35","endtime":"15:10"},{"starttime":"14:40","endtime":"15:15"},{"starttime":"14:45","endtime":"15:15"},{"starttime":"14:50","endtime":"15:30"},{"starttime":"14:55","endtime":"15:30"},{"starttime":"15:05","endtime":"15:40"},{"starttime":"15:15","endtime":"15:55"},{"starttime":"15:25","endtime":"15:55"},{"starttime":"15:35","endtime":"16:10"},{"starttime":"15:45","endtime":"16:25"},{"starttime":"15:55","endtime":"16:25"},{"starttime":"16:05","endtime":"16:45"},{"starttime":"16:15","endtime":"16:55"},{"starttime":"16:25","endtime":"17:05"},{"starttime":"16:40","endtime":"17:20"},{"starttime":"16:45","endtime":"17:25"},{"starttime":"16:55","endtime":"17:35"},{"starttime":"17:00","endtime":"17:35"},{"starttime":"17:05","endtime":"17:45"},{"starttime":"17:25","endtime":"18:05"},{"starttime":"17:30","endtime":"18:05"},{"starttime":"17:35","endtime":"18:15"},{"starttime":"17:55","endtime":"18:35"},{"starttime":"18:10","endtime":"18:50"},{"starttime":"18:15","endtime":"18:55"},{"starttime":"18:20","endtime":"18:55"},{"starttime":"18:35","endtime":"19:15"},{"starttime":"18:40","endtime":"19:20"},{"starttime":"18:45","endtime":"19:25"},{"starttime":"18:50","endtime":"19:25"},{"starttime":"18:55","endtime":"19:35"},{"starttime":"19:05","endtime":"19:45"},{"starttime":"19:25","endtime":"20:05"},{"starttime":"19:40","endtime":"20:15"},{"starttime":"19:45","endtime":"20:25"},{"starttime":"19:55","endtime":"20:35"},{"starttime":"20:05","endtime":"20:45"},{"starttime":"20:10","endtime":"20:50"},{"starttime":"20:15","endtime":"20:55"},{"starttime":"20:30","endtime":"21:05"},{"starttime":"20:50","endtime":"21:25"},{"starttime":"21:00","endtime":"21:35"},{"starttime":"21:10","endtime":"21:45"},{"starttime":"21:20","endtime":"21:55"},{"starttime":"21:40","endtime":"22:15"},{"starttime":"21:50","endtime":"22:25"},{"starttime":"22:05","endtime":"22:45"},{"starttime":"22:10","endtime":"22:40"},{"starttime":"22:15","endtime":"22:45"},{"starttime":"22:30","endtime":"23:00"}]}],"Message":"Success","Issuccess":true,"exception":null,"RowCount":1,"responsecode":200}