{"data":[{"fromstationname":"Cauvery Nagara","tostationname":"Kempegowda Bus Station","fromstationid":"24379","tostationid":"20922","apptime":"00:30:00","distance":"8.60","platformname":"","platformnumber":"","baynumber":"","tripdetails":[{"starttime":"05:00","endtime":"05:30"},{"starttime":"05:15","endtime":"05:45"},{"starttime":"05:20","endtime":"05:55"},{"starttime":"05:25","endtime":"05:55"},{"starttime":"05:45","endtime":"06:15"},{"starttime":"05:55","endtime":"06:30"},{"starttime":"06:10","endtime":"06:45"},{"starttime":"06:20","endtime":"06:55"},{"starttime":"06:30","endtime":"07:05"},{"starttime":"06:35","endtime":"07:10"},{"starttime":"06:40","endtime":"07:15"},{"starttime":"06:50","endtime":"07:25"},{"starttime":"06:55","endtime":"07:25"},{"starttime":"07:00","endtime":"07:35"},{"starttime":"07:20","endtime":"07:55"},{"starttime":"07:30","endtime":"08:10"},{"starttime":"07:40","endtime":"08:20"},{"starttime":"07:50","endtime":"08:20"},{"starttime":"08:00","endtime":"08:35"},{"starttime":"08:10","endtime":"08:45"},{"starttime":"08:20","endtime":"09:00"},{"starttime":"08:30","endtime":"09:10"},{"starttime":"08:40","endtime":"09:20"},{"starttime":"08:50","endtime":"09:30"},{"starttime":"09:05","endtime":"09:40"},{"starttime":"09:10","endtime":"09:50"},{"starttime":"09:20","endtime":"09:55"},{"starttime":"09:25","endtime":"10:00"},{"starttime":"09:30","endtime":"10:10"},{"starttime":"09:40","endtime":"10:20"},{"starttime":"09:45","endtime":"10:25"},{"starttime":"09:50","endtime":"10:30"},{"starttime":"09:55","endtime":"10:30"},{"starttime":"10:00","endtime":"10:40"},{"starttime":"10:10","endtime":"10:50"},{"starttime":"10:20","endtime":"11:00"},{"starttime":"10:30","endtime":"11:10"},{"starttime":"10:40","endtime":"11:15"},{"starttime":"10:50","endtime":"11:25"},{"starttime":"10:55","endtime":"11:30"},{"starttime":"11:00","endtime":"11:35"},{"starttime":"11:05","endtime":"11:40"},{"starttime":"11:10","endtime":"11:40"},{"starttime":"11:15","endtime":"11:50"},{"starttime":"11:25","endtime":"12:00"},{"starttime":"11:35","endtime":"12:10"},{"starttime":"11:45","endtime":"12:20"},{"starttime":"11:55","endtime":"12:30"},{"starttime":"12:00","endtime":"12:35"},{"starttime":"12:05","endtime":"12:35"},{"starttime":"12:15","endtime":"12:50"},{"starttime":"12:20","endtime":"12:55"},{"starttime":"12:30","endtime":"13:05"},{"starttime":"12:35","endtime":"13:15"},{"starttime":"12:45","endtime":"13:20"},{"starttime":"13:05","endtime":"13:40"},{"starttime":"13:15","endtime":"13:50"},{"starttime":"13:25","endtime":"14:00"},{"starttime":"13:35","endtime":"14:10"},{"starttime":"13:50","endtime":"14:25"},{"starttime":"13:55","endtime":"14:30"},{"starttime":"14:00","endtime":"14:35"},{"starttime":"14:05","endtime":"14:45"},{"starttime":"14:25","endtime":"15:00"},{"starttime":"14:35","endtime":"15:10"},{"starttime":"14:45","endtime":"15:20"},{"starttime":"14:50","endtime":"15:20"},{"starttime":"15:00","endtime":"15:35"},{"starttime":"15:05","endtime":"15:40"},{"starttime":"15:10","endtime":"15:45"},{"starttime":"15:20","endtime":"15:55"},{"starttime":"15:25","endtime":"16:05"},{"starttime":"15:35","endtime":"16:10"},{"starttime":"15:40","endtime":"16:20"},{"starttime":"15:50","endtime":"16:30"},{"starttime":"16:00","endtime":"16:40"},{"starttime":"16:05","endtime":"16:45"},{"starttime":"16:15","endtime":"16:55"},{"starttime":"16:25","endtime":"16:55"},{"starttime":"16:40","endtime":"17:20"},{"starttime":"16:50","endtime":"17:30"},{"starttime":"16:55","endtime":"17:25"},{"starttime":"17:00","endtime":"17:40"},{"starttime":"17:10","endtime":"17:50"},{"starttime":"17:25","endtime":"18:05"},{"starttime":"17:30","endtime":"18:10"},{"starttime":"17:35","endtime":"18:15"},{"starttime":"17:40","endtime":"18:15"},{"starttime":"17:50","endtime":"18:30"},{"starttime":"17:55","endtime":"18:35"},{"starttime":"18:00","endtime":"18:40"},{"starttime":"18:10","endtime":"18:45"},{"starttime":"18:20","endtime":"19:00"},{"starttime":"18:40","endtime":"19:20"},{"starttime":"18:55","endtime":"19:35"},{"starttime":"19:00","endtime":"19:40"},{"starttime":"19:05","endtime":"19:45"},{"starttime":"19:20","endtime":"20:00"},{"starttime":"19:25","endtime":"20:05"},{"starttime":"19:30","endtime":"20:05"},{"starttime":"19:40","endtime":"20:20"},{"starttime":"19:50","endtime":"20:25"},{"starttime":"20:10","endtime":"20:45"},{"starttime":"20:20","endtime":"20:55"},{"starttime":"20:30","endtime":"21:10"},{"starttime":"20:40","endtime":"21:15"},{"starttime":"20:50","endtime":"21:25"},{"starttime":"20:55","endtime":"21:35"},{"starttime":"21:00","endtime":"21:35"},{"starttime":"21:10","endtime":"21:45"},{"starttime":"21:30","endtime":"22:05"},{"starttime":"21:40","endtime":"22:10"},{"starttime":"22:00","endtime":"22:35"}]}],"Message":"Success","Issuccess":true,"exception":null,"RowCount":1,"responsecode":200}