{"data":[{"fromstationname":"Kempegowda Bus Station","tostationname":"JC Nagara Kurubarahalli","fromstationid":"20921","tostationid":"34811","apptime":"00:30:00","distance":"8.80","platformname":"5","platformnumber":"5","baynumber":"2","tripdetails":[{"starttime":"07:10","endtime":"07:40"},{"starttime":"07:40","endtime":"08:15"},{"starttime":"08:25","endtime":"09:00"},{"starttime":"09:00","endtime":"09:35"},{"starttime":"09:50","endtime":"10:30"},{"starttime":"10:20","endtime":"10:55"},{"starttime":"11:50","endtime":"12:30"},{"starttime":"12:05","endtime":"12:40"},{"starttime":"14:35","endtime":"15:10"},{"starttime":"15:55","endtime":"16:30"},{"starttime":"17:05","endtime":"17:45"},{"starttime":"17:40","endtime":"18:15"},{"starttime":"19:00","endtime":"19:35"},{"starttime":"20:20","endtime":"21:05"},{"starttime":"20:25","endtime":"21:00"}]}],"Message":"Success","Issuccess":true,"exception":null,"RowCount":1,"responsecode":200}