{"data":[{"fromstationname":"JC Nagara","tostationname":"Kempegowda Bus Station","fromstationid":"33125","tostationid":"20922","apptime":"00:35:00","distance":"8.60","platformname":"","platformnumber":"","baynumber":"","tripdetails":[{"starttime":"07:00","endtime":"07:35"},{"starttime":"07:45","endtime":"08:20"},{"starttime":"08:20","endtime":"08:55"},{"starttime":"09:05","endtime":"09:45"},{"starttime":"09:40","endtime":"10:15"},{"starttime":"11:00","endtime":"11:40"},{"starttime":"11:25","endtime":"12:00"},{"starttime":"12:35","endtime":"13:10"},{"starttime":"12:45","endtime":"13:15"},{"starttime":"14:20","endtime":"15:00"},{"starttime":"15:10","endtime":"15:50"},{"starttime":"15:15","endtime":"15:50"},{"starttime":"16:20","endtime":"17:00"},{"starttime":"17:00","endtime":"17:35"},{"starttime":"17:50","endtime":"18:35"},{"starttime":"18:20","endtime":"18:55"},{"starttime":"18:40","endtime":"19:25"},{"starttime":"19:30","endtime":"20:15"},{"starttime":"19:45","endtime":"20:20"}]}],"Message":"Success","Issuccess":true,"exception":null,"RowCount":1,"responsecode":200}