{"data":[{"fromstationname":"Kamalanagara BEML Layout","tostationname":"Shivajinagara Bus Station","fromstationid":"24062","tostationid":"21173","apptime":"00:45:00","distance":"11.80","platformname":"","platformnumber":"","baynumber":"","tripdetails":[{"starttime":"08:00","endtime":"08:45"},{"starttime":"09:55","endtime":"10:40"},{"starttime":"12:00","endtime":"12:45"},{"starttime":"13:40","endtime":"14:25"},{"starttime":"16:10","endtime":"16:55"}]}],"Message":"Success","Issuccess":true,"exception":null,"RowCount":1,"responsecode":200}