{"data":[{"fromstationname":"Kempegowda Bus Station","tostationname":"Kamalanagara BEML Layout","fromstationid":"20921","tostationid":"24062","apptime":"00:30:00","distance":"7.30","platformname":"5","platformnumber":"5","baynumber":"2","tripdetails":[{"starttime":"07:15","endtime":"07:45"},{"starttime":"08:50","endtime":"09:20"},{"starttime":"10:00","endtime":"10:30"},{"starttime":"10:10","endtime":"10:40"},{"starttime":"11:10","endtime":"11:40"},{"starttime":"11:20","endtime":"11:50"},{"starttime":"12:20","endtime":"12:50"},{"starttime":"12:45","endtime":"13:10"},{"starttime":"13:45","endtime":"14:10"},{"starttime":"14:25","endtime":"14:55"},{"starttime":"15:35","endtime":"16:05"},{"starttime":"17:10","endtime":"17:40"},{"starttime":"18:20","endtime":"18:50"},{"starttime":"18:50","endtime":"19:20"},{"starttime":"19:30","endtime":"20:00"},{"starttime":"20:25","endtime":"20:55"},{"starttime":"20:40","endtime":"21:10"},{"starttime":"21:15","endtime":"21:45"}]}],"Message":"Success","Issuccess":true,"exception":null,"RowCount":1,"responsecode":200}