{"data":[{"fromstationname":"Kamalanagara BEML Layout","tostationname":"Kempegowda Bus Station","fromstationid":"24062","tostationid":"20922","apptime":"00:30:00","distance":"7.30","platformname":"","platformnumber":"","baynumber":"","tripdetails":[{"starttime":"06:40","endtime":"07:10"},{"starttime":"08:15","endtime":"08:45"},{"starttime":"09:25","endtime":"09:55"},{"starttime":"10:35","endtime":"11:05"},{"starttime":"10:45","endtime":"11:15"},{"starttime":"11:45","endtime":"12:15"},{"starttime":"12:00","endtime":"12:30"},{"starttime":"12:55","endtime":"13:20"},{"starttime":"15:00","endtime":"15:30"},{"starttime":"16:35","endtime":"17:05"},{"starttime":"17:45","endtime":"18:15"},{"starttime":"18:55","endtime":"19:25"},{"starttime":"19:25","endtime":"19:55"},{"starttime":"20:05","endtime":"20:35"},{"starttime":"21:00","endtime":"21:30"}]}],"Message":"Success","Issuccess":true,"exception":null,"RowCount":1,"responsecode":200}