{"data":[{"fromstationname":"Kempegowda Bus Station","tostationname":"Chowdeshwarinagara JP Park","fromstationid":"20921","tostationid":"24683","apptime":"00:35:00","distance":"8.50","platformname":"20E","platformnumber":"","baynumber":"","tripdetails":[{"starttime":"06:55","endtime":"07:30"},{"starttime":"07:15","endtime":"07:50"},{"starttime":"07:35","endtime":"08:10"},{"starttime":"08:10","endtime":"08:50"},{"starttime":"08:20","endtime":"09:00"},{"starttime":"08:40","endtime":"09:20"},{"starttime":"09:00","endtime":"09:40"},{"starttime":"09:15","endtime":"09:55"},{"starttime":"09:30","endtime":"10:10"},{"starttime":"09:50","endtime":"10:25"},{"starttime":"10:10","endtime":"10:45"},{"starttime":"10:30","endtime":"11:05"},{"starttime":"10:55","endtime":"11:30"},{"starttime":"11:15","endtime":"11:50"},{"starttime":"11:35","endtime":"12:10"},{"starttime":"11:55","endtime":"12:30"},{"starttime":"12:15","endtime":"12:50"},{"starttime":"12:35","endtime":"13:10"},{"starttime":"12:45","endtime":"13:20"},{"starttime":"12:55","endtime":"13:30"},{"starttime":"13:15","endtime":"13:50"},{"starttime":"13:35","endtime":"14:10"},{"starttime":"14:00","endtime":"14:35"},{"starttime":"14:15","endtime":"14:50"},{"starttime":"14:35","endtime":"15:10"},{"starttime":"14:55","endtime":"15:30"},{"starttime":"15:35","endtime":"16:10"},{"starttime":"15:45","endtime":"16:20"},{"starttime":"15:55","endtime":"16:30"},{"starttime":"16:00","endtime":"16:30"},{"starttime":"16:15","endtime":"16:50"},{"starttime":"17:10","endtime":"17:50"},{"starttime":"17:25","endtime":"18:05"},{"starttime":"17:45","endtime":"18:25"},{"starttime":"18:05","endtime":"18:45"},{"starttime":"18:40","endtime":"19:15"},{"starttime":"18:55","endtime":"19:35"},{"starttime":"19:15","endtime":"19:55"},{"starttime":"19:35","endtime":"20:15"},{"starttime":"20:25","endtime":"21:00"},{"starttime":"20:45","endtime":"21:20"},{"starttime":"21:05","endtime":"21:40"}]}],"Message":"Success","Issuccess":true,"exception":null,"RowCount":1,"responsecode":200}