{"data":[{"fromstationname":"Chowdeshwarinagara JP Park","tostationname":"Kempegowda Bus Station","fromstationid":"24270","tostationid":"20922","apptime":"00:35:00","distance":"8.50","platformname":"","platformnumber":"","baynumber":"","tripdetails":[{"starttime":"06:15","endtime":"06:50"},{"starttime":"06:35","endtime":"07:10"},{"starttime":"06:55","endtime":"07:30"},{"starttime":"07:35","endtime":"08:15"},{"starttime":"07:55","endtime":"08:35"},{"starttime":"08:15","endtime":"08:55"},{"starttime":"08:30","endtime":"09:10"},{"starttime":"08:45","endtime":"09:25"},{"starttime":"09:05","endtime":"09:45"},{"starttime":"09:25","endtime":"10:05"},{"starttime":"09:45","endtime":"10:25"},{"starttime":"10:15","endtime":"10:50"},{"starttime":"10:30","endtime":"11:10"},{"starttime":"10:55","endtime":"11:30"},{"starttime":"11:15","endtime":"11:50"},{"starttime":"11:35","endtime":"12:10"},{"starttime":"11:55","endtime":"12:30"},{"starttime":"12:05","endtime":"12:40"},{"starttime":"12:15","endtime":"12:50"},{"starttime":"12:35","endtime":"13:10"},{"starttime":"12:55","endtime":"13:30"},{"starttime":"13:15","endtime":"13:50"},{"starttime":"13:25","endtime":"13:55"},{"starttime":"13:35","endtime":"14:10"},{"starttime":"13:55","endtime":"14:30"},{"starttime":"14:15","endtime":"14:50"},{"starttime":"14:55","endtime":"15:30"},{"starttime":"15:05","endtime":"15:40"},{"starttime":"15:15","endtime":"15:50"},{"starttime":"15:35","endtime":"16:10"},{"starttime":"16:25","endtime":"17:05"},{"starttime":"16:40","endtime":"17:20"},{"starttime":"17:00","endtime":"17:40"},{"starttime":"17:20","endtime":"18:00"},{"starttime":"17:55","endtime":"18:35"},{"starttime":"18:10","endtime":"18:50"},{"starttime":"18:30","endtime":"19:10"},{"starttime":"18:50","endtime":"19:30"},{"starttime":"19:40","endtime":"20:20"},{"starttime":"20:00","endtime":"20:40"},{"starttime":"20:20","endtime":"21:00"}]}],"Message":"Success","Issuccess":true,"exception":null,"RowCount":1,"responsecode":200}