{"data":[{"fromstationname":"8th Mile Dasarahalli","tostationname":"Byadarahalli","fromstationid":"35571","tostationid":"21475","apptime":"00:35:00","distance":"9.00","platformname":"","platformnumber":"","baynumber":"","tripdetails":[{"starttime":"06:00","endtime":"06:35"},{"starttime":"06:10","endtime":"06:40"},{"starttime":"06:25","endtime":"06:55"},{"starttime":"06:35","endtime":"07:05"},{"starttime":"07:00","endtime":"07:30"},{"starttime":"07:10","endtime":"07:40"},{"starttime":"07:20","endtime":"07:50"},{"starttime":"07:30","endtime":"08:05"},{"starttime":"07:40","endtime":"08:15"},{"starttime":"08:05","endtime":"08:40"},{"starttime":"08:25","endtime":"09:00"},{"starttime":"08:35","endtime":"09:10"},{"starttime":"08:45","endtime":"09:20"},{"starttime":"09:00","endtime":"09:35"},{"starttime":"09:10","endtime":"09:45"},{"starttime":"09:20","endtime":"09:55"},{"starttime":"09:30","endtime":"10:05"},{"starttime":"09:50","endtime":"10:25"},{"starttime":"10:00","endtime":"10:35"},{"starttime":"10:05","endtime":"10:40"},{"starttime":"10:10","endtime":"10:45"},{"starttime":"10:20","endtime":"10:55"},{"starttime":"10:30","endtime":"11:05"},{"starttime":"10:40","endtime":"11:15"},{"starttime":"10:50","endtime":"11:25"},{"starttime":"11:05","endtime":"11:40"},{"starttime":"11:10","endtime":"11:45"},{"starttime":"11:20","endtime":"11:55"},{"starttime":"11:25","endtime":"12:00"},{"starttime":"11:30","endtime":"12:05"},{"starttime":"11:40","endtime":"12:15"},{"starttime":"11:50","endtime":"12:25"},{"starttime":"12:00","endtime":"12:35"},{"starttime":"12:10","endtime":"12:45"},{"starttime":"12:20","endtime":"12:55"},{"starttime":"12:30","endtime":"13:05"},{"starttime":"12:45","endtime":"13:20"},{"starttime":"12:50","endtime":"13:25"},{"starttime":"13:10","endtime":"13:40"},{"starttime":"13:20","endtime":"13:55"},{"starttime":"13:30","endtime":"14:05"},{"starttime":"13:40","endtime":"14:15"},{"starttime":"14:05","endtime":"14:40"},{"starttime":"14:15","endtime":"14:50"},{"starttime":"14:25","endtime":"15:00"},{"starttime":"14:35","endtime":"15:10"},{"starttime":"15:00","endtime":"15:35"},{"starttime":"15:10","endtime":"15:45"},{"starttime":"15:20","endtime":"15:55"},{"starttime":"15:25","endtime":"16:00"},{"starttime":"15:30","endtime":"16:05"},{"starttime":"15:35","endtime":"16:05"},{"starttime":"15:40","endtime":"16:15"},{"starttime":"15:50","endtime":"16:25"},{"starttime":"16:00","endtime":"16:35"},{"starttime":"16:15","endtime":"16:50"},{"starttime":"16:20","endtime":"16:50"},{"starttime":"16:35","endtime":"17:10"},{"starttime":"16:45","endtime":"17:20"},{"starttime":"16:50","endtime":"17:25"},{"starttime":"16:55","endtime":"17:30"},{"starttime":"17:00","endtime":"17:35"},{"starttime":"17:05","endtime":"17:40"},{"starttime":"17:15","endtime":"17:50"},{"starttime":"17:25","endtime":"18:00"},{"starttime":"17:35","endtime":"18:10"},{"starttime":"17:55","endtime":"18:30"},{"starttime":"18:05","endtime":"18:40"},{"starttime":"18:10","endtime":"18:45"},{"starttime":"18:15","endtime":"18:50"},{"starttime":"18:20","endtime":"18:55"},{"starttime":"18:25","endtime":"19:00"},{"starttime":"18:35","endtime":"19:10"},{"starttime":"18:45","endtime":"19:20"},{"starttime":"18:55","endtime":"19:30"},{"starttime":"19:15","endtime":"19:50"},{"starttime":"19:20","endtime":"19:50"},{"starttime":"19:25","endtime":"20:00"},{"starttime":"19:35","endtime":"20:10"},{"starttime":"19:45","endtime":"20:20"},{"starttime":"19:55","endtime":"20:25"},{"starttime":"20:05","endtime":"20:35"},{"starttime":"20:15","endtime":"20:45"},{"starttime":"20:35","endtime":"21:10"},{"starttime":"21:10","endtime":"21:40"},{"starttime":"21:25","endtime":"21:55"},{"starttime":"21:40","endtime":"22:10"}]}],"Message":"Success","Issuccess":true,"exception":null,"RowCount":1,"responsecode":200}