{"data":[{"fromstationname":"Swamy Vivekananda Metro Station/Isolation Hospital","tostationname":"Bagmane Tech Park","fromstationid":"22527","tostationid":"21701","apptime":"00:15:00","distance":"3.00","platformname":"","platformnumber":"","baynumber":"","tripdetails":[{"starttime":"16:00","endtime":"16:15"},{"starttime":"16:40","endtime":"16:55"},{"starttime":"16:50","endtime":"17:05"},{"starttime":"17:15","endtime":"17:30"},{"starttime":"17:20","endtime":"17:40"},{"starttime":"17:30","endtime":"17:45"},{"starttime":"17:40","endtime":"17:55"},{"starttime":"17:55","endtime":"18:10"},{"starttime":"18:10","endtime":"18:25"},{"starttime":"18:15","endtime":"18:30"},{"starttime":"18:20","endtime":"18:35"},{"starttime":"18:35","endtime":"18:50"},{"starttime":"18:50","endtime":"19:10"},{"starttime":"18:55","endtime":"19:15"},{"starttime":"19:05","endtime":"19:25"},{"starttime":"19:20","endtime":"19:35"}]}],"Message":"Success","Issuccess":true,"exception":null,"RowCount":1,"responsecode":200}