{"data":[{"fromstationname":"Depot-11 Puttenahalli","tostationname":"Puttenahalli","fromstationid":"32425","tostationid":"34300","apptime":"00:01:00","distance":"0.10","platformname":"","platformnumber":"","baynumber":"","tripdetails":[{"starttime":"05:40","endtime":"05:41"},{"starttime":"05:50","endtime":"05:52"},{"starttime":"05:55","endtime":"05:56"},{"starttime":"06:00","endtime":"06:01"},{"starttime":"06:05","endtime":"06:06"},{"starttime":"06:10","endtime":"06:12"},{"starttime":"06:15","endtime":"06:16"},{"starttime":"06:20","endtime":"06:21"},{"starttime":"06:30","endtime":"06:31"},{"starttime":"06:40","endtime":"06:41"},{"starttime":"06:45","endtime":"06:46"},{"starttime":"06:50","endtime":"06:51"},{"starttime":"06:55","endtime":"06:56"},{"starttime":"07:00","endtime":"07:01"},{"starttime":"07:05","endtime":"07:06"},{"starttime":"07:10","endtime":"07:11"},{"starttime":"07:15","endtime":"07:16"},{"starttime":"07:20","endtime":"07:21"},{"starttime":"07:30","endtime":"07:31"},{"starttime":"07:35","endtime":"07:36"},{"starttime":"07:40","endtime":"07:41"},{"starttime":"07:45","endtime":"07:46"},{"starttime":"07:50","endtime":"07:51"},{"starttime":"07:55","endtime":"07:56"},{"starttime":"08:00","endtime":"08:03"},{"starttime":"08:05","endtime":"08:06"},{"starttime":"08:10","endtime":"08:11"},{"starttime":"08:15","endtime":"08:16"},{"starttime":"08:20","endtime":"08:21"},{"starttime":"08:25","endtime":"08:26"},{"starttime":"08:30","endtime":"08:33"},{"starttime":"08:35","endtime":"08:36"},{"starttime":"08:40","endtime":"08:41"},{"starttime":"08:45","endtime":"08:48"},{"starttime":"08:50","endtime":"08:51"},{"starttime":"09:05","endtime":"09:06"},{"starttime":"12:20","endtime":"12:21"},{"starttime":"12:50","endtime":"12:51"},{"starttime":"12:55","endtime":"12:56"},{"starttime":"13:00","endtime":"13:01"},{"starttime":"13:20","endtime":"13:21"},{"starttime":"13:25","endtime":"13:26"},{"starttime":"13:35","endtime":"13:38"},{"starttime":"13:40","endtime":"13:42"},{"starttime":"13:45","endtime":"13:46"},{"starttime":"13:55","endtime":"13:58"},{"starttime":"14:00","endtime":"14:01"},{"starttime":"14:05","endtime":"14:06"},{"starttime":"14:10","endtime":"14:11"},{"starttime":"14:15","endtime":"14:16"},{"starttime":"14:20","endtime":"14:21"},{"starttime":"14:25","endtime":"14:26"},{"starttime":"14:30","endtime":"14:31"},{"starttime":"14:35","endtime":"14:36"},{"starttime":"14:40","endtime":"14:41"},{"starttime":"14:45","endtime":"14:46"},{"starttime":"14:50","endtime":"14:51"},{"starttime":"14:55","endtime":"14:58"},{"starttime":"15:00","endtime":"15:03"},{"starttime":"15:05","endtime":"15:06"},{"starttime":"15:15","endtime":"15:16"},{"starttime":"15:55","endtime":"15:58"},{"starttime":"19:15","endtime":"19:17"},{"starttime":"19:25","endtime":"19:26"},{"starttime":"19:45","endtime":"19:46"}]}],"Message":"Success","Issuccess":true,"exception":null,"RowCount":1,"responsecode":200}