{"data":[{"fromstationname":"Puttenahalli","tostationname":"Depot-11 Puttenahalli","fromstationid":"34299","tostationid":"32425","apptime":"00:01:00","distance":"0.20","platformname":"","platformnumber":"","baynumber":"","tripdetails":[{"starttime":"05:54","endtime":"05:55"},{"starttime":"05:59","endtime":"06:00"},{"starttime":"06:03","endtime":"06:05"},{"starttime":"10:29","endtime":"10:30"},{"starttime":"10:44","endtime":"10:45"},{"starttime":"10:59","endtime":"11:00"},{"starttime":"11:04","endtime":"11:05"},{"starttime":"11:09","endtime":"11:10"},{"starttime":"11:14","endtime":"11:15"},{"starttime":"11:18","endtime":"11:20"},{"starttime":"11:19","endtime":"11:20"},{"starttime":"11:24","endtime":"11:25"},{"starttime":"11:29","endtime":"11:30"},{"starttime":"11:31","endtime":"11:35"},{"starttime":"11:33","endtime":"11:35"},{"starttime":"11:34","endtime":"11:35"},{"starttime":"11:44","endtime":"11:45"},{"starttime":"11:49","endtime":"11:50"},{"starttime":"11:54","endtime":"11:55"},{"starttime":"11:59","endtime":"12:00"},{"starttime":"12:04","endtime":"12:05"},{"starttime":"12:09","endtime":"12:10"},{"starttime":"12:14","endtime":"12:15"},{"starttime":"12:19","endtime":"12:20"},{"starttime":"12:24","endtime":"12:25"},{"starttime":"12:29","endtime":"12:30"},{"starttime":"12:34","endtime":"12:35"},{"starttime":"12:38","endtime":"12:40"},{"starttime":"12:39","endtime":"12:40"},{"starttime":"12:44","endtime":"12:45"},{"starttime":"12:49","endtime":"12:50"},{"starttime":"12:54","endtime":"12:55"},{"starttime":"12:59","endtime":"13:00"},{"starttime":"13:04","endtime":"13:05"},{"starttime":"13:09","endtime":"13:10"},{"starttime":"13:14","endtime":"13:15"},{"starttime":"14:09","endtime":"14:10"},{"starttime":"16:49","endtime":"16:50"},{"starttime":"17:49","endtime":"17:50"},{"starttime":"17:54","endtime":"17:55"},{"starttime":"17:59","endtime":"18:00"},{"starttime":"18:04","endtime":"18:05"},{"starttime":"18:09","endtime":"18:10"},{"starttime":"18:13","endtime":"18:15"},{"starttime":"18:14","endtime":"18:15"},{"starttime":"18:19","endtime":"18:20"},{"starttime":"18:23","endtime":"18:25"},{"starttime":"18:24","endtime":"18:25"},{"starttime":"18:28","endtime":"18:30"},{"starttime":"18:29","endtime":"18:30"},{"starttime":"18:34","endtime":"18:35"},{"starttime":"18:39","endtime":"18:40"},{"starttime":"18:44","endtime":"18:45"},{"starttime":"18:48","endtime":"18:50"},{"starttime":"18:49","endtime":"18:50"},{"starttime":"18:54","endtime":"18:55"},{"starttime":"18:59","endtime":"19:00"},{"starttime":"19:04","endtime":"19:05"},{"starttime":"19:09","endtime":"19:10"},{"starttime":"19:14","endtime":"19:15"},{"starttime":"19:24","endtime":"19:25"},{"starttime":"19:33","endtime":"19:35"},{"starttime":"19:34","endtime":"19:35"},{"starttime":"19:48","endtime":"19:50"},{"starttime":"19:49","endtime":"19:50"},{"starttime":"20:19","endtime":"20:20"},{"starttime":"20:59","endtime":"21:00"},{"starttime":"21:04","endtime":"21:05"},{"starttime":"21:09","endtime":"21:10"},{"starttime":"21:14","endtime":"21:15"},{"starttime":"21:18","endtime":"21:20"},{"starttime":"21:19","endtime":"21:20"},{"starttime":"21:29","endtime":"21:30"},{"starttime":"21:34","endtime":"21:35"},{"starttime":"21:39","endtime":"21:40"},{"starttime":"21:44","endtime":"21:45"},{"starttime":"21:49","endtime":"21:50"},{"starttime":"21:59","endtime":"22:00"},{"starttime":"22:04","endtime":"22:05"},{"starttime":"22:09","endtime":"22:10"},{"starttime":"22:24","endtime":"22:25"}]}],"Message":"Success","Issuccess":true,"exception":null,"RowCount":1,"responsecode":200}