{"data":[{"fromstationname":"Depot-14 Gate","tostationname":"Depot-14 RT Nagara","fromstationid":"36584","tostationid":"35045","apptime":"00:01:00","distance":"0.10","platformname":"","platformnumber":"","baynumber":"","tripdetails":[{"starttime":"11:24","endtime":"11:25"},{"starttime":"11:54","endtime":"11:55"},{"starttime":"12:04","endtime":"12:05"},{"starttime":"12:14","endtime":"12:15"},{"starttime":"12:29","endtime":"12:30"},{"starttime":"12:34","endtime":"12:35"},{"starttime":"12:44","endtime":"12:45"},{"starttime":"17:54","endtime":"17:55"},{"starttime":"18:54","endtime":"18:55"}]}],"Message":"Success","Issuccess":true,"exception":null,"RowCount":1,"responsecode":200}