{"data":[{"fromstationname":"Deepanjalinagara","tostationname":"Depot-16 Deepanajalinagara","fromstationid":"20739","tostationid":"20746","apptime":"00:01:00","distance":"0.10","platformname":"","platformnumber":"","baynumber":"","tripdetails":[{"starttime":"05:59","endtime":"06:00"},{"starttime":"06:00","endtime":"06:01"},{"starttime":"06:09","endtime":"06:10"},{"starttime":"06:10","endtime":"06:11"},{"starttime":"11:14","endtime":"11:15"},{"starttime":"11:29","endtime":"11:30"},{"starttime":"11:34","endtime":"11:35"},{"starttime":"11:39","endtime":"11:40"},{"starttime":"11:48","endtime":"11:50"},{"starttime":"11:49","endtime":"11:50"},{"starttime":"11:54","endtime":"11:55"},{"starttime":"11:59","endtime":"12:00"},{"starttime":"12:00","endtime":"12:00"},{"starttime":"12:04","endtime":"12:05"},{"starttime":"12:09","endtime":"12:10"},{"starttime":"12:14","endtime":"12:15"},{"starttime":"12:19","endtime":"12:20"},{"starttime":"12:24","endtime":"12:25"},{"starttime":"12:28","endtime":"12:30"},{"starttime":"12:29","endtime":"12:30"},{"starttime":"12:33","endtime":"12:35"},{"starttime":"12:34","endtime":"12:35"},{"starttime":"12:39","endtime":"12:40"},{"starttime":"12:44","endtime":"12:45"},{"starttime":"12:45","endtime":"12:45"},{"starttime":"12:48","endtime":"12:50"},{"starttime":"12:49","endtime":"12:50"},{"starttime":"12:54","endtime":"12:55"},{"starttime":"12:59","endtime":"13:00"},{"starttime":"13:04","endtime":"13:05"},{"starttime":"13:08","endtime":"13:10"},{"starttime":"13:09","endtime":"13:10"},{"starttime":"13:10","endtime":"13:10"},{"starttime":"13:14","endtime":"13:15"},{"starttime":"13:19","endtime":"13:20"},{"starttime":"13:29","endtime":"13:30"},{"starttime":"13:30","endtime":"13:30"},{"starttime":"13:34","endtime":"13:35"},{"starttime":"16:24","endtime":"16:25"},{"starttime":"17:09","endtime":"17:10"},{"starttime":"17:18","endtime":"17:20"},{"starttime":"17:33","endtime":"17:35"},{"starttime":"17:39","endtime":"17:40"},{"starttime":"17:43","endtime":"17:45"},{"starttime":"17:44","endtime":"17:45"},{"starttime":"17:49","endtime":"17:50"},{"starttime":"17:54","endtime":"17:55"},{"starttime":"17:59","endtime":"18:00"},{"starttime":"18:03","endtime":"18:05"},{"starttime":"18:04","endtime":"18:05"},{"starttime":"18:08","endtime":"18:10"},{"starttime":"18:09","endtime":"18:10"},{"starttime":"18:13","endtime":"18:15"},{"starttime":"18:14","endtime":"18:15"},{"starttime":"18:19","endtime":"18:20"},{"starttime":"18:24","endtime":"18:25"},{"starttime":"18:29","endtime":"18:30"},{"starttime":"18:34","endtime":"18:35"},{"starttime":"18:38","endtime":"18:40"},{"starttime":"18:39","endtime":"18:40"},{"starttime":"18:43","endtime":"18:45"},{"starttime":"18:44","endtime":"18:45"},{"starttime":"18:49","endtime":"18:50"},{"starttime":"18:54","endtime":"18:55"},{"starttime":"18:58","endtime":"19:00"},{"starttime":"18:59","endtime":"19:00"},{"starttime":"19:03","endtime":"19:05"},{"starttime":"19:04","endtime":"19:05"},{"starttime":"19:08","endtime":"19:10"},{"starttime":"19:09","endtime":"19:10"},{"starttime":"19:13","endtime":"19:15"},{"starttime":"19:14","endtime":"19:15"},{"starttime":"19:18","endtime":"19:20"},{"starttime":"19:19","endtime":"19:20"},{"starttime":"19:24","endtime":"19:25"},{"starttime":"19:29","endtime":"19:30"},{"starttime":"19:34","endtime":"19:35"},{"starttime":"19:39","endtime":"19:40"},{"starttime":"19:44","endtime":"19:45"},{"starttime":"19:49","endtime":"19:50"},{"starttime":"19:54","endtime":"19:55"},{"starttime":"19:59","endtime":"20:00"},{"starttime":"20:04","endtime":"20:05"},{"starttime":"20:34","endtime":"20:35"},{"starttime":"20:49","endtime":"20:50"},{"starttime":"20:59","endtime":"21:00"},{"starttime":"21:03","endtime":"21:05"},{"starttime":"21:04","endtime":"21:05"},{"starttime":"21:11","endtime":"21:12"},{"starttime":"21:13","endtime":"21:15"},{"starttime":"21:18","endtime":"21:20"},{"starttime":"21:19","endtime":"21:20"},{"starttime":"21:23","endtime":"21:25"},{"starttime":"21:24","endtime":"21:25"},{"starttime":"21:29","endtime":"21:30"},{"starttime":"21:33","endtime":"21:35"},{"starttime":"21:34","endtime":"21:35"},{"starttime":"21:35","endtime":"21:37"},{"starttime":"21:38","endtime":"21:40"},{"starttime":"21:39","endtime":"21:40"},{"starttime":"21:44","endtime":"21:45"},{"starttime":"21:49","endtime":"21:50"},{"starttime":"21:50","endtime":"21:50"},{"starttime":"21:54","endtime":"21:55"},{"starttime":"21:59","endtime":"22:00"},{"starttime":"22:04","endtime":"22:05"},{"starttime":"22:09","endtime":"22:10"},{"starttime":"22:14","endtime":"22:15"},{"starttime":"23:09","endtime":"23:10"}]}],"Message":"Success","Issuccess":true,"exception":null,"RowCount":1,"responsecode":200}