{"data":[{"fromstationname":"Depot-16 Deepanajalinagara","tostationname":"Deepanjalinagara","fromstationid":"20746","tostationid":"20739","apptime":"00:01:00","distance":"0.10","platformname":"","platformnumber":"","baynumber":"","tripdetails":[{"starttime":"04:25","endtime":"04:26"},{"starttime":"05:50","endtime":"05:51"},{"starttime":"05:55","endtime":"05:56"},{"starttime":"06:00","endtime":"06:01"},{"starttime":"06:05","endtime":"06:07"},{"starttime":"06:10","endtime":"06:12"},{"starttime":"06:15","endtime":"06:16"},{"starttime":"06:20","endtime":"06:21"},{"starttime":"06:25","endtime":"06:26"},{"starttime":"06:30","endtime":"06:32"},{"starttime":"06:35","endtime":"06:37"},{"starttime":"06:40","endtime":"06:41"},{"starttime":"06:45","endtime":"06:46"},{"starttime":"06:50","endtime":"06:52"},{"starttime":"06:55","endtime":"06:56"},{"starttime":"07:00","endtime":"07:01"},{"starttime":"07:05","endtime":"07:06"},{"starttime":"07:10","endtime":"07:11"},{"starttime":"07:15","endtime":"07:16"},{"starttime":"07:20","endtime":"07:21"},{"starttime":"07:25","endtime":"07:26"},{"starttime":"07:30","endtime":"07:31"},{"starttime":"07:35","endtime":"07:36"},{"starttime":"07:40","endtime":"07:41"},{"starttime":"07:45","endtime":"07:46"},{"starttime":"07:50","endtime":"07:51"},{"starttime":"07:55","endtime":"07:56"},{"starttime":"08:00","endtime":"08:01"},{"starttime":"08:05","endtime":"08:07"},{"starttime":"08:10","endtime":"08:11"},{"starttime":"08:15","endtime":"08:16"},{"starttime":"08:20","endtime":"08:21"},{"starttime":"08:25","endtime":"08:26"},{"starttime":"08:30","endtime":"08:31"},{"starttime":"08:35","endtime":"08:36"},{"starttime":"08:40","endtime":"08:42"},{"starttime":"08:45","endtime":"08:46"},{"starttime":"08:50","endtime":"08:51"},{"starttime":"08:55","endtime":"08:56"},{"starttime":"09:00","endtime":"09:01"},{"starttime":"09:05","endtime":"09:06"},{"starttime":"09:15","endtime":"09:16"},{"starttime":"09:20","endtime":"09:21"},{"starttime":"13:00","endtime":"13:02"},{"starttime":"13:20","endtime":"13:21"},{"starttime":"13:25","endtime":"13:26"},{"starttime":"13:30","endtime":"13:31"},{"starttime":"13:35","endtime":"13:37"},{"starttime":"13:40","endtime":"13:42"},{"starttime":"13:45","endtime":"13:47"},{"starttime":"13:50","endtime":"13:51"},{"starttime":"13:55","endtime":"13:56"},{"starttime":"14:00","endtime":"14:01"},{"starttime":"14:05","endtime":"14:06"},{"starttime":"14:10","endtime":"14:11"},{"starttime":"14:15","endtime":"14:16"},{"starttime":"14:20","endtime":"14:21"},{"starttime":"14:25","endtime":"14:27"},{"starttime":"14:30","endtime":"14:31"},{"starttime":"14:35","endtime":"14:36"},{"starttime":"14:40","endtime":"14:41"},{"starttime":"14:45","endtime":"14:46"},{"starttime":"14:55","endtime":"14:56"},{"starttime":"15:00","endtime":"15:02"},{"starttime":"15:05","endtime":"15:06"},{"starttime":"15:10","endtime":"15:11"},{"starttime":"15:15","endtime":"15:17"},{"starttime":"15:20","endtime":"15:21"},{"starttime":"15:30","endtime":"15:31"},{"starttime":"18:30","endtime":"18:31"},{"starttime":"18:40","endtime":"18:41"},{"starttime":"19:24","endtime":"19:25"},{"starttime":"21:04","endtime":"21:05"},{"starttime":"21:09","endtime":"21:10"}]}],"Message":"Success","Issuccess":true,"exception":null,"RowCount":1,"responsecode":200}