{"data":[{"fromstationname":"White Field Bus Station (Vydehi Hospital)","tostationname":"Depot-18 White Field","fromstationid":"23656","tostationid":"24838","apptime":"00:05:00","distance":"0.70","platformname":"2","platformnumber":"2","baynumber":"2","tripdetails":[{"starttime":"01:40","endtime":"01:45"},{"starttime":"03:05","endtime":"03:10"},{"starttime":"07:59","endtime":"08:00"},{"starttime":"09:20","endtime":"09:25"},{"starttime":"10:09","endtime":"10:10"},{"starttime":"10:15","endtime":"10:20"},{"starttime":"11:14","endtime":"11:15"},{"starttime":"11:20","endtime":"11:25"},{"starttime":"12:05","endtime":"12:10"},{"starttime":"12:24","endtime":"12:25"},{"starttime":"12:29","endtime":"12:30"},{"starttime":"12:34","endtime":"12:35"},{"starttime":"12:49","endtime":"12:50"},{"starttime":"12:54","endtime":"12:55"},{"starttime":"12:59","endtime":"13:00"},{"starttime":"13:04","endtime":"13:05"},{"starttime":"13:05","endtime":"13:10"},{"starttime":"13:19","endtime":"13:20"},{"starttime":"13:34","endtime":"13:35"},{"starttime":"13:44","endtime":"13:45"},{"starttime":"13:54","endtime":"13:55"},{"starttime":"13:59","endtime":"14:00"},{"starttime":"14:04","endtime":"14:05"},{"starttime":"14:09","endtime":"14:10"},{"starttime":"14:10","endtime":"14:15"},{"starttime":"14:15","endtime":"14:20"},{"starttime":"14:39","endtime":"14:40"},{"starttime":"14:45","endtime":"14:50"},{"starttime":"15:00","endtime":"15:05"},{"starttime":"15:25","endtime":"15:30"},{"starttime":"16:05","endtime":"16:10"},{"starttime":"18:14","endtime":"18:15"},{"starttime":"18:19","endtime":"18:20"},{"starttime":"18:29","endtime":"18:30"},{"starttime":"18:34","endtime":"18:35"},{"starttime":"18:44","endtime":"18:45"},{"starttime":"18:49","endtime":"18:50"},{"starttime":"18:54","endtime":"18:55"},{"starttime":"18:59","endtime":"19:00"},{"starttime":"19:04","endtime":"19:05"},{"starttime":"19:09","endtime":"19:10"},{"starttime":"19:10","endtime":"19:15"},{"starttime":"19:14","endtime":"19:15"},{"starttime":"19:19","endtime":"19:20"},{"starttime":"19:24","endtime":"19:25"},{"starttime":"19:29","endtime":"19:30"},{"starttime":"19:34","endtime":"19:35"},{"starttime":"19:39","endtime":"19:40"},{"starttime":"19:44","endtime":"19:45"},{"starttime":"20:14","endtime":"20:15"},{"starttime":"20:29","endtime":"20:30"},{"starttime":"20:54","endtime":"20:55"},{"starttime":"20:59","endtime":"21:00"}]}],"Message":"Success","Issuccess":true,"exception":null,"RowCount":1,"responsecode":200}