{"data":[{"fromstationname":"Shanthinagara Bus Station","tostationname":"Depot-03 Shanthinagara","fromstationid":"21167","tostationid":"23652","apptime":"00:05:00","distance":"0.60","platformname":"2","platformnumber":"2","baynumber":"4","tripdetails":[{"starttime":"09:50","endtime":"09:55"},{"starttime":"10:40","endtime":"10:45"},{"starttime":"10:55","endtime":"11:00"},{"starttime":"11:10","endtime":"11:15"},{"starttime":"11:20","endtime":"11:25"},{"starttime":"11:25","endtime":"11:30"},{"starttime":"11:30","endtime":"11:35"},{"starttime":"11:35","endtime":"11:40"},{"starttime":"11:40","endtime":"11:45"},{"starttime":"11:45","endtime":"11:50"},{"starttime":"11:50","endtime":"11:55"},{"starttime":"11:55","endtime":"12:00"},{"starttime":"12:00","endtime":"12:05"},{"starttime":"12:05","endtime":"12:10"},{"starttime":"12:10","endtime":"12:15"},{"starttime":"12:15","endtime":"12:20"},{"starttime":"12:20","endtime":"12:25"},{"starttime":"12:25","endtime":"12:30"},{"starttime":"12:30","endtime":"12:35"},{"starttime":"12:35","endtime":"12:40"},{"starttime":"12:40","endtime":"12:45"},{"starttime":"12:45","endtime":"12:50"},{"starttime":"12:50","endtime":"12:55"},{"starttime":"12:54","endtime":"12:55"},{"starttime":"12:55","endtime":"13:00"},{"starttime":"13:00","endtime":"13:05"},{"starttime":"13:05","endtime":"13:10"},{"starttime":"13:20","endtime":"13:25"},{"starttime":"13:30","endtime":"13:35"},{"starttime":"13:55","endtime":"14:00"},{"starttime":"14:15","endtime":"14:20"},{"starttime":"16:45","endtime":"16:50"},{"starttime":"16:55","endtime":"17:00"},{"starttime":"17:25","endtime":"17:30"},{"starttime":"17:30","endtime":"17:35"},{"starttime":"17:45","endtime":"17:50"},{"starttime":"18:05","endtime":"18:10"},{"starttime":"18:10","endtime":"18:15"},{"starttime":"18:25","endtime":"18:30"},{"starttime":"18:30","endtime":"18:35"},{"starttime":"18:35","endtime":"18:40"},{"starttime":"18:40","endtime":"18:45"},{"starttime":"18:45","endtime":"18:50"},{"starttime":"18:50","endtime":"18:55"},{"starttime":"18:55","endtime":"19:00"},{"starttime":"19:00","endtime":"19:05"},{"starttime":"19:05","endtime":"19:10"},{"starttime":"19:10","endtime":"19:15"},{"starttime":"19:15","endtime":"19:20"},{"starttime":"19:20","endtime":"19:25"},{"starttime":"19:25","endtime":"19:30"},{"starttime":"19:30","endtime":"19:35"},{"starttime":"19:35","endtime":"19:40"},{"starttime":"19:40","endtime":"19:45"},{"starttime":"19:45","endtime":"19:50"},{"starttime":"19:50","endtime":"19:55"},{"starttime":"20:55","endtime":"21:00"},{"starttime":"21:05","endtime":"21:10"},{"starttime":"21:10","endtime":"21:15"},{"starttime":"21:15","endtime":"21:25"},{"starttime":"21:20","endtime":"21:25"},{"starttime":"21:25","endtime":"21:30"},{"starttime":"21:30","endtime":"21:35"},{"starttime":"21:35","endtime":"21:40"},{"starttime":"21:40","endtime":"21:45"},{"starttime":"21:45","endtime":"21:50"},{"starttime":"21:49","endtime":"21:50"},{"starttime":"21:50","endtime":"21:55"},{"starttime":"21:55","endtime":"22:00"},{"starttime":"22:00","endtime":"22:05"},{"starttime":"22:05","endtime":"22:10"},{"starttime":"22:10","endtime":"22:15"}]}],"Message":"Success","Issuccess":true,"exception":null,"RowCount":1,"responsecode":200}