{"data":[{"fromstationname":"Depot-03 Shanthinagara","tostationname":"Shanthinagara Bus Station","fromstationid":"23652","tostationid":"21166","apptime":"00:05:00","distance":"0.60","platformname":"","platformnumber":"","baynumber":"","tripdetails":[{"starttime":"05:50","endtime":"05:55"},{"starttime":"05:55","endtime":"06:00"},{"starttime":"06:00","endtime":"06:05"},{"starttime":"06:05","endtime":"06:10"},{"starttime":"06:10","endtime":"06:15"},{"starttime":"06:15","endtime":"06:20"},{"starttime":"06:20","endtime":"06:25"},{"starttime":"06:25","endtime":"06:30"},{"starttime":"06:30","endtime":"06:35"},{"starttime":"06:35","endtime":"06:40"},{"starttime":"07:00","endtime":"07:05"},{"starttime":"07:15","endtime":"07:20"},{"starttime":"07:20","endtime":"07:25"},{"starttime":"07:25","endtime":"07:30"},{"starttime":"07:30","endtime":"07:35"},{"starttime":"07:35","endtime":"07:40"},{"starttime":"07:45","endtime":"07:50"},{"starttime":"07:50","endtime":"07:55"},{"starttime":"07:55","endtime":"08:00"},{"starttime":"08:00","endtime":"08:05"},{"starttime":"08:05","endtime":"08:10"},{"starttime":"08:10","endtime":"08:15"},{"starttime":"08:15","endtime":"08:20"},{"starttime":"08:20","endtime":"08:25"},{"starttime":"08:25","endtime":"08:30"},{"starttime":"08:30","endtime":"08:35"},{"starttime":"08:35","endtime":"08:40"},{"starttime":"08:45","endtime":"08:50"},{"starttime":"09:05","endtime":"09:10"},{"starttime":"09:20","endtime":"09:25"},{"starttime":"09:40","endtime":"09:45"},{"starttime":"13:30","endtime":"13:35"},{"starttime":"13:35","endtime":"13:40"},{"starttime":"13:45","endtime":"13:50"},{"starttime":"13:50","endtime":"13:55"},{"starttime":"14:15","endtime":"14:20"},{"starttime":"14:20","endtime":"14:25"},{"starttime":"14:25","endtime":"14:30"},{"starttime":"14:30","endtime":"14:35"},{"starttime":"14:40","endtime":"14:45"},{"starttime":"14:45","endtime":"14:50"},{"starttime":"14:50","endtime":"14:55"},{"starttime":"14:55","endtime":"15:00"},{"starttime":"15:00","endtime":"15:05"},{"starttime":"15:05","endtime":"15:10"},{"starttime":"15:10","endtime":"15:15"},{"starttime":"15:15","endtime":"15:20"},{"starttime":"15:25","endtime":"15:30"},{"starttime":"15:30","endtime":"15:35"},{"starttime":"15:45","endtime":"15:50"},{"starttime":"15:50","endtime":"15:55"},{"starttime":"16:30","endtime":"16:35"}]}],"Message":"Success","Issuccess":true,"exception":null,"RowCount":1,"responsecode":200}