{"data":[{"fromstationname":"Depot-31 Gate","tostationname":"Depot-31 Summanahalli","fromstationid":"21887","tostationid":"24854","apptime":"00:01:00","distance":"0.10","platformname":"","platformnumber":"","baynumber":"","tripdetails":[{"starttime":"06:05","endtime":"06:06"},{"starttime":"07:15","endtime":"07:17"},{"starttime":"07:20","endtime":"07:22"},{"starttime":"07:30","endtime":"07:32"},{"starttime":"07:40","endtime":"07:41"},{"starttime":"08:05","endtime":"08:06"},{"starttime":"08:10","endtime":"08:11"},{"starttime":"08:15","endtime":"08:17"},{"starttime":"08:25","endtime":"08:26"},{"starttime":"08:30","endtime":"08:31"},{"starttime":"08:35","endtime":"08:36"},{"starttime":"08:50","endtime":"08:51"},{"starttime":"08:55","endtime":"08:57"},{"starttime":"09:00","endtime":"09:01"},{"starttime":"09:15","endtime":"09:16"},{"starttime":"11:19","endtime":"11:20"},{"starttime":"11:24","endtime":"11:25"},{"starttime":"11:44","endtime":"11:45"},{"starttime":"11:45","endtime":"11:50"},{"starttime":"11:59","endtime":"12:00"},{"starttime":"12:04","endtime":"12:05"},{"starttime":"12:09","endtime":"12:10"},{"starttime":"12:14","endtime":"12:15"},{"starttime":"12:15","endtime":"12:20"},{"starttime":"12:24","endtime":"12:25"},{"starttime":"12:29","endtime":"12:30"},{"starttime":"12:34","endtime":"12:35"},{"starttime":"12:44","endtime":"12:45"},{"starttime":"12:48","endtime":"12:50"},{"starttime":"12:54","endtime":"12:55"},{"starttime":"13:00","endtime":"13:05"},{"starttime":"13:14","endtime":"13:15"},{"starttime":"13:15","endtime":"13:17"},{"starttime":"13:34","endtime":"13:35"},{"starttime":"13:50","endtime":"13:52"},{"starttime":"14:00","endtime":"14:02"},{"starttime":"14:10","endtime":"14:12"},{"starttime":"14:25","endtime":"14:27"},{"starttime":"14:30","endtime":"14:32"},{"starttime":"14:35","endtime":"14:37"},{"starttime":"14:40","endtime":"14:41"},{"starttime":"17:29","endtime":"17:30"},{"starttime":"17:30","endtime":"17:35"},{"starttime":"17:48","endtime":"17:50"},{"starttime":"17:54","endtime":"17:55"},{"starttime":"18:03","endtime":"18:05"},{"starttime":"18:05","endtime":"18:10"},{"starttime":"18:19","endtime":"18:20"},{"starttime":"18:29","endtime":"18:30"},{"starttime":"18:34","endtime":"18:35"},{"starttime":"18:35","endtime":"18:40"},{"starttime":"18:40","endtime":"18:45"},{"starttime":"18:44","endtime":"18:45"},{"starttime":"18:45","endtime":"18:50"},{"starttime":"18:49","endtime":"18:50"},{"starttime":"18:50","endtime":"18:55"},{"starttime":"18:54","endtime":"18:55"},{"starttime":"18:59","endtime":"19:00"},{"starttime":"19:04","endtime":"19:05"},{"starttime":"19:09","endtime":"19:10"},{"starttime":"19:13","endtime":"19:15"},{"starttime":"19:14","endtime":"19:15"},{"starttime":"19:19","endtime":"19:20"},{"starttime":"19:20","endtime":"19:25"},{"starttime":"19:24","endtime":"19:25"},{"starttime":"19:29","endtime":"19:30"},{"starttime":"19:34","endtime":"19:35"},{"starttime":"19:35","endtime":"19:40"},{"starttime":"19:44","endtime":"19:45"},{"starttime":"19:49","endtime":"19:50"},{"starttime":"19:58","endtime":"20:00"},{"starttime":"20:04","endtime":"20:05"},{"starttime":"20:19","endtime":"20:20"},{"starttime":"21:00","endtime":"21:05"},{"starttime":"21:09","endtime":"21:10"},{"starttime":"21:14","endtime":"21:15"},{"starttime":"21:18","endtime":"21:20"},{"starttime":"21:19","endtime":"21:20"},{"starttime":"21:20","endtime":"21:25"},{"starttime":"21:24","endtime":"21:25"},{"starttime":"21:29","endtime":"21:30"},{"starttime":"21:33","endtime":"21:35"},{"starttime":"21:39","endtime":"21:40"},{"starttime":"21:44","endtime":"21:45"},{"starttime":"21:49","endtime":"21:50"},{"starttime":"21:54","endtime":"21:55"},{"starttime":"21:59","endtime":"22:00"},{"starttime":"22:04","endtime":"22:05"},{"starttime":"22:06","endtime":"22:07"},{"starttime":"22:24","endtime":"22:25"}]}],"Message":"Success","Issuccess":true,"exception":null,"RowCount":1,"responsecode":200}