{"data":[{"fromstationname":"Depot-34 Gate","tostationname":"Depot-34 Kottanur","fromstationid":"32430","tostationid":"32431","apptime":"00:01:00","distance":"0.10","platformname":"","platformnumber":"","baynumber":"","tripdetails":[{"starttime":"04:29","endtime":"04:30"},{"starttime":"05:24","endtime":"05:25"},{"starttime":"05:44","endtime":"05:45"},{"starttime":"06:00","endtime":"06:01"},{"starttime":"06:14","endtime":"06:15"},{"starttime":"06:19","endtime":"06:20"},{"starttime":"10:59","endtime":"11:00"},{"starttime":"11:09","endtime":"11:10"},{"starttime":"11:13","endtime":"11:15"},{"starttime":"11:19","endtime":"11:20"},{"starttime":"11:24","endtime":"11:25"},{"starttime":"11:28","endtime":"11:30"},{"starttime":"11:29","endtime":"11:30"},{"starttime":"11:34","endtime":"11:35"},{"starttime":"11:39","endtime":"11:40"},{"starttime":"11:43","endtime":"11:45"},{"starttime":"11:44","endtime":"11:45"},{"starttime":"11:48","endtime":"11:50"},{"starttime":"11:49","endtime":"11:50"},{"starttime":"11:54","endtime":"11:55"},{"starttime":"12:04","endtime":"12:05"},{"starttime":"12:09","endtime":"12:10"},{"starttime":"12:14","endtime":"12:15"},{"starttime":"12:19","endtime":"12:20"},{"starttime":"12:24","endtime":"12:25"},{"starttime":"12:28","endtime":"12:30"},{"starttime":"12:29","endtime":"12:30"},{"starttime":"12:34","endtime":"12:35"},{"starttime":"12:38","endtime":"12:40"},{"starttime":"12:39","endtime":"12:40"},{"starttime":"12:44","endtime":"12:45"},{"starttime":"12:49","endtime":"12:50"},{"starttime":"12:59","endtime":"13:00"},{"starttime":"13:04","endtime":"13:05"},{"starttime":"13:09","endtime":"13:10"},{"starttime":"13:13","endtime":"13:15"},{"starttime":"13:14","endtime":"13:15"},{"starttime":"13:19","endtime":"13:20"},{"starttime":"13:24","endtime":"13:25"},{"starttime":"13:29","endtime":"13:30"},{"starttime":"13:35","endtime":"13:36"},{"starttime":"13:49","endtime":"13:50"},{"starttime":"14:10","endtime":"14:11"},{"starttime":"17:29","endtime":"17:30"},{"starttime":"17:34","endtime":"17:35"},{"starttime":"17:44","endtime":"17:45"},{"starttime":"17:59","endtime":"18:00"},{"starttime":"18:04","endtime":"18:05"},{"starttime":"18:09","endtime":"18:10"},{"starttime":"18:13","endtime":"18:15"},{"starttime":"18:14","endtime":"18:15"},{"starttime":"18:19","endtime":"18:20"},{"starttime":"18:24","endtime":"18:25"},{"starttime":"18:28","endtime":"18:30"},{"starttime":"18:29","endtime":"18:30"},{"starttime":"18:34","endtime":"18:35"},{"starttime":"18:39","endtime":"18:40"},{"starttime":"18:44","endtime":"18:45"},{"starttime":"18:49","endtime":"18:50"},{"starttime":"18:54","endtime":"18:55"},{"starttime":"19:04","endtime":"19:05"},{"starttime":"19:14","endtime":"19:15"},{"starttime":"19:19","endtime":"19:20"},{"starttime":"19:23","endtime":"19:25"},{"starttime":"19:24","endtime":"19:25"},{"starttime":"19:29","endtime":"19:30"},{"starttime":"19:34","endtime":"19:35"},{"starttime":"19:49","endtime":"19:50"},{"starttime":"19:59","endtime":"20:00"},{"starttime":"21:09","endtime":"21:10"},{"starttime":"21:14","endtime":"21:15"},{"starttime":"21:19","endtime":"21:20"},{"starttime":"21:24","endtime":"21:25"},{"starttime":"21:29","endtime":"21:30"},{"starttime":"21:34","endtime":"21:35"},{"starttime":"21:39","endtime":"21:40"},{"starttime":"21:44","endtime":"21:45"},{"starttime":"21:54","endtime":"21:55"},{"starttime":"21:59","endtime":"22:00"},{"starttime":"22:14","endtime":"22:15"}]}],"Message":"Success","Issuccess":true,"exception":null,"RowCount":1,"responsecode":200}