{"data":[{"fromstationname":"Depot-35 Gate","tostationname":"Depot-35 Kannalli","fromstationid":"35809","tostationid":"24860","apptime":"00:01:00","distance":"0.10","platformname":"","platformnumber":"","baynumber":"","tripdetails":[{"starttime":"01:29","endtime":"01:30"},{"starttime":"06:19","endtime":"06:20"},{"starttime":"10:44","endtime":"10:45"},{"starttime":"10:58","endtime":"11:00"},{"starttime":"10:59","endtime":"11:00"},{"starttime":"11:03","endtime":"11:05"},{"starttime":"11:04","endtime":"11:05"},{"starttime":"11:08","endtime":"11:10"},{"starttime":"11:09","endtime":"11:10"},{"starttime":"11:14","endtime":"11:15"},{"starttime":"11:19","endtime":"11:20"},{"starttime":"11:28","endtime":"11:30"},{"starttime":"11:29","endtime":"11:30"},{"starttime":"11:34","endtime":"11:35"},{"starttime":"11:39","endtime":"11:40"},{"starttime":"11:44","endtime":"11:45"},{"starttime":"11:49","endtime":"11:50"},{"starttime":"11:53","endtime":"11:55"},{"starttime":"11:54","endtime":"11:55"},{"starttime":"11:58","endtime":"12:00"},{"starttime":"11:59","endtime":"12:00"},{"starttime":"12:04","endtime":"12:05"},{"starttime":"12:08","endtime":"12:10"},{"starttime":"12:09","endtime":"12:10"},{"starttime":"12:14","endtime":"12:15"},{"starttime":"12:19","endtime":"12:20"},{"starttime":"12:23","endtime":"12:25"},{"starttime":"12:24","endtime":"12:25"},{"starttime":"12:29","endtime":"12:30"},{"starttime":"12:34","endtime":"12:35"},{"starttime":"12:39","endtime":"12:40"},{"starttime":"12:44","endtime":"12:45"},{"starttime":"12:49","endtime":"12:50"},{"starttime":"12:58","endtime":"13:00"},{"starttime":"12:59","endtime":"13:00"},{"starttime":"13:04","endtime":"13:05"},{"starttime":"13:15","endtime":"13:17"},{"starttime":"13:19","endtime":"13:20"},{"starttime":"13:35","endtime":"13:36"},{"starttime":"13:49","endtime":"13:50"},{"starttime":"17:23","endtime":"17:25"},{"starttime":"17:24","endtime":"17:25"},{"starttime":"17:44","endtime":"17:45"},{"starttime":"17:49","endtime":"17:50"},{"starttime":"17:53","endtime":"17:55"},{"starttime":"17:54","endtime":"17:55"},{"starttime":"17:59","endtime":"18:00"},{"starttime":"18:08","endtime":"18:10"},{"starttime":"18:14","endtime":"18:15"},{"starttime":"18:18","endtime":"18:20"},{"starttime":"18:23","endtime":"18:25"},{"starttime":"18:24","endtime":"18:25"},{"starttime":"18:28","endtime":"18:30"},{"starttime":"18:29","endtime":"18:30"},{"starttime":"18:33","endtime":"18:35"},{"starttime":"18:34","endtime":"18:35"},{"starttime":"18:38","endtime":"18:40"},{"starttime":"18:39","endtime":"18:40"},{"starttime":"18:43","endtime":"18:45"},{"starttime":"18:44","endtime":"18:45"},{"starttime":"18:48","endtime":"18:50"},{"starttime":"18:49","endtime":"18:50"},{"starttime":"18:53","endtime":"18:55"},{"starttime":"18:54","endtime":"18:55"},{"starttime":"18:58","endtime":"19:00"},{"starttime":"18:59","endtime":"19:00"},{"starttime":"19:03","endtime":"19:05"},{"starttime":"19:04","endtime":"19:05"},{"starttime":"19:09","endtime":"19:10"},{"starttime":"19:13","endtime":"19:15"},{"starttime":"19:14","endtime":"19:15"},{"starttime":"19:18","endtime":"19:20"},{"starttime":"19:23","endtime":"19:25"},{"starttime":"19:24","endtime":"19:25"},{"starttime":"19:28","endtime":"19:30"},{"starttime":"19:29","endtime":"19:30"},{"starttime":"19:33","endtime":"19:35"},{"starttime":"19:34","endtime":"19:35"},{"starttime":"19:38","endtime":"19:40"},{"starttime":"19:39","endtime":"19:40"},{"starttime":"19:43","endtime":"19:45"},{"starttime":"19:59","endtime":"20:00"},{"starttime":"20:04","endtime":"20:05"},{"starttime":"20:19","endtime":"20:20"},{"starttime":"20:39","endtime":"20:40"},{"starttime":"21:08","endtime":"21:10"},{"starttime":"21:19","endtime":"21:20"},{"starttime":"21:23","endtime":"21:25"},{"starttime":"21:24","endtime":"21:25"},{"starttime":"21:33","endtime":"21:35"},{"starttime":"21:43","endtime":"21:45"},{"starttime":"21:44","endtime":"21:45"},{"starttime":"21:49","endtime":"21:50"},{"starttime":"21:54","endtime":"21:55"},{"starttime":"21:58","endtime":"22:00"}]}],"Message":"Success","Issuccess":true,"exception":null,"RowCount":1,"responsecode":200}