{"data":[{"fromstationname":"Depot-35 Kannalli","tostationname":"Depot-35 Gate","fromstationid":"24860","tostationid":"35809","apptime":"00:01:00","distance":"0.10","platformname":"","platformnumber":"","baynumber":"","tripdetails":[{"starttime":"05:50","endtime":"05:51"},{"starttime":"06:00","endtime":"06:01"},{"starttime":"06:05","endtime":"06:06"},{"starttime":"06:15","endtime":"06:16"},{"starttime":"06:20","endtime":"06:21"},{"starttime":"06:25","endtime":"06:26"},{"starttime":"06:30","endtime":"06:31"},{"starttime":"06:35","endtime":"06:36"},{"starttime":"06:40","endtime":"06:41"},{"starttime":"06:45","endtime":"06:46"},{"starttime":"06:50","endtime":"06:51"},{"starttime":"06:55","endtime":"06:56"},{"starttime":"07:00","endtime":"07:01"},{"starttime":"07:10","endtime":"07:11"},{"starttime":"07:15","endtime":"07:16"},{"starttime":"07:20","endtime":"07:21"},{"starttime":"07:25","endtime":"07:26"},{"starttime":"07:30","endtime":"07:31"},{"starttime":"07:35","endtime":"07:36"},{"starttime":"07:40","endtime":"07:41"},{"starttime":"07:45","endtime":"07:46"},{"starttime":"07:50","endtime":"07:51"},{"starttime":"07:55","endtime":"07:56"},{"starttime":"08:00","endtime":"08:01"},{"starttime":"08:05","endtime":"08:06"},{"starttime":"08:10","endtime":"08:11"},{"starttime":"08:15","endtime":"08:16"},{"starttime":"08:20","endtime":"08:21"},{"starttime":"08:25","endtime":"08:26"},{"starttime":"08:30","endtime":"08:31"},{"starttime":"08:40","endtime":"08:41"},{"starttime":"08:45","endtime":"08:46"},{"starttime":"08:50","endtime":"08:51"},{"starttime":"09:00","endtime":"09:01"},{"starttime":"09:10","endtime":"09:11"},{"starttime":"09:15","endtime":"09:16"},{"starttime":"09:20","endtime":"09:21"},{"starttime":"11:13","endtime":"11:15"},{"starttime":"11:23","endtime":"11:25"},{"starttime":"11:24","endtime":"11:25"},{"starttime":"11:39","endtime":"11:40"},{"starttime":"11:44","endtime":"11:45"},{"starttime":"12:30","endtime":"12:31"},{"starttime":"12:35","endtime":"12:36"},{"starttime":"12:45","endtime":"12:46"},{"starttime":"12:55","endtime":"12:56"},{"starttime":"13:00","endtime":"13:01"},{"starttime":"13:15","endtime":"13:16"},{"starttime":"13:30","endtime":"13:31"},{"starttime":"13:35","endtime":"13:36"},{"starttime":"13:40","endtime":"13:41"},{"starttime":"13:45","endtime":"13:46"},{"starttime":"13:55","endtime":"13:56"},{"starttime":"14:00","endtime":"14:01"},{"starttime":"14:05","endtime":"14:06"},{"starttime":"14:10","endtime":"14:11"},{"starttime":"14:15","endtime":"14:16"},{"starttime":"14:20","endtime":"14:21"},{"starttime":"14:25","endtime":"14:26"},{"starttime":"14:30","endtime":"14:31"},{"starttime":"14:40","endtime":"14:41"},{"starttime":"14:45","endtime":"14:46"},{"starttime":"14:50","endtime":"14:51"},{"starttime":"15:00","endtime":"15:01"},{"starttime":"15:05","endtime":"15:06"},{"starttime":"15:20","endtime":"15:21"},{"starttime":"15:25","endtime":"15:26"},{"starttime":"15:30","endtime":"15:31"},{"starttime":"15:35","endtime":"15:36"},{"starttime":"18:15","endtime":"18:16"},{"starttime":"18:19","endtime":"18:20"},{"starttime":"18:49","endtime":"18:50"},{"starttime":"19:00","endtime":"19:01"}]}],"Message":"Success","Issuccess":true,"exception":null,"RowCount":1,"responsecode":200}