{"data":[{"fromstationname":"Depot-37 Kengeri","tostationname":"Kengeri Bus Station","fromstationid":"35735","tostationid":"20925","apptime":"00:01:00","distance":"0.10","platformname":"","platformnumber":"","baynumber":"","tripdetails":[{"starttime":"05:55","endtime":"05:56"},{"starttime":"06:05","endtime":"06:08"},{"starttime":"06:15","endtime":"06:16"},{"starttime":"06:30","endtime":"06:32"},{"starttime":"06:45","endtime":"06:46"},{"starttime":"06:50","endtime":"06:52"},{"starttime":"06:55","endtime":"06:56"},{"starttime":"07:00","endtime":"07:01"},{"starttime":"07:05","endtime":"07:06"},{"starttime":"07:10","endtime":"07:11"},{"starttime":"07:15","endtime":"07:18"},{"starttime":"07:20","endtime":"07:21"},{"starttime":"07:25","endtime":"07:26"},{"starttime":"07:30","endtime":"07:31"},{"starttime":"07:35","endtime":"07:36"},{"starttime":"07:40","endtime":"07:41"},{"starttime":"07:45","endtime":"07:46"},{"starttime":"07:50","endtime":"07:51"},{"starttime":"08:00","endtime":"08:01"},{"starttime":"08:15","endtime":"08:16"},{"starttime":"08:20","endtime":"08:21"},{"starttime":"08:25","endtime":"08:27"},{"starttime":"08:30","endtime":"08:31"},{"starttime":"08:35","endtime":"08:37"},{"starttime":"08:40","endtime":"08:42"},{"starttime":"08:55","endtime":"08:56"},{"starttime":"09:00","endtime":"09:01"},{"starttime":"09:05","endtime":"09:06"},{"starttime":"09:20","endtime":"09:21"},{"starttime":"09:25","endtime":"09:26"},{"starttime":"09:30","endtime":"09:31"},{"starttime":"13:00","endtime":"13:02"},{"starttime":"13:05","endtime":"13:06"},{"starttime":"13:15","endtime":"13:17"},{"starttime":"13:20","endtime":"13:21"},{"starttime":"13:25","endtime":"13:27"},{"starttime":"13:30","endtime":"13:31"},{"starttime":"13:45","endtime":"13:46"},{"starttime":"13:50","endtime":"13:52"},{"starttime":"13:55","endtime":"13:56"},{"starttime":"14:00","endtime":"14:02"},{"starttime":"14:05","endtime":"14:06"},{"starttime":"14:10","endtime":"14:11"},{"starttime":"14:15","endtime":"14:16"},{"starttime":"14:20","endtime":"14:21"},{"starttime":"14:25","endtime":"14:26"},{"starttime":"14:30","endtime":"14:31"},{"starttime":"14:35","endtime":"14:36"},{"starttime":"14:40","endtime":"14:44"},{"starttime":"14:45","endtime":"14:46"},{"starttime":"14:50","endtime":"14:51"},{"starttime":"14:55","endtime":"14:56"},{"starttime":"15:00","endtime":"15:01"},{"starttime":"15:05","endtime":"15:06"},{"starttime":"15:10","endtime":"15:12"},{"starttime":"15:15","endtime":"15:16"},{"starttime":"15:20","endtime":"15:21"},{"starttime":"15:30","endtime":"15:31"},{"starttime":"15:35","endtime":"15:36"},{"starttime":"15:45","endtime":"15:46"}]}],"Message":"Success","Issuccess":true,"exception":null,"RowCount":1,"responsecode":200}