{"data":[{"fromstationname":"Depot-40 Gate","tostationname":"Depot-40 Dasanapura","fromstationid":"22973","tostationid":"32435","apptime":"00:05:00","distance":"0.50","platformname":"","platformnumber":"","baynumber":"","tripdetails":[{"starttime":"11:30","endtime":"11:35"},{"starttime":"11:35","endtime":"11:40"},{"starttime":"11:40","endtime":"11:45"},{"starttime":"11:50","endtime":"11:55"},{"starttime":"12:05","endtime":"12:10"},{"starttime":"12:15","endtime":"12:30"},{"starttime":"14:10","endtime":"14:15"},{"starttime":"18:15","endtime":"18:20"},{"starttime":"18:55","endtime":"19:00"}]}],"Message":"Success","Issuccess":true,"exception":null,"RowCount":1,"responsecode":200}