{"data":[{"fromstationname":"Depot-44 Anjanapura","tostationname":"Anjanapura 10 Block","fromstationid":"24877","tostationid":"38032","apptime":"00:01:00","distance":"0.10","platformname":"","platformnumber":"","baynumber":"","tripdetails":[{"starttime":"06:40","endtime":"06:41"},{"starttime":"07:25","endtime":"07:26"},{"starttime":"07:40","endtime":"07:41"},{"starttime":"08:05","endtime":"08:06"},{"starttime":"08:15","endtime":"08:16"},{"starttime":"09:05","endtime":"09:06"},{"starttime":"13:00","endtime":"13:01"},{"starttime":"13:35","endtime":"13:36"},{"starttime":"13:40","endtime":"13:41"},{"starttime":"13:45","endtime":"13:46"},{"starttime":"13:50","endtime":"13:51"},{"starttime":"14:00","endtime":"14:01"}]}],"Message":"Success","Issuccess":true,"exception":null,"RowCount":1,"responsecode":200}