{"data":[{"fromstationname":"Devanahalli Old Bus Stand","tostationname":"Depot-50 Devanahalli","fromstationid":"32461","tostationid":"36234","apptime":"00:05:00","distance":"0.50","platformname":"","platformnumber":"","baynumber":"","tripdetails":[{"starttime":"01:15","endtime":"01:20"},{"starttime":"06:25","endtime":"06:30"},{"starttime":"10:05","endtime":"10:10"},{"starttime":"10:25","endtime":"10:30"},{"starttime":"10:45","endtime":"10:50"},{"starttime":"11:00","endtime":"11:05"},{"starttime":"11:05","endtime":"11:10"},{"starttime":"11:20","endtime":"11:25"},{"starttime":"11:25","endtime":"11:30"},{"starttime":"11:35","endtime":"11:40"},{"starttime":"11:40","endtime":"11:45"},{"starttime":"11:45","endtime":"11:50"},{"starttime":"11:50","endtime":"11:55"},{"starttime":"11:55","endtime":"12:00"},{"starttime":"12:00","endtime":"12:05"},{"starttime":"12:05","endtime":"12:10"},{"starttime":"12:10","endtime":"12:15"},{"starttime":"12:20","endtime":"12:25"},{"starttime":"12:40","endtime":"12:45"},{"starttime":"13:35","endtime":"13:40"},{"starttime":"13:40","endtime":"13:45"},{"starttime":"17:55","endtime":"18:00"},{"starttime":"18:00","endtime":"18:05"},{"starttime":"18:05","endtime":"18:10"},{"starttime":"18:10","endtime":"18:15"},{"starttime":"18:15","endtime":"18:20"},{"starttime":"18:20","endtime":"18:25"},{"starttime":"18:25","endtime":"18:30"},{"starttime":"18:30","endtime":"18:35"},{"starttime":"18:40","endtime":"18:45"},{"starttime":"18:50","endtime":"18:55"},{"starttime":"18:55","endtime":"19:00"},{"starttime":"19:00","endtime":"19:05"},{"starttime":"19:10","endtime":"19:15"},{"starttime":"19:15","endtime":"19:20"},{"starttime":"19:30","endtime":"19:35"},{"starttime":"19:55","endtime":"20:00"},{"starttime":"20:25","endtime":"20:30"},{"starttime":"20:35","endtime":"20:40"},{"starttime":"21:15","endtime":"21:20"},{"starttime":"21:25","endtime":"21:30"},{"starttime":"21:35","endtime":"21:40"},{"starttime":"21:40","endtime":"21:45"}]}],"Message":"Success","Issuccess":true,"exception":null,"RowCount":1,"responsecode":200}