{"data":[{"fromstationname":"Depot-50 Devanahalli","tostationname":"Devanahalli Old Bus Stand","fromstationid":"36234","tostationid":"32461","apptime":"00:05:00","distance":"0.50","platformname":"","platformnumber":"","baynumber":"","tripdetails":[{"starttime":"06:00","endtime":"06:05"},{"starttime":"06:40","endtime":"06:45"},{"starttime":"06:45","endtime":"06:50"},{"starttime":"06:50","endtime":"06:55"},{"starttime":"06:55","endtime":"07:00"},{"starttime":"07:20","endtime":"07:25"},{"starttime":"07:30","endtime":"07:35"},{"starttime":"07:35","endtime":"07:40"},{"starttime":"07:40","endtime":"07:45"},{"starttime":"07:55","endtime":"08:00"},{"starttime":"08:00","endtime":"08:05"},{"starttime":"08:10","endtime":"08:15"},{"starttime":"08:15","endtime":"08:20"},{"starttime":"08:20","endtime":"08:25"},{"starttime":"08:25","endtime":"08:30"},{"starttime":"08:50","endtime":"08:55"},{"starttime":"09:00","endtime":"09:05"},{"starttime":"12:25","endtime":"12:30"},{"starttime":"12:45","endtime":"12:50"},{"starttime":"12:55","endtime":"13:00"},{"starttime":"13:05","endtime":"13:10"},{"starttime":"13:20","endtime":"13:25"},{"starttime":"13:25","endtime":"13:30"},{"starttime":"13:30","endtime":"13:35"},{"starttime":"13:45","endtime":"13:50"},{"starttime":"13:50","endtime":"13:55"},{"starttime":"13:55","endtime":"14:00"},{"starttime":"14:00","endtime":"14:05"},{"starttime":"14:05","endtime":"14:10"},{"starttime":"14:10","endtime":"14:15"},{"starttime":"14:15","endtime":"14:20"},{"starttime":"14:20","endtime":"14:25"},{"starttime":"14:25","endtime":"14:30"},{"starttime":"14:40","endtime":"14:45"},{"starttime":"14:45","endtime":"14:50"},{"starttime":"14:50","endtime":"14:55"},{"starttime":"15:00","endtime":"15:05"},{"starttime":"15:05","endtime":"15:10"},{"starttime":"15:10","endtime":"15:15"},{"starttime":"15:20","endtime":"15:25"},{"starttime":"15:30","endtime":"15:35"},{"starttime":"15:50","endtime":"15:55"},{"starttime":"18:15","endtime":"18:20"},{"starttime":"20:00","endtime":"20:05"}]}],"Message":"Success","Issuccess":true,"exception":null,"RowCount":1,"responsecode":200}