{"data":[{"fromstationname":"Kempegowda Bus Station","tostationname":"Depot-07 Subhashnagara","fromstationid":"20921","tostationid":"22774","apptime":"00:05:00","distance":"0.30","platformname":"5","platformnumber":"5","baynumber":"2","tripdetails":[{"starttime":"00:16","endtime":"00:21"},{"starttime":"04:45","endtime":"04:50"},{"starttime":"05:25","endtime":"05:30"},{"starttime":"05:45","endtime":"05:50"},{"starttime":"06:10","endtime":"06:15"},{"starttime":"06:30","endtime":"06:35"},{"starttime":"07:00","endtime":"07:05"},{"starttime":"07:10","endtime":"07:15"},{"starttime":"07:15","endtime":"07:20"},{"starttime":"08:15","endtime":"08:20"},{"starttime":"09:25","endtime":"09:30"},{"starttime":"09:40","endtime":"09:45"},{"starttime":"10:04","endtime":"10:09"},{"starttime":"10:05","endtime":"10:10"},{"starttime":"10:40","endtime":"10:45"},{"starttime":"10:45","endtime":"10:50"},{"starttime":"11:05","endtime":"11:10"},{"starttime":"11:10","endtime":"11:15"},{"starttime":"11:15","endtime":"11:20"},{"starttime":"11:40","endtime":"11:45"},{"starttime":"11:45","endtime":"11:50"},{"starttime":"11:50","endtime":"11:55"},{"starttime":"12:15","endtime":"12:20"},{"starttime":"12:20","endtime":"12:25"},{"starttime":"12:25","endtime":"12:30"},{"starttime":"12:30","endtime":"12:35"},{"starttime":"12:35","endtime":"12:40"},{"starttime":"12:40","endtime":"12:45"},{"starttime":"12:45","endtime":"12:50"},{"starttime":"12:55","endtime":"13:00"},{"starttime":"13:05","endtime":"13:10"},{"starttime":"13:15","endtime":"13:20"},{"starttime":"13:20","endtime":"13:25"},{"starttime":"13:25","endtime":"13:30"},{"starttime":"13:30","endtime":"13:35"},{"starttime":"13:35","endtime":"13:40"},{"starttime":"13:40","endtime":"13:45"},{"starttime":"13:50","endtime":"13:55"},{"starttime":"14:05","endtime":"14:10"},{"starttime":"14:10","endtime":"14:15"},{"starttime":"14:15","endtime":"14:20"},{"starttime":"14:20","endtime":"14:25"},{"starttime":"14:25","endtime":"14:30"},{"starttime":"14:30","endtime":"14:35"},{"starttime":"14:35","endtime":"14:40"},{"starttime":"14:40","endtime":"14:45"},{"starttime":"14:50","endtime":"14:55"},{"starttime":"15:00","endtime":"15:05"},{"starttime":"15:20","endtime":"15:25"},{"starttime":"15:25","endtime":"15:30"},{"starttime":"15:30","endtime":"15:35"},{"starttime":"15:55","endtime":"16:00"},{"starttime":"16:15","endtime":"16:20"},{"starttime":"16:30","endtime":"16:35"},{"starttime":"16:35","endtime":"16:40"},{"starttime":"16:55","endtime":"17:00"},{"starttime":"17:05","endtime":"17:10"},{"starttime":"17:06","endtime":"17:11"},{"starttime":"17:15","endtime":"17:20"},{"starttime":"17:25","endtime":"17:30"},{"starttime":"17:35","endtime":"17:40"},{"starttime":"17:40","endtime":"17:45"},{"starttime":"17:50","endtime":"17:55"},{"starttime":"17:55","endtime":"18:00"},{"starttime":"18:05","endtime":"18:10"},{"starttime":"18:15","endtime":"18:20"},{"starttime":"18:25","endtime":"18:30"},{"starttime":"18:30","endtime":"18:35"},{"starttime":"18:35","endtime":"18:40"},{"starttime":"18:40","endtime":"18:45"},{"starttime":"18:41","endtime":"18:45"},{"starttime":"18:45","endtime":"18:50"},{"starttime":"18:55","endtime":"19:00"},{"starttime":"19:00","endtime":"19:05"},{"starttime":"19:05","endtime":"19:10"},{"starttime":"19:10","endtime":"19:15"},{"starttime":"19:15","endtime":"19:20"},{"starttime":"19:20","endtime":"19:25"},{"starttime":"19:25","endtime":"19:30"},{"starttime":"19:35","endtime":"19:40"},{"starttime":"19:40","endtime":"19:45"},{"starttime":"19:45","endtime":"19:50"},{"starttime":"19:55","endtime":"20:00"},{"starttime":"20:00","endtime":"20:05"},{"starttime":"20:15","endtime":"20:20"},{"starttime":"20:40","endtime":"20:45"},{"starttime":"20:45","endtime":"20:50"},{"starttime":"20:55","endtime":"21:00"},{"starttime":"21:10","endtime":"21:15"},{"starttime":"21:25","endtime":"21:30"},{"starttime":"21:30","endtime":"21:35"},{"starttime":"21:35","endtime":"21:40"},{"starttime":"21:40","endtime":"21:45"},{"starttime":"21:45","endtime":"21:50"},{"starttime":"21:50","endtime":"21:55"},{"starttime":"22:00","endtime":"22:05"},{"starttime":"22:05","endtime":"22:10"},{"starttime":"22:10","endtime":"22:15"},{"starttime":"22:15","endtime":"22:20"}]}],"Message":"Success","Issuccess":true,"exception":null,"RowCount":1,"responsecode":200}