{"data":[{"fromstationname":"Depot-07 Subhashnagara","tostationname":"Kempegowda Bus Station","fromstationid":"22774","tostationid":"20922","apptime":"00:05:00","distance":"0.30","platformname":"","platformnumber":"","baynumber":"","tripdetails":[{"starttime":"05:55","endtime":"06:00"},{"starttime":"06:00","endtime":"06:05"},{"starttime":"06:05","endtime":"06:10"},{"starttime":"06:10","endtime":"06:15"},{"starttime":"06:15","endtime":"06:20"},{"starttime":"06:20","endtime":"06:25"},{"starttime":"06:25","endtime":"06:30"},{"starttime":"06:30","endtime":"06:35"},{"starttime":"06:40","endtime":"06:45"},{"starttime":"07:00","endtime":"07:05"},{"starttime":"07:05","endtime":"07:10"},{"starttime":"07:20","endtime":"07:25"},{"starttime":"07:25","endtime":"07:30"},{"starttime":"07:30","endtime":"07:35"},{"starttime":"07:40","endtime":"07:45"},{"starttime":"07:50","endtime":"07:55"},{"starttime":"07:55","endtime":"08:00"},{"starttime":"08:00","endtime":"08:05"},{"starttime":"08:05","endtime":"08:10"},{"starttime":"08:10","endtime":"08:15"},{"starttime":"08:20","endtime":"08:25"},{"starttime":"08:25","endtime":"08:30"},{"starttime":"08:30","endtime":"08:35"},{"starttime":"08:35","endtime":"08:40"},{"starttime":"08:40","endtime":"08:45"},{"starttime":"08:50","endtime":"08:55"},{"starttime":"08:55","endtime":"09:00"},{"starttime":"09:00","endtime":"09:05"},{"starttime":"09:25","endtime":"09:30"},{"starttime":"09:45","endtime":"09:50"},{"starttime":"09:50","endtime":"09:55"},{"starttime":"10:00","endtime":"10:05"},{"starttime":"10:05","endtime":"10:10"},{"starttime":"10:15","endtime":"10:20"},{"starttime":"10:55","endtime":"11:00"},{"starttime":"11:05","endtime":"11:10"},{"starttime":"11:20","endtime":"11:25"},{"starttime":"11:25","endtime":"11:30"},{"starttime":"11:30","endtime":"11:35"},{"starttime":"11:45","endtime":"11:50"},{"starttime":"11:50","endtime":"11:55"},{"starttime":"11:55","endtime":"12:00"},{"starttime":"12:00","endtime":"12:05"},{"starttime":"12:15","endtime":"12:20"},{"starttime":"12:20","endtime":"12:25"},{"starttime":"12:30","endtime":"12:35"},{"starttime":"12:35","endtime":"12:40"},{"starttime":"12:45","endtime":"12:50"},{"starttime":"12:50","endtime":"12:55"},{"starttime":"13:05","endtime":"13:10"},{"starttime":"13:10","endtime":"13:15"},{"starttime":"13:20","endtime":"13:25"},{"starttime":"13:30","endtime":"13:35"},{"starttime":"13:40","endtime":"13:45"},{"starttime":"13:50","endtime":"13:55"},{"starttime":"14:00","endtime":"14:05"},{"starttime":"14:10","endtime":"14:15"},{"starttime":"14:15","endtime":"14:20"},{"starttime":"14:20","endtime":"14:25"},{"starttime":"14:30","endtime":"14:35"},{"starttime":"14:35","endtime":"14:40"},{"starttime":"14:40","endtime":"14:45"},{"starttime":"14:45","endtime":"14:50"},{"starttime":"14:50","endtime":"14:55"},{"starttime":"14:55","endtime":"15:00"},{"starttime":"15:00","endtime":"15:05"},{"starttime":"15:05","endtime":"15:10"},{"starttime":"15:15","endtime":"15:20"},{"starttime":"15:20","endtime":"15:25"},{"starttime":"15:25","endtime":"15:30"},{"starttime":"15:30","endtime":"15:35"},{"starttime":"15:35","endtime":"15:40"},{"starttime":"15:45","endtime":"15:50"},{"starttime":"15:55","endtime":"16:00"},{"starttime":"16:00","endtime":"16:05"},{"starttime":"16:05","endtime":"16:10"},{"starttime":"16:10","endtime":"16:15"},{"starttime":"16:15","endtime":"16:20"},{"starttime":"16:25","endtime":"16:30"},{"starttime":"16:30","endtime":"16:35"},{"starttime":"16:40","endtime":"16:45"},{"starttime":"16:50","endtime":"16:55"},{"starttime":"17:05","endtime":"17:10"},{"starttime":"17:10","endtime":"17:15"},{"starttime":"17:15","endtime":"17:20"},{"starttime":"17:20","endtime":"17:25"},{"starttime":"17:30","endtime":"17:35"},{"starttime":"17:50","endtime":"17:55"},{"starttime":"18:20","endtime":"18:25"},{"starttime":"18:30","endtime":"18:35"},{"starttime":"18:50","endtime":"18:55"},{"starttime":"19:05","endtime":"19:10"},{"starttime":"19:35","endtime":"19:40"},{"starttime":"19:50","endtime":"19:55"},{"starttime":"20:05","endtime":"20:10"},{"starttime":"20:20","endtime":"20:25"},{"starttime":"21:30","endtime":"21:35"},{"starttime":"22:05","endtime":"22:10"}]}],"Message":"Success","Issuccess":true,"exception":null,"RowCount":1,"responsecode":200}