{"data":[{"fromstationname":"Sarjapura","tostationname":"Shivajinagara Bus Station","fromstationid":"22462","tostationid":"21173","apptime":"01:40:00","distance":"30.00","platformname":"","platformnumber":"","baynumber":"","tripdetails":[{"starttime":"08:35","endtime":"10:15"},{"starttime":"11:35","endtime":"13:15"},{"starttime":"12:15","endtime":"13:45"},{"starttime":"12:45","endtime":"14:05"},{"starttime":"15:20","endtime":"17:00"},{"starttime":"15:35","endtime":"17:15"},{"starttime":"15:45","endtime":"17:25"},{"starttime":"19:30","endtime":"21:15"}]}],"Message":"Success","Issuccess":true,"exception":null,"RowCount":1,"responsecode":200}