{"data":[{"fromstationname":"Sarjapura","tostationname":"Mayohall G-2","fromstationid":"22462","tostationid":"37119","apptime":"01:25:00","distance":"28.00","platformname":"","platformnumber":"","baynumber":"","tripdetails":[{"starttime":"04:00","endtime":"05:25"},{"starttime":"05:20","endtime":"06:50"},{"starttime":"05:55","endtime":"07:25"},{"starttime":"06:15","endtime":"07:40"},{"starttime":"06:30","endtime":"08:00"},{"starttime":"06:45","endtime":"08:20"},{"starttime":"07:00","endtime":"08:50"},{"starttime":"07:15","endtime":"09:05"},{"starttime":"07:30","endtime":"09:20"},{"starttime":"07:45","endtime":"09:35"},{"starttime":"07:50","endtime":"09:40"},{"starttime":"07:55","endtime":"09:45"},{"starttime":"08:05","endtime":"09:55"},{"starttime":"08:30","endtime":"10:20"},{"starttime":"08:45","endtime":"10:35"},{"starttime":"08:55","endtime":"10:45"},{"starttime":"09:25","endtime":"11:15"},{"starttime":"09:40","endtime":"11:15"},{"starttime":"09:55","endtime":"11:45"},{"starttime":"10:10","endtime":"11:45"},{"starttime":"10:20","endtime":"12:10"},{"starttime":"10:40","endtime":"12:20"},{"starttime":"10:50","endtime":"12:20"},{"starttime":"11:15","endtime":"12:55"},{"starttime":"11:25","endtime":"13:05"},{"starttime":"11:40","endtime":"13:20"},{"starttime":"12:25","endtime":"14:05"},{"starttime":"12:35","endtime":"14:15"},{"starttime":"12:45","endtime":"14:25"},{"starttime":"12:50","endtime":"14:20"},{"starttime":"12:55","endtime":"14:30"},{"starttime":"13:35","endtime":"15:10"},{"starttime":"14:00","endtime":"15:35"},{"starttime":"14:35","endtime":"16:05"},{"starttime":"15:45","endtime":"17:35"},{"starttime":"15:55","endtime":"17:40"},{"starttime":"16:00","endtime":"17:50"},{"starttime":"16:05","endtime":"17:55"},{"starttime":"16:10","endtime":"18:00"},{"starttime":"16:15","endtime":"18:05"},{"starttime":"16:20","endtime":"18:10"},{"starttime":"16:25","endtime":"18:15"},{"starttime":"16:35","endtime":"18:20"},{"starttime":"17:00","endtime":"18:35"},{"starttime":"17:20","endtime":"18:55"},{"starttime":"17:50","endtime":"19:25"},{"starttime":"18:05","endtime":"19:55"},{"starttime":"18:25","endtime":"20:15"},{"starttime":"18:45","endtime":"20:25"},{"starttime":"19:00","endtime":"20:50"},{"starttime":"21:35","endtime":"23:00"}]}],"Message":"Success","Issuccess":true,"exception":null,"RowCount":1,"responsecode":200}