{"data":[{"fromstationname":"Sarjapura","tostationname":"Mayohall G-2","fromstationid":"22462","tostationid":"37119","apptime":"01:40:00","distance":"28.00","platformname":"","platformnumber":"","baynumber":"","tripdetails":[{"starttime":"07:40","endtime":"09:20"},{"starttime":"08:10","endtime":"09:50"},{"starttime":"08:20","endtime":"10:00"},{"starttime":"08:25","endtime":"10:00"},{"starttime":"08:35","endtime":"10:10"},{"starttime":"08:55","endtime":"10:30"},{"starttime":"09:00","endtime":"10:35"},{"starttime":"09:10","endtime":"10:50"},{"starttime":"09:40","endtime":"11:15"},{"starttime":"10:20","endtime":"11:55"},{"starttime":"10:30","endtime":"12:05"},{"starttime":"10:50","endtime":"12:20"},{"starttime":"11:40","endtime":"13:15"},{"starttime":"11:45","endtime":"13:25"},{"starttime":"11:55","endtime":"13:30"},{"starttime":"12:10","endtime":"13:45"},{"starttime":"12:20","endtime":"13:55"},{"starttime":"12:40","endtime":"14:00"},{"starttime":"13:15","endtime":"14:45"},{"starttime":"13:35","endtime":"15:05"},{"starttime":"14:00","endtime":"15:35"},{"starttime":"14:20","endtime":"15:50"},{"starttime":"15:45","endtime":"17:20"},{"starttime":"16:00","endtime":"17:40"},{"starttime":"16:05","endtime":"17:45"},{"starttime":"16:30","endtime":"18:10"},{"starttime":"16:50","endtime":"18:25"},{"starttime":"17:05","endtime":"18:40"},{"starttime":"17:35","endtime":"19:10"},{"starttime":"17:45","endtime":"19:20"},{"starttime":"19:25","endtime":"21:00"},{"starttime":"19:35","endtime":"21:15"},{"starttime":"19:45","endtime":"21:20"},{"starttime":"19:55","endtime":"21:35"},{"starttime":"20:00","endtime":"21:40"},{"starttime":"20:25","endtime":"21:55"}]}],"Message":"Success","Issuccess":true,"exception":null,"RowCount":1,"responsecode":200}