{"data":[{"fromstationname":"Shivajinagara Bus Station","tostationname":"Sarjapura","fromstationid":"21172","tostationid":"23907","apptime":"01:40:00","distance":"30.00","platformname":"","platformnumber":"","baynumber":"","tripdetails":[{"starttime":"10:55","endtime":"12:35"},{"starttime":"14:00","endtime":"15:40"},{"starttime":"14:25","endtime":"15:55"},{"starttime":"14:45","endtime":"16:25"},{"starttime":"17:40","endtime":"19:20"},{"starttime":"18:00","endtime":"19:40"},{"starttime":"18:10","endtime":"19:50"},{"starttime":"22:00","endtime":"23:30"}]}],"Message":"Success","Issuccess":true,"exception":null,"RowCount":1,"responsecode":200}