{"data":[{"fromstationname":"Mayohall","tostationname":"Sarjapura","fromstationid":"22278","tostationid":"23907","apptime":"01:15:00","distance":"28.00","platformname":"","platformnumber":"1","baynumber":"","tripdetails":[{"starttime":"06:20","endtime":"07:35"},{"starttime":"06:25","endtime":"08:05"},{"starttime":"06:35","endtime":"08:15"},{"starttime":"06:50","endtime":"08:30"},{"starttime":"06:55","endtime":"08:15"},{"starttime":"07:05","endtime":"08:35"},{"starttime":"07:10","endtime":"08:25"},{"starttime":"07:40","endtime":"09:10"},{"starttime":"08:00","endtime":"09:35"},{"starttime":"08:15","endtime":"09:50"},{"starttime":"08:25","endtime":"10:00"},{"starttime":"08:35","endtime":"10:10"},{"starttime":"09:15","endtime":"10:50"},{"starttime":"09:30","endtime":"11:05"},{"starttime":"09:50","endtime":"11:30"},{"starttime":"10:10","endtime":"11:50"},{"starttime":"10:30","endtime":"12:05"},{"starttime":"10:40","endtime":"12:15"},{"starttime":"10:45","endtime":"12:25"},{"starttime":"11:00","endtime":"12:40"},{"starttime":"11:40","endtime":"13:10"},{"starttime":"12:00","endtime":"13:30"},{"starttime":"12:10","endtime":"13:40"},{"starttime":"12:25","endtime":"13:55"},{"starttime":"13:00","endtime":"14:30"},{"starttime":"13:35","endtime":"15:15"},{"starttime":"13:55","endtime":"15:30"},{"starttime":"14:05","endtime":"15:40"},{"starttime":"14:10","endtime":"15:45"},{"starttime":"14:15","endtime":"15:55"},{"starttime":"14:50","endtime":"16:20"},{"starttime":"15:25","endtime":"17:00"},{"starttime":"15:55","endtime":"17:30"},{"starttime":"16:05","endtime":"17:40"},{"starttime":"16:40","endtime":"18:15"},{"starttime":"17:25","endtime":"19:00"},{"starttime":"17:30","endtime":"19:10"},{"starttime":"17:45","endtime":"19:25"},{"starttime":"17:50","endtime":"19:20"},{"starttime":"17:55","endtime":"19:25"},{"starttime":"18:05","endtime":"19:45"},{"starttime":"18:15","endtime":"19:55"},{"starttime":"20:00","endtime":"21:40"},{"starttime":"21:00","endtime":"22:30"}]}],"Message":"Success","Issuccess":true,"exception":null,"RowCount":1,"responsecode":200}