{"data":[{"fromstationname":"Electronic City Wipro Main Gate","tostationname":"Brigade Road","fromstationid":"20772","tostationid":"23657","apptime":"01:05:00","distance":"20.90","platformname":"","platformnumber":"","baynumber":"","tripdetails":[{"starttime":"05:00","endtime":"06:05"},{"starttime":"05:20","endtime":"06:25"},{"starttime":"05:35","endtime":"06:40"},{"starttime":"06:35","endtime":"07:35"},{"starttime":"07:30","endtime":"08:40"},{"starttime":"07:35","endtime":"08:50"},{"starttime":"07:45","endtime":"09:10"},{"starttime":"07:55","endtime":"09:20"},{"starttime":"08:00","endtime":"09:15"},{"starttime":"08:05","endtime":"09:25"},{"starttime":"08:15","endtime":"09:35"},{"starttime":"08:50","endtime":"10:05"},{"starttime":"08:55","endtime":"10:15"},{"starttime":"09:00","endtime":"10:20"},{"starttime":"09:10","endtime":"10:20"},{"starttime":"09:40","endtime":"10:50"},{"starttime":"09:50","endtime":"11:10"},{"starttime":"09:55","endtime":"11:05"},{"starttime":"10:05","endtime":"11:20"},{"starttime":"10:10","endtime":"11:30"},{"starttime":"10:30","endtime":"11:40"},{"starttime":"10:50","endtime":"12:05"},{"starttime":"11:05","endtime":"12:30"},{"starttime":"11:10","endtime":"12:20"},{"starttime":"11:15","endtime":"12:40"},{"starttime":"11:20","endtime":"12:30"},{"starttime":"11:25","endtime":"12:50"},{"starttime":"11:30","endtime":"12:40"},{"starttime":"11:45","endtime":"13:00"},{"starttime":"11:50","endtime":"13:05"},{"starttime":"12:05","endtime":"13:20"},{"starttime":"12:10","endtime":"13:35"},{"starttime":"12:25","endtime":"13:40"},{"starttime":"12:40","endtime":"13:50"},{"starttime":"12:55","endtime":"14:05"},{"starttime":"13:05","endtime":"14:15"},{"starttime":"13:25","endtime":"14:35"},{"starttime":"13:35","endtime":"14:45"},{"starttime":"13:40","endtime":"14:50"},{"starttime":"14:10","endtime":"15:20"},{"starttime":"14:20","endtime":"15:40"},{"starttime":"14:25","endtime":"15:35"},{"starttime":"14:30","endtime":"15:45"},{"starttime":"14:35","endtime":"15:50"},{"starttime":"15:00","endtime":"16:15"},{"starttime":"15:20","endtime":"16:35"},{"starttime":"15:25","endtime":"16:50"},{"starttime":"15:30","endtime":"16:45"},{"starttime":"15:35","endtime":"16:50"},{"starttime":"15:50","endtime":"17:15"},{"starttime":"15:55","endtime":"17:10"},{"starttime":"16:00","endtime":"17:15"},{"starttime":"16:05","endtime":"17:25"},{"starttime":"16:15","endtime":"17:40"},{"starttime":"16:35","endtime":"17:50"},{"starttime":"16:45","endtime":"18:10"},{"starttime":"16:50","endtime":"18:10"},{"starttime":"16:55","endtime":"18:15"},{"starttime":"17:00","endtime":"18:25"},{"starttime":"17:10","endtime":"18:35"},{"starttime":"17:15","endtime":"18:30"},{"starttime":"17:20","endtime":"18:40"},{"starttime":"17:25","endtime":"18:40"},{"starttime":"17:35","endtime":"18:55"},{"starttime":"17:40","endtime":"19:05"},{"starttime":"17:50","endtime":"19:10"},{"starttime":"17:55","endtime":"19:00"},{"starttime":"18:00","endtime":"19:20"},{"starttime":"18:05","endtime":"19:20"},{"starttime":"18:30","endtime":"19:30"},{"starttime":"18:40","endtime":"20:00"},{"starttime":"18:50","endtime":"20:15"},{"starttime":"19:35","endtime":"21:00"},{"starttime":"19:50","endtime":"21:15"},{"starttime":"20:05","endtime":"21:15"},{"starttime":"20:20","endtime":"21:35"}]}],"Message":"Success","Issuccess":true,"exception":null,"RowCount":1,"responsecode":200}