{"data":[{"fromstationname":"Brigade Road","tostationname":"Electronic City Wipro Main Gate","fromstationid":"23657","tostationid":"20772","apptime":"01:10:00","distance":"20.90","platformname":"","platformnumber":"","baynumber":"","tripdetails":[{"starttime":"06:10","endtime":"07:20"},{"starttime":"06:30","endtime":"07:50"},{"starttime":"06:40","endtime":"07:50"},{"starttime":"06:45","endtime":"08:05"},{"starttime":"06:50","endtime":"08:00"},{"starttime":"07:10","endtime":"08:30"},{"starttime":"07:30","endtime":"08:50"},{"starttime":"07:40","endtime":"08:40"},{"starttime":"07:45","endtime":"09:05"},{"starttime":"07:50","endtime":"09:05"},{"starttime":"08:15","endtime":"09:35"},{"starttime":"08:20","endtime":"09:35"},{"starttime":"08:30","endtime":"09:55"},{"starttime":"08:35","endtime":"09:45"},{"starttime":"08:40","endtime":"09:50"},{"starttime":"08:45","endtime":"10:00"},{"starttime":"08:55","endtime":"10:10"},{"starttime":"09:10","endtime":"10:30"},{"starttime":"09:15","endtime":"10:40"},{"starttime":"09:20","endtime":"10:45"},{"starttime":"09:25","endtime":"10:50"},{"starttime":"09:30","endtime":"10:55"},{"starttime":"09:35","endtime":"10:55"},{"starttime":"09:40","endtime":"11:05"},{"starttime":"09:45","endtime":"11:10"},{"starttime":"10:00","endtime":"11:15"},{"starttime":"10:05","endtime":"11:25"},{"starttime":"10:10","endtime":"11:25"},{"starttime":"10:20","endtime":"11:35"},{"starttime":"10:25","endtime":"11:40"},{"starttime":"10:35","endtime":"11:45"},{"starttime":"10:40","endtime":"11:55"},{"starttime":"10:50","endtime":"12:05"},{"starttime":"11:10","endtime":"12:20"},{"starttime":"11:15","endtime":"12:25"},{"starttime":"11:25","endtime":"12:35"},{"starttime":"11:35","endtime":"12:45"},{"starttime":"11:40","endtime":"12:50"},{"starttime":"11:50","endtime":"13:00"},{"starttime":"12:10","endtime":"13:20"},{"starttime":"12:25","endtime":"13:35"},{"starttime":"12:35","endtime":"13:45"},{"starttime":"12:40","endtime":"13:50"},{"starttime":"12:45","endtime":"13:55"},{"starttime":"13:05","endtime":"14:20"},{"starttime":"13:10","endtime":"14:25"},{"starttime":"13:25","endtime":"14:40"},{"starttime":"13:40","endtime":"14:50"},{"starttime":"13:45","endtime":"15:00"},{"starttime":"13:55","endtime":"15:20"},{"starttime":"14:10","endtime":"15:20"},{"starttime":"14:40","endtime":"15:45"},{"starttime":"14:45","endtime":"15:55"},{"starttime":"14:50","endtime":"16:00"},{"starttime":"14:55","endtime":"16:10"},{"starttime":"15:05","endtime":"16:30"},{"starttime":"15:15","endtime":"16:30"},{"starttime":"15:30","endtime":"16:45"},{"starttime":"15:40","endtime":"16:55"},{"starttime":"15:45","endtime":"17:05"},{"starttime":"15:55","endtime":"17:10"},{"starttime":"16:05","endtime":"17:20"},{"starttime":"16:15","endtime":"17:40"},{"starttime":"16:20","endtime":"17:35"},{"starttime":"16:25","endtime":"17:45"},{"starttime":"16:35","endtime":"17:45"},{"starttime":"16:40","endtime":"17:55"},{"starttime":"16:50","endtime":"18:15"},{"starttime":"16:55","endtime":"18:20"},{"starttime":"17:15","endtime":"18:25"},{"starttime":"17:20","endtime":"18:35"},{"starttime":"17:25","endtime":"18:50"},{"starttime":"17:30","endtime":"18:45"},{"starttime":"17:45","endtime":"19:10"},{"starttime":"17:55","endtime":"19:15"},{"starttime":"18:15","endtime":"19:30"},{"starttime":"18:25","endtime":"19:45"},{"starttime":"18:35","endtime":"20:00"},{"starttime":"18:40","endtime":"19:55"},{"starttime":"18:50","endtime":"20:15"},{"starttime":"19:10","endtime":"20:30"},{"starttime":"19:30","endtime":"20:55"},{"starttime":"19:35","endtime":"20:55"},{"starttime":"20:30","endtime":"21:50"},{"starttime":"20:45","endtime":"22:05"},{"starttime":"21:10","endtime":"22:20"},{"starttime":"21:20","endtime":"22:30"},{"starttime":"21:40","endtime":"22:45"},{"starttime":"22:00","endtime":"23:15"}]}],"Message":"Success","Issuccess":true,"exception":null,"RowCount":1,"responsecode":200}