{"data":[{"fromstationname":"Shivajinagara Bus Station","tostationname":"Electronic City Wipro Main Gate","fromstationid":"21172","tostationid":"20772","apptime":"01:00:00","distance":"22.90","platformname":"","platformnumber":"","baynumber":"","tripdetails":[{"starttime":"05:00","endtime":"06:00"},{"starttime":"06:35","endtime":"07:55"},{"starttime":"07:15","endtime":"08:45"},{"starttime":"08:50","endtime":"10:20"},{"starttime":"09:45","endtime":"11:15"},{"starttime":"14:30","endtime":"15:40"},{"starttime":"17:45","endtime":"19:15"},{"starttime":"21:10","endtime":"22:25"},{"starttime":"21:25","endtime":"22:30"}]}],"Message":"Success","Issuccess":true,"exception":null,"RowCount":1,"responsecode":200}