{"data":[{"fromstationname":"Electronic City Wipro Main Gate","tostationname":"Shivajinagara Bus Station","fromstationid":"20772","tostationid":"21173","apptime":"01:20:00","distance":"22.90","platformname":"","platformnumber":"","baynumber":"","tripdetails":[{"starttime":"05:50","endtime":"07:10"},{"starttime":"08:00","endtime":"09:30"},{"starttime":"08:24","endtime":"09:40"},{"starttime":"09:15","endtime":"10:45"},{"starttime":"11:45","endtime":"13:10"},{"starttime":"12:30","endtime":"13:50"},{"starttime":"19:20","endtime":"20:50"},{"starttime":"21:00","endtime":"22:10"}]}],"Message":"Success","Issuccess":true,"exception":null,"RowCount":1,"responsecode":200}