{"data":[{"fromstationname":"Brigade Road","tostationname":"Bannerughatta National Park","fromstationid":"23657","tostationid":"23785","apptime":"01:00:00","distance":"20.40","platformname":"","platformnumber":"","baynumber":"","tripdetails":[{"starttime":"05:45","endtime":"06:45"},{"starttime":"06:05","endtime":"07:25"},{"starttime":"06:25","endtime":"07:45"},{"starttime":"06:40","endtime":"07:50"},{"starttime":"07:10","endtime":"08:20"},{"starttime":"07:50","endtime":"09:10"},{"starttime":"08:10","endtime":"09:30"},{"starttime":"08:20","endtime":"09:30"},{"starttime":"08:30","endtime":"09:50"},{"starttime":"08:40","endtime":"10:00"},{"starttime":"08:45","endtime":"10:05"},{"starttime":"08:55","endtime":"10:05"},{"starttime":"09:15","endtime":"10:35"},{"starttime":"09:35","endtime":"10:50"},{"starttime":"09:40","endtime":"11:00"},{"starttime":"09:50","endtime":"11:10"},{"starttime":"10:05","endtime":"11:20"},{"starttime":"10:35","endtime":"11:50"},{"starttime":"11:05","endtime":"12:25"},{"starttime":"11:25","endtime":"12:45"},{"starttime":"12:10","endtime":"13:30"},{"starttime":"13:10","endtime":"14:25"},{"starttime":"13:15","endtime":"14:30"},{"starttime":"14:10","endtime":"15:20"},{"starttime":"14:20","endtime":"15:35"},{"starttime":"14:50","endtime":"16:10"},{"starttime":"15:00","endtime":"16:20"},{"starttime":"15:05","endtime":"16:15"},{"starttime":"15:10","endtime":"16:25"},{"starttime":"15:25","endtime":"16:35"},{"starttime":"15:35","endtime":"16:55"},{"starttime":"15:45","endtime":"17:00"},{"starttime":"16:00","endtime":"17:20"},{"starttime":"16:35","endtime":"17:55"},{"starttime":"16:50","endtime":"18:05"},{"starttime":"17:35","endtime":"18:55"},{"starttime":"18:10","endtime":"19:30"},{"starttime":"18:25","endtime":"19:45"},{"starttime":"19:00","endtime":"20:20"},{"starttime":"19:30","endtime":"20:50"},{"starttime":"20:20","endtime":"21:40"},{"starttime":"21:10","endtime":"22:20"},{"starttime":"21:35","endtime":"22:55"},{"starttime":"21:50","endtime":"23:10"}]}],"Message":"Success","Issuccess":true,"exception":null,"RowCount":1,"responsecode":200}