{"data":[{"fromstationname":"Bannerughatta National Park","tostationname":"Brigade Road","fromstationid":"22757","tostationid":"23657","apptime":"01:00:00","distance":"20.40","platformname":"","platformnumber":"","baynumber":"","tripdetails":[{"starttime":"04:40","endtime":"05:40"},{"starttime":"05:00","endtime":"06:00"},{"starttime":"05:30","endtime":"06:30"},{"starttime":"06:00","endtime":"07:00"},{"starttime":"07:05","endtime":"08:20"},{"starttime":"07:20","endtime":"08:35"},{"starttime":"07:30","endtime":"08:50"},{"starttime":"07:50","endtime":"09:10"},{"starttime":"08:10","endtime":"09:30"},{"starttime":"08:25","endtime":"09:45"},{"starttime":"08:45","endtime":"10:05"},{"starttime":"09:15","endtime":"10:35"},{"starttime":"09:35","endtime":"10:55"},{"starttime":"10:00","endtime":"11:20"},{"starttime":"10:30","endtime":"11:45"},{"starttime":"10:45","endtime":"12:05"},{"starttime":"11:00","endtime":"12:20"},{"starttime":"11:10","endtime":"12:25"},{"starttime":"11:20","endtime":"12:35"},{"starttime":"11:35","endtime":"12:45"},{"starttime":"11:50","endtime":"13:05"},{"starttime":"11:55","endtime":"13:10"},{"starttime":"12:20","endtime":"13:35"},{"starttime":"12:30","endtime":"13:50"},{"starttime":"12:50","endtime":"14:10"},{"starttime":"13:35","endtime":"14:55"},{"starttime":"14:55","endtime":"16:10"},{"starttime":"15:30","endtime":"16:45"},{"starttime":"15:40","endtime":"16:55"},{"starttime":"16:05","endtime":"17:20"},{"starttime":"16:20","endtime":"17:40"},{"starttime":"16:30","endtime":"17:50"},{"starttime":"16:45","endtime":"18:05"},{"starttime":"17:00","endtime":"18:20"},{"starttime":"17:05","endtime":"18:20"},{"starttime":"17:30","endtime":"18:50"},{"starttime":"18:05","endtime":"19:25"},{"starttime":"19:00","endtime":"20:15"},{"starttime":"19:30","endtime":"20:40"},{"starttime":"19:40","endtime":"21:00"},{"starttime":"19:45","endtime":"21:05"},{"starttime":"20:25","endtime":"21:45"}]}],"Message":"Success","Issuccess":true,"exception":null,"RowCount":1,"responsecode":200}