{"data":[{"fromstationname":"Shirke KHB Quarters","tostationname":"Shanthinagara Bus Station","fromstationid":"22664","tostationid":"21166","apptime":"00:55:00","distance":"21.00","platformname":"","platformnumber":"","baynumber":"","tripdetails":[{"starttime":"06:25","endtime":"07:20"},{"starttime":"08:50","endtime":"10:15"},{"starttime":"14:40","endtime":"15:55"},{"starttime":"16:45","endtime":"18:00"},{"starttime":"17:45","endtime":"19:00"},{"starttime":"20:50","endtime":"22:05"}]}],"Message":"Success","Issuccess":true,"exception":null,"RowCount":1,"responsecode":200}