{"data":[{"fromstationname":"Shanthinagara Bus Station","tostationname":"Shirke KHB Quarters","fromstationid":"21167","tostationid":"22665","apptime":"00:55:00","distance":"21.00","platformname":"1","platformnumber":"1","baynumber":"4","tripdetails":[{"starttime":"05:25","endtime":"06:20"},{"starttime":"07:25","endtime":"08:20"},{"starttime":"08:15","endtime":"09:30"},{"starttime":"10:25","endtime":"11:45"},{"starttime":"15:00","endtime":"16:15"},{"starttime":"16:00","endtime":"17:15"},{"starttime":"19:05","endtime":"20:20"}]}],"Message":"Success","Issuccess":true,"exception":null,"RowCount":1,"responsecode":200}