{"data":[{"fromstationname":"Kempegowda Bus Station","tostationname":"Attibele Bus Stand","fromstationid":"20921","tostationid":"21670","apptime":"01:10:00","distance":"35.20","platformname":"15A","platformnumber":"","baynumber":"","tripdetails":[{"starttime":"02:45","endtime":"03:55"},{"starttime":"03:10","endtime":"04:20"},{"starttime":"03:30","endtime":"05:00"},{"starttime":"03:40","endtime":"04:55"},{"starttime":"03:45","endtime":"05:25"},{"starttime":"03:50","endtime":"05:05"},{"starttime":"03:55","endtime":"05:35"},{"starttime":"04:00","endtime":"05:05"},{"starttime":"04:05","endtime":"05:45"},{"starttime":"04:15","endtime":"05:15"},{"starttime":"04:20","endtime":"06:00"},{"starttime":"04:25","endtime":"06:05"},{"starttime":"04:30","endtime":"06:10"},{"starttime":"04:35","endtime":"06:05"},{"starttime":"04:45","endtime":"06:25"},{"starttime":"04:50","endtime":"06:30"},{"starttime":"04:55","endtime":"06:35"},{"starttime":"05:05","endtime":"06:45"},{"starttime":"05:15","endtime":"06:55"},{"starttime":"05:30","endtime":"06:51"},{"starttime":"05:40","endtime":"07:20"},{"starttime":"05:50","endtime":"07:35"},{"starttime":"06:05","endtime":"07:26"},{"starttime":"06:10","endtime":"08:10"},{"starttime":"06:20","endtime":"08:30"},{"starttime":"06:25","endtime":"08:15"},{"starttime":"06:30","endtime":"08:30"},{"starttime":"06:50","endtime":"08:50"},{"starttime":"06:55","endtime":"08:55"},{"starttime":"07:00","endtime":"08:25"},{"starttime":"07:05","endtime":"09:10"},{"starttime":"07:10","endtime":"09:10"},{"starttime":"07:15","endtime":"09:15"},{"starttime":"07:20","endtime":"09:20"},{"starttime":"07:30","endtime":"09:30"},{"starttime":"07:35","endtime":"09:35"},{"starttime":"07:40","endtime":"09:40"},{"starttime":"07:50","endtime":"09:50"},{"starttime":"07:55","endtime":"09:55"},{"starttime":"08:00","endtime":"10:00"},{"starttime":"08:09","endtime":"09:30"},{"starttime":"08:10","endtime":"10:10"},{"starttime":"08:15","endtime":"10:15"},{"starttime":"08:20","endtime":"10:20"},{"starttime":"08:25","endtime":"10:25"},{"starttime":"08:30","endtime":"10:30"},{"starttime":"08:40","endtime":"10:40"},{"starttime":"08:44","endtime":"10:05"},{"starttime":"08:50","endtime":"10:50"},{"starttime":"08:55","endtime":"10:55"},{"starttime":"09:00","endtime":"11:00"},{"starttime":"09:10","endtime":"11:10"},{"starttime":"09:15","endtime":"11:15"},{"starttime":"09:20","endtime":"11:20"},{"starttime":"09:25","endtime":"11:25"},{"starttime":"09:30","endtime":"11:30"},{"starttime":"09:35","endtime":"11:35"},{"starttime":"09:40","endtime":"11:40"},{"starttime":"09:45","endtime":"11:45"},{"starttime":"10:00","endtime":"12:00"},{"starttime":"10:05","endtime":"12:05"},{"starttime":"10:10","endtime":"12:10"},{"starttime":"10:15","endtime":"12:15"},{"starttime":"10:20","endtime":"12:20"},{"starttime":"10:25","endtime":"12:25"},{"starttime":"10:30","endtime":"12:30"},{"starttime":"10:35","endtime":"12:35"},{"starttime":"10:40","endtime":"12:40"},{"starttime":"10:50","endtime":"12:50"},{"starttime":"11:00","endtime":"13:00"},{"starttime":"11:05","endtime":"13:05"},{"starttime":"11:10","endtime":"13:10"},{"starttime":"11:15","endtime":"13:15"},{"starttime":"11:20","endtime":"13:20"},{"starttime":"11:30","endtime":"13:30"},{"starttime":"11:40","endtime":"13:40"},{"starttime":"11:48","endtime":"13:09"},{"starttime":"11:50","endtime":"13:50"},{"starttime":"12:00","endtime":"14:00"},{"starttime":"12:10","endtime":"14:10"},{"starttime":"12:20","endtime":"14:20"},{"starttime":"12:30","endtime":"14:30"},{"starttime":"12:35","endtime":"14:35"},{"starttime":"12:45","endtime":"14:45"},{"starttime":"13:00","endtime":"15:00"},{"starttime":"13:10","endtime":"15:00"},{"starttime":"13:15","endtime":"15:15"},{"starttime":"13:25","endtime":"15:25"},{"starttime":"13:30","endtime":"15:30"},{"starttime":"13:40","endtime":"15:40"},{"starttime":"13:45","endtime":"15:45"},{"starttime":"14:00","endtime":"16:00"},{"starttime":"14:05","endtime":"16:05"},{"starttime":"14:10","endtime":"16:10"},{"starttime":"14:15","endtime":"16:15"},{"starttime":"14:20","endtime":"16:20"},{"starttime":"14:25","endtime":"16:25"},{"starttime":"14:27","endtime":"15:48"},{"starttime":"14:30","endtime":"16:30"},{"starttime":"14:40","endtime":"16:40"},{"starttime":"14:45","endtime":"16:45"},{"starttime":"14:50","endtime":"16:50"},{"starttime":"14:55","endtime":"16:55"},{"starttime":"15:00","endtime":"17:00"},{"starttime":"15:05","endtime":"17:05"},{"starttime":"15:10","endtime":"17:10"},{"starttime":"15:15","endtime":"17:15"},{"starttime":"15:20","endtime":"17:20"},{"starttime":"15:25","endtime":"17:25"},{"starttime":"15:30","endtime":"17:30"},{"starttime":"15:35","endtime":"17:35"},{"starttime":"15:40","endtime":"17:40"},{"starttime":"15:45","endtime":"17:45"},{"starttime":"15:50","endtime":"18:00"},{"starttime":"15:55","endtime":"17:55"},{"starttime":"16:00","endtime":"18:00"},{"starttime":"16:05","endtime":"18:05"},{"starttime":"16:15","endtime":"18:15"},{"starttime":"16:19","endtime":"17:40"},{"starttime":"16:20","endtime":"18:20"},{"starttime":"16:25","endtime":"18:25"},{"starttime":"16:30","endtime":"18:30"},{"starttime":"16:35","endtime":"18:35"},{"starttime":"16:40","endtime":"18:40"},{"starttime":"16:45","endtime":"18:45"},{"starttime":"16:55","endtime":"18:55"},{"starttime":"17:05","endtime":"19:05"},{"starttime":"17:10","endtime":"19:10"},{"starttime":"17:15","endtime":"19:15"},{"starttime":"17:20","endtime":"19:20"},{"starttime":"17:25","endtime":"19:25"},{"starttime":"17:35","endtime":"19:35"},{"starttime":"17:45","endtime":"19:45"},{"starttime":"17:50","endtime":"19:50"},{"starttime":"17:55","endtime":"19:55"},{"starttime":"18:00","endtime":"20:00"},{"starttime":"18:30","endtime":"20:30"},{"starttime":"18:50","endtime":"20:50"},{"starttime":"19:05","endtime":"20:55"},{"starttime":"19:10","endtime":"21:10"},{"starttime":"19:15","endtime":"21:15"},{"starttime":"19:20","endtime":"21:20"},{"starttime":"19:25","endtime":"21:25"},{"starttime":"19:30","endtime":"21:20"},{"starttime":"19:50","endtime":"21:50"},{"starttime":"20:10","endtime":"22:00"},{"starttime":"20:15","endtime":"22:15"},{"starttime":"20:20","endtime":"22:20"},{"starttime":"20:30","endtime":"22:30"},{"starttime":"20:40","endtime":"22:45"},{"starttime":"20:45","endtime":"22:45"},{"starttime":"20:50","endtime":"22:40"},{"starttime":"20:55","endtime":"22:30"},{"starttime":"21:00","endtime":"23:10"},{"starttime":"21:10","endtime":"23:00"},{"starttime":"21:20","endtime":"23:10"},{"starttime":"21:30","endtime":"23:20"},{"starttime":"21:40","endtime":"23:30"},{"starttime":"21:50","endtime":"23:40"},{"starttime":"22:00","endtime":"23:25"}]}],"Message":"Success","Issuccess":true,"exception":null,"RowCount":1,"responsecode":200}