{"data":[{"fromstationname":"Kempegowda Bus Station","tostationname":"Chandapura","fromstationid":"20921","tostationid":"21817","apptime":"01:30:00","distance":"29.00","platformname":"15A","platformnumber":"","baynumber":"","tripdetails":[{"starttime":"05:00","endtime":"06:30"},{"starttime":"05:20","endtime":"06:50"},{"starttime":"05:30","endtime":"06:55"},{"starttime":"05:50","endtime":"07:10"},{"starttime":"06:45","endtime":"08:15"},{"starttime":"07:00","endtime":"08:40"},{"starttime":"08:20","endtime":"10:15"},{"starttime":"08:25","endtime":"10:00"},{"starttime":"08:30","endtime":"10:05"},{"starttime":"08:40","endtime":"10:15"},{"starttime":"09:00","endtime":"10:35"},{"starttime":"09:10","endtime":"11:05"},{"starttime":"09:15","endtime":"11:10"},{"starttime":"10:15","endtime":"12:05"},{"starttime":"10:20","endtime":"12:00"},{"starttime":"10:30","endtime":"12:15"},{"starttime":"10:45","endtime":"12:20"},{"starttime":"10:55","endtime":"12:30"},{"starttime":"12:30","endtime":"14:00"},{"starttime":"12:55","endtime":"14:35"},{"starttime":"13:15","endtime":"14:55"},{"starttime":"13:35","endtime":"15:15"},{"starttime":"13:45","endtime":"15:20"},{"starttime":"13:50","endtime":"15:30"},{"starttime":"14:05","endtime":"15:40"},{"starttime":"14:10","endtime":"16:00"},{"starttime":"14:15","endtime":"15:55"},{"starttime":"14:20","endtime":"15:50"},{"starttime":"14:35","endtime":"16:15"},{"starttime":"14:40","endtime":"16:20"},{"starttime":"15:00","endtime":"16:40"},{"starttime":"15:10","endtime":"16:55"},{"starttime":"15:15","endtime":"16:50"},{"starttime":"15:30","endtime":"17:05"},{"starttime":"15:40","endtime":"17:15"},{"starttime":"15:45","endtime":"17:25"},{"starttime":"15:55","endtime":"17:35"},{"starttime":"16:00","endtime":"17:35"},{"starttime":"16:05","endtime":"17:45"},{"starttime":"16:15","endtime":"17:55"},{"starttime":"16:25","endtime":"18:05"},{"starttime":"17:25","endtime":"19:05"},{"starttime":"18:15","endtime":"19:55"},{"starttime":"18:40","endtime":"20:30"},{"starttime":"18:55","endtime":"20:40"},{"starttime":"19:10","endtime":"21:05"},{"starttime":"22:15","endtime":"23:35"}]}],"Message":"Success","Issuccess":true,"exception":null,"RowCount":1,"responsecode":200}