{"data":[{"fromstationname":"Harohalli","tostationname":"Kempegowda Bus Station","fromstationid":"35185","tostationid":"20922","apptime":"01:45:00","distance":"42.50","platformname":"","platformnumber":"","baynumber":"","tripdetails":[{"starttime":"04:00","endtime":"05:45"},{"starttime":"08:35","endtime":"10:20"},{"starttime":"10:00","endtime":"11:55"},{"starttime":"10:15","endtime":"12:15"},{"starttime":"11:30","endtime":"13:30"},{"starttime":"11:45","endtime":"13:45"},{"starttime":"20:20","endtime":"22:15"}]}],"Message":"Success","Issuccess":true,"exception":null,"RowCount":1,"responsecode":200}