{"data":[{"fromstationname":"Kempegowda Bus Station","tostationname":"Electronic City Wipro Main Gate","fromstationid":"20921","tostationid":"20772","apptime":"01:15:00","distance":"23.90","platformname":"15A","platformnumber":"","baynumber":"","tripdetails":[{"starttime":"06:40","endtime":"07:55"},{"starttime":"08:15","endtime":"09:45"},{"starttime":"08:30","endtime":"09:55"},{"starttime":"08:45","endtime":"10:00"},{"starttime":"09:00","endtime":"10:15"},{"starttime":"09:15","endtime":"10:30"},{"starttime":"09:30","endtime":"11:00"},{"starttime":"10:20","endtime":"11:50"},{"starttime":"10:50","endtime":"12:10"},{"starttime":"11:00","endtime":"12:25"},{"starttime":"11:10","endtime":"12:30"},{"starttime":"11:45","endtime":"12:55"},{"starttime":"11:50","endtime":"13:20"},{"starttime":"12:00","endtime":"13:20"},{"starttime":"12:05","endtime":"13:15"},{"starttime":"12:15","endtime":"13:35"},{"starttime":"12:25","endtime":"13:45"},{"starttime":"12:30","endtime":"13:50"},{"starttime":"12:45","endtime":"14:05"},{"starttime":"13:40","endtime":"15:00"},{"starttime":"13:50","endtime":"15:20"},{"starttime":"13:55","endtime":"15:25"},{"starttime":"14:00","endtime":"15:20"},{"starttime":"14:25","endtime":"15:55"},{"starttime":"15:35","endtime":"17:05"},{"starttime":"15:45","endtime":"17:30"},{"starttime":"16:00","endtime":"17:30"}]}],"Message":"Success","Issuccess":true,"exception":null,"RowCount":1,"responsecode":200}