{"data":[{"fromstationname":"Kadugodi Bus Station","tostationname":"Kempegowda Bus Station","fromstationid":"20902","tostationid":"20922","apptime":"01:20:00","distance":"26.50","platformname":"","platformnumber":"1","baynumber":"","tripdetails":[{"starttime":"04:00","endtime":"05:20"},{"starttime":"04:25","endtime":"05:30"},{"starttime":"04:30","endtime":"05:45"},{"starttime":"04:40","endtime":"05:40"},{"starttime":"04:55","endtime":"05:55"},{"starttime":"05:00","endtime":"06:30"},{"starttime":"05:10","endtime":"06:15"},{"starttime":"05:20","endtime":"06:25"},{"starttime":"05:25","endtime":"06:45"},{"starttime":"05:40","endtime":"06:50"},{"starttime":"06:04","endtime":"07:22"},{"starttime":"06:30","endtime":"08:07"},{"starttime":"06:35","endtime":"08:15"},{"starttime":"06:45","endtime":"08:25"},{"starttime":"07:05","endtime":"09:10"},{"starttime":"07:10","endtime":"09:10"},{"starttime":"07:20","endtime":"09:30"},{"starttime":"07:55","endtime":"10:10"},{"starttime":"08:00","endtime":"09:40"},{"starttime":"08:25","endtime":"10:10"},{"starttime":"08:40","endtime":"10:40"},{"starttime":"08:45","endtime":"10:25"},{"starttime":"08:50","endtime":"10:35"},{"starttime":"09:00","endtime":"10:45"},{"starttime":"09:15","endtime":"11:20"},{"starttime":"09:50","endtime":"11:30"},{"starttime":"10:00","endtime":"11:45"},{"starttime":"10:20","endtime":"12:00"},{"starttime":"10:30","endtime":"12:05"},{"starttime":"10:35","endtime":"12:15"},{"starttime":"10:55","endtime":"12:35"},{"starttime":"11:00","endtime":"12:35"},{"starttime":"11:15","endtime":"12:55"},{"starttime":"11:55","endtime":"13:35"},{"starttime":"12:10","endtime":"13:50"},{"starttime":"14:00","endtime":"15:35"},{"starttime":"14:05","endtime":"15:50"},{"starttime":"14:10","endtime":"15:50"},{"starttime":"14:15","endtime":"15:50"},{"starttime":"14:20","endtime":"16:00"},{"starttime":"14:40","endtime":"16:15"},{"starttime":"14:50","endtime":"16:30"},{"starttime":"15:10","endtime":"16:50"},{"starttime":"15:25","endtime":"17:15"},{"starttime":"15:32","endtime":"17:27"},{"starttime":"15:45","endtime":"17:20"},{"starttime":"15:50","endtime":"17:30"},{"starttime":"15:55","endtime":"17:35"},{"starttime":"16:00","endtime":"17:40"},{"starttime":"16:15","endtime":"17:55"},{"starttime":"16:25","endtime":"18:05"},{"starttime":"16:30","endtime":"18:40"},{"starttime":"16:45","endtime":"18:25"},{"starttime":"16:51","endtime":"19:07"},{"starttime":"16:55","endtime":"18:35"},{"starttime":"17:10","endtime":"19:00"},{"starttime":"17:15","endtime":"19:40"},{"starttime":"17:25","endtime":"19:05"},{"starttime":"17:30","endtime":"20:00"},{"starttime":"18:00","endtime":"20:00"},{"starttime":"18:05","endtime":"20:15"},{"starttime":"18:10","endtime":"19:55"},{"starttime":"18:30","endtime":"20:15"},{"starttime":"18:55","endtime":"20:45"},{"starttime":"19:10","endtime":"21:00"},{"starttime":"19:20","endtime":"21:00"},{"starttime":"19:30","endtime":"21:15"},{"starttime":"19:35","endtime":"21:20"},{"starttime":"19:50","endtime":"21:30"},{"starttime":"19:55","endtime":"21:30"},{"starttime":"20:00","endtime":"21:35"},{"starttime":"20:15","endtime":"22:00"},{"starttime":"20:20","endtime":"21:55"},{"starttime":"20:22","endtime":"22:12"},{"starttime":"21:20","endtime":"22:50"},{"starttime":"21:30","endtime":"23:00"},{"starttime":"21:45","endtime":"23:08"},{"starttime":"22:10","endtime":"23:30"},{"starttime":"22:25","endtime":"23:40"}]}],"Message":"Success","Issuccess":true,"exception":null,"RowCount":1,"responsecode":200}