{"data":[{"fromstationname":"Kadugodi Bus Station","tostationname":"Kempegowda Bus Station","fromstationid":"20902","tostationid":"20922","apptime":"01:25:00","distance":"28.40","platformname":"","platformnumber":"1","baynumber":"","tripdetails":[{"starttime":"04:20","endtime":"05:45"},{"starttime":"04:30","endtime":"05:30"},{"starttime":"04:45","endtime":"05:45"},{"starttime":"04:55","endtime":"06:10"},{"starttime":"05:00","endtime":"06:00"},{"starttime":"05:15","endtime":"06:20"},{"starttime":"05:25","endtime":"06:40"},{"starttime":"05:30","endtime":"06:40"},{"starttime":"05:35","endtime":"06:50"},{"starttime":"06:05","endtime":"07:23"},{"starttime":"06:23","endtime":"07:55"},{"starttime":"06:42","endtime":"08:28"},{"starttime":"06:55","endtime":"08:40"},{"starttime":"07:05","endtime":"09:05"},{"starttime":"07:30","endtime":"09:35"},{"starttime":"08:00","endtime":"09:40"},{"starttime":"08:05","endtime":"09:45"},{"starttime":"08:15","endtime":"10:05"},{"starttime":"08:25","endtime":"10:20"},{"starttime":"08:30","endtime":"10:10"},{"starttime":"08:35","endtime":"10:40"},{"starttime":"08:40","endtime":"10:20"},{"starttime":"08:55","endtime":"10:45"},{"starttime":"09:06","endtime":"11:04"},{"starttime":"09:10","endtime":"10:50"},{"starttime":"09:15","endtime":"11:05"},{"starttime":"09:35","endtime":"11:25"},{"starttime":"09:40","endtime":"11:20"},{"starttime":"09:55","endtime":"11:45"},{"starttime":"10:05","endtime":"11:54"},{"starttime":"10:10","endtime":"11:50"},{"starttime":"10:40","endtime":"12:26"},{"starttime":"10:45","endtime":"12:25"},{"starttime":"10:55","endtime":"12:40"},{"starttime":"11:02","endtime":"12:46"},{"starttime":"11:10","endtime":"12:55"},{"starttime":"11:15","endtime":"12:55"},{"starttime":"11:30","endtime":"13:15"},{"starttime":"12:10","endtime":"13:40"},{"starttime":"12:25","endtime":"13:55"},{"starttime":"12:40","endtime":"14:10"},{"starttime":"13:00","endtime":"14:40"},{"starttime":"13:20","endtime":"15:00"},{"starttime":"13:45","endtime":"15:15"},{"starttime":"14:05","endtime":"15:35"},{"starttime":"14:30","endtime":"16:10"},{"starttime":"14:45","endtime":"16:25"},{"starttime":"14:50","endtime":"16:40"},{"starttime":"15:05","endtime":"16:45"},{"starttime":"15:10","endtime":"16:50"},{"starttime":"15:15","endtime":"16:55"},{"starttime":"15:20","endtime":"16:55"},{"starttime":"15:35","endtime":"17:15"},{"starttime":"15:52","endtime":"17:50"},{"starttime":"16:00","endtime":"17:40"},{"starttime":"16:10","endtime":"17:50"},{"starttime":"16:12","endtime":"18:15"},{"starttime":"16:30","endtime":"18:39"},{"starttime":"16:35","endtime":"18:15"},{"starttime":"16:55","endtime":"18:35"},{"starttime":"17:10","endtime":"18:55"},{"starttime":"17:15","endtime":"18:55"},{"starttime":"17:30","endtime":"19:15"},{"starttime":"17:40","endtime":"19:25"},{"starttime":"17:45","endtime":"19:25"},{"starttime":"18:10","endtime":"19:55"},{"starttime":"18:50","endtime":"21:11"},{"starttime":"19:05","endtime":"20:45"},{"starttime":"19:10","endtime":"20:50"},{"starttime":"19:20","endtime":"21:00"},{"starttime":"19:30","endtime":"21:10"},{"starttime":"19:35","endtime":"21:15"},{"starttime":"19:45","endtime":"21:25"},{"starttime":"19:55","endtime":"21:35"},{"starttime":"20:00","endtime":"21:40"},{"starttime":"20:05","endtime":"21:45"},{"starttime":"20:46","endtime":"22:26"},{"starttime":"21:20","endtime":"22:50"},{"starttime":"21:34","endtime":"23:00"}]}],"Message":"Success","Issuccess":true,"exception":null,"RowCount":1,"responsecode":200}