{"data":[{"fromstationname":"Electronic City Wipro Main Gate","tostationname":"Kempegowda Bus Station","fromstationid":"20772","tostationid":"20922","apptime":"01:10:00","distance":"23.90","platformname":"","platformnumber":"","baynumber":"","tripdetails":[{"starttime":"04:50","endtime":"06:00"},{"starttime":"08:45","endtime":"10:15"},{"starttime":"09:30","endtime":"10:50"},{"starttime":"10:15","endtime":"11:45"},{"starttime":"10:30","endtime":"12:00"},{"starttime":"11:55","endtime":"13:20"},{"starttime":"12:15","endtime":"13:35"},{"starttime":"12:20","endtime":"13:50"},{"starttime":"12:30","endtime":"13:55"},{"starttime":"12:35","endtime":"13:55"},{"starttime":"12:45","endtime":"14:15"},{"starttime":"12:55","endtime":"14:20"},{"starttime":"13:00","endtime":"14:05"},{"starttime":"13:20","endtime":"14:30"},{"starttime":"13:25","endtime":"14:55"},{"starttime":"13:40","endtime":"15:10"},{"starttime":"13:50","endtime":"15:10"},{"starttime":"13:55","endtime":"15:15"},{"starttime":"14:05","endtime":"15:25"},{"starttime":"14:20","endtime":"15:40"},{"starttime":"14:35","endtime":"15:55"},{"starttime":"15:05","endtime":"16:25"},{"starttime":"15:25","endtime":"16:50"},{"starttime":"16:00","endtime":"17:30"},{"starttime":"17:10","endtime":"18:40"},{"starttime":"17:35","endtime":"19:00"},{"starttime":"21:00","endtime":"22:20"}]}],"Message":"Success","Issuccess":true,"exception":null,"RowCount":1,"responsecode":200}