{"data":[{"fromstationname":"Chandapura","tostationname":"Kempegowda Bus Station","fromstationid":"21818","tostationid":"20922","apptime":"01:40:00","distance":"29.00","platformname":"","platformnumber":"","baynumber":"","tripdetails":[{"starttime":"06:35","endtime":"08:15"},{"starttime":"07:15","endtime":"09:05"},{"starttime":"07:20","endtime":"09:10"},{"starttime":"07:55","endtime":"09:45"},{"starttime":"08:20","endtime":"10:00"},{"starttime":"08:45","endtime":"10:25"},{"starttime":"10:05","endtime":"11:40"},{"starttime":"10:20","endtime":"12:00"},{"starttime":"10:35","endtime":"12:10"},{"starttime":"10:45","endtime":"12:20"},{"starttime":"11:05","endtime":"12:40"},{"starttime":"12:05","endtime":"13:45"},{"starttime":"12:10","endtime":"14:00"},{"starttime":"12:25","endtime":"13:55"},{"starttime":"12:35","endtime":"14:10"},{"starttime":"12:45","endtime":"14:30"},{"starttime":"13:55","endtime":"15:40"},{"starttime":"14:10","endtime":"15:55"},{"starttime":"14:30","endtime":"16:10"},{"starttime":"15:05","endtime":"16:45"},{"starttime":"15:25","endtime":"17:05"},{"starttime":"15:45","endtime":"17:20"},{"starttime":"15:55","endtime":"17:30"},{"starttime":"16:05","endtime":"17:55"},{"starttime":"16:30","endtime":"18:25"},{"starttime":"16:50","endtime":"18:40"},{"starttime":"16:55","endtime":"18:30"},{"starttime":"17:00","endtime":"18:55"},{"starttime":"17:10","endtime":"18:45"},{"starttime":"17:20","endtime":"18:55"},{"starttime":"17:25","endtime":"19:00"},{"starttime":"17:30","endtime":"19:05"},{"starttime":"17:40","endtime":"19:15"},{"starttime":"17:55","endtime":"19:35"},{"starttime":"18:05","endtime":"19:45"},{"starttime":"18:15","endtime":"19:55"},{"starttime":"18:25","endtime":"20:05"},{"starttime":"18:35","endtime":"20:15"},{"starttime":"19:00","endtime":"20:50"},{"starttime":"19:35","endtime":"21:15"},{"starttime":"20:00","endtime":"21:40"},{"starttime":"20:45","endtime":"22:30"},{"starttime":"21:40","endtime":"23:20"}]}],"Message":"Success","Issuccess":true,"exception":null,"RowCount":1,"responsecode":200}