{"data":[{"fromstationname":"Kempegowda Bus Station","tostationname":"Kadugodi Bus Station","fromstationid":"20921","tostationid":"20902","apptime":"01:00:00","distance":"29.50","platformname":"29","platformnumber":"29","baynumber":"4","tripdetails":[{"starttime":"04:30","endtime":"05:30"},{"starttime":"05:00","endtime":"06:00"},{"starttime":"05:15","endtime":"06:18"},{"starttime":"05:30","endtime":"06:37"},{"starttime":"05:35","endtime":"06:50"},{"starttime":"05:50","endtime":"07:00"},{"starttime":"06:05","endtime":"07:25"},{"starttime":"06:15","endtime":"07:55"},{"starttime":"06:20","endtime":"08:00"},{"starttime":"06:25","endtime":"07:55"},{"starttime":"06:30","endtime":"08:10"},{"starttime":"06:40","endtime":"08:10"},{"starttime":"06:45","endtime":"08:25"},{"starttime":"06:48","endtime":"08:39"},{"starttime":"06:55","endtime":"08:35"},{"starttime":"07:28","endtime":"09:35"},{"starttime":"07:55","endtime":"09:35"},{"starttime":"08:20","endtime":"10:05"},{"starttime":"08:25","endtime":"10:33"},{"starttime":"08:30","endtime":"10:15"},{"starttime":"08:35","endtime":"10:20"},{"starttime":"08:52","endtime":"10:54"},{"starttime":"08:55","endtime":"10:40"},{"starttime":"09:00","endtime":"10:45"},{"starttime":"09:10","endtime":"11:10"},{"starttime":"09:35","endtime":"11:30"},{"starttime":"10:05","endtime":"11:50"},{"starttime":"10:10","endtime":"11:50"},{"starttime":"10:15","endtime":"11:55"},{"starttime":"10:20","endtime":"12:20"},{"starttime":"10:25","endtime":"12:20"},{"starttime":"10:35","endtime":"12:15"},{"starttime":"10:40","endtime":"12:20"},{"starttime":"10:45","endtime":"12:25"},{"starttime":"10:50","endtime":"12:30"},{"starttime":"10:55","endtime":"12:25"},{"starttime":"11:10","endtime":"12:50"},{"starttime":"11:15","endtime":"12:55"},{"starttime":"11:25","endtime":"12:55"},{"starttime":"11:55","endtime":"13:25"},{"starttime":"12:25","endtime":"13:55"},{"starttime":"12:45","endtime":"14:25"},{"starttime":"13:00","endtime":"14:40"},{"starttime":"13:20","endtime":"15:00"},{"starttime":"13:45","endtime":"15:15"},{"starttime":"13:56","endtime":"15:31"},{"starttime":"14:00","endtime":"15:30"},{"starttime":"14:15","endtime":"15:45"},{"starttime":"14:25","endtime":"16:05"},{"starttime":"14:45","endtime":"16:25"},{"starttime":"15:05","endtime":"16:45"},{"starttime":"15:10","endtime":"16:50"},{"starttime":"15:20","endtime":"17:10"},{"starttime":"15:40","endtime":"17:40"},{"starttime":"15:45","endtime":"17:25"},{"starttime":"16:00","endtime":"17:40"},{"starttime":"16:10","endtime":"17:50"},{"starttime":"16:30","endtime":"18:40"},{"starttime":"16:45","endtime":"18:35"},{"starttime":"16:50","endtime":"19:05"},{"starttime":"17:20","endtime":"19:00"},{"starttime":"17:30","endtime":"19:10"},{"starttime":"17:40","endtime":"19:40"},{"starttime":"17:45","endtime":"19:25"},{"starttime":"17:55","endtime":"19:55"},{"starttime":"18:10","endtime":"19:50"},{"starttime":"18:15","endtime":"20:42"},{"starttime":"18:20","endtime":"20:00"},{"starttime":"18:40","endtime":"21:03"},{"starttime":"19:00","endtime":"20:45"},{"starttime":"19:05","endtime":"21:23"},{"starttime":"19:20","endtime":"21:00"},{"starttime":"19:25","endtime":"21:10"},{"starttime":"19:30","endtime":"21:10"},{"starttime":"20:00","endtime":"21:40"},{"starttime":"20:50","endtime":"22:05"},{"starttime":"20:55","endtime":"22:30"},{"starttime":"21:05","endtime":"22:25"},{"starttime":"21:15","endtime":"22:30"},{"starttime":"21:20","endtime":"23:00"},{"starttime":"21:40","endtime":"22:55"},{"starttime":"21:50","endtime":"23:05"}]}],"Message":"Success","Issuccess":true,"exception":null,"RowCount":1,"responsecode":200}