{"data":[{"fromstationname":"Kempegowda Bus Station","tostationname":"Deepanjalinagara","fromstationid":"20921","tostationid":"20739","apptime":"00:19:00","distance":"5.40","platformname":"5","platformnumber":"5","baynumber":"2","tripdetails":[{"starttime":"11:55","endtime":"12:14"},{"starttime":"12:10","endtime":"12:33"},{"starttime":"12:35","endtime":"12:54"},{"starttime":"18:15","endtime":"18:34"},{"starttime":"18:55","endtime":"19:14"}]}],"Message":"Success","Issuccess":true,"exception":null,"RowCount":1,"responsecode":200}