{"data":[{"fromstationname":"Kempegowda Bus Station","tostationname":"Harohalli","fromstationid":"20921","tostationid":"35155","apptime":"01:50:00","distance":"42.50","platformname":"11B","platformnumber":"","baynumber":"","tripdetails":[{"starttime":"05:00","endtime":"06:50"},{"starttime":"05:50","endtime":"07:35"},{"starttime":"08:55","endtime":"10:45"},{"starttime":"12:45","endtime":"14:45"},{"starttime":"14:30","endtime":"16:30"},{"starttime":"14:35","endtime":"16:35"},{"starttime":"15:05","endtime":"17:00"},{"starttime":"18:00","endtime":"19:45"}]}],"Message":"Success","Issuccess":true,"exception":null,"RowCount":1,"responsecode":200}