{"data":[{"fromstationname":"Kempegowda Bus Station","tostationname":"Depot-41 Gate","fromstationid":"20921","tostationid":"37151","apptime":"01:19:00","distance":"25.90","platformname":"5","platformnumber":"5","baynumber":"2","tripdetails":[{"starttime":"05:30","endtime":"06:49"},{"starttime":"10:00","endtime":"11:49"},{"starttime":"10:50","endtime":"12:34"},{"starttime":"16:35","endtime":"18:14"},{"starttime":"16:55","endtime":"18:34"},{"starttime":"17:35","endtime":"19:14"},{"starttime":"18:00","endtime":"19:39"},{"starttime":"19:00","endtime":"20:39"},{"starttime":"20:00","endtime":"21:44"}]}],"Message":"Success","Issuccess":true,"exception":null,"RowCount":1,"responsecode":200}