{"data":[{"fromstationname":"Kempegowda Bus Station","tostationname":"Kempegowda International Airport","fromstationid":"20921","tostationid":"35805","apptime":"07:15:00","distance":"37.00","platformname":"5","platformnumber":"5","baynumber":"2","tripdetails":[{"starttime":"00:00","endtime":"07:15"},{"starttime":"00:05","endtime":"01:10"},{"starttime":"00:25","endtime":"01:25"},{"starttime":"00:37","endtime":"01:29"},{"starttime":"00:50","endtime":"02:00"},{"starttime":"01:20","endtime":"02:25"},{"starttime":"01:40","endtime":"02:45"},{"starttime":"02:00","endtime":"03:00"},{"starttime":"02:20","endtime":"03:20"},{"starttime":"02:40","endtime":"03:40"},{"starttime":"03:00","endtime":"04:10"},{"starttime":"03:20","endtime":"04:25"},{"starttime":"03:40","endtime":"04:50"},{"starttime":"04:00","endtime":"05:00"},{"starttime":"04:20","endtime":"05:30"},{"starttime":"04:40","endtime":"05:45"},{"starttime":"05:00","endtime":"06:00"},{"starttime":"05:20","endtime":"06:35"},{"starttime":"05:40","endtime":"06:40"},{"starttime":"06:00","endtime":"07:00"},{"starttime":"06:06","endtime":"06:42"},{"starttime":"06:10","endtime":"07:02"},{"starttime":"06:15","endtime":"07:25"},{"starttime":"06:30","endtime":"07:45"},{"starttime":"06:45","endtime":"08:10"},{"starttime":"06:50","endtime":"07:42"},{"starttime":"07:00","endtime":"07:52"},{"starttime":"07:05","endtime":"08:30"},{"starttime":"07:20","endtime":"08:45"},{"starttime":"07:25","endtime":"08:50"},{"starttime":"08:00","endtime":"09:15"},{"starttime":"08:07","endtime":"08:59"},{"starttime":"08:08","endtime":"09:00"},{"starttime":"08:15","endtime":"09:40"},{"starttime":"08:27","endtime":"09:19"},{"starttime":"08:30","endtime":"09:55"},{"starttime":"08:35","endtime":"09:25"},{"starttime":"08:45","endtime":"10:10"},{"starttime":"08:47","endtime":"09:39"},{"starttime":"08:57","endtime":"09:49"},{"starttime":"09:00","endtime":"10:25"},{"starttime":"09:15","endtime":"10:25"},{"starttime":"09:20","endtime":"10:45"},{"starttime":"09:30","endtime":"10:55"},{"starttime":"09:45","endtime":"11:10"},{"starttime":"09:57","endtime":"10:49"},{"starttime":"10:00","endtime":"11:25"},{"starttime":"10:05","endtime":"10:57"},{"starttime":"10:15","endtime":"11:35"},{"starttime":"10:30","endtime":"11:55"},{"starttime":"10:45","endtime":"12:10"},{"starttime":"11:00","endtime":"12:20"},{"starttime":"11:15","endtime":"12:35"},{"starttime":"11:30","endtime":"12:55"},{"starttime":"11:54","endtime":"12:46"},{"starttime":"12:00","endtime":"13:25"},{"starttime":"12:02","endtime":"12:54"},{"starttime":"12:10","endtime":"13:15"},{"starttime":"12:15","endtime":"13:40"},{"starttime":"12:20","endtime":"13:45"},{"starttime":"12:30","endtime":"13:50"},{"starttime":"12:40","endtime":"14:00"},{"starttime":"12:45","endtime":"14:10"},{"starttime":"12:55","endtime":"14:20"},{"starttime":"13:00","endtime":"14:25"},{"starttime":"13:10","endtime":"14:30"},{"starttime":"13:15","endtime":"14:40"},{"starttime":"13:20","endtime":"14:40"},{"starttime":"13:30","endtime":"14:55"},{"starttime":"13:40","endtime":"15:05"},{"starttime":"13:50","endtime":"15:15"},{"starttime":"14:00","endtime":"15:25"},{"starttime":"14:15","endtime":"15:40"},{"starttime":"14:30","endtime":"15:45"},{"starttime":"14:45","endtime":"16:00"},{"starttime":"14:55","endtime":"16:20"},{"starttime":"15:05","endtime":"16:30"},{"starttime":"15:15","endtime":"16:25"},{"starttime":"15:25","endtime":"16:50"},{"starttime":"15:35","endtime":"17:00"},{"starttime":"15:45","endtime":"17:05"},{"starttime":"15:55","endtime":"17:20"},{"starttime":"16:05","endtime":"17:30"},{"starttime":"16:15","endtime":"17:40"},{"starttime":"16:16","endtime":"17:08"},{"starttime":"16:25","endtime":"17:50"},{"starttime":"16:35","endtime":"18:00"},{"starttime":"16:50","endtime":"18:15"},{"starttime":"17:00","endtime":"18:25"},{"starttime":"17:15","endtime":"18:35"},{"starttime":"17:30","endtime":"18:55"},{"starttime":"17:45","endtime":"19:05"},{"starttime":"18:00","endtime":"19:20"},{"starttime":"18:10","endtime":"19:35"},{"starttime":"18:13","endtime":"19:05"},{"starttime":"18:20","endtime":"19:45"},{"starttime":"18:30","endtime":"19:45"},{"starttime":"18:40","endtime":"20:05"},{"starttime":"18:50","endtime":"20:15"},{"starttime":"19:00","endtime":"20:25"},{"starttime":"19:15","endtime":"20:40"},{"starttime":"19:30","endtime":"20:55"},{"starttime":"19:40","endtime":"21:05"},{"starttime":"19:50","endtime":"21:15"},{"starttime":"19:57","endtime":"20:49"},{"starttime":"20:00","endtime":"21:20"},{"starttime":"20:10","endtime":"21:02"},{"starttime":"20:15","endtime":"21:40"},{"starttime":"20:30","endtime":"21:50"},{"starttime":"20:45","endtime":"22:00"},{"starttime":"21:00","endtime":"22:15"},{"starttime":"21:15","endtime":"22:15"},{"starttime":"21:30","endtime":"22:30"},{"starttime":"21:45","endtime":"23:00"},{"starttime":"21:54","endtime":"22:46"},{"starttime":"22:00","endtime":"23:20"},{"starttime":"22:10","endtime":"23:20"},{"starttime":"22:20","endtime":"23:25"},{"starttime":"22:30","endtime":"23:30"},{"starttime":"22:40","endtime":"23:45"}]}],"Message":"Success","Issuccess":true,"exception":null,"RowCount":1,"responsecode":200}