{"data":[{"fromstationname":"Kempegowda International Airport","tostationname":"Kempegowda Bus Station","fromstationid":"23485","tostationid":"20922","apptime":"01:05:00","distance":"35.30","platformname":"","platformnumber":"","baynumber":"","tripdetails":[{"starttime":"00:10","endtime":"01:15"},{"starttime":"00:30","endtime":"01:45"},{"starttime":"00:50","endtime":"01:55"},{"starttime":"01:10","endtime":"02:20"},{"starttime":"01:30","endtime":"02:35"},{"starttime":"01:50","endtime":"02:50"},{"starttime":"02:10","endtime":"03:15"},{"starttime":"02:30","endtime":"03:40"},{"starttime":"02:50","endtime":"03:50"},{"starttime":"03:10","endtime":"04:20"},{"starttime":"03:40","endtime":"04:40"},{"starttime":"04:00","endtime":"05:00"},{"starttime":"04:20","endtime":"05:25"},{"starttime":"04:40","endtime":"05:45"},{"starttime":"05:00","endtime":"06:10"},{"starttime":"05:20","endtime":"06:20"},{"starttime":"05:35","endtime":"06:35"},{"starttime":"05:50","endtime":"07:10"},{"starttime":"06:05","endtime":"07:15"},{"starttime":"06:20","endtime":"07:35"},{"starttime":"06:35","endtime":"08:00"},{"starttime":"06:50","endtime":"08:15"},{"starttime":"07:00","endtime":"08:25"},{"starttime":"07:15","endtime":"08:40"},{"starttime":"07:30","endtime":"08:55"},{"starttime":"07:45","endtime":"09:10"},{"starttime":"08:00","endtime":"09:25"},{"starttime":"08:15","endtime":"09:40"},{"starttime":"08:30","endtime":"09:55"},{"starttime":"08:45","endtime":"10:05"},{"starttime":"09:00","endtime":"10:25"},{"starttime":"09:10","endtime":"10:35"},{"starttime":"09:20","endtime":"10:45"},{"starttime":"09:30","endtime":"10:55"},{"starttime":"09:40","endtime":"11:05"},{"starttime":"09:50","endtime":"11:10"},{"starttime":"10:00","endtime":"11:15"},{"starttime":"10:15","endtime":"11:40"},{"starttime":"10:30","endtime":"11:50"},{"starttime":"10:40","endtime":"12:05"},{"starttime":"10:50","endtime":"12:15"},{"starttime":"11:00","endtime":"12:20"},{"starttime":"11:10","endtime":"12:30"},{"starttime":"11:25","endtime":"12:45"},{"starttime":"11:40","endtime":"13:05"},{"starttime":"11:50","endtime":"13:15"},{"starttime":"12:00","endtime":"13:20"},{"starttime":"12:10","endtime":"13:30"},{"starttime":"12:25","endtime":"13:50"},{"starttime":"12:40","endtime":"14:05"},{"starttime":"12:50","endtime":"14:15"},{"starttime":"13:00","endtime":"14:20"},{"starttime":"13:10","endtime":"14:35"},{"starttime":"13:25","endtime":"14:40"},{"starttime":"13:40","endtime":"15:00"},{"starttime":"13:55","endtime":"15:20"},{"starttime":"14:10","endtime":"15:30"},{"starttime":"14:25","endtime":"15:50"},{"starttime":"14:40","endtime":"16:05"},{"starttime":"14:55","endtime":"16:15"},{"starttime":"15:10","endtime":"16:35"},{"starttime":"15:25","endtime":"16:50"},{"starttime":"15:40","endtime":"17:05"},{"starttime":"16:00","endtime":"17:25"},{"starttime":"16:20","endtime":"17:45"},{"starttime":"16:40","endtime":"18:05"},{"starttime":"16:55","endtime":"18:10"},{"starttime":"17:10","endtime":"18:35"},{"starttime":"17:25","endtime":"18:50"},{"starttime":"17:45","endtime":"19:10"},{"starttime":"18:05","endtime":"19:30"},{"starttime":"18:20","endtime":"19:50"},{"starttime":"18:40","endtime":"20:05"},{"starttime":"19:00","endtime":"20:15"},{"starttime":"19:20","endtime":"20:45"},{"starttime":"19:35","endtime":"20:45"},{"starttime":"19:50","endtime":"21:20"},{"starttime":"20:00","endtime":"21:25"},{"starttime":"20:10","endtime":"21:30"},{"starttime":"20:20","endtime":"21:45"},{"starttime":"20:30","endtime":"21:55"},{"starttime":"20:45","endtime":"22:10"},{"starttime":"21:00","endtime":"22:15"},{"starttime":"21:10","endtime":"22:30"},{"starttime":"21:20","endtime":"22:30"},{"starttime":"21:35","endtime":"22:55"},{"starttime":"21:50","endtime":"23:00"},{"starttime":"22:05","endtime":"23:20"},{"starttime":"22:20","endtime":"23:20"},{"starttime":"22:35","endtime":"23:35"},{"starttime":"22:50","endtime":"23:50"},{"starttime":"23:05","endtime":"00:15"},{"starttime":"23:20","endtime":"00:20"},{"starttime":"23:30","endtime":"00:45"},{"starttime":"23:40","endtime":"00:40"},{"starttime":"23:50","endtime":"01:05"}]}],"Message":"Success","Issuccess":true,"exception":null,"RowCount":1,"responsecode":200}