{"data":[{"fromstationname":"Shanthinagara Bus Station","tostationname":"KR Market (Kalasipalya)","fromstationid":"21167","tostationid":"20945","apptime":"00:15:00","distance":"3.70","platformname":"2","platformnumber":"2","baynumber":"4","tripdetails":[{"starttime":"06:10","endtime":"06:25"},{"starttime":"06:35","endtime":"06:45"},{"starttime":"06:40","endtime":"06:55"},{"starttime":"07:10","endtime":"07:25"},{"starttime":"07:35","endtime":"07:45"},{"starttime":"08:25","endtime":"08:40"},{"starttime":"08:40","endtime":"08:55"},{"starttime":"08:55","endtime":"09:10"},{"starttime":"09:10","endtime":"09:25"},{"starttime":"14:10","endtime":"14:25"},{"starttime":"15:05","endtime":"15:20"}]}],"Message":"Success","Issuccess":true,"exception":null,"RowCount":1,"responsecode":200}