{"data":[{"fromstationname":"KR Market (Kalasipalya)","tostationname":"Banashankari Bus Station","fromstationid":"20944","tostationid":"20624","apptime":"00:35:00","distance":"5.50","platformname":"","platformnumber":"","baynumber":"","tripdetails":[{"starttime":"09:30","endtime":"10:05"},{"starttime":"11:10","endtime":"11:30"},{"starttime":"12:20","endtime":"12:45"},{"starttime":"13:25","endtime":"13:55"},{"starttime":"21:25","endtime":"21:50"}]}],"Message":"Success","Issuccess":true,"exception":null,"RowCount":1,"responsecode":200}