{"data":[{"fromstationname":"KR Market (Kalasipalya)","tostationname":"Shanthinagara Bus Station","fromstationid":"20944","tostationid":"21166","apptime":"00:15:00","distance":"3.70","platformname":"","platformnumber":"","baynumber":"","tripdetails":[{"starttime":"11:00","endtime":"11:15"},{"starttime":"11:05","endtime":"11:20"},{"starttime":"11:55","endtime":"12:10"},{"starttime":"12:05","endtime":"12:20"},{"starttime":"12:15","endtime":"12:30"},{"starttime":"17:50","endtime":"18:05"},{"starttime":"18:55","endtime":"19:15"},{"starttime":"20:55","endtime":"21:10"}]}],"Message":"Success","Issuccess":true,"exception":null,"RowCount":1,"responsecode":200}