{"data":[{"fromstationname":"Kannamangala","tostationname":"Kadugodi Metro Station","fromstationid":"33320","tostationid":"36763","apptime":"00:20:00","distance":"6.30","platformname":"","platformnumber":"","baynumber":"","tripdetails":[{"starttime":"06:00","endtime":"06:20"},{"starttime":"08:30","endtime":"08:50"},{"starttime":"08:45","endtime":"09:05"},{"starttime":"09:00","endtime":"09:20"},{"starttime":"09:20","endtime":"09:40"},{"starttime":"09:35","endtime":"09:55"},{"starttime":"09:50","endtime":"10:10"},{"starttime":"10:35","endtime":"10:55"},{"starttime":"10:50","endtime":"11:10"},{"starttime":"11:05","endtime":"11:25"},{"starttime":"11:20","endtime":"11:40"},{"starttime":"12:05","endtime":"12:25"},{"starttime":"12:40","endtime":"13:00"},{"starttime":"12:55","endtime":"13:15"},{"starttime":"13:30","endtime":"13:50"},{"starttime":"13:45","endtime":"14:05"},{"starttime":"14:20","endtime":"14:40"},{"starttime":"14:35","endtime":"14:55"},{"starttime":"15:30","endtime":"15:50"},{"starttime":"15:45","endtime":"16:05"},{"starttime":"16:00","endtime":"16:20"},{"starttime":"16:20","endtime":"16:40"},{"starttime":"16:35","endtime":"16:55"},{"starttime":"16:50","endtime":"17:10"},{"starttime":"17:25","endtime":"17:45"},{"starttime":"17:40","endtime":"18:00"},{"starttime":"18:50","endtime":"19:10"},{"starttime":"20:05","endtime":"20:25"},{"starttime":"20:55","endtime":"21:15"}]}],"Message":"Success","Issuccess":true,"exception":null,"RowCount":1,"responsecode":200}