{"data":[{"fromstationname":"Vijayanagara","tostationname":"Banashankari Bus Station","fromstationid":"21623","tostationid":"20624","apptime":"00:35:00","distance":"10.00","platformname":"","platformnumber":"","baynumber":"","tripdetails":[{"starttime":"05:20","endtime":"05:55"},{"starttime":"05:50","endtime":"06:30"},{"starttime":"06:05","endtime":"06:50"},{"starttime":"06:15","endtime":"07:00"},{"starttime":"06:20","endtime":"07:00"},{"starttime":"06:40","endtime":"07:25"},{"starttime":"06:55","endtime":"07:40"},{"starttime":"07:25","endtime":"08:15"},{"starttime":"07:40","endtime":"08:30"},{"starttime":"07:50","endtime":"08:40"},{"starttime":"08:00","endtime":"08:50"},{"starttime":"08:05","endtime":"08:55"},{"starttime":"08:20","endtime":"09:10"},{"starttime":"08:30","endtime":"09:15"},{"starttime":"08:40","endtime":"09:25"},{"starttime":"09:05","endtime":"09:50"},{"starttime":"09:25","endtime":"10:15"},{"starttime":"09:35","endtime":"10:25"},{"starttime":"09:45","endtime":"10:35"},{"starttime":"09:50","endtime":"10:40"},{"starttime":"10:00","endtime":"10:45"},{"starttime":"10:10","endtime":"10:55"},{"starttime":"10:35","endtime":"11:25"},{"starttime":"10:55","endtime":"11:40"},{"starttime":"11:05","endtime":"11:50"},{"starttime":"11:20","endtime":"12:05"},{"starttime":"11:40","endtime":"12:25"},{"starttime":"11:50","endtime":"12:35"},{"starttime":"12:00","endtime":"12:45"},{"starttime":"12:05","endtime":"12:55"},{"starttime":"12:10","endtime":"12:55"},{"starttime":"12:15","endtime":"13:00"},{"starttime":"12:25","endtime":"13:10"},{"starttime":"12:30","endtime":"13:15"},{"starttime":"12:35","endtime":"13:20"},{"starttime":"12:40","endtime":"13:25"},{"starttime":"12:50","endtime":"13:40"},{"starttime":"13:25","endtime":"14:15"},{"starttime":"13:40","endtime":"14:25"},{"starttime":"13:55","endtime":"14:40"},{"starttime":"14:05","endtime":"14:50"},{"starttime":"14:15","endtime":"15:05"},{"starttime":"14:20","endtime":"15:05"},{"starttime":"14:35","endtime":"15:20"},{"starttime":"14:45","endtime":"15:35"},{"starttime":"15:00","endtime":"15:45"},{"starttime":"15:15","endtime":"16:00"},{"starttime":"15:20","endtime":"16:10"},{"starttime":"15:30","endtime":"16:15"},{"starttime":"15:55","endtime":"16:45"},{"starttime":"16:05","endtime":"16:50"},{"starttime":"16:25","endtime":"17:10"},{"starttime":"16:35","endtime":"17:20"},{"starttime":"16:40","endtime":"17:30"},{"starttime":"16:50","endtime":"17:35"},{"starttime":"17:00","endtime":"17:45"},{"starttime":"17:30","endtime":"18:15"},{"starttime":"17:50","endtime":"18:40"},{"starttime":"17:55","endtime":"18:45"},{"starttime":"18:15","endtime":"19:05"},{"starttime":"18:25","endtime":"19:10"},{"starttime":"18:45","endtime":"19:35"},{"starttime":"19:05","endtime":"19:55"},{"starttime":"19:40","endtime":"20:30"},{"starttime":"19:50","endtime":"20:40"},{"starttime":"20:05","endtime":"20:50"},{"starttime":"20:20","endtime":"21:10"},{"starttime":"20:40","endtime":"21:25"},{"starttime":"21:00","endtime":"21:50"}]}],"Message":"Success","Issuccess":true,"exception":null,"RowCount":1,"responsecode":200}