{"data":[{"fromstationname":"Electronic City","tostationname":"Kengeri Bus Station","fromstationid":"23991","tostationid":"20925","apptime":"01:30:00","distance":"29.40","platformname":"","platformnumber":"","baynumber":"","tripdetails":[{"starttime":"04:50","endtime":"06:20"},{"starttime":"05:00","endtime":"06:30"},{"starttime":"05:10","endtime":"06:40"},{"starttime":"05:20","endtime":"06:40"},{"starttime":"05:30","endtime":"07:00"},{"starttime":"05:35","endtime":"06:55"},{"starttime":"05:45","endtime":"07:15"},{"starttime":"05:50","endtime":"07:20"},{"starttime":"05:55","endtime":"07:25"},{"starttime":"06:00","endtime":"07:50"},{"starttime":"06:05","endtime":"07:35"},{"starttime":"06:10","endtime":"07:35"},{"starttime":"06:15","endtime":"07:45"},{"starttime":"06:25","endtime":"07:55"},{"starttime":"06:30","endtime":"08:10"},{"starttime":"06:35","endtime":"08:05"},{"starttime":"06:40","endtime":"08:05"},{"starttime":"06:45","endtime":"08:15"},{"starttime":"06:55","endtime":"08:25"},{"starttime":"07:00","endtime":"08:50"},{"starttime":"07:05","endtime":"08:45"},{"starttime":"07:10","endtime":"09:00"},{"starttime":"07:15","endtime":"08:45"},{"starttime":"07:25","endtime":"09:05"},{"starttime":"07:30","endtime":"09:20"},{"starttime":"07:35","endtime":"09:15"},{"starttime":"07:40","endtime":"09:30"},{"starttime":"07:45","endtime":"09:25"},{"starttime":"07:50","endtime":"09:20"},{"starttime":"07:55","endtime":"09:35"},{"starttime":"08:00","endtime":"09:40"},{"starttime":"08:05","endtime":"09:45"},{"starttime":"08:10","endtime":"09:50"},{"starttime":"08:15","endtime":"09:55"},{"starttime":"08:20","endtime":"10:00"},{"starttime":"08:25","endtime":"10:05"},{"starttime":"08:30","endtime":"10:20"},{"starttime":"08:35","endtime":"10:15"},{"starttime":"08:40","endtime":"10:20"},{"starttime":"08:45","endtime":"10:25"},{"starttime":"08:50","endtime":"10:30"},{"starttime":"08:55","endtime":"10:35"},{"starttime":"09:00","endtime":"10:40"},{"starttime":"09:05","endtime":"10:45"},{"starttime":"09:10","endtime":"10:40"},{"starttime":"09:15","endtime":"10:45"},{"starttime":"09:20","endtime":"11:00"},{"starttime":"09:25","endtime":"11:00"},{"starttime":"09:30","endtime":"11:10"},{"starttime":"09:35","endtime":"11:05"},{"starttime":"09:40","endtime":"11:19"},{"starttime":"09:45","endtime":"11:25"},{"starttime":"09:50","endtime":"11:29"},{"starttime":"09:55","endtime":"11:25"},{"starttime":"10:00","endtime":"11:39"},{"starttime":"10:05","endtime":"11:35"},{"starttime":"10:10","endtime":"11:40"},{"starttime":"10:15","endtime":"11:54"},{"starttime":"10:20","endtime":"11:59"},{"starttime":"10:25","endtime":"11:55"},{"starttime":"10:30","endtime":"11:59"},{"starttime":"10:35","endtime":"12:14"},{"starttime":"10:40","endtime":"12:10"},{"starttime":"10:45","endtime":"12:24"},{"starttime":"10:50","endtime":"12:30"},{"starttime":"10:55","endtime":"12:25"},{"starttime":"11:00","endtime":"12:29"},{"starttime":"11:05","endtime":"12:44"},{"starttime":"11:10","endtime":"12:40"},{"starttime":"11:15","endtime":"12:45"},{"starttime":"11:20","endtime":"12:59"},{"starttime":"11:25","endtime":"13:05"},{"starttime":"11:30","endtime":"13:10"},{"starttime":"11:35","endtime":"13:05"},{"starttime":"11:40","endtime":"13:19"},{"starttime":"11:45","endtime":"13:25"},{"starttime":"11:50","endtime":"13:29"},{"starttime":"11:55","endtime":"13:25"},{"starttime":"12:00","endtime":"13:30"},{"starttime":"12:05","endtime":"13:35"},{"starttime":"12:10","endtime":"13:50"},{"starttime":"12:15","endtime":"13:45"},{"starttime":"12:20","endtime":"14:00"},{"starttime":"12:25","endtime":"13:55"},{"starttime":"12:30","endtime":"14:00"},{"starttime":"12:35","endtime":"14:15"},{"starttime":"12:45","endtime":"14:15"},{"starttime":"12:50","endtime":"14:20"},{"starttime":"12:55","endtime":"14:35"},{"starttime":"13:00","endtime":"14:30"},{"starttime":"13:05","endtime":"14:35"},{"starttime":"13:15","endtime":"14:55"},{"starttime":"13:20","endtime":"15:00"},{"starttime":"13:30","endtime":"15:00"},{"starttime":"13:35","endtime":"15:05"},{"starttime":"13:40","endtime":"15:10"},{"starttime":"13:45","endtime":"15:15"},{"starttime":"13:50","endtime":"15:30"},{"starttime":"13:55","endtime":"15:25"},{"starttime":"14:00","endtime":"15:30"},{"starttime":"14:05","endtime":"15:35"},{"starttime":"14:10","endtime":"15:50"},{"starttime":"14:15","endtime":"15:45"},{"starttime":"14:20","endtime":"16:00"},{"starttime":"14:25","endtime":"16:05"},{"starttime":"14:30","endtime":"16:00"},{"starttime":"14:35","endtime":"16:05"},{"starttime":"14:40","endtime":"16:20"},{"starttime":"14:45","endtime":"16:15"},{"starttime":"14:50","endtime":"16:20"},{"starttime":"14:55","endtime":"16:25"},{"starttime":"15:05","endtime":"16:45"},{"starttime":"15:10","endtime":"16:50"},{"starttime":"15:15","endtime":"16:55"},{"starttime":"15:20","endtime":"17:00"},{"starttime":"15:25","endtime":"17:15"},{"starttime":"15:30","endtime":"17:10"},{"starttime":"15:35","endtime":"17:05"},{"starttime":"15:40","endtime":"17:20"},{"starttime":"15:45","endtime":"17:25"},{"starttime":"15:50","endtime":"17:20"},{"starttime":"15:55","endtime":"17:35"},{"starttime":"16:00","endtime":"17:40"},{"starttime":"16:05","endtime":"17:45"},{"starttime":"16:10","endtime":"17:50"},{"starttime":"16:15","endtime":"17:55"},{"starttime":"16:20","endtime":"18:00"},{"starttime":"16:25","endtime":"18:05"},{"starttime":"16:30","endtime":"18:10"},{"starttime":"16:35","endtime":"18:25"},{"starttime":"16:40","endtime":"18:20"},{"starttime":"16:45","endtime":"18:45"},{"starttime":"16:50","endtime":"18:30"},{"starttime":"16:55","endtime":"18:35"},{"starttime":"17:00","endtime":"18:40"},{"starttime":"17:05","endtime":"19:05"},{"starttime":"17:10","endtime":"18:50"},{"starttime":"17:15","endtime":"19:15"},{"starttime":"17:20","endtime":"19:00"},{"starttime":"17:25","endtime":"19:05"},{"starttime":"17:30","endtime":"19:09"},{"starttime":"17:35","endtime":"19:34"},{"starttime":"17:40","endtime":"19:20"},{"starttime":"17:45","endtime":"19:35"},{"starttime":"17:50","endtime":"19:30"},{"starttime":"18:00","endtime":"19:49"},{"starttime":"18:05","endtime":"19:45"},{"starttime":"18:10","endtime":"19:50"},{"starttime":"18:20","endtime":"19:59"},{"starttime":"18:25","endtime":"20:05"},{"starttime":"18:30","endtime":"20:10"},{"starttime":"18:40","endtime":"20:20"},{"starttime":"18:45","endtime":"20:35"},{"starttime":"18:55","endtime":"20:25"},{"starttime":"19:00","endtime":"21:00"},{"starttime":"19:05","endtime":"20:40"},{"starttime":"19:10","endtime":"20:50"},{"starttime":"19:15","endtime":"20:55"},{"starttime":"19:20","endtime":"21:00"},{"starttime":"19:25","endtime":"21:05"},{"starttime":"19:30","endtime":"21:00"},{"starttime":"19:35","endtime":"21:10"},{"starttime":"19:40","endtime":"21:20"},{"starttime":"19:45","endtime":"21:25"},{"starttime":"19:50","endtime":"21:30"},{"starttime":"19:55","endtime":"21:33"},{"starttime":"20:00","endtime":"21:35"},{"starttime":"20:05","endtime":"21:44"},{"starttime":"20:10","endtime":"21:50"},{"starttime":"20:15","endtime":"21:55"},{"starttime":"20:20","endtime":"22:00"},{"starttime":"20:25","endtime":"22:05"},{"starttime":"20:30","endtime":"22:10"},{"starttime":"20:35","endtime":"22:05"},{"starttime":"20:40","endtime":"22:10"},{"starttime":"20:45","endtime":"22:15"},{"starttime":"20:50","endtime":"22:30"},{"starttime":"20:55","endtime":"22:35"},{"starttime":"21:00","endtime":"22:40"},{"starttime":"21:10","endtime":"22:40"},{"starttime":"21:15","endtime":"22:50"},{"starttime":"21:30","endtime":"23:10"},{"starttime":"21:35","endtime":"23:05"},{"starttime":"21:45","endtime":"23:10"},{"starttime":"21:50","endtime":"23:20"},{"starttime":"22:05","endtime":"23:35"}]}],"Message":"Success","Issuccess":true,"exception":null,"RowCount":1,"responsecode":200}