{"data":[{"fromstationname":"Kengeri Bus Station","tostationname":"Electronic City","fromstationid":"20925","tostationid":"20773","apptime":"01:20:00","distance":"29.70","platformname":"1A","platformnumber":"","baynumber":"","tripdetails":[{"starttime":"04:30","endtime":"05:50"},{"starttime":"04:40","endtime":"06:00"},{"starttime":"04:50","endtime":"06:10"},{"starttime":"04:55","endtime":"06:25"},{"starttime":"05:00","endtime":"06:30"},{"starttime":"05:10","endtime":"06:40"},{"starttime":"05:15","endtime":"06:45"},{"starttime":"05:20","endtime":"06:50"},{"starttime":"05:25","endtime":"06:55"},{"starttime":"05:30","endtime":"07:00"},{"starttime":"05:40","endtime":"07:10"},{"starttime":"05:45","endtime":"07:25"},{"starttime":"05:50","endtime":"07:20"},{"starttime":"05:55","endtime":"07:35"},{"starttime":"06:00","endtime":"07:30"},{"starttime":"06:05","endtime":"07:35"},{"starttime":"06:10","endtime":"07:40"},{"starttime":"06:15","endtime":"07:40"},{"starttime":"06:16","endtime":"07:45"},{"starttime":"06:20","endtime":"07:50"},{"starttime":"06:25","endtime":"08:05"},{"starttime":"06:30","endtime":"08:00"},{"starttime":"06:31","endtime":"08:00"},{"starttime":"06:32","endtime":"08:00"},{"starttime":"06:35","endtime":"07:55"},{"starttime":"06:40","endtime":"08:10"},{"starttime":"06:45","endtime":"08:35"},{"starttime":"06:50","endtime":"08:20"},{"starttime":"06:55","endtime":"08:45"},{"starttime":"07:00","endtime":"08:40"},{"starttime":"07:05","endtime":"08:45"},{"starttime":"07:10","endtime":"08:50"},{"starttime":"07:15","endtime":"08:55"},{"starttime":"07:20","endtime":"09:00"},{"starttime":"07:25","endtime":"09:05"},{"starttime":"07:30","endtime":"09:10"},{"starttime":"07:35","endtime":"09:15"},{"starttime":"07:40","endtime":"09:10"},{"starttime":"07:45","endtime":"09:25"},{"starttime":"07:46","endtime":"09:25"},{"starttime":"07:50","endtime":"09:30"},{"starttime":"07:55","endtime":"09:35"},{"starttime":"08:00","endtime":"09:40"},{"starttime":"08:01","endtime":"09:50"},{"starttime":"08:05","endtime":"09:45"},{"starttime":"08:10","endtime":"09:40"},{"starttime":"08:15","endtime":"09:55"},{"starttime":"08:16","endtime":"10:05"},{"starttime":"08:20","endtime":"10:00"},{"starttime":"08:21","endtime":"10:00"},{"starttime":"08:25","endtime":"10:05"},{"starttime":"08:30","endtime":"10:10"},{"starttime":"08:31","endtime":"10:10"},{"starttime":"08:35","endtime":"10:15"},{"starttime":"08:40","endtime":"10:20"},{"starttime":"08:45","endtime":"10:25"},{"starttime":"08:50","endtime":"10:30"},{"starttime":"08:55","endtime":"10:35"},{"starttime":"08:56","endtime":"10:45"},{"starttime":"09:00","endtime":"10:40"},{"starttime":"09:05","endtime":"10:55"},{"starttime":"09:06","endtime":"10:45"},{"starttime":"09:10","endtime":"10:50"},{"starttime":"09:15","endtime":"11:05"},{"starttime":"09:20","endtime":"11:00"},{"starttime":"09:25","endtime":"11:05"},{"starttime":"09:30","endtime":"11:10"},{"starttime":"09:40","endtime":"11:30"},{"starttime":"09:45","endtime":"11:25"},{"starttime":"09:50","endtime":"11:25"},{"starttime":"09:55","endtime":"11:35"},{"starttime":"10:00","endtime":"11:40"},{"starttime":"10:05","endtime":"11:30"},{"starttime":"10:15","endtime":"11:55"},{"starttime":"10:20","endtime":"12:00"},{"starttime":"10:25","endtime":"11:55"},{"starttime":"10:30","endtime":"12:00"},{"starttime":"10:35","endtime":"12:05"},{"starttime":"10:40","endtime":"12:20"},{"starttime":"10:45","endtime":"12:10"},{"starttime":"10:50","endtime":"12:20"},{"starttime":"10:55","endtime":"12:35"},{"starttime":"11:00","endtime":"12:40"},{"starttime":"11:05","endtime":"12:35"},{"starttime":"11:10","endtime":"12:40"},{"starttime":"11:15","endtime":"12:45"},{"starttime":"11:20","endtime":"13:00"},{"starttime":"11:30","endtime":"13:00"},{"starttime":"11:35","endtime":"13:05"},{"starttime":"11:45","endtime":"13:15"},{"starttime":"11:55","endtime":"13:25"},{"starttime":"12:00","endtime":"13:30"},{"starttime":"12:05","endtime":"13:35"},{"starttime":"12:10","endtime":"13:50"},{"starttime":"12:15","endtime":"13:45"},{"starttime":"12:20","endtime":"13:55"},{"starttime":"12:25","endtime":"13:55"},{"starttime":"12:30","endtime":"14:00"},{"starttime":"12:35","endtime":"14:05"},{"starttime":"12:40","endtime":"14:10"},{"starttime":"12:45","endtime":"14:15"},{"starttime":"12:50","endtime":"14:20"},{"starttime":"12:55","endtime":"14:35"},{"starttime":"13:00","endtime":"14:30"},{"starttime":"13:05","endtime":"14:45"},{"starttime":"13:10","endtime":"14:40"},{"starttime":"13:15","endtime":"14:40"},{"starttime":"13:20","endtime":"15:00"},{"starttime":"13:21","endtime":"15:00"},{"starttime":"13:25","endtime":"14:50"},{"starttime":"13:30","endtime":"15:00"},{"starttime":"13:31","endtime":"15:10"},{"starttime":"13:35","endtime":"15:05"},{"starttime":"13:40","endtime":"15:10"},{"starttime":"13:45","endtime":"15:15"},{"starttime":"13:51","endtime":"15:30"},{"starttime":"13:55","endtime":"15:35"},{"starttime":"13:56","endtime":"15:20"},{"starttime":"14:00","endtime":"15:40"},{"starttime":"14:01","endtime":"15:40"},{"starttime":"14:05","endtime":"15:45"},{"starttime":"14:10","endtime":"15:40"},{"starttime":"14:11","endtime":"15:50"},{"starttime":"14:15","endtime":"15:45"},{"starttime":"14:20","endtime":"16:00"},{"starttime":"14:21","endtime":"15:50"},{"starttime":"14:25","endtime":"15:55"},{"starttime":"14:30","endtime":"16:10"},{"starttime":"14:31","endtime":"16:10"},{"starttime":"14:35","endtime":"16:15"},{"starttime":"14:36","endtime":"16:15"},{"starttime":"14:40","endtime":"16:10"},{"starttime":"14:41","endtime":"16:20"},{"starttime":"14:44","endtime":"16:10"},{"starttime":"14:45","endtime":"16:20"},{"starttime":"14:51","endtime":"16:30"},{"starttime":"14:56","endtime":"16:35"},{"starttime":"15:00","endtime":"16:40"},{"starttime":"15:01","endtime":"16:40"},{"starttime":"15:02","endtime":"16:40"},{"starttime":"15:05","endtime":"16:45"},{"starttime":"15:06","endtime":"16:45"},{"starttime":"15:10","endtime":"16:50"},{"starttime":"15:11","endtime":"16:50"},{"starttime":"15:12","endtime":"16:40"},{"starttime":"15:15","endtime":"16:45"},{"starttime":"15:20","endtime":"16:50"},{"starttime":"15:30","endtime":"17:10"},{"starttime":"15:35","endtime":"17:05"},{"starttime":"15:36","endtime":"17:05"},{"starttime":"15:40","endtime":"17:20"},{"starttime":"15:45","endtime":"17:25"},{"starttime":"15:50","endtime":"17:20"},{"starttime":"15:55","endtime":"17:35"},{"starttime":"16:00","endtime":"17:40"},{"starttime":"16:05","endtime":"17:45"},{"starttime":"16:15","endtime":"17:55"},{"starttime":"16:20","endtime":"18:00"},{"starttime":"16:25","endtime":"18:05"},{"starttime":"16:30","endtime":"18:30"},{"starttime":"16:35","endtime":"18:15"},{"starttime":"16:40","endtime":"18:40"},{"starttime":"16:45","endtime":"18:15"},{"starttime":"16:50","endtime":"18:50"},{"starttime":"16:55","endtime":"18:35"},{"starttime":"17:00","endtime":"18:50"},{"starttime":"17:05","endtime":"18:45"},{"starttime":"17:15","endtime":"18:55"},{"starttime":"17:25","endtime":"19:05"},{"starttime":"17:30","endtime":"19:05"},{"starttime":"17:35","endtime":"19:15"},{"starttime":"17:40","endtime":"19:20"},{"starttime":"17:45","endtime":"19:25"},{"starttime":"17:50","endtime":"19:30"},{"starttime":"17:55","endtime":"19:35"},{"starttime":"18:00","endtime":"19:40"},{"starttime":"18:05","endtime":"19:45"},{"starttime":"18:10","endtime":"19:50"},{"starttime":"18:15","endtime":"19:55"},{"starttime":"18:20","endtime":"19:55"},{"starttime":"18:25","endtime":"20:05"},{"starttime":"18:30","endtime":"20:10"},{"starttime":"18:35","endtime":"20:25"},{"starttime":"18:40","endtime":"20:20"},{"starttime":"18:45","endtime":"20:25"},{"starttime":"18:55","endtime":"20:25"},{"starttime":"19:00","endtime":"20:40"},{"starttime":"19:05","endtime":"20:55"},{"starttime":"19:10","endtime":"20:40"},{"starttime":"19:20","endtime":"21:00"},{"starttime":"19:25","endtime":"21:15"},{"starttime":"19:40","endtime":"21:20"},{"starttime":"19:45","endtime":"21:25"},{"starttime":"20:00","endtime":"21:40"},{"starttime":"20:10","endtime":"22:00"},{"starttime":"20:20","endtime":"22:00"},{"starttime":"20:25","endtime":"22:00"},{"starttime":"20:30","endtime":"22:25"},{"starttime":"20:35","endtime":"22:15"},{"starttime":"20:40","endtime":"22:20"},{"starttime":"20:45","endtime":"22:40"},{"starttime":"20:50","endtime":"22:30"},{"starttime":"20:55","endtime":"22:35"},{"starttime":"21:00","endtime":"22:30"},{"starttime":"21:10","endtime":"22:30"},{"starttime":"21:15","endtime":"22:35"},{"starttime":"21:20","endtime":"23:00"},{"starttime":"21:25","endtime":"22:55"},{"starttime":"21:30","endtime":"22:55"},{"starttime":"21:40","endtime":"23:10"},{"starttime":"21:45","endtime":"23:00"},{"starttime":"22:00","endtime":"23:30"}]}],"Message":"Success","Issuccess":true,"exception":null,"RowCount":1,"responsecode":200}