{"data":[{"fromstationname":"Kumbalagodu","tostationname":"Silk Institute metro station","fromstationid":"35432","tostationid":"36170","apptime":"00:35:00","distance":"14.00","platformname":"","platformnumber":"","baynumber":"","tripdetails":[{"starttime":"07:50","endtime":"08:25"},{"starttime":"09:10","endtime":"09:45"},{"starttime":"10:55","endtime":"11:30"},{"starttime":"15:00","endtime":"15:35"},{"starttime":"16:25","endtime":"17:00"},{"starttime":"18:35","endtime":"19:10"}]}],"Message":"Success","Issuccess":true,"exception":null,"RowCount":1,"responsecode":200}