{"data":[{"fromstationname":"Yeshawanthapura Bus Station","tostationname":"Kengeri Bus Station","fromstationid":"21288","tostationid":"20925","apptime":"00:45:00","distance":"20.90","platformname":"B3","platformnumber":"","baynumber":"","tripdetails":[{"starttime":"04:00","endtime":"04:45"},{"starttime":"04:20","endtime":"05:10"},{"starttime":"04:45","endtime":"05:35"},{"starttime":"05:05","endtime":"05:55"},{"starttime":"05:20","endtime":"06:10"},{"starttime":"05:30","endtime":"06:25"},{"starttime":"05:35","endtime":"06:25"},{"starttime":"05:45","endtime":"06:35"},{"starttime":"05:55","endtime":"06:45"},{"starttime":"06:00","endtime":"07:00"},{"starttime":"06:01","endtime":"07:10"},{"starttime":"06:05","endtime":"06:55"},{"starttime":"06:10","endtime":"07:10"},{"starttime":"06:20","endtime":"07:20"},{"starttime":"06:21","endtime":"07:30"},{"starttime":"06:25","endtime":"07:15"},{"starttime":"06:30","endtime":"07:30"},{"starttime":"06:35","endtime":"07:45"},{"starttime":"06:40","endtime":"07:50"},{"starttime":"06:45","endtime":"07:45"},{"starttime":"06:50","endtime":"08:00"},{"starttime":"06:55","endtime":"08:05"},{"starttime":"07:00","endtime":"08:10"},{"starttime":"07:05","endtime":"08:05"},{"starttime":"07:10","endtime":"08:10"},{"starttime":"07:20","endtime":"08:20"},{"starttime":"07:30","endtime":"08:30"},{"starttime":"07:35","endtime":"08:35"},{"starttime":"07:40","endtime":"08:40"},{"starttime":"07:45","endtime":"08:45"},{"starttime":"07:50","endtime":"08:50"},{"starttime":"07:55","endtime":"09:00"},{"starttime":"08:15","endtime":"09:25"},{"starttime":"08:21","endtime":"09:30"},{"starttime":"08:25","endtime":"09:25"},{"starttime":"08:30","endtime":"09:35"},{"starttime":"08:35","endtime":"09:45"},{"starttime":"08:45","endtime":"09:55"},{"starttime":"08:46","endtime":"09:55"},{"starttime":"08:50","endtime":"10:00"},{"starttime":"08:51","endtime":"10:00"},{"starttime":"08:55","endtime":"10:05"},{"starttime":"09:00","endtime":"10:10"},{"starttime":"09:05","endtime":"10:15"},{"starttime":"09:10","endtime":"10:20"},{"starttime":"09:15","endtime":"10:25"},{"starttime":"09:20","endtime":"10:30"},{"starttime":"09:25","endtime":"10:35"},{"starttime":"09:30","endtime":"10:35"},{"starttime":"09:35","endtime":"10:45"},{"starttime":"09:41","endtime":"10:50"},{"starttime":"09:45","endtime":"10:55"},{"starttime":"09:55","endtime":"11:05"},{"starttime":"10:00","endtime":"11:05"},{"starttime":"10:05","endtime":"11:15"},{"starttime":"10:10","endtime":"11:20"},{"starttime":"10:15","endtime":"11:25"},{"starttime":"10:20","endtime":"11:30"},{"starttime":"10:25","endtime":"11:35"},{"starttime":"10:30","endtime":"11:40"},{"starttime":"10:35","endtime":"11:45"},{"starttime":"10:40","endtime":"11:45"},{"starttime":"11:05","endtime":"12:10"},{"starttime":"11:10","endtime":"12:20"},{"starttime":"11:15","endtime":"12:25"},{"starttime":"11:20","endtime":"12:25"},{"starttime":"11:25","endtime":"12:30"},{"starttime":"11:35","endtime":"12:45"},{"starttime":"11:40","endtime":"12:45"},{"starttime":"11:45","endtime":"12:50"},{"starttime":"11:50","endtime":"12:54"},{"starttime":"12:00","endtime":"13:04"},{"starttime":"12:10","endtime":"13:15"},{"starttime":"12:15","endtime":"13:19"},{"starttime":"12:30","endtime":"13:34"},{"starttime":"12:50","endtime":"13:55"},{"starttime":"13:25","endtime":"14:30"},{"starttime":"13:45","endtime":"14:50"},{"starttime":"14:00","endtime":"15:05"},{"starttime":"14:05","endtime":"15:15"},{"starttime":"14:15","endtime":"15:20"},{"starttime":"14:30","endtime":"15:35"},{"starttime":"14:35","endtime":"15:45"},{"starttime":"14:50","endtime":"15:55"},{"starttime":"15:00","endtime":"16:10"},{"starttime":"15:30","endtime":"16:40"},{"starttime":"15:40","endtime":"16:50"},{"starttime":"15:50","endtime":"17:00"},{"starttime":"16:00","endtime":"17:10"},{"starttime":"16:10","endtime":"17:20"},{"starttime":"16:20","endtime":"17:30"},{"starttime":"16:25","endtime":"17:35"},{"starttime":"16:30","endtime":"17:35"},{"starttime":"16:35","endtime":"17:45"},{"starttime":"16:40","endtime":"17:50"},{"starttime":"16:50","endtime":"18:00"},{"starttime":"16:55","endtime":"18:05"},{"starttime":"17:00","endtime":"18:10"},{"starttime":"17:05","endtime":"18:15"},{"starttime":"17:10","endtime":"18:20"},{"starttime":"17:15","endtime":"18:25"},{"starttime":"17:20","endtime":"18:30"},{"starttime":"17:25","endtime":"18:35"},{"starttime":"17:30","endtime":"18:40"},{"starttime":"17:35","endtime":"18:45"},{"starttime":"17:40","endtime":"18:50"},{"starttime":"17:45","endtime":"18:55"},{"starttime":"17:55","endtime":"19:05"},{"starttime":"18:05","endtime":"19:15"},{"starttime":"18:10","endtime":"19:20"},{"starttime":"18:20","endtime":"19:29"},{"starttime":"18:25","endtime":"19:35"},{"starttime":"18:30","endtime":"19:40"},{"starttime":"18:40","endtime":"19:50"},{"starttime":"18:50","endtime":"20:00"},{"starttime":"18:55","endtime":"20:05"},{"starttime":"19:00","endtime":"20:10"},{"starttime":"19:10","endtime":"20:20"},{"starttime":"19:15","endtime":"20:25"},{"starttime":"19:20","endtime":"20:30"},{"starttime":"19:30","endtime":"20:40"},{"starttime":"19:40","endtime":"20:50"},{"starttime":"19:45","endtime":"20:54"},{"starttime":"19:50","endtime":"21:00"},{"starttime":"19:55","endtime":"21:05"},{"starttime":"20:00","endtime":"21:10"},{"starttime":"20:05","endtime":"21:15"},{"starttime":"20:10","endtime":"21:20"},{"starttime":"20:25","endtime":"21:35"},{"starttime":"20:30","endtime":"21:40"},{"starttime":"20:40","endtime":"21:50"},{"starttime":"21:00","endtime":"22:10"},{"starttime":"21:15","endtime":"22:10"},{"starttime":"21:25","endtime":"22:20"},{"starttime":"21:35","endtime":"22:45"},{"starttime":"21:45","endtime":"22:50"},{"starttime":"21:50","endtime":"23:00"},{"starttime":"21:55","endtime":"22:50"},{"starttime":"22:05","endtime":"23:10"},{"starttime":"22:10","endtime":"23:20"},{"starttime":"22:15","endtime":"23:05"},{"starttime":"22:30","endtime":"23:25"},{"starttime":"22:40","endtime":"23:30"}]}],"Message":"Success","Issuccess":true,"exception":null,"RowCount":1,"responsecode":200}