{"data":[{"fromstationname":"Konanakunte Cross","tostationname":"Konanakunte Cross","fromstationid":"22190","tostationid":"22191","apptime":"00:50:00","distance":"15.30","platformname":"","platformnumber":"","baynumber":"","tripdetails":[{"starttime":"08:05","endtime":"08:55"},{"starttime":"09:00","endtime":"09:50"},{"starttime":"09:55","endtime":"10:55"},{"starttime":"11:25","endtime":"12:15"},{"starttime":"12:20","endtime":"13:10"},{"starttime":"13:15","endtime":"14:05"},{"starttime":"14:10","endtime":"15:00"},{"starttime":"15:40","endtime":"16:30"},{"starttime":"16:35","endtime":"17:35"},{"starttime":"17:40","endtime":"18:40"}]}],"Message":"Success","Issuccess":true,"exception":null,"RowCount":1,"responsecode":200}