{"data":[{"fromstationname":"Marathahalli","tostationname":"Kadugodi Bus Station","fromstationid":"22260","tostationid":"20902","apptime":"00:45:00","distance":"11.00","platformname":"","platformnumber":"1","baynumber":"","tripdetails":[{"starttime":"06:30","endtime":"07:15"},{"starttime":"07:00","endtime":"07:45"},{"starttime":"08:20","endtime":"09:15"},{"starttime":"08:50","endtime":"09:45"},{"starttime":"08:55","endtime":"09:50"},{"starttime":"10:45","endtime":"11:35"},{"starttime":"11:15","endtime":"12:05"},{"starttime":"11:40","endtime":"12:30"},{"starttime":"12:10","endtime":"13:00"},{"starttime":"13:30","endtime":"14:20"},{"starttime":"14:00","endtime":"14:50"},{"starttime":"14:45","endtime":"15:35"},{"starttime":"15:15","endtime":"16:05"},{"starttime":"15:45","endtime":"16:35"},{"starttime":"15:55","endtime":"16:45"},{"starttime":"16:15","endtime":"17:05"},{"starttime":"16:25","endtime":"17:15"},{"starttime":"17:00","endtime":"17:55"},{"starttime":"17:40","endtime":"18:35"},{"starttime":"18:10","endtime":"19:05"},{"starttime":"18:15","endtime":"19:05"},{"starttime":"18:45","endtime":"19:35"},{"starttime":"19:00","endtime":"19:55"},{"starttime":"20:05","endtime":"20:50"},{"starttime":"20:35","endtime":"21:15"},{"starttime":"22:05","endtime":"22:50"},{"starttime":"22:30","endtime":"23:10"}]}],"Message":"Success","Issuccess":true,"exception":null,"RowCount":1,"responsecode":200}