{"data":[{"fromstationname":"Vijayanagara","tostationname":"Vijayanagara","fromstationid":"35407","tostationid":"21623","apptime":"00:35:00","distance":"8.50","platformname":"","platformnumber":"","baynumber":"","tripdetails":[{"starttime":"07:50","endtime":"08:25"},{"starttime":"08:30","endtime":"09:05"},{"starttime":"09:10","endtime":"09:45"},{"starttime":"09:50","endtime":"10:25"},{"starttime":"10:30","endtime":"11:00"},{"starttime":"12:00","endtime":"12:30"},{"starttime":"13:30","endtime":"14:00"},{"starttime":"15:00","endtime":"15:30"},{"starttime":"16:30","endtime":"17:05"},{"starttime":"17:10","endtime":"17:45"},{"starttime":"17:50","endtime":"18:25"},{"starttime":"18:30","endtime":"19:05"}]}],"Message":"Success","Issuccess":true,"exception":null,"RowCount":1,"responsecode":200}