{"data":[{"fromstationname":"KR Market (Kalasipalya)","tostationname":"Harohalli","fromstationid":"20944","tostationid":"35155","apptime":"01:40:00","distance":"38.50","platformname":"","platformnumber":"","baynumber":"","tripdetails":[{"starttime":"05:40","endtime":"07:20"},{"starttime":"06:10","endtime":"07:30"},{"starttime":"06:35","endtime":"08:20"},{"starttime":"07:10","endtime":"09:00"},{"starttime":"07:15","endtime":"09:05"},{"starttime":"07:20","endtime":"09:05"},{"starttime":"07:50","endtime":"09:35"},{"starttime":"08:10","endtime":"10:00"},{"starttime":"08:45","endtime":"10:35"},{"starttime":"09:00","endtime":"10:50"},{"starttime":"09:30","endtime":"11:20"},{"starttime":"14:20","endtime":"16:05"},{"starttime":"14:30","endtime":"16:20"},{"starttime":"15:10","endtime":"17:00"},{"starttime":"15:20","endtime":"17:10"},{"starttime":"15:35","endtime":"17:25"},{"starttime":"17:05","endtime":"19:00"},{"starttime":"17:35","endtime":"19:15"},{"starttime":"18:15","endtime":"20:05"},{"starttime":"20:00","endtime":"21:45"},{"starttime":"20:30","endtime":"22:15"},{"starttime":"21:20","endtime":"22:50"},{"starttime":"21:45","endtime":"23:15"}]}],"Message":"Success","Issuccess":true,"exception":null,"RowCount":1,"responsecode":200}