{"data":[{"fromstationname":"Harohalli","tostationname":"KR Market (Kalasipalya)","fromstationid":"35185","tostationid":"20945","apptime":"01:50:00","distance":"38.50","platformname":"","platformnumber":"","baynumber":"","tripdetails":[{"starttime":"04:45","endtime":"06:35"},{"starttime":"05:00","endtime":"06:30"},{"starttime":"05:15","endtime":"07:05"},{"starttime":"05:30","endtime":"07:10"},{"starttime":"05:45","endtime":"07:15"},{"starttime":"06:00","endtime":"07:45"},{"starttime":"06:05","endtime":"07:45"},{"starttime":"06:15","endtime":"08:05"},{"starttime":"06:30","endtime":"08:10"},{"starttime":"07:00","endtime":"08:50"},{"starttime":"07:25","endtime":"09:10"},{"starttime":"07:35","endtime":"09:25"},{"starttime":"09:15","endtime":"11:05"},{"starttime":"09:45","endtime":"11:35"},{"starttime":"10:05","endtime":"11:35"},{"starttime":"10:10","endtime":"11:55"},{"starttime":"10:30","endtime":"12:20"},{"starttime":"10:35","endtime":"12:25"},{"starttime":"11:50","endtime":"13:40"},{"starttime":"12:00","endtime":"13:40"},{"starttime":"13:35","endtime":"15:25"},{"starttime":"13:55","endtime":"15:45"},{"starttime":"14:05","endtime":"15:40"},{"starttime":"15:30","endtime":"17:20"},{"starttime":"16:15","endtime":"18:05"},{"starttime":"16:25","endtime":"18:15"},{"starttime":"16:50","endtime":"18:20"},{"starttime":"17:25","endtime":"18:55"},{"starttime":"17:30","endtime":"19:20"},{"starttime":"18:35","endtime":"20:25"},{"starttime":"19:25","endtime":"21:05"},{"starttime":"19:30","endtime":"21:15"},{"starttime":"20:00","endtime":"21:45"},{"starttime":"20:30","endtime":"22:15"},{"starttime":"20:50","endtime":"22:40"}]}],"Message":"Success","Issuccess":true,"exception":null,"RowCount":1,"responsecode":200}