{"data":[{"fromstationname":"Mayohall","tostationname":"Shanthinagara Bus Station","fromstationid":"22279","tostationid":"21166","apptime":"00:15:00","distance":"2.50","platformname":"","platformnumber":"","baynumber":"","tripdetails":[{"starttime":"18:30","endtime":"18:45"},{"starttime":"19:15","endtime":"19:25"},{"starttime":"19:20","endtime":"19:35"},{"starttime":"21:05","endtime":"21:20"},{"starttime":"21:10","endtime":"21:20"},{"starttime":"21:20","endtime":"21:30"},{"starttime":"21:40","endtime":"21:50"},{"starttime":"22:00","endtime":"22:10"}]}],"Message":"Success","Issuccess":true,"exception":null,"RowCount":1,"responsecode":200}