{"data":[{"fromstationname":"Puttenahalli","tostationname":"Yelahanka Old Town","fromstationid":"34300","tostationid":"22641","apptime":"00:09:00","distance":"2.80","platformname":"","platformnumber":"","baynumber":"","tripdetails":[{"starttime":"07:16","endtime":"07:25"},{"starttime":"07:21","endtime":"07:30"},{"starttime":"07:36","endtime":"07:45"},{"starttime":"08:01","endtime":"08:05"},{"starttime":"08:06","endtime":"08:15"},{"starttime":"08:21","endtime":"08:25"},{"starttime":"08:41","endtime":"08:45"},{"starttime":"08:46","endtime":"08:55"},{"starttime":"12:21","endtime":"12:30"},{"starttime":"12:36","endtime":"12:45"},{"starttime":"12:56","endtime":"13:05"},{"starttime":"13:16","endtime":"13:25"},{"starttime":"13:36","endtime":"13:45"},{"starttime":"13:46","endtime":"13:55"},{"starttime":"13:56","endtime":"14:05"},{"starttime":"14:26","endtime":"14:35"},{"starttime":"15:06","endtime":"15:15"},{"starttime":"15:16","endtime":"15:25"},{"starttime":"15:26","endtime":"15:35"}]}],"Message":"Success","Issuccess":true,"exception":null,"RowCount":1,"responsecode":200}