{"data":[{"fromstationname":"Yelahanka Old Town","tostationname":"Puttenahalli","fromstationid":"22640","tostationid":"34299","apptime":"00:09:00","distance":"2.90","platformname":"","platformnumber":"","baynumber":"","tripdetails":[{"starttime":"10:25","endtime":"10:34"},{"starttime":"10:35","endtime":"10:44"},{"starttime":"10:55","endtime":"11:04"},{"starttime":"11:15","endtime":"11:24"},{"starttime":"11:20","endtime":"11:28"},{"starttime":"11:25","endtime":"11:34"},{"starttime":"11:30","endtime":"11:38"},{"starttime":"11:40","endtime":"11:48"},{"starttime":"11:45","endtime":"11:54"},{"starttime":"11:50","endtime":"11:58"},{"starttime":"11:55","endtime":"12:04"},{"starttime":"12:00","endtime":"12:08"},{"starttime":"12:05","endtime":"12:14"},{"starttime":"12:10","endtime":"12:18"},{"starttime":"12:15","endtime":"12:24"},{"starttime":"12:20","endtime":"12:28"},{"starttime":"12:25","endtime":"12:34"},{"starttime":"12:30","endtime":"12:38"},{"starttime":"12:40","endtime":"12:48"},{"starttime":"12:50","endtime":"12:58"},{"starttime":"13:00","endtime":"13:09"},{"starttime":"17:55","endtime":"17:59"},{"starttime":"18:15","endtime":"18:23"},{"starttime":"18:20","endtime":"18:28"},{"starttime":"18:40","endtime":"18:49"},{"starttime":"18:45","endtime":"18:54"},{"starttime":"18:55","endtime":"19:03"},{"starttime":"19:10","endtime":"19:18"},{"starttime":"19:15","endtime":"19:19"},{"starttime":"19:25","endtime":"19:34"},{"starttime":"19:45","endtime":"19:49"},{"starttime":"20:00","endtime":"20:09"},{"starttime":"20:50","endtime":"21:00"},{"starttime":"21:00","endtime":"21:10"},{"starttime":"21:10","endtime":"21:20"},{"starttime":"21:20","endtime":"21:30"},{"starttime":"21:30","endtime":"21:40"},{"starttime":"21:40","endtime":"21:50"},{"starttime":"21:50","endtime":"22:00"},{"starttime":"22:00","endtime":"22:10"},{"starttime":"22:10","endtime":"22:20"},{"starttime":"22:20","endtime":"22:30"}]}],"Message":"Success","Issuccess":true,"exception":null,"RowCount":1,"responsecode":200}