{"data":[{"fromstationname":"Shivajinagara Bus Station","tostationname":"Kadugodi Bus Station","fromstationid":"21172","tostationid":"20902","apptime":"01:30:00","distance":"22.50","platformname":"4","platformnumber":"4","baynumber":"1","tripdetails":[{"starttime":"06:15","endtime":"07:45"},{"starttime":"07:30","endtime":"09:00"},{"starttime":"07:50","endtime":"09:20"},{"starttime":"08:10","endtime":"09:30"},{"starttime":"08:15","endtime":"09:45"},{"starttime":"08:30","endtime":"10:00"},{"starttime":"08:45","endtime":"10:15"},{"starttime":"09:00","endtime":"10:30"},{"starttime":"09:20","endtime":"10:45"},{"starttime":"10:00","endtime":"11:30"},{"starttime":"10:15","endtime":"11:45"},{"starttime":"10:40","endtime":"12:10"},{"starttime":"11:00","endtime":"12:20"},{"starttime":"11:05","endtime":"12:30"},{"starttime":"11:25","endtime":"12:50"},{"starttime":"11:30","endtime":"12:50"},{"starttime":"11:40","endtime":"13:00"},{"starttime":"11:50","endtime":"13:15"},{"starttime":"11:55","endtime":"13:15"},{"starttime":"12:10","endtime":"13:40"},{"starttime":"12:25","endtime":"13:45"},{"starttime":"13:30","endtime":"14:50"},{"starttime":"13:50","endtime":"15:10"},{"starttime":"14:00","endtime":"15:30"},{"starttime":"14:10","endtime":"15:35"},{"starttime":"14:30","endtime":"15:50"},{"starttime":"14:40","endtime":"16:10"},{"starttime":"14:50","endtime":"16:20"},{"starttime":"14:55","endtime":"16:20"},{"starttime":"15:00","endtime":"16:30"},{"starttime":"15:10","endtime":"16:35"},{"starttime":"15:25","endtime":"16:55"},{"starttime":"15:40","endtime":"17:10"},{"starttime":"15:55","endtime":"17:25"},{"starttime":"16:30","endtime":"17:55"},{"starttime":"16:35","endtime":"18:05"},{"starttime":"16:50","endtime":"18:20"},{"starttime":"17:05","endtime":"18:25"},{"starttime":"17:35","endtime":"19:05"},{"starttime":"18:00","endtime":"19:30"},{"starttime":"18:25","endtime":"19:55"},{"starttime":"18:35","endtime":"20:00"},{"starttime":"19:20","endtime":"20:50"},{"starttime":"19:30","endtime":"21:00"},{"starttime":"20:10","endtime":"21:25"},{"starttime":"20:25","endtime":"21:40"},{"starttime":"21:35","endtime":"22:55"},{"starttime":"22:00","endtime":"23:20"},{"starttime":"22:20","endtime":"23:35"}]}],"Message":"Success","Issuccess":true,"exception":null,"RowCount":1,"responsecode":200}