{"data":[{"fromstationname":"Kadugodi Bus Station","tostationname":"Shivajinagara Bus Station","fromstationid":"20902","tostationid":"21173","apptime":"01:00:00","distance":"23.00","platformname":"","platformnumber":"1","baynumber":"","tripdetails":[{"starttime":"04:30","endtime":"05:30"},{"starttime":"04:50","endtime":"06:10"},{"starttime":"05:00","endtime":"06:10"},{"starttime":"05:55","endtime":"07:15"},{"starttime":"07:05","endtime":"08:30"},{"starttime":"07:15","endtime":"08:40"},{"starttime":"07:25","endtime":"08:50"},{"starttime":"07:50","endtime":"09:20"},{"starttime":"08:15","endtime":"09:45"},{"starttime":"08:40","endtime":"10:10"},{"starttime":"08:55","endtime":"10:25"},{"starttime":"09:10","endtime":"10:30"},{"starttime":"09:30","endtime":"10:50"},{"starttime":"09:35","endtime":"10:55"},{"starttime":"10:30","endtime":"11:50"},{"starttime":"10:35","endtime":"12:00"},{"starttime":"10:45","endtime":"12:10"},{"starttime":"11:00","endtime":"12:20"},{"starttime":"11:30","endtime":"12:55"},{"starttime":"11:50","endtime":"13:20"},{"starttime":"12:20","endtime":"13:50"},{"starttime":"12:25","endtime":"13:45"},{"starttime":"12:35","endtime":"14:00"},{"starttime":"12:55","endtime":"14:15"},{"starttime":"13:05","endtime":"14:25"},{"starttime":"13:20","endtime":"14:45"},{"starttime":"13:45","endtime":"15:05"},{"starttime":"14:00","endtime":"15:30"},{"starttime":"14:15","endtime":"15:35"},{"starttime":"14:20","endtime":"15:50"},{"starttime":"15:00","endtime":"16:20"},{"starttime":"15:05","endtime":"16:30"},{"starttime":"15:40","endtime":"17:05"},{"starttime":"16:15","endtime":"17:45"},{"starttime":"16:20","endtime":"17:45"},{"starttime":"16:35","endtime":"18:05"},{"starttime":"16:50","endtime":"18:20"},{"starttime":"17:00","endtime":"18:30"},{"starttime":"17:05","endtime":"18:30"},{"starttime":"17:10","endtime":"18:40"},{"starttime":"17:40","endtime":"19:10"},{"starttime":"17:55","endtime":"19:25"},{"starttime":"18:10","endtime":"19:40"},{"starttime":"19:10","endtime":"20:40"},{"starttime":"20:05","endtime":"21:30"},{"starttime":"20:30","endtime":"21:50"}]}],"Message":"Success","Issuccess":true,"exception":null,"RowCount":1,"responsecode":200}