{"data":[{"fromstationname":"Summanahalli","tostationname":"Depot-31 Summanahalli","fromstationid":"35413","tostationid":"24854","apptime":"00:05:00","distance":"2.10","platformname":"","platformnumber":"","baynumber":"","tripdetails":[{"starttime":"05:25","endtime":"05:30"},{"starttime":"05:45","endtime":"05:50"},{"starttime":"05:50","endtime":"05:55"},{"starttime":"06:00","endtime":"06:05"},{"starttime":"06:25","endtime":"06:30"},{"starttime":"11:10","endtime":"11:15"},{"starttime":"11:14","endtime":"11:15"},{"starttime":"11:15","endtime":"11:20"},{"starttime":"11:19","endtime":"11:20"},{"starttime":"11:20","endtime":"11:25"},{"starttime":"11:25","endtime":"11:30"},{"starttime":"11:35","endtime":"11:40"},{"starttime":"11:45","endtime":"11:50"},{"starttime":"11:48","endtime":"11:50"},{"starttime":"11:55","endtime":"12:00"},{"starttime":"11:59","endtime":"12:05"},{"starttime":"12:00","endtime":"12:05"},{"starttime":"12:05","endtime":"12:10"},{"starttime":"12:10","endtime":"12:15"},{"starttime":"12:13","endtime":"12:15"},{"starttime":"12:15","endtime":"12:20"},{"starttime":"12:20","endtime":"12:25"},{"starttime":"12:25","endtime":"12:30"},{"starttime":"12:29","endtime":"12:30"},{"starttime":"12:30","endtime":"12:35"},{"starttime":"12:45","endtime":"12:50"},{"starttime":"13:00","endtime":"13:05"},{"starttime":"13:10","endtime":"13:15"},{"starttime":"17:30","endtime":"17:35"},{"starttime":"17:35","endtime":"17:40"},{"starttime":"17:40","endtime":"17:45"},{"starttime":"17:55","endtime":"18:00"},{"starttime":"17:58","endtime":"18:00"},{"starttime":"18:04","endtime":"18:05"},{"starttime":"18:09","endtime":"18:10"},{"starttime":"18:10","endtime":"18:15"},{"starttime":"18:14","endtime":"18:15"},{"starttime":"18:15","endtime":"18:20"},{"starttime":"18:20","endtime":"18:25"},{"starttime":"18:25","endtime":"18:30"},{"starttime":"18:30","endtime":"18:35"},{"starttime":"18:40","endtime":"18:45"},{"starttime":"18:45","endtime":"18:50"},{"starttime":"18:48","endtime":"18:50"},{"starttime":"18:50","endtime":"18:55"},{"starttime":"18:53","endtime":"18:55"},{"starttime":"18:55","endtime":"19:00"},{"starttime":"18:59","endtime":"19:00"},{"starttime":"19:00","endtime":"19:05"},{"starttime":"19:05","endtime":"19:10"},{"starttime":"19:09","endtime":"19:10"},{"starttime":"19:14","endtime":"19:15"},{"starttime":"19:15","endtime":"19:20"},{"starttime":"19:24","endtime":"19:25"},{"starttime":"19:30","endtime":"19:35"},{"starttime":"19:35","endtime":"19:40"},{"starttime":"19:40","endtime":"19:43"},{"starttime":"19:45","endtime":"19:50"},{"starttime":"19:53","endtime":"19:55"},{"starttime":"19:55","endtime":"20:00"},{"starttime":"19:58","endtime":"20:00"},{"starttime":"19:59","endtime":"20:00"},{"starttime":"20:05","endtime":"20:10"},{"starttime":"20:25","endtime":"20:30"},{"starttime":"21:15","endtime":"21:20"},{"starttime":"21:19","endtime":"21:20"},{"starttime":"21:20","endtime":"21:25"},{"starttime":"21:25","endtime":"21:30"},{"starttime":"21:29","endtime":"21:30"},{"starttime":"21:30","endtime":"21:35"},{"starttime":"21:33","endtime":"21:35"},{"starttime":"21:34","endtime":"21:35"},{"starttime":"21:35","endtime":"21:40"},{"starttime":"21:38","endtime":"21:40"},{"starttime":"21:40","endtime":"21:45"},{"starttime":"21:45","endtime":"21:50"},{"starttime":"21:50","endtime":"21:55"},{"starttime":"21:54","endtime":"21:55"},{"starttime":"21:58","endtime":"22:00"},{"starttime":"22:08","endtime":"22:10"}]}],"Message":"Success","Issuccess":true,"exception":null,"RowCount":1,"responsecode":200}