{"data":[{"fromstationname":"Shanthinagara Bus Station","tostationname":"KR Market (Kalasipalya)","fromstationid":"21167","tostationid":"20945","apptime":"00:15:00","distance":"3.70","platformname":"2","platformnumber":"2","baynumber":"4","tripdetails":[{"starttime":"07:00","endtime":"07:15"},{"starttime":"07:15","endtime":"07:30"},{"starttime":"08:50","endtime":"09:05"},{"starttime":"11:40","endtime":"11:55"},{"starttime":"14:15","endtime":"14:35"},{"starttime":"15:40","endtime":"15:55"}]}],"Message":"Success","Issuccess":true,"exception":null,"RowCount":1,"responsecode":200}