{"data":[{"fromstationname":"Kempegowda Bus Station","tostationname":"Doddaballapura Bus Stand","fromstationid":"20921","tostationid":"25068","apptime":"01:30:00","distance":"38.30","platformname":"23A","platformnumber":"","baynumber":"","tripdetails":[{"starttime":"06:00","endtime":"07:30"},{"starttime":"06:30","endtime":"08:00"},{"starttime":"07:30","endtime":"09:05"},{"starttime":"08:00","endtime":"09:35"},{"starttime":"08:30","endtime":"10:05"},{"starttime":"08:45","endtime":"10:15"},{"starttime":"09:00","endtime":"10:35"},{"starttime":"09:30","endtime":"11:05"},{"starttime":"10:00","endtime":"11:35"},{"starttime":"10:30","endtime":"12:10"},{"starttime":"11:00","endtime":"12:35"},{"starttime":"11:30","endtime":"13:05"},{"starttime":"11:45","endtime":"13:15"},{"starttime":"12:00","endtime":"13:35"},{"starttime":"12:15","endtime":"13:45"},{"starttime":"12:20","endtime":"13:55"},{"starttime":"12:30","endtime":"14:05"},{"starttime":"12:40","endtime":"14:15"},{"starttime":"12:55","endtime":"14:30"},{"starttime":"13:25","endtime":"15:00"},{"starttime":"13:40","endtime":"15:15"},{"starttime":"14:10","endtime":"15:45"},{"starttime":"14:40","endtime":"16:15"},{"starttime":"15:10","endtime":"16:45"},{"starttime":"16:00","endtime":"17:40"},{"starttime":"16:20","endtime":"18:00"},{"starttime":"16:40","endtime":"18:10"},{"starttime":"17:00","endtime":"18:40"},{"starttime":"17:15","endtime":"18:55"},{"starttime":"17:30","endtime":"19:10"},{"starttime":"18:00","endtime":"19:40"},{"starttime":"18:15","endtime":"19:50"},{"starttime":"18:30","endtime":"20:10"},{"starttime":"19:00","endtime":"20:30"},{"starttime":"19:30","endtime":"21:00"},{"starttime":"20:30","endtime":"22:00"}]}],"Message":"Success","Issuccess":true,"exception":null,"RowCount":1,"responsecode":200}