{"data":[{"fromstationname":"Doddaballapura Bus Stand","tostationname":"Kempegowda Bus Station","fromstationid":"25068","tostationid":"20922","apptime":"01:25:00","distance":"38.30","platformname":"","platformnumber":"","baynumber":"","tripdetails":[{"starttime":"07:00","endtime":"08:25"},{"starttime":"07:35","endtime":"09:10"},{"starttime":"08:05","endtime":"09:40"},{"starttime":"09:10","endtime":"10:45"},{"starttime":"10:10","endtime":"11:40"},{"starttime":"10:25","endtime":"11:55"},{"starttime":"10:40","endtime":"12:15"},{"starttime":"11:20","endtime":"12:55"},{"starttime":"11:50","endtime":"13:25"},{"starttime":"12:05","endtime":"13:35"},{"starttime":"12:30","endtime":"14:05"},{"starttime":"13:00","endtime":"14:35"},{"starttime":"13:40","endtime":"15:15"},{"starttime":"13:50","endtime":"15:20"},{"starttime":"14:10","endtime":"15:50"},{"starttime":"14:20","endtime":"15:55"},{"starttime":"14:40","endtime":"16:15"},{"starttime":"15:00","endtime":"16:40"},{"starttime":"15:45","endtime":"17:25"},{"starttime":"16:15","endtime":"17:55"},{"starttime":"16:45","endtime":"18:25"},{"starttime":"17:00","endtime":"18:40"},{"starttime":"17:15","endtime":"18:55"},{"starttime":"17:45","endtime":"19:25"},{"starttime":"18:05","endtime":"19:40"},{"starttime":"18:30","endtime":"20:00"},{"starttime":"18:50","endtime":"20:30"},{"starttime":"19:10","endtime":"20:40"},{"starttime":"19:35","endtime":"21:10"},{"starttime":"19:50","endtime":"21:25"},{"starttime":"20:00","endtime":"21:35"},{"starttime":"20:05","endtime":"21:40"},{"starttime":"20:15","endtime":"21:55"},{"starttime":"20:25","endtime":"22:00"},{"starttime":"20:45","endtime":"22:20"},{"starttime":"21:15","endtime":"22:45"}]}],"Message":"Success","Issuccess":true,"exception":null,"RowCount":1,"responsecode":200}