{"data":[{"fromstationname":"Kadugodi Bus Station","tostationname":"Kempegowda Bus Station","fromstationid":"20902","tostationid":"20922","apptime":"01:50:00","distance":"28.40","platformname":"","platformnumber":"1","baynumber":"","tripdetails":[{"starttime":"05:15","endtime":"07:05"},{"starttime":"05:35","endtime":"07:15"},{"starttime":"06:15","endtime":"08:00"},{"starttime":"06:35","endtime":"08:15"},{"starttime":"06:55","endtime":"08:40"},{"starttime":"07:00","endtime":"08:40"},{"starttime":"07:15","endtime":"08:45"},{"starttime":"07:30","endtime":"09:00"},{"starttime":"07:40","endtime":"09:05"},{"starttime":"07:45","endtime":"09:15"},{"starttime":"07:50","endtime":"09:45"},{"starttime":"08:00","endtime":"09:30"},{"starttime":"08:05","endtime":"09:50"},{"starttime":"08:10","endtime":"10:00"},{"starttime":"08:15","endtime":"10:00"},{"starttime":"08:20","endtime":"10:05"},{"starttime":"08:25","endtime":"10:10"},{"starttime":"08:30","endtime":"10:00"},{"starttime":"08:35","endtime":"10:25"},{"starttime":"08:45","endtime":"10:30"},{"starttime":"09:00","endtime":"10:45"},{"starttime":"09:20","endtime":"10:50"},{"starttime":"09:30","endtime":"11:00"},{"starttime":"09:35","endtime":"11:30"},{"starttime":"09:40","endtime":"11:25"},{"starttime":"09:45","endtime":"11:30"},{"starttime":"09:55","endtime":"11:25"},{"starttime":"10:00","endtime":"11:30"},{"starttime":"10:10","endtime":"11:50"},{"starttime":"10:15","endtime":"12:00"},{"starttime":"10:25","endtime":"12:10"},{"starttime":"10:30","endtime":"12:00"},{"starttime":"10:35","endtime":"12:20"},{"starttime":"10:40","endtime":"12:10"},{"starttime":"10:55","endtime":"12:40"},{"starttime":"11:10","endtime":"12:35"},{"starttime":"11:25","endtime":"12:50"},{"starttime":"11:30","endtime":"12:55"},{"starttime":"11:35","endtime":"13:00"},{"starttime":"11:50","endtime":"13:35"},{"starttime":"12:00","endtime":"13:25"},{"starttime":"12:05","endtime":"13:30"},{"starttime":"12:15","endtime":"13:50"},{"starttime":"12:20","endtime":"14:05"},{"starttime":"12:25","endtime":"14:10"},{"starttime":"12:40","endtime":"14:20"},{"starttime":"13:10","endtime":"14:50"},{"starttime":"13:20","endtime":"14:50"},{"starttime":"13:35","endtime":"15:00"},{"starttime":"13:50","endtime":"15:20"},{"starttime":"14:05","endtime":"15:30"},{"starttime":"14:20","endtime":"15:50"},{"starttime":"14:35","endtime":"16:05"},{"starttime":"14:50","endtime":"16:35"},{"starttime":"15:00","endtime":"16:50"},{"starttime":"15:10","endtime":"16:55"},{"starttime":"15:20","endtime":"17:10"},{"starttime":"15:40","endtime":"17:25"},{"starttime":"16:05","endtime":"17:55"},{"starttime":"16:10","endtime":"18:00"},{"starttime":"16:25","endtime":"18:15"},{"starttime":"16:30","endtime":"18:15"},{"starttime":"16:35","endtime":"18:15"},{"starttime":"16:40","endtime":"18:25"},{"starttime":"16:50","endtime":"18:35"},{"starttime":"17:00","endtime":"18:35"},{"starttime":"17:30","endtime":"19:15"},{"starttime":"17:40","endtime":"19:15"},{"starttime":"17:45","endtime":"19:20"},{"starttime":"17:50","endtime":"19:35"},{"starttime":"18:00","endtime":"19:40"},{"starttime":"18:20","endtime":"20:05"},{"starttime":"18:30","endtime":"20:15"},{"starttime":"19:00","endtime":"20:50"},{"starttime":"19:15","endtime":"20:55"},{"starttime":"19:30","endtime":"21:20"},{"starttime":"20:15","endtime":"22:00"},{"starttime":"20:25","endtime":"22:10"},{"starttime":"20:35","endtime":"22:15"},{"starttime":"20:55","endtime":"22:40"},{"starttime":"21:15","endtime":"23:00"},{"starttime":"21:30","endtime":"23:15"},{"starttime":"21:35","endtime":"23:15"},{"starttime":"21:45","endtime":"23:25"},{"starttime":"22:00","endtime":"23:45"},{"starttime":"22:10","endtime":"23:55"}]}],"Message":"Success","Issuccess":true,"exception":null,"RowCount":1,"responsecode":200}