{"data":[{"fromstationname":"Kempegowda Bus Station","tostationname":"Kadugodi Bus Station","fromstationid":"20921","tostationid":"20902","apptime":"01:30:00","distance":"28.40","platformname":"18","platformnumber":"18","baynumber":"3","tripdetails":[{"starttime":"04:40","endtime":"06:10"},{"starttime":"05:00","endtime":"06:30"},{"starttime":"05:20","endtime":"06:50"},{"starttime":"05:25","endtime":"06:55"},{"starttime":"05:50","endtime":"07:25"},{"starttime":"06:00","endtime":"07:35"},{"starttime":"06:10","endtime":"07:45"},{"starttime":"06:15","endtime":"08:05"},{"starttime":"06:25","endtime":"08:10"},{"starttime":"06:30","endtime":"08:10"},{"starttime":"06:35","endtime":"08:20"},{"starttime":"06:40","endtime":"08:25"},{"starttime":"06:45","endtime":"08:30"},{"starttime":"06:55","endtime":"08:40"},{"starttime":"07:00","endtime":"08:40"},{"starttime":"07:10","endtime":"08:55"},{"starttime":"07:20","endtime":"09:05"},{"starttime":"07:35","endtime":"09:05"},{"starttime":"07:50","endtime":"09:35"},{"starttime":"07:55","endtime":"09:40"},{"starttime":"08:00","endtime":"09:40"},{"starttime":"08:05","endtime":"09:50"},{"starttime":"08:10","endtime":"09:40"},{"starttime":"08:20","endtime":"09:50"},{"starttime":"08:25","endtime":"10:10"},{"starttime":"08:30","endtime":"10:10"},{"starttime":"08:45","endtime":"10:15"},{"starttime":"08:50","endtime":"10:15"},{"starttime":"09:00","endtime":"10:45"},{"starttime":"09:15","endtime":"10:40"},{"starttime":"09:25","endtime":"11:10"},{"starttime":"09:30","endtime":"10:55"},{"starttime":"09:40","endtime":"11:05"},{"starttime":"09:50","endtime":"11:20"},{"starttime":"10:00","endtime":"11:45"},{"starttime":"10:15","endtime":"11:40"},{"starttime":"10:20","endtime":"12:05"},{"starttime":"10:30","endtime":"12:20"},{"starttime":"10:55","endtime":"12:35"},{"starttime":"11:05","endtime":"12:45"},{"starttime":"11:20","endtime":"12:50"},{"starttime":"11:25","endtime":"12:55"},{"starttime":"11:30","endtime":"13:15"},{"starttime":"11:35","endtime":"13:25"},{"starttime":"11:40","endtime":"13:10"},{"starttime":"11:50","endtime":"13:15"},{"starttime":"12:15","endtime":"14:00"},{"starttime":"12:20","endtime":"14:00"},{"starttime":"12:30","endtime":"14:00"},{"starttime":"12:40","endtime":"14:10"},{"starttime":"12:50","endtime":"14:30"},{"starttime":"13:35","endtime":"15:20"},{"starttime":"13:45","endtime":"15:25"},{"starttime":"14:10","endtime":"16:00"},{"starttime":"14:15","endtime":"16:05"},{"starttime":"14:25","endtime":"16:15"},{"starttime":"14:30","endtime":"16:15"},{"starttime":"15:00","endtime":"16:30"},{"starttime":"15:30","endtime":"17:15"},{"starttime":"15:40","endtime":"17:20"},{"starttime":"15:45","endtime":"17:30"},{"starttime":"15:50","endtime":"17:20"},{"starttime":"15:55","endtime":"17:25"},{"starttime":"16:10","endtime":"17:50"},{"starttime":"16:15","endtime":"17:55"},{"starttime":"16:40","endtime":"18:10"},{"starttime":"16:50","endtime":"18:20"},{"starttime":"17:00","endtime":"18:35"},{"starttime":"17:05","endtime":"18:55"},{"starttime":"17:10","endtime":"18:55"},{"starttime":"17:15","endtime":"18:45"},{"starttime":"17:20","endtime":"19:05"},{"starttime":"17:25","endtime":"18:55"},{"starttime":"18:00","endtime":"19:50"},{"starttime":"18:05","endtime":"19:35"},{"starttime":"18:10","endtime":"19:55"},{"starttime":"18:20","endtime":"20:05"},{"starttime":"18:45","endtime":"20:30"},{"starttime":"19:20","endtime":"20:50"},{"starttime":"19:30","endtime":"21:10"},{"starttime":"19:40","endtime":"21:25"},{"starttime":"19:50","endtime":"21:30"},{"starttime":"20:10","endtime":"21:55"},{"starttime":"20:20","endtime":"22:05"},{"starttime":"21:00","endtime":"22:45"},{"starttime":"21:20","endtime":"23:10"},{"starttime":"21:30","endtime":"23:20"}]}],"Message":"Success","Issuccess":true,"exception":null,"RowCount":1,"responsecode":200}