{"data":[{"fromstationname":"Attibele Bus Stand","tostationname":"Kempegowda Bus Station","fromstationid":"21673","tostationid":"20922","apptime":"01:30:00","distance":"35.20","platformname":"","platformnumber":"","baynumber":"","tripdetails":[{"starttime":"04:15","endtime":"05:45"},{"starttime":"05:20","endtime":"07:15"},{"starttime":"05:40","endtime":"07:35"},{"starttime":"06:00","endtime":"08:00"},{"starttime":"06:20","endtime":"08:15"},{"starttime":"06:40","endtime":"08:40"},{"starttime":"07:00","endtime":"09:00"},{"starttime":"07:20","endtime":"09:20"},{"starttime":"07:40","endtime":"09:35"},{"starttime":"07:45","endtime":"09:15"},{"starttime":"07:50","endtime":"09:45"},{"starttime":"08:05","endtime":"09:35"},{"starttime":"08:25","endtime":"09:55"},{"starttime":"09:40","endtime":"11:40"},{"starttime":"09:50","endtime":"11:35"},{"starttime":"10:00","endtime":"11:45"},{"starttime":"10:20","endtime":"12:20"},{"starttime":"10:30","endtime":"12:20"},{"starttime":"10:40","endtime":"12:40"},{"starttime":"10:50","endtime":"12:40"},{"starttime":"11:00","endtime":"12:45"},{"starttime":"11:10","endtime":"12:55"},{"starttime":"11:15","endtime":"13:05"},{"starttime":"11:20","endtime":"13:20"},{"starttime":"12:00","endtime":"14:00"},{"starttime":"12:10","endtime":"13:55"},{"starttime":"12:20","endtime":"14:20"},{"starttime":"12:40","endtime":"14:40"},{"starttime":"14:00","endtime":"15:45"},{"starttime":"15:20","endtime":"17:20"},{"starttime":"15:40","endtime":"17:35"},{"starttime":"16:10","endtime":"17:50"},{"starttime":"16:15","endtime":"18:15"},{"starttime":"16:20","endtime":"18:10"},{"starttime":"16:30","endtime":"18:20"},{"starttime":"16:45","endtime":"18:45"},{"starttime":"16:50","endtime":"18:40"},{"starttime":"16:55","endtime":"18:40"},{"starttime":"17:00","endtime":"18:45"},{"starttime":"17:10","endtime":"19:10"},{"starttime":"17:15","endtime":"19:00"},{"starttime":"17:30","endtime":"19:30"},{"starttime":"18:00","endtime":"19:55"},{"starttime":"18:40","endtime":"20:40"},{"starttime":"19:00","endtime":"21:00"},{"starttime":"19:20","endtime":"21:20"},{"starttime":"19:35","endtime":"21:25"},{"starttime":"19:55","endtime":"21:45"},{"starttime":"20:00","endtime":"21:55"},{"starttime":"20:15","endtime":"22:00"},{"starttime":"20:20","endtime":"22:20"},{"starttime":"20:25","endtime":"22:05"},{"starttime":"20:30","endtime":"22:05"},{"starttime":"20:35","endtime":"22:15"},{"starttime":"20:40","endtime":"22:40"},{"starttime":"22:00","endtime":"23:35"}]}],"Message":"Success","Issuccess":true,"exception":null,"RowCount":1,"responsecode":200}