{"data":[{"fromstationname":"Kempegowda Bus Station","tostationname":"Attibele Bus Stand","fromstationid":"20921","tostationid":"21670","apptime":"01:30:00","distance":"35.20","platformname":"16","platformnumber":"16","baynumber":"3","tripdetails":[{"starttime":"03:30","endtime":"05:00"},{"starttime":"05:00","endtime":"07:00"},{"starttime":"05:20","endtime":"07:20"},{"starttime":"05:50","endtime":"07:40"},{"starttime":"06:10","endtime":"07:40"},{"starttime":"06:20","endtime":"08:00"},{"starttime":"06:30","endtime":"08:20"},{"starttime":"06:40","endtime":"08:30"},{"starttime":"06:50","endtime":"08:40"},{"starttime":"07:20","endtime":"09:20"},{"starttime":"07:40","endtime":"09:40"},{"starttime":"07:50","endtime":"09:35"},{"starttime":"08:00","endtime":"09:45"},{"starttime":"08:10","endtime":"10:00"},{"starttime":"08:15","endtime":"10:05"},{"starttime":"08:20","endtime":"10:15"},{"starttime":"08:30","endtime":"10:20"},{"starttime":"08:35","endtime":"10:25"},{"starttime":"08:40","endtime":"10:40"},{"starttime":"08:50","endtime":"10:40"},{"starttime":"09:00","endtime":"11:00"},{"starttime":"09:10","endtime":"11:00"},{"starttime":"09:20","endtime":"11:20"},{"starttime":"09:30","endtime":"11:30"},{"starttime":"10:00","endtime":"11:50"},{"starttime":"12:20","endtime":"14:05"},{"starttime":"12:40","endtime":"14:25"},{"starttime":"13:00","endtime":"14:45"},{"starttime":"13:20","endtime":"15:15"},{"starttime":"13:50","endtime":"15:40"},{"starttime":"14:00","endtime":"15:45"},{"starttime":"14:10","endtime":"16:00"},{"starttime":"14:40","endtime":"16:25"},{"starttime":"15:00","endtime":"17:00"},{"starttime":"15:30","endtime":"17:25"},{"starttime":"16:00","endtime":"17:45"},{"starttime":"16:20","endtime":"18:20"},{"starttime":"16:50","endtime":"18:50"},{"starttime":"17:00","endtime":"19:00"},{"starttime":"17:20","endtime":"19:15"},{"starttime":"17:35","endtime":"19:05"},{"starttime":"17:55","endtime":"19:25"},{"starttime":"18:00","endtime":"20:00"},{"starttime":"18:15","endtime":"19:45"},{"starttime":"18:20","endtime":"20:20"},{"starttime":"18:30","endtime":"20:15"},{"starttime":"18:50","endtime":"21:00"},{"starttime":"19:45","endtime":"21:30"},{"starttime":"19:55","endtime":"21:40"},{"starttime":"20:20","endtime":"22:20"},{"starttime":"20:40","endtime":"22:40"},{"starttime":"21:00","endtime":"23:00"},{"starttime":"21:20","endtime":"23:20"},{"starttime":"21:40","endtime":"23:40"},{"starttime":"22:00","endtime":"23:55"},{"starttime":"22:10","endtime":"23:40"}]}],"Message":"Success","Issuccess":true,"exception":null,"RowCount":1,"responsecode":200}