{"data":[{"fromstationname":"Hebbala Bridge","tostationname":"Hosakote Bus Stand (Old)","fromstationid":"20823","tostationid":"22046","apptime":"01:20:00","distance":"27.50","platformname":"","platformnumber":"","baynumber":"","tripdetails":[{"starttime":"07:10","endtime":"08:30"},{"starttime":"07:30","endtime":"08:55"},{"starttime":"08:00","endtime":"09:30"},{"starttime":"14:05","endtime":"15:35"},{"starttime":"14:35","endtime":"16:15"}]}],"Message":"Success","Issuccess":true,"exception":null,"RowCount":1,"responsecode":200}