{"data":[{"fromstationname":"Royal Meenakshi Mall","tostationname":"Kamakya Talkies","fromstationid":"34431","tostationid":"35772","apptime":"00:49:00","distance":"14.50","platformname":"","platformnumber":"","baynumber":"","tripdetails":[{"starttime":"08:20","endtime":"09:09"},{"starttime":"09:15","endtime":"10:04"},{"starttime":"10:10","endtime":"10:59"},{"starttime":"11:30","endtime":"12:19"},{"starttime":"11:55","endtime":"12:44"},{"starttime":"12:40","endtime":"13:29"},{"starttime":"12:45","endtime":"13:29"}]}],"Message":"Success","Issuccess":true,"exception":null,"RowCount":1,"responsecode":200}