{"up":{"data":[{"routeid":8629,"stationid":20921,"stationname":"Kempegowda Bus Station","from":"Kempegowda Bus Station","to":"Sadashivanagara","routeno":"104","distance_on_station":0,"centerlat":12.97751,"centerlong":77.57141,"responsecode":200,"isnotify":0,"vehicleDetails":[{"vehicleid":18687,"vehiclenumber":"KA57F2314","servicetypeid":72,"servicetype":"Non AC/Ordinary","centerlat":12.992557,"centerlong":77.571442,"eta":"","sch_arrivaltime":"10:05","sch_departuretime":"10:05","actual_arrivaltime":"09:54","actual_departuretime":"09:54","sch_tripstarttime":"10:05","sch_tripendtime":"10:05","lastlocationid":0,"currentlocationid":20702,"nextlocationid":0,"currentstop":null,"nextstop":null,"laststop":null,"stopCoveredStatus":1,"heading":14,"lastrefreshon":"07-02-2024 10:01:27","lastreceiveddatetimeflag":0,"tripposition":1}]},{"routeid":8629,"stationid":20603,"stationname":"Ananda Rao Circle","from":"Kempegowda Bus Station","to":"Sadashivanagara","routeno":"104","distance_on_station":0.924,"centerlat":12.98115,"centerlong":77.57466,"responsecode":200,"isnotify":0,"vehicleDetails":[{"vehicleid":18687,"vehiclenumber":"KA57F2314","servicetypeid":72,"servicetype":"Non AC/Ordinary","centerlat":12.992557,"centerlong":77.571442,"eta":"","sch_arrivaltime":"10:09","sch_departuretime":"10:09","actual_arrivaltime":"09:56","actual_departuretime":"09:57","sch_tripstarttime":"10:05","sch_tripendtime":"10:05","lastlocationid":0,"currentlocationid":20702,"nextlocationid":0,"currentstop":null,"nextstop":null,"laststop":null,"stopCoveredStatus":1,"heading":14,"lastrefreshon":"07-02-2024 10:01:27","lastreceiveddatetimeflag":0,"tripposition":1}]},{"routeid":8629,"stationid":35303,"stationname":"Swastik Sheshadripuram College","from":"Kempegowda Bus Station","to":"Sadashivanagara","routeno":"104","distance_on_station":1.872,"centerlat":12.98798,"centerlong":77.57422,"responsecode":200,"isnotify":0,"vehicleDetails":[{"vehicleid":18687,"vehiclenumber":"KA57F2314","servicetypeid":72,"servicetype":"Non AC/Ordinary","centerlat":12.992557,"centerlong":77.571442,"eta":"","sch_arrivaltime":"10:11","sch_departuretime":"10:11","actual_arrivaltime":"09:59","actual_departuretime":"09:59","sch_tripstarttime":"10:05","sch_tripendtime":"10:05","lastlocationid":0,"currentlocationid":20702,"nextlocationid":0,"currentstop":null,"nextstop":null,"laststop":null,"stopCoveredStatus":1,"heading":14,"lastrefreshon":"07-02-2024 10:01:27","lastreceiveddatetimeflag":0,"tripposition":1}]},{"routeid":8629,"stationid":20702,"stationname":"Central","from":"Kempegowda Bus Station","to":"Sadashivanagara","routeno":"104","distance_on_station":2.328,"centerlat":12.99006,"centerlong":77.57199,"responsecode":200,"isnotify":0,"vehicleDetails":[{"vehicleid":18687,"vehiclenumber":"KA57F2314","servicetypeid":72,"servicetype":"Non AC/Ordinary","centerlat":12.992557,"centerlong":77.571442,"eta":"2024-02-07 10:01:00","sch_arrivaltime":"10:12","sch_departuretime":"10:12","actual_arrivaltime":"10:00","actual_departuretime":"10:00","sch_tripstarttime":"10:05","sch_tripendtime":"10:05","lastlocationid":0,"currentlocationid":20702,"nextlocationid":0,"currentstop":null,"nextstop":null,"laststop":null,"stopCoveredStatus":1,"heading":14,"lastrefreshon":"07-02-2024 10:01:27","lastreceiveddatetimeflag":0,"tripposition":1}]},{"routeid":8629,"stationid":20988,"stationname":"Malleshwara Circle","from":"Kempegowda Bus Station","to":"Sadashivanagara","routeno":"104","distance_on_station":3.4,"centerlat":12.99782,"centerlong":77.5714,"responsecode":200,"isnotify":0,"vehicleDetails":[{"vehicleid":18687,"vehiclenumber":"KA57F2314","servicetypeid":72,"servicetype":"Non AC/Ordinary","centerlat":12.992557,"centerlong":77.571442,"eta":"2024-02-07 10:03:00","sch_arrivaltime":"10:15","sch_departuretime":"10:15","actual_arrivaltime":"","actual_departuretime":"","sch_tripstarttime":"10:05","sch_tripendtime":"10:05","lastlocationid":0,"currentlocationid":20702,"nextlocationid":0,"currentstop":null,"nextstop":null,"laststop":null,"stopCoveredStatus":0,"heading":14,"lastrefreshon":"07-02-2024 10:01:27","lastreceiveddatetimeflag":0,"tripposition":3}]},{"routeid":8629,"stationid":20737,"stationname":"Dattatreya Temple Malleshwara","from":"Kempegowda Bus Station","to":"Sadashivanagara","routeno":"104","distance_on_station":4.089,"centerlat":12.99895,"centerlong":77.57462,"responsecode":200,"isnotify":0,"vehicleDetails":[{"vehicleid":18687,"vehiclenumber":"KA57F2314","servicetypeid":72,"servicetype":"Non AC/Ordinary","centerlat":12.992557,"centerlong":77.571442,"eta":"2024-02-07 10:05:00","sch_arrivaltime":"10:18","sch_departuretime":"10:18","actual_arrivaltime":"","actual_departuretime":"","sch_tripstarttime":"10:05","sch_tripendtime":"10:05","lastlocationid":0,"currentlocationid":20702,"nextlocationid":0,"currentstop":null,"nextstop":null,"laststop":null,"stopCoveredStatus":0,"heading":14,"lastrefreshon":"07-02-2024 10:01:27","lastreceiveddatetimeflag":0,"tripposition":3}]},{"routeid":8629,"stationid":21243,"stationname":"Vaiyali Kaval","from":"Kempegowda Bus Station","to":"Sadashivanagara","routeno":"104","distance_on_station":4.484,"centerlat":12.99915,"centerlong":77.57754,"responsecode":200,"isnotify":0,"vehicleDetails":[{"vehicleid":18687,"vehiclenumber":"KA57F2314","servicetypeid":72,"servicetype":"Non AC/Ordinary","centerlat":12.992557,"centerlong":77.571442,"eta":"2024-02-07 10:06:00","sch_arrivaltime":"10:19","sch_departuretime":"10:19","actual_arrivaltime":"","actual_departuretime":"","sch_tripstarttime":"10:05","sch_tripendtime":"10:05","lastlocationid":0,"currentlocationid":20702,"nextlocationid":0,"currentstop":null,"nextstop":null,"laststop":null,"stopCoveredStatus":0,"heading":14,"lastrefreshon":"07-02-2024 10:01:27","lastreceiveddatetimeflag":0,"tripposition":3}]},{"routeid":8629,"stationid":21245,"stationname":"Vaiyalikaval Police Station","from":"Kempegowda Bus Station","to":"Sadashivanagara","routeno":"104","distance_on_station":4.915,"centerlat":13.00176,"centerlong":77.57846,"responsecode":200,"isnotify":0,"vehicleDetails":[{"vehicleid":18687,"vehiclenumber":"KA57F2314","servicetypeid":72,"servicetype":"Non AC/Ordinary","centerlat":12.992557,"centerlong":77.571442,"eta":"2024-02-07 10:07:00","sch_arrivaltime":"10:20","sch_departuretime":"10:20","actual_arrivaltime":"","actual_departuretime":"","sch_tripstarttime":"10:05","sch_tripendtime":"10:05","lastlocationid":0,"currentlocationid":20702,"nextlocationid":0,"currentstop":null,"nextstop":null,"laststop":null,"stopCoveredStatus":0,"heading":14,"lastrefreshon":"07-02-2024 10:01:27","lastreceiveddatetimeflag":0,"tripposition":3}]},{"routeid":8629,"stationid":31919,"stationname":"Bashyam Circle","from":"Kempegowda Bus Station","to":"Sadashivanagara","routeno":"104","distance_on_station":5.309,"centerlat":13.00473,"centerlong":77.57848,"responsecode":200,"isnotify":0,"vehicleDetails":[{"vehicleid":18687,"vehiclenumber":"KA57F2314","servicetypeid":72,"servicetype":"Non AC/Ordinary","centerlat":12.992557,"centerlong":77.571442,"eta":"2024-02-07 10:08:00","sch_arrivaltime":"10:21","sch_departuretime":"10:21","actual_arrivaltime":"","actual_departuretime":"","sch_tripstarttime":"10:05","sch_tripendtime":"10:05","lastlocationid":0,"currentlocationid":20702,"nextlocationid":0,"currentstop":null,"nextstop":null,"laststop":null,"stopCoveredStatus":0,"heading":14,"lastrefreshon":"07-02-2024 10:01:27","lastreceiveddatetimeflag":0,"tripposition":3}]},{"routeid":8629,"stationid":21147,"stationname":"Sadashivanagara","from":"Kempegowda Bus Station","to":"Sadashivanagara","routeno":"104","distance_on_station":5.9,"centerlat":13.0086,"centerlong":77.58016,"responsecode":200,"isnotify":0,"vehicleDetails":[{"vehicleid":18687,"vehiclenumber":"KA57F2314","servicetypeid":72,"servicetype":"Non AC/Ordinary","centerlat":12.992557,"centerlong":77.571442,"eta":"2024-02-07 10:10:00","sch_arrivaltime":"10:23","sch_departuretime":"10:23","actual_arrivaltime":"","actual_departuretime":"","sch_tripstarttime":"10:05","sch_tripendtime":"10:05","lastlocationid":0,"currentlocationid":20702,"nextlocationid":0,"currentstop":null,"nextstop":null,"laststop":null,"stopCoveredStatus":0,"heading":14,"lastrefreshon":"07-02-2024 10:01:27","lastreceiveddatetimeflag":0,"tripposition":1}]}],"mapData":[{"vehicleid":18687,"vehiclenumber":"KA57F2314","servicetypeid":72,"servicetype":"Non AC/Ordinary","centerlat":12.992557,"centerlong":77.571442,"eta":"2024-02-07 10:10:00","sch_arrivaltime":"10:23","sch_departuretime":"10:23","actual_arrivaltime":"","actual_departuretime":"","sch_tripstarttime":"10:05","sch_tripendtime":"10:05","lastlocationid":0,"currentlocationid":20702,"nextlocationid":0,"currentstop":null,"nextstop":null,"laststop":null,"stopCoveredStatus":0,"heading":14,"lastrefreshon":"07-02-2024 10:01:27","lastreceiveddatetimeflag":0,"tripposition":1}]},"down":{"data":[{"routeid":8630,"stationid":28095,"stationname":"Sadashivanagara","from":"Sadashivanagara","to":"Kempegowda Bus Station","routeno":"104","distance_on_station":0,"centerlat":13.00864,"centerlong":77.58029,"responsecode":200,"isnotify":0,"vehicleDetails":[{"vehicleid":18691,"vehiclenumber":"KA57F3018","servicetypeid":72,"servicetype":"Non AC/Ordinary","centerlat":13.007837,"centerlong":77.579628,"eta":"","sch_arrivaltime":"10:15","sch_departuretime":"10:15","actual_arrivaltime":"10:01","actual_departuretime":"10:01","sch_tripstarttime":"10:15","sch_tripendtime":"10:15","lastlocationid":0,"currentlocationid":28095,"nextlocationid":0,"currentstop":null,"nextstop":null,"laststop":null,"stopCoveredStatus":1,"heading":213,"lastrefreshon":"07-02-2024 10:01:27","lastreceiveddatetimeflag":0,"tripposition":1}]},{"routeid":8630,"stationid":29786,"stationname":"Bashyam Circle","from":"Sadashivanagara","to":"Kempegowda Bus Station","routeno":"104","distance_on_station":0.48,"centerlat":13.00564,"centerlong":77.57862,"responsecode":200,"isnotify":0,"vehicleDetails":[{"vehicleid":18691,"vehiclenumber":"KA57F3018","servicetypeid":72,"servicetype":"Non AC/Ordinary","centerlat":13.007837,"centerlong":77.579628,"eta":"2024-02-07 10:03:00","sch_arrivaltime":"10:16","sch_departuretime":"10:16","actual_arrivaltime":"","actual_departuretime":"","sch_tripstarttime":"10:15","sch_tripendtime":"10:15","lastlocationid":0,"currentlocationid":28095,"nextlocationid":0,"currentstop":null,"nextstop":null,"laststop":null,"stopCoveredStatus":0,"heading":213,"lastrefreshon":"07-02-2024 10:01:27","lastreceiveddatetimeflag":0,"tripposition":3}]},{"routeid":8630,"stationid":21244,"stationname":"Vaiyalikaval Police Station","from":"Sadashivanagara","to":"Kempegowda Bus Station","routeno":"104","distance_on_station":0.985,"centerlat":13.00207,"centerlong":77.57851,"responsecode":200,"isnotify":0,"vehicleDetails":[{"vehicleid":18691,"vehiclenumber":"KA57F3018","servicetypeid":72,"servicetype":"Non AC/Ordinary","centerlat":13.007837,"centerlong":77.579628,"eta":"2024-02-07 10:04:00","sch_arrivaltime":"10:17","sch_departuretime":"10:17","actual_arrivaltime":"","actual_departuretime":"","sch_tripstarttime":"10:15","sch_tripendtime":"10:15","lastlocationid":0,"currentlocationid":28095,"nextlocationid":0,"currentstop":null,"nextstop":null,"laststop":null,"stopCoveredStatus":0,"heading":213,"lastrefreshon":"07-02-2024 10:01:27","lastreceiveddatetimeflag":0,"tripposition":3}]},{"routeid":8630,"stationid":27162,"stationname":"Vaiyali Kaval","from":"Sadashivanagara","to":"Kempegowda Bus Station","routeno":"104","distance_on_station":1.466,"centerlat":12.99916,"centerlong":77.57769,"responsecode":200,"isnotify":0,"vehicleDetails":[{"vehicleid":18691,"vehiclenumber":"KA57F3018","servicetypeid":72,"servicetype":"Non AC/Ordinary","centerlat":13.007837,"centerlong":77.579628,"eta":"2024-02-07 10:05:00","sch_arrivaltime":"10:18","sch_departuretime":"10:18","actual_arrivaltime":"","actual_departuretime":"","sch_tripstarttime":"10:15","sch_tripendtime":"10:15","lastlocationid":0,"currentlocationid":28095,"nextlocationid":0,"currentstop":null,"nextstop":null,"laststop":null,"stopCoveredStatus":0,"heading":213,"lastrefreshon":"07-02-2024 10:01:27","lastreceiveddatetimeflag":0,"tripposition":3}]},{"routeid":8630,"stationid":20736,"stationname":"Dattatreya Temple Malleshwara","from":"Sadashivanagara","to":"Kempegowda Bus Station","routeno":"104","distance_on_station":1.87,"centerlat":12.99893,"centerlong":77.57479,"responsecode":200,"isnotify":0,"vehicleDetails":[{"vehicleid":18691,"vehiclenumber":"KA57F3018","servicetypeid":72,"servicetype":"Non AC/Ordinary","centerlat":13.007837,"centerlong":77.579628,"eta":"2024-02-07 10:06:00","sch_arrivaltime":"10:19","sch_departuretime":"10:19","actual_arrivaltime":"","actual_departuretime":"","sch_tripstarttime":"10:15","sch_tripendtime":"10:15","lastlocationid":0,"currentlocationid":28095,"nextlocationid":0,"currentstop":null,"nextstop":null,"laststop":null,"stopCoveredStatus":0,"heading":213,"lastrefreshon":"07-02-2024 10:01:27","lastreceiveddatetimeflag":0,"tripposition":3}]},{"routeid":8630,"stationid":20971,"stationname":"Link Road","from":"Sadashivanagara","to":"Kempegowda Bus Station","routeno":"104","distance_on_station":2.742,"centerlat":12.99426,"centerlong":77.57388,"responsecode":200,"isnotify":0,"vehicleDetails":[{"vehicleid":18691,"vehiclenumber":"KA57F3018","servicetypeid":72,"servicetype":"Non AC/Ordinary","centerlat":13.007837,"centerlong":77.579628,"eta":"2024-02-07 10:08:00","sch_arrivaltime":"10:21","sch_departuretime":"10:21","actual_arrivaltime":"","actual_departuretime":"","sch_tripstarttime":"10:15","sch_tripendtime":"10:15","lastlocationid":0,"currentlocationid":28095,"nextlocationid":0,"currentstop":null,"nextstop":null,"laststop":null,"stopCoveredStatus":0,"heading":213,"lastrefreshon":"07-02-2024 10:01:27","lastreceiveddatetimeflag":0,"tripposition":3}]},{"routeid":8630,"stationid":35073,"stationname":"Swastik Sheshadripuram College","from":"Sadashivanagara","to":"Kempegowda Bus Station","routeno":"104","distance_on_station":3.588,"centerlat":12.98916,"centerlong":77.57416,"responsecode":200,"isnotify":0,"vehicleDetails":[{"vehicleid":18691,"vehiclenumber":"KA57F3018","servicetypeid":72,"servicetype":"Non AC/Ordinary","centerlat":13.007837,"centerlong":77.579628,"eta":"2024-02-07 10:10:00","sch_arrivaltime":"10:22","sch_departuretime":"10:22","actual_arrivaltime":"","actual_departuretime":"","sch_tripstarttime":"10:15","sch_tripendtime":"10:15","lastlocationid":0,"currentlocationid":28095,"nextlocationid":0,"currentstop":null,"nextstop":null,"laststop":null,"stopCoveredStatus":0,"heading":213,"lastrefreshon":"07-02-2024 10:01:27","lastreceiveddatetimeflag":0,"tripposition":3}]},{"routeid":8630,"stationid":20703,"stationname":"Central","from":"Sadashivanagara","to":"Kempegowda Bus Station","routeno":"104","distance_on_station":3.904,"centerlat":12.9898,"centerlong":77.57204,"responsecode":200,"isnotify":0,"vehicleDetails":[{"vehicleid":18691,"vehiclenumber":"KA57F3018","servicetypeid":72,"servicetype":"Non AC/Ordinary","centerlat":13.007837,"centerlong":77.579628,"eta":"2024-02-07 10:11:00","sch_arrivaltime":"10:23","sch_departuretime":"10:23","actual_arrivaltime":"","actual_departuretime":"","sch_tripstarttime":"10:15","sch_tripendtime":"10:15","lastlocationid":0,"currentlocationid":28095,"nextlocationid":0,"currentstop":null,"nextstop":null,"laststop":null,"stopCoveredStatus":0,"heading":213,"lastrefreshon":"07-02-2024 10:01:27","lastreceiveddatetimeflag":0,"tripposition":3}]},{"routeid":8630,"stationid":20922,"stationname":"Kempegowda Bus Station","from":"Sadashivanagara","to":"Kempegowda Bus Station","routeno":"104","distance_on_station":5.9,"centerlat":12.97749,"centerlong":77.57327,"responsecode":200,"isnotify":0,"vehicleDetails":[{"vehicleid":18691,"vehiclenumber":"KA57F3018","servicetypeid":72,"servicetype":"Non AC/Ordinary","centerlat":13.007837,"centerlong":77.579628,"eta":"2024-02-07 10:15:00","sch_arrivaltime":"10:29","sch_departuretime":"10:29","actual_arrivaltime":"","actual_departuretime":"","sch_tripstarttime":"10:15","sch_tripendtime":"10:15","lastlocationid":0,"currentlocationid":28095,"nextlocationid":0,"currentstop":null,"nextstop":null,"laststop":null,"stopCoveredStatus":0,"heading":213,"lastrefreshon":"07-02-2024 10:01:27","lastreceiveddatetimeflag":0,"tripposition":1}]}],"mapData":[{"vehicleid":18691,"vehiclenumber":"KA57F3018","servicetypeid":72,"servicetype":"Non AC/Ordinary","centerlat":13.007837,"centerlong":77.579628,"eta":"2024-02-07 10:15:00","sch_arrivaltime":"10:29","sch_departuretime":"10:29","actual_arrivaltime":"","actual_departuretime":"","sch_tripstarttime":"10:15","sch_tripendtime":"10:15","lastlocationid":0,"currentlocationid":28095,"nextlocationid":0,"currentstop":null,"nextstop":null,"laststop":null,"stopCoveredStatus":0,"heading":213,"lastrefreshon":"07-02-2024 10:01:27","lastreceiveddatetimeflag":0,"tripposition":1}]},"message":"Success","issuccess":true,"exception":null,"rowCount":0,"responsecode":200}