{"up":{"data":[{"routeid":1770,"stationid":21172,"stationname":"Shivajinagara Bus Station","from":"Shivajinagara Bus Station","to":"Kaval Byrasandra","routeno":"112","distance_on_station":0,"centerlat":12.98391,"centerlong":77.60327,"responsecode":200,"isnotify":0,"vehicleDetails":[{"vehicleid":19374,"vehiclenumber":"KA01F4873","servicetypeid":72,"servicetype":"Non AC/Ordinary","centerlat":13.00211,"centerlong":77.598755,"eta":"","sch_arrivaltime":"13:25","sch_departuretime":"13:25","actual_arrivaltime":"13:12","actual_departuretime":"13:12","sch_tripstarttime":"13:25","sch_tripendtime":"13:25","lastlocationid":0,"currentlocationid":31376,"nextlocationid":0,"currentstop":null,"nextstop":null,"laststop":null,"stopCoveredStatus":1,"heading":303,"lastrefreshon":"19-12-2023 13:25:31","lastreceiveddatetimeflag":0,"tripposition":1},{"vehicleid":19587,"vehiclenumber":"KA57F2712","servicetypeid":72,"servicetype":"Non AC/Ordinary","centerlat":12.995505,"centerlong":77.6017,"eta":"","sch_arrivaltime":"13:40","sch_departuretime":"13:40","actual_arrivaltime":"13:09","actual_departuretime":"13:09","sch_tripstarttime":"13:40","sch_tripendtime":"13:40","lastlocationid":0,"currentlocationid":32204,"nextlocationid":0,"currentstop":null,"nextstop":null,"laststop":null,"stopCoveredStatus":1,"heading":106,"lastrefreshon":"19-12-2023 13:25:39","lastreceiveddatetimeflag":0,"tripposition":1}]},{"routeid":1770,"stationid":22068,"stationname":"Indian Express","from":"Shivajinagara Bus Station","to":"Kaval Byrasandra","routeno":"112","distance_on_station":0.744,"centerlat":12.98421,"centerlong":77.59735,"responsecode":200,"isnotify":0,"vehicleDetails":[{"vehicleid":19374,"vehiclenumber":"KA01F4873","servicetypeid":72,"servicetype":"Non AC/Ordinary","centerlat":13.00211,"centerlong":77.598755,"eta":"","sch_arrivaltime":"13:29","sch_departuretime":"13:29","actual_arrivaltime":"13:13","actual_departuretime":"13:15","sch_tripstarttime":"13:25","sch_tripendtime":"13:25","lastlocationid":0,"currentlocationid":31376,"nextlocationid":0,"currentstop":null,"nextstop":null,"laststop":null,"stopCoveredStatus":1,"heading":303,"lastrefreshon":"19-12-2023 13:25:31","lastreceiveddatetimeflag":0,"tripposition":1},{"vehicleid":19587,"vehiclenumber":"KA57F2712","servicetypeid":72,"servicetype":"Non AC/Ordinary","centerlat":12.995505,"centerlong":77.6017,"eta":"","sch_arrivaltime":"13:44","sch_departuretime":"13:44","actual_arrivaltime":"13:18","actual_departuretime":"13:19","sch_tripstarttime":"13:40","sch_tripendtime":"13:40","lastlocationid":0,"currentlocationid":32204,"nextlocationid":0,"currentstop":null,"nextstop":null,"laststop":null,"stopCoveredStatus":1,"heading":106,"lastrefreshon":"19-12-2023 13:25:39","lastreceiveddatetimeflag":0,"tripposition":1}]},{"routeid":1770,"stationid":21869,"stationname":"Cunningham Road","from":"Shivajinagara Bus Station","to":"Kaval Byrasandra","routeno":"112","distance_on_station":1.308,"centerlat":12.98787,"centerlong":77.59427,"responsecode":200,"isnotify":0,"vehicleDetails":[{"vehicleid":19374,"vehiclenumber":"KA01F4873","servicetypeid":72,"servicetype":"Non AC/Ordinary","centerlat":13.00211,"centerlong":77.598755,"eta":"","sch_arrivaltime":"13:30","sch_departuretime":"13:30","actual_arrivaltime":"","actual_departuretime":"","sch_tripstarttime":"13:25","sch_tripendtime":"13:25","lastlocationid":0,"currentlocationid":31376,"nextlocationid":0,"currentstop":null,"nextstop":null,"laststop":null,"stopCoveredStatus":1,"heading":303,"lastrefreshon":"19-12-2023 13:25:31","lastreceiveddatetimeflag":0,"tripposition":3},{"vehicleid":19587,"vehiclenumber":"KA57F2712","servicetypeid":72,"servicetype":"Non AC/Ordinary","centerlat":12.995505,"centerlong":77.6017,"eta":"","sch_arrivaltime":"13:45","sch_departuretime":"13:45","actual_arrivaltime":"13:21","actual_departuretime":"13:21","sch_tripstarttime":"13:40","sch_tripendtime":"13:40","lastlocationid":0,"currentlocationid":32204,"nextlocationid":0,"currentstop":null,"nextstop":null,"laststop":null,"stopCoveredStatus":1,"heading":106,"lastrefreshon":"19-12-2023 13:25:39","lastreceiveddatetimeflag":0,"tripposition":1}]},{"routeid":1770,"stationid":22585,"stationname":"Vasantha Nagara","from":"Shivajinagara Bus Station","to":"Kaval Byrasandra","routeno":"112","distance_on_station":2.031,"centerlat":12.99278,"centerlong":77.59503,"responsecode":200,"isnotify":0,"vehicleDetails":[{"vehicleid":19374,"vehiclenumber":"KA01F4873","servicetypeid":72,"servicetype":"Non AC/Ordinary","centerlat":13.00211,"centerlong":77.598755,"eta":"","sch_arrivaltime":"13:32","sch_departuretime":"13:32","actual_arrivaltime":"","actual_departuretime":"","sch_tripstarttime":"13:25","sch_tripendtime":"13:25","lastlocationid":0,"currentlocationid":31376,"nextlocationid":0,"currentstop":null,"nextstop":null,"laststop":null,"stopCoveredStatus":1,"heading":303,"lastrefreshon":"19-12-2023 13:25:31","lastreceiveddatetimeflag":0,"tripposition":3},{"vehicleid":19587,"vehiclenumber":"KA57F2712","servicetypeid":72,"servicetype":"Non AC/Ordinary","centerlat":12.995505,"centerlong":77.6017,"eta":"","sch_arrivaltime":"13:47","sch_departuretime":"13:47","actual_arrivaltime":"13:22","actual_departuretime":"13:23","sch_tripstarttime":"13:40","sch_tripendtime":"13:40","lastlocationid":0,"currentlocationid":32204,"nextlocationid":0,"currentstop":null,"nextstop":null,"laststop":null,"stopCoveredStatus":1,"heading":106,"lastrefreshon":"19-12-2023 13:25:39","lastreceiveddatetimeflag":0,"tripposition":1}]},{"routeid":1770,"stationid":32204,"stationname":"Canara Bank Millers Road","from":"Shivajinagara Bus Station","to":"Kaval Byrasandra","routeno":"112","distance_on_station":2.967,"centerlat":12.99556,"centerlong":77.60172,"responsecode":200,"isnotify":0,"vehicleDetails":[{"vehicleid":19374,"vehiclenumber":"KA01F4873","servicetypeid":72,"servicetype":"Non AC/Ordinary","centerlat":13.00211,"centerlong":77.598755,"eta":"","sch_arrivaltime":"13:34","sch_departuretime":"13:34","actual_arrivaltime":"13:22","actual_departuretime":"13:23","sch_tripstarttime":"13:25","sch_tripendtime":"13:25","lastlocationid":0,"currentlocationid":31376,"nextlocationid":0,"currentstop":null,"nextstop":null,"laststop":null,"stopCoveredStatus":1,"heading":303,"lastrefreshon":"19-12-2023 13:25:31","lastreceiveddatetimeflag":0,"tripposition":1},{"vehicleid":19587,"vehiclenumber":"KA57F2712","servicetypeid":72,"servicetype":"Non AC/Ordinary","centerlat":12.995505,"centerlong":77.6017,"eta":"2023-12-19 13:26:00","sch_arrivaltime":"13:49","sch_departuretime":"13:49","actual_arrivaltime":"13:25","actual_departuretime":"","sch_tripstarttime":"13:40","sch_tripendtime":"13:40","lastlocationid":0,"currentlocationid":32204,"nextlocationid":0,"currentstop":null,"nextstop":null,"laststop":null,"stopCoveredStatus":1,"heading":106,"lastrefreshon":"19-12-2023 13:25:39","lastreceiveddatetimeflag":0,"tripposition":2}]},{"routeid":1770,"stationid":22847,"stationname":"YMC Nandhidurga Road","from":"Shivajinagara Bus Station","to":"Kaval Byrasandra","routeno":"112","distance_on_station":3.041,"centerlat":12.99585,"centerlong":77.60181,"responsecode":200,"isnotify":0,"vehicleDetails":[{"vehicleid":19374,"vehiclenumber":"KA01F4873","servicetypeid":72,"servicetype":"Non AC/Ordinary","centerlat":13.00211,"centerlong":77.598755,"eta":"2023-12-19 13:25:00","sch_arrivaltime":"13:35","sch_departuretime":"13:35","actual_arrivaltime":"","actual_departuretime":"","sch_tripstarttime":"13:25","sch_tripendtime":"13:25","lastlocationid":0,"currentlocationid":31376,"nextlocationid":0,"currentstop":null,"nextstop":null,"laststop":null,"stopCoveredStatus":1,"heading":303,"lastrefreshon":"19-12-2023 13:25:31","lastreceiveddatetimeflag":0,"tripposition":3},{"vehicleid":19587,"vehiclenumber":"KA57F2712","servicetypeid":72,"servicetype":"Non AC/Ordinary","centerlat":12.995505,"centerlong":77.6017,"eta":"2023-12-19 13:27:00","sch_arrivaltime":"13:50","sch_departuretime":"13:50","actual_arrivaltime":"","actual_departuretime":"","sch_tripstarttime":"13:40","sch_tripendtime":"13:40","lastlocationid":0,"currentlocationid":32204,"nextlocationid":0,"currentstop":null,"nextstop":null,"laststop":null,"stopCoveredStatus":0,"heading":106,"lastrefreshon":"19-12-2023 13:25:39","lastreceiveddatetimeflag":0,"tripposition":3}]},{"routeid":1770,"stationid":34091,"stationname":"Nandidurga Road","from":"Shivajinagara Bus Station","to":"Kaval Byrasandra","routeno":"112","distance_on_station":3.658,"centerlat":13.00056,"centerlong":77.5996,"responsecode":200,"isnotify":0,"vehicleDetails":[{"vehicleid":19374,"vehiclenumber":"KA01F4873","servicetypeid":72,"servicetype":"Non AC/Ordinary","centerlat":13.00211,"centerlong":77.598755,"eta":"2023-12-19 13:26:00","sch_arrivaltime":"13:36","sch_departuretime":"13:36","actual_arrivaltime":"13:24","actual_departuretime":"13:25","sch_tripstarttime":"13:25","sch_tripendtime":"13:25","lastlocationid":0,"currentlocationid":31376,"nextlocationid":0,"currentstop":null,"nextstop":null,"laststop":null,"stopCoveredStatus":1,"heading":303,"lastrefreshon":"19-12-2023 13:25:31","lastreceiveddatetimeflag":0,"tripposition":1},{"vehicleid":19587,"vehiclenumber":"KA57F2712","servicetypeid":72,"servicetype":"Non AC/Ordinary","centerlat":12.995505,"centerlong":77.6017,"eta":"2023-12-19 13:28:00","sch_arrivaltime":"13:51","sch_departuretime":"13:51","actual_arrivaltime":"","actual_departuretime":"","sch_tripstarttime":"13:40","sch_tripendtime":"13:40","lastlocationid":0,"currentlocationid":32204,"nextlocationid":0,"currentstop":null,"nextstop":null,"laststop":null,"stopCoveredStatus":0,"heading":106,"lastrefreshon":"19-12-2023 13:25:39","lastreceiveddatetimeflag":0,"tripposition":3}]},{"routeid":1770,"stationid":31376,"stationname":"Jayamahal Extension1","from":"Shivajinagara Bus Station","to":"Kaval Byrasandra","routeno":"112","distance_on_station":3.86,"centerlat":13.00199,"centerlong":77.59877,"responsecode":200,"isnotify":0,"vehicleDetails":[{"vehicleid":19374,"vehiclenumber":"KA01F4873","servicetypeid":72,"servicetype":"Non AC/Ordinary","centerlat":13.00211,"centerlong":77.598755,"eta":"2023-12-19 13:27:00","sch_arrivaltime":"13:37","sch_departuretime":"13:37","actual_arrivaltime":"13:25","actual_departuretime":"","sch_tripstarttime":"13:25","sch_tripendtime":"13:25","lastlocationid":0,"currentlocationid":31376,"nextlocationid":0,"currentstop":null,"nextstop":null,"laststop":null,"stopCoveredStatus":1,"heading":303,"lastrefreshon":"19-12-2023 13:25:31","lastreceiveddatetimeflag":0,"tripposition":2},{"vehicleid":19587,"vehiclenumber":"KA57F2712","servicetypeid":72,"servicetype":"Non AC/Ordinary","centerlat":12.995505,"centerlong":77.6017,"eta":"2023-12-19 13:29:00","sch_arrivaltime":"13:52","sch_departuretime":"13:52","actual_arrivaltime":"","actual_departuretime":"","sch_tripstarttime":"13:40","sch_tripendtime":"13:40","lastlocationid":0,"currentlocationid":32204,"nextlocationid":0,"currentstop":null,"nextstop":null,"laststop":null,"stopCoveredStatus":0,"heading":106,"lastrefreshon":"19-12-2023 13:25:39","lastreceiveddatetimeflag":0,"tripposition":3}]},{"routeid":1770,"stationid":33123,"stationname":"JC Nagara","from":"Shivajinagara Bus Station","to":"Kaval Byrasandra","routeno":"112","distance_on_station":4.53,"centerlat":13.00508,"centerlong":77.59394,"responsecode":200,"isnotify":0,"vehicleDetails":[{"vehicleid":19374,"vehiclenumber":"KA01F4873","servicetypeid":72,"servicetype":"Non AC/Ordinary","centerlat":13.00211,"centerlong":77.598755,"eta":"2023-12-19 13:28:00","sch_arrivaltime":"13:38","sch_departuretime":"13:38","actual_arrivaltime":"","actual_departuretime":"","sch_tripstarttime":"13:25","sch_tripendtime":"13:25","lastlocationid":0,"currentlocationid":31376,"nextlocationid":0,"currentstop":null,"nextstop":null,"laststop":null,"stopCoveredStatus":0,"heading":303,"lastrefreshon":"19-12-2023 13:25:31","lastreceiveddatetimeflag":0,"tripposition":3},{"vehicleid":19587,"vehiclenumber":"KA57F2712","servicetypeid":72,"servicetype":"Non AC/Ordinary","centerlat":12.995505,"centerlong":77.6017,"eta":"2023-12-19 13:30:00","sch_arrivaltime":"13:53","sch_departuretime":"13:53","actual_arrivaltime":"","actual_departuretime":"","sch_tripstarttime":"13:40","sch_tripendtime":"13:40","lastlocationid":0,"currentlocationid":32204,"nextlocationid":0,"currentstop":null,"nextstop":null,"laststop":null,"stopCoveredStatus":0,"heading":106,"lastrefreshon":"19-12-2023 13:25:39","lastreceiveddatetimeflag":0,"tripposition":3}]},{"routeid":1770,"stationid":24020,"stationname":"TV Tower","from":"Shivajinagara Bus Station","to":"Kaval Byrasandra","routeno":"112","distance_on_station":5.189,"centerlat":13.00964,"centerlong":77.59078,"responsecode":200,"isnotify":0,"vehicleDetails":[{"vehicleid":19374,"vehiclenumber":"KA01F4873","servicetypeid":72,"servicetype":"Non AC/Ordinary","centerlat":13.00211,"centerlong":77.598755,"eta":"2023-12-19 13:29:00","sch_arrivaltime":"13:39","sch_departuretime":"13:39","actual_arrivaltime":"","actual_departuretime":"","sch_tripstarttime":"13:25","sch_tripendtime":"13:25","lastlocationid":0,"currentlocationid":31376,"nextlocationid":0,"currentstop":null,"nextstop":null,"laststop":null,"stopCoveredStatus":0,"heading":303,"lastrefreshon":"19-12-2023 13:25:31","lastreceiveddatetimeflag":0,"tripposition":3},{"vehicleid":19587,"vehiclenumber":"KA57F2712","servicetypeid":72,"servicetype":"Non AC/Ordinary","centerlat":12.995505,"centerlong":77.6017,"eta":"2023-12-19 13:32:00","sch_arrivaltime":"13:54","sch_departuretime":"13:54","actual_arrivaltime":"","actual_departuretime":"","sch_tripstarttime":"13:40","sch_tripendtime":"13:40","lastlocationid":0,"currentlocationid":32204,"nextlocationid":0,"currentstop":null,"nextstop":null,"laststop":null,"stopCoveredStatus":0,"heading":106,"lastrefreshon":"19-12-2023 13:25:39","lastreceiveddatetimeflag":0,"tripposition":3}]},{"routeid":1770,"stationid":23341,"stationname":"C‌ Q A L","from":"Shivajinagara Bus Station","to":"Kaval Byrasandra","routeno":"112","distance_on_station":5.391,"centerlat":13.01178,"centerlong":77.59326,"responsecode":200,"isnotify":0,"vehicleDetails":[{"vehicleid":19374,"vehiclenumber":"KA01F4873","servicetypeid":72,"servicetype":"Non AC/Ordinary","centerlat":13.00211,"centerlong":77.598755,"eta":"2023-12-19 13:30:00","sch_arrivaltime":"13:40","sch_departuretime":"13:40","actual_arrivaltime":"","actual_departuretime":"","sch_tripstarttime":"13:25","sch_tripendtime":"13:25","lastlocationid":0,"currentlocationid":31376,"nextlocationid":0,"currentstop":null,"nextstop":null,"laststop":null,"stopCoveredStatus":0,"heading":303,"lastrefreshon":"19-12-2023 13:25:31","lastreceiveddatetimeflag":0,"tripposition":3},{"vehicleid":19587,"vehiclenumber":"KA57F2712","servicetypeid":72,"servicetype":"Non AC/Ordinary","centerlat":12.995505,"centerlong":77.6017,"eta":"2023-12-19 13:33:00","sch_arrivaltime":"13:55","sch_departuretime":"13:55","actual_arrivaltime":"","actual_departuretime":"","sch_tripstarttime":"13:40","sch_tripendtime":"13:40","lastlocationid":0,"currentlocationid":32204,"nextlocationid":0,"currentstop":null,"nextstop":null,"laststop":null,"stopCoveredStatus":0,"heading":106,"lastrefreshon":"19-12-2023 13:25:39","lastreceiveddatetimeflag":0,"tripposition":3}]},{"routeid":1770,"stationid":23342,"stationname":"Matadahalli","from":"Shivajinagara Bus Station","to":"Kaval Byrasandra","routeno":"112","distance_on_station":5.87,"centerlat":13.01364,"centerlong":77.59362,"responsecode":200,"isnotify":0,"vehicleDetails":[{"vehicleid":19374,"vehiclenumber":"KA01F4873","servicetypeid":72,"servicetype":"Non AC/Ordinary","centerlat":13.00211,"centerlong":77.598755,"eta":"2023-12-19 13:31:00","sch_arrivaltime":"13:41","sch_departuretime":"13:41","actual_arrivaltime":"","actual_departuretime":"","sch_tripstarttime":"13:25","sch_tripendtime":"13:25","lastlocationid":0,"currentlocationid":31376,"nextlocationid":0,"currentstop":null,"nextstop":null,"laststop":null,"stopCoveredStatus":0,"heading":303,"lastrefreshon":"19-12-2023 13:25:31","lastreceiveddatetimeflag":0,"tripposition":3},{"vehicleid":19587,"vehiclenumber":"KA57F2712","servicetypeid":72,"servicetype":"Non AC/Ordinary","centerlat":12.995505,"centerlong":77.6017,"eta":"2023-12-19 13:34:00","sch_arrivaltime":"13:56","sch_departuretime":"13:56","actual_arrivaltime":"","actual_departuretime":"","sch_tripstarttime":"13:40","sch_tripendtime":"13:40","lastlocationid":0,"currentlocationid":32204,"nextlocationid":0,"currentstop":null,"nextstop":null,"laststop":null,"stopCoveredStatus":0,"heading":106,"lastrefreshon":"19-12-2023 13:25:39","lastreceiveddatetimeflag":0,"tripposition":3}]},{"routeid":1770,"stationid":23343,"stationname":"Rahamathnagara","from":"Shivajinagara Bus Station","to":"Kaval Byrasandra","routeno":"112","distance_on_station":6.465,"centerlat":13.01751,"centerlong":77.59186,"responsecode":200,"isnotify":0,"vehicleDetails":[{"vehicleid":19374,"vehiclenumber":"KA01F4873","servicetypeid":72,"servicetype":"Non AC/Ordinary","centerlat":13.00211,"centerlong":77.598755,"eta":"2023-12-19 13:32:00","sch_arrivaltime":"13:42","sch_departuretime":"13:42","actual_arrivaltime":"","actual_departuretime":"","sch_tripstarttime":"13:25","sch_tripendtime":"13:25","lastlocationid":0,"currentlocationid":31376,"nextlocationid":0,"currentstop":null,"nextstop":null,"laststop":null,"stopCoveredStatus":0,"heading":303,"lastrefreshon":"19-12-2023 13:25:31","lastreceiveddatetimeflag":0,"tripposition":3},{"vehicleid":19587,"vehiclenumber":"KA57F2712","servicetypeid":72,"servicetype":"Non AC/Ordinary","centerlat":12.995505,"centerlong":77.6017,"eta":"2023-12-19 13:35:00","sch_arrivaltime":"13:57","sch_departuretime":"13:57","actual_arrivaltime":"","actual_departuretime":"","sch_tripstarttime":"13:40","sch_tripendtime":"13:40","lastlocationid":0,"currentlocationid":32204,"nextlocationid":0,"currentstop":null,"nextstop":null,"laststop":null,"stopCoveredStatus":0,"heading":106,"lastrefreshon":"19-12-2023 13:25:39","lastreceiveddatetimeflag":0,"tripposition":3}]},{"routeid":1770,"stationid":23344,"stationname":"R T Nagara Post Office","from":"Shivajinagara Bus Station","to":"Kaval Byrasandra","routeno":"112","distance_on_station":6.965,"centerlat":13.0219,"centerlong":77.59245,"responsecode":200,"isnotify":0,"vehicleDetails":[{"vehicleid":19374,"vehiclenumber":"KA01F4873","servicetypeid":72,"servicetype":"Non AC/Ordinary","centerlat":13.00211,"centerlong":77.598755,"eta":"2023-12-19 13:33:00","sch_arrivaltime":"13:43","sch_departuretime":"13:43","actual_arrivaltime":"","actual_departuretime":"","sch_tripstarttime":"13:25","sch_tripendtime":"13:25","lastlocationid":0,"currentlocationid":31376,"nextlocationid":0,"currentstop":null,"nextstop":null,"laststop":null,"stopCoveredStatus":0,"heading":303,"lastrefreshon":"19-12-2023 13:25:31","lastreceiveddatetimeflag":0,"tripposition":3},{"vehicleid":19587,"vehiclenumber":"KA57F2712","servicetypeid":72,"servicetype":"Non AC/Ordinary","centerlat":12.995505,"centerlong":77.6017,"eta":"2023-12-19 13:37:00","sch_arrivaltime":"13:58","sch_departuretime":"13:58","actual_arrivaltime":"","actual_departuretime":"","sch_tripstarttime":"13:40","sch_tripendtime":"13:40","lastlocationid":0,"currentlocationid":32204,"nextlocationid":0,"currentstop":null,"nextstop":null,"laststop":null,"stopCoveredStatus":0,"heading":106,"lastrefreshon":"19-12-2023 13:25:39","lastreceiveddatetimeflag":0,"tripposition":3}]},{"routeid":1770,"stationid":21097,"stationname":"R T Nagara Police Station","from":"Shivajinagara Bus Station","to":"Kaval Byrasandra","routeno":"112","distance_on_station":7.39,"centerlat":13.02495,"centerlong":77.59321,"responsecode":200,"isnotify":0,"vehicleDetails":[{"vehicleid":19374,"vehiclenumber":"KA01F4873","servicetypeid":72,"servicetype":"Non AC/Ordinary","centerlat":13.00211,"centerlong":77.598755,"eta":"2023-12-19 13:34:00","sch_arrivaltime":"13:44","sch_departuretime":"13:44","actual_arrivaltime":"","actual_departuretime":"","sch_tripstarttime":"13:25","sch_tripendtime":"13:25","lastlocationid":0,"currentlocationid":31376,"nextlocationid":0,"currentstop":null,"nextstop":null,"laststop":null,"stopCoveredStatus":0,"heading":303,"lastrefreshon":"19-12-2023 13:25:31","lastreceiveddatetimeflag":0,"tripposition":3},{"vehicleid":19587,"vehiclenumber":"KA57F2712","servicetypeid":72,"servicetype":"Non AC/Ordinary","centerlat":12.995505,"centerlong":77.6017,"eta":"2023-12-19 13:38:00","sch_arrivaltime":"13:59","sch_departuretime":"13:59","actual_arrivaltime":"","actual_departuretime":"","sch_tripstarttime":"13:40","sch_tripendtime":"13:40","lastlocationid":0,"currentlocationid":32204,"nextlocationid":0,"currentstop":null,"nextstop":null,"laststop":null,"stopCoveredStatus":0,"heading":106,"lastrefreshon":"19-12-2023 13:25:39","lastreceiveddatetimeflag":0,"tripposition":3}]},{"routeid":1770,"stationid":20835,"stationname":"HMT Layout R T Nagara","from":"Shivajinagara Bus Station","to":"Kaval Byrasandra","routeno":"112","distance_on_station":7.571,"centerlat":13.0247,"centerlong":77.59473,"responsecode":200,"isnotify":0,"vehicleDetails":[{"vehicleid":19374,"vehiclenumber":"KA01F4873","servicetypeid":72,"servicetype":"Non AC/Ordinary","centerlat":13.00211,"centerlong":77.598755,"eta":"2023-12-19 13:35:00","sch_arrivaltime":"13:45","sch_departuretime":"13:45","actual_arrivaltime":"","actual_departuretime":"","sch_tripstarttime":"13:25","sch_tripendtime":"13:25","lastlocationid":0,"currentlocationid":31376,"nextlocationid":0,"currentstop":null,"nextstop":null,"laststop":null,"stopCoveredStatus":0,"heading":303,"lastrefreshon":"19-12-2023 13:25:31","lastreceiveddatetimeflag":0,"tripposition":3},{"vehicleid":19587,"vehiclenumber":"KA57F2712","servicetypeid":72,"servicetype":"Non AC/Ordinary","centerlat":12.995505,"centerlong":77.6017,"eta":"2023-12-19 13:39:00","sch_arrivaltime":"14:00","sch_departuretime":"14:00","actual_arrivaltime":"","actual_departuretime":"","sch_tripstarttime":"13:40","sch_tripendtime":"13:40","lastlocationid":0,"currentlocationid":32204,"nextlocationid":0,"currentstop":null,"nextstop":null,"laststop":null,"stopCoveredStatus":0,"heading":106,"lastrefreshon":"19-12-2023 13:25:39","lastreceiveddatetimeflag":0,"tripposition":3}]},{"routeid":1770,"stationid":20759,"stationname":"Dinnur Main Road","from":"Shivajinagara Bus Station","to":"Kaval Byrasandra","routeno":"112","distance_on_station":8.05,"centerlat":13.02401,"centerlong":77.59884,"responsecode":200,"isnotify":0,"vehicleDetails":[{"vehicleid":19374,"vehiclenumber":"KA01F4873","servicetypeid":72,"servicetype":"Non AC/Ordinary","centerlat":13.00211,"centerlong":77.598755,"eta":"2023-12-19 13:36:00","sch_arrivaltime":"13:46","sch_departuretime":"13:46","actual_arrivaltime":"","actual_departuretime":"","sch_tripstarttime":"13:25","sch_tripendtime":"13:25","lastlocationid":0,"currentlocationid":31376,"nextlocationid":0,"currentstop":null,"nextstop":null,"laststop":null,"stopCoveredStatus":0,"heading":303,"lastrefreshon":"19-12-2023 13:25:31","lastreceiveddatetimeflag":0,"tripposition":3},{"vehicleid":19587,"vehiclenumber":"KA57F2712","servicetypeid":72,"servicetype":"Non AC/Ordinary","centerlat":12.995505,"centerlong":77.6017,"eta":"2023-12-19 13:40:00","sch_arrivaltime":"14:01","sch_departuretime":"14:01","actual_arrivaltime":"","actual_departuretime":"","sch_tripstarttime":"13:40","sch_tripendtime":"13:40","lastlocationid":0,"currentlocationid":32204,"nextlocationid":0,"currentstop":null,"nextstop":null,"laststop":null,"stopCoveredStatus":0,"heading":106,"lastrefreshon":"19-12-2023 13:25:39","lastreceiveddatetimeflag":0,"tripposition":3}]},{"routeid":1770,"stationid":21202,"stationname":"Sultanpalya Cross Pushpanjali Talkies","from":"Shivajinagara Bus Station","to":"Kaval Byrasandra","routeno":"112","distance_on_station":8.517,"centerlat":13.02215,"centerlong":77.60241,"responsecode":200,"isnotify":0,"vehicleDetails":[{"vehicleid":19374,"vehiclenumber":"KA01F4873","servicetypeid":72,"servicetype":"Non AC/Ordinary","centerlat":13.00211,"centerlong":77.598755,"eta":"2023-12-19 13:37:00","sch_arrivaltime":"13:47","sch_departuretime":"13:47","actual_arrivaltime":"","actual_departuretime":"","sch_tripstarttime":"13:25","sch_tripendtime":"13:25","lastlocationid":0,"currentlocationid":31376,"nextlocationid":0,"currentstop":null,"nextstop":null,"laststop":null,"stopCoveredStatus":0,"heading":303,"lastrefreshon":"19-12-2023 13:25:31","lastreceiveddatetimeflag":0,"tripposition":3},{"vehicleid":19587,"vehiclenumber":"KA57F2712","servicetypeid":72,"servicetype":"Non AC/Ordinary","centerlat":12.995505,"centerlong":77.6017,"eta":"2023-12-19 13:41:00","sch_arrivaltime":"14:02","sch_departuretime":"14:02","actual_arrivaltime":"","actual_departuretime":"","sch_tripstarttime":"13:40","sch_tripendtime":"13:40","lastlocationid":0,"currentlocationid":32204,"nextlocationid":0,"currentstop":null,"nextstop":null,"laststop":null,"stopCoveredStatus":0,"heading":106,"lastrefreshon":"19-12-2023 13:25:39","lastreceiveddatetimeflag":0,"tripposition":3}]},{"routeid":1770,"stationid":21074,"stationname":"P and T Quarters","from":"Shivajinagara Bus Station","to":"Kaval Byrasandra","routeno":"112","distance_on_station":8.773,"centerlat":13.02155,"centerlong":77.60454,"responsecode":200,"isnotify":0,"vehicleDetails":[{"vehicleid":19374,"vehiclenumber":"KA01F4873","servicetypeid":72,"servicetype":"Non AC/Ordinary","centerlat":13.00211,"centerlong":77.598755,"eta":"2023-12-19 13:38:00","sch_arrivaltime":"13:48","sch_departuretime":"13:48","actual_arrivaltime":"","actual_departuretime":"","sch_tripstarttime":"13:25","sch_tripendtime":"13:25","lastlocationid":0,"currentlocationid":31376,"nextlocationid":0,"currentstop":null,"nextstop":null,"laststop":null,"stopCoveredStatus":0,"heading":303,"lastrefreshon":"19-12-2023 13:25:31","lastreceiveddatetimeflag":0,"tripposition":3},{"vehicleid":19587,"vehiclenumber":"KA57F2712","servicetypeid":72,"servicetype":"Non AC/Ordinary","centerlat":12.995505,"centerlong":77.6017,"eta":"2023-12-19 13:42:00","sch_arrivaltime":"14:03","sch_departuretime":"14:03","actual_arrivaltime":"","actual_departuretime":"","sch_tripstarttime":"13:40","sch_tripendtime":"13:40","lastlocationid":0,"currentlocationid":32204,"nextlocationid":0,"currentstop":null,"nextstop":null,"laststop":null,"stopCoveredStatus":0,"heading":106,"lastrefreshon":"19-12-2023 13:25:39","lastreceiveddatetimeflag":0,"tripposition":3}]},{"routeid":1770,"stationid":20918,"stationname":"Kaval Byrasandra","from":"Shivajinagara Bus Station","to":"Kaval Byrasandra","routeno":"112","distance_on_station":9.4,"centerlat":13.01974,"centerlong":77.60769,"responsecode":200,"isnotify":0,"vehicleDetails":[{"vehicleid":19374,"vehiclenumber":"KA01F4873","servicetypeid":72,"servicetype":"Non AC/Ordinary","centerlat":13.00211,"centerlong":77.598755,"eta":"2023-12-19 13:39:00","sch_arrivaltime":"13:50","sch_departuretime":"13:50","actual_arrivaltime":"","actual_departuretime":"","sch_tripstarttime":"13:25","sch_tripendtime":"13:25","lastlocationid":0,"currentlocationid":31376,"nextlocationid":0,"currentstop":null,"nextstop":null,"laststop":null,"stopCoveredStatus":0,"heading":303,"lastrefreshon":"19-12-2023 13:25:31","lastreceiveddatetimeflag":0,"tripposition":1},{"vehicleid":19587,"vehiclenumber":"KA57F2712","servicetypeid":72,"servicetype":"Non AC/Ordinary","centerlat":12.995505,"centerlong":77.6017,"eta":"2023-12-19 13:43:00","sch_arrivaltime":"14:05","sch_departuretime":"14:05","actual_arrivaltime":"","actual_departuretime":"","sch_tripstarttime":"13:40","sch_tripendtime":"13:40","lastlocationid":0,"currentlocationid":32204,"nextlocationid":0,"currentstop":null,"nextstop":null,"laststop":null,"stopCoveredStatus":0,"heading":106,"lastrefreshon":"19-12-2023 13:25:39","lastreceiveddatetimeflag":0,"tripposition":1}]}],"mapData":[{"vehicleid":19587,"vehiclenumber":"KA57F2712","servicetypeid":72,"servicetype":"Non AC/Ordinary","centerlat":12.995505,"centerlong":77.6017,"eta":"2023-12-19 13:43:00","sch_arrivaltime":"14:05","sch_departuretime":"14:05","actual_arrivaltime":"","actual_departuretime":"","sch_tripstarttime":"13:40","sch_tripendtime":"13:40","lastlocationid":0,"currentlocationid":32204,"nextlocationid":0,"currentstop":null,"nextstop":null,"laststop":null,"stopCoveredStatus":0,"heading":106,"lastrefreshon":"19-12-2023 13:25:39","lastreceiveddatetimeflag":0,"tripposition":1},{"vehicleid":19374,"vehiclenumber":"KA01F4873","servicetypeid":72,"servicetype":"Non AC/Ordinary","centerlat":13.00211,"centerlong":77.598755,"eta":"2023-12-19 13:39:00","sch_arrivaltime":"13:50","sch_departuretime":"13:50","actual_arrivaltime":"","actual_departuretime":"","sch_tripstarttime":"13:25","sch_tripendtime":"13:25","lastlocationid":0,"currentlocationid":31376,"nextlocationid":0,"currentstop":null,"nextstop":null,"laststop":null,"stopCoveredStatus":0,"heading":303,"lastrefreshon":"19-12-2023 13:25:31","lastreceiveddatetimeflag":0,"tripposition":1}]},"down":{"data":[{"routeid":1771,"stationid":20918,"stationname":"Kaval Byrasandra","from":"Kaval Byrasandra","to":"Shivajinagara Bus Station","routeno":"112","distance_on_station":0,"centerlat":13.01974,"centerlong":77.60769,"responsecode":200,"isnotify":0,"vehicleDetails":[{"vehicleid":19611,"vehiclenumber":"KA57F2805","servicetypeid":72,"servicetype":"Non AC/Ordinary","centerlat":12.999613,"centerlong":77.599968,"eta":"","sch_arrivaltime":"13:30","sch_departuretime":"13:30","actual_arrivaltime":"13:07","actual_departuretime":"13:07","sch_tripstarttime":"13:30","sch_tripendtime":"13:30","lastlocationid":0,"currentlocationid":34092,"nextlocationid":0,"currentstop":null,"nextstop":null,"laststop":null,"stopCoveredStatus":1,"heading":149,"lastrefreshon":"19-12-2023 13:25:51","lastreceiveddatetimeflag":0,"tripposition":1}]},{"routeid":1771,"stationid":21073,"stationname":"P and T Quarters","from":"Kaval Byrasandra","to":"Shivajinagara Bus Station","routeno":"112","distance_on_station":0.614,"centerlat":13.0215,"centerlong":77.6046,"responsecode":200,"isnotify":0,"vehicleDetails":[{"vehicleid":19611,"vehiclenumber":"KA57F2805","servicetypeid":72,"servicetype":"Non AC/Ordinary","centerlat":12.999613,"centerlong":77.599968,"eta":"","sch_arrivaltime":"13:32","sch_departuretime":"13:32","actual_arrivaltime":"13:09","actual_departuretime":"13:10","sch_tripstarttime":"13:30","sch_tripendtime":"13:30","lastlocationid":0,"currentlocationid":34092,"nextlocationid":0,"currentstop":null,"nextstop":null,"laststop":null,"stopCoveredStatus":1,"heading":149,"lastrefreshon":"19-12-2023 13:25:51","lastreceiveddatetimeflag":0,"tripposition":1}]},{"routeid":1771,"stationid":21201,"stationname":"Sultanpalya Cross Pushpanjali Talkies","from":"Kaval Byrasandra","to":"Shivajinagara Bus Station","routeno":"112","distance_on_station":0.894,"centerlat":13.02211,"centerlong":77.60242,"responsecode":200,"isnotify":0,"vehicleDetails":[{"vehicleid":19611,"vehiclenumber":"KA57F2805","servicetypeid":72,"servicetype":"Non AC/Ordinary","centerlat":12.999613,"centerlong":77.599968,"eta":"","sch_arrivaltime":"13:33","sch_departuretime":"13:33","actual_arrivaltime":"13:10","actual_departuretime":"13:11","sch_tripstarttime":"13:30","sch_tripendtime":"13:30","lastlocationid":0,"currentlocationid":34092,"nextlocationid":0,"currentstop":null,"nextstop":null,"laststop":null,"stopCoveredStatus":1,"heading":149,"lastrefreshon":"19-12-2023 13:25:51","lastreceiveddatetimeflag":0,"tripposition":1}]},{"routeid":1771,"stationid":20760,"stationname":"Dinnur Main Road","from":"Kaval Byrasandra","to":"Shivajinagara Bus Station","routeno":"112","distance_on_station":1.357,"centerlat":13.02395,"centerlong":77.5989,"responsecode":200,"isnotify":0,"vehicleDetails":[{"vehicleid":19611,"vehiclenumber":"KA57F2805","servicetypeid":72,"servicetype":"Non AC/Ordinary","centerlat":12.999613,"centerlong":77.599968,"eta":"","sch_arrivaltime":"13:34","sch_departuretime":"13:34","actual_arrivaltime":"13:12","actual_departuretime":"13:13","sch_tripstarttime":"13:30","sch_tripendtime":"13:30","lastlocationid":0,"currentlocationid":34092,"nextlocationid":0,"currentstop":null,"nextstop":null,"laststop":null,"stopCoveredStatus":1,"heading":149,"lastrefreshon":"19-12-2023 13:25:51","lastreceiveddatetimeflag":0,"tripposition":1}]},{"routeid":1771,"stationid":20834,"stationname":"HMT Layout R T Nagara","from":"Kaval Byrasandra","to":"Shivajinagara Bus Station","routeno":"112","distance_on_station":1.852,"centerlat":13.02465,"centerlong":77.59481,"responsecode":200,"isnotify":0,"vehicleDetails":[{"vehicleid":19611,"vehiclenumber":"KA57F2805","servicetypeid":72,"servicetype":"Non AC/Ordinary","centerlat":12.999613,"centerlong":77.599968,"eta":"","sch_arrivaltime":"13:35","sch_departuretime":"13:35","actual_arrivaltime":"13:14","actual_departuretime":"13:14","sch_tripstarttime":"13:30","sch_tripendtime":"13:30","lastlocationid":0,"currentlocationid":34092,"nextlocationid":0,"currentstop":null,"nextstop":null,"laststop":null,"stopCoveredStatus":1,"heading":149,"lastrefreshon":"19-12-2023 13:25:51","lastreceiveddatetimeflag":0,"tripposition":1}]},{"routeid":1771,"stationid":23786,"stationname":"R T Nagara Police Station","from":"Kaval Byrasandra","to":"Shivajinagara Bus Station","routeno":"112","distance_on_station":2.154,"centerlat":13.02424,"centerlong":77.59288,"responsecode":200,"isnotify":0,"vehicleDetails":[{"vehicleid":19611,"vehiclenumber":"KA57F2805","servicetypeid":72,"servicetype":"Non AC/Ordinary","centerlat":12.999613,"centerlong":77.599968,"eta":"","sch_arrivaltime":"13:37","sch_departuretime":"13:37","actual_arrivaltime":"13:15","actual_departuretime":"13:15","sch_tripstarttime":"13:30","sch_tripendtime":"13:30","lastlocationid":0,"currentlocationid":34092,"nextlocationid":0,"currentstop":null,"nextstop":null,"laststop":null,"stopCoveredStatus":1,"heading":149,"lastrefreshon":"19-12-2023 13:25:51","lastreceiveddatetimeflag":0,"tripposition":1}]},{"routeid":1771,"stationid":23787,"stationname":"RTN Post Office","from":"Kaval Byrasandra","to":"Shivajinagara Bus Station","routeno":"112","distance_on_station":2.466,"centerlat":13.022,"centerlong":77.59251,"responsecode":200,"isnotify":0,"vehicleDetails":[{"vehicleid":19611,"vehiclenumber":"KA57F2805","servicetypeid":72,"servicetype":"Non AC/Ordinary","centerlat":12.999613,"centerlong":77.599968,"eta":"","sch_arrivaltime":"13:38","sch_departuretime":"13:38","actual_arrivaltime":"13:16","actual_departuretime":"13:16","sch_tripstarttime":"13:30","sch_tripendtime":"13:30","lastlocationid":0,"currentlocationid":34092,"nextlocationid":0,"currentstop":null,"nextstop":null,"laststop":null,"stopCoveredStatus":1,"heading":149,"lastrefreshon":"19-12-2023 13:25:51","lastreceiveddatetimeflag":0,"tripposition":1}]},{"routeid":1771,"stationid":23788,"stationname":"Rahamathnagara","from":"Kaval Byrasandra","to":"Shivajinagara Bus Station","routeno":"112","distance_on_station":2.972,"centerlat":13.01755,"centerlong":77.5919,"responsecode":200,"isnotify":0,"vehicleDetails":[{"vehicleid":19611,"vehiclenumber":"KA57F2805","servicetypeid":72,"servicetype":"Non AC/Ordinary","centerlat":12.999613,"centerlong":77.599968,"eta":"","sch_arrivaltime":"13:39","sch_departuretime":"13:39","actual_arrivaltime":"13:18","actual_departuretime":"13:18","sch_tripstarttime":"13:30","sch_tripendtime":"13:30","lastlocationid":0,"currentlocationid":34092,"nextlocationid":0,"currentstop":null,"nextstop":null,"laststop":null,"stopCoveredStatus":1,"heading":149,"lastrefreshon":"19-12-2023 13:25:51","lastreceiveddatetimeflag":0,"tripposition":1}]},{"routeid":1771,"stationid":23789,"stationname":"Matadahalli","from":"Kaval Byrasandra","to":"Shivajinagara Bus Station","routeno":"112","distance_on_station":3.565,"centerlat":13.01366,"centerlong":77.59365,"responsecode":200,"isnotify":0,"vehicleDetails":[{"vehicleid":19611,"vehiclenumber":"KA57F2805","servicetypeid":72,"servicetype":"Non AC/Ordinary","centerlat":12.999613,"centerlong":77.599968,"eta":"","sch_arrivaltime":"13:40","sch_departuretime":"13:40","actual_arrivaltime":"13:20","actual_departuretime":"13:20","sch_tripstarttime":"13:30","sch_tripendtime":"13:30","lastlocationid":0,"currentlocationid":34092,"nextlocationid":0,"currentstop":null,"nextstop":null,"laststop":null,"stopCoveredStatus":1,"heading":149,"lastrefreshon":"19-12-2023 13:25:51","lastreceiveddatetimeflag":0,"tripposition":1}]},{"routeid":1771,"stationid":24172,"stationname":"C Q A L","from":"Kaval Byrasandra","to":"Shivajinagara Bus Station","routeno":"112","distance_on_station":4.114,"centerlat":13.01175,"centerlong":77.59331,"responsecode":200,"isnotify":0,"vehicleDetails":[{"vehicleid":19611,"vehiclenumber":"KA57F2805","servicetypeid":72,"servicetype":"Non AC/Ordinary","centerlat":12.999613,"centerlong":77.599968,"eta":"","sch_arrivaltime":"13:41","sch_departuretime":"13:41","actual_arrivaltime":"13:21","actual_departuretime":"13:21","sch_tripstarttime":"13:30","sch_tripendtime":"13:30","lastlocationid":0,"currentlocationid":34092,"nextlocationid":0,"currentstop":null,"nextstop":null,"laststop":null,"stopCoveredStatus":1,"heading":149,"lastrefreshon":"19-12-2023 13:25:51","lastreceiveddatetimeflag":0,"tripposition":1}]},{"routeid":1771,"stationid":23790,"stationname":"TV Tower","from":"Kaval Byrasandra","to":"Shivajinagara Bus Station","routeno":"112","distance_on_station":4.308,"centerlat":13.00978,"centerlong":77.59078,"responsecode":200,"isnotify":0,"vehicleDetails":[{"vehicleid":19611,"vehiclenumber":"KA57F2805","servicetypeid":72,"servicetype":"Non AC/Ordinary","centerlat":12.999613,"centerlong":77.599968,"eta":"","sch_arrivaltime":"13:42","sch_departuretime":"13:42","actual_arrivaltime":"13:22","actual_departuretime":"13:22","sch_tripstarttime":"13:30","sch_tripendtime":"13:30","lastlocationid":0,"currentlocationid":34092,"nextlocationid":0,"currentstop":null,"nextstop":null,"laststop":null,"stopCoveredStatus":1,"heading":149,"lastrefreshon":"19-12-2023 13:25:51","lastreceiveddatetimeflag":0,"tripposition":1}]},{"routeid":1771,"stationid":23791,"stationname":"Munireddy Palya J C Nagara","from":"Kaval Byrasandra","to":"Shivajinagara Bus Station","routeno":"112","distance_on_station":4.835,"centerlat":13.00676,"centerlong":77.59276,"responsecode":200,"isnotify":0,"vehicleDetails":[{"vehicleid":19611,"vehiclenumber":"KA57F2805","servicetypeid":72,"servicetype":"Non AC/Ordinary","centerlat":12.999613,"centerlong":77.599968,"eta":"","sch_arrivaltime":"13:43","sch_departuretime":"13:43","actual_arrivaltime":"13:22","actual_departuretime":"13:23","sch_tripstarttime":"13:30","sch_tripendtime":"13:30","lastlocationid":0,"currentlocationid":34092,"nextlocationid":0,"currentstop":null,"nextstop":null,"laststop":null,"stopCoveredStatus":1,"heading":149,"lastrefreshon":"19-12-2023 13:25:51","lastreceiveddatetimeflag":0,"tripposition":1}]},{"routeid":1771,"stationid":26299,"stationname":"Jayamahal Extension","from":"Kaval Byrasandra","to":"Shivajinagara Bus Station","routeno":"112","distance_on_station":5.665,"centerlat":13.00206,"centerlong":77.59873,"responsecode":200,"isnotify":0,"vehicleDetails":[{"vehicleid":19611,"vehiclenumber":"KA57F2805","servicetypeid":72,"servicetype":"Non AC/Ordinary","centerlat":12.999613,"centerlong":77.599968,"eta":"2023-12-19 13:25:00","sch_arrivaltime":"13:45","sch_departuretime":"13:45","actual_arrivaltime":"13:24","actual_departuretime":"13:25","sch_tripstarttime":"13:30","sch_tripendtime":"13:30","lastlocationid":0,"currentlocationid":34092,"nextlocationid":0,"currentstop":null,"nextstop":null,"laststop":null,"stopCoveredStatus":1,"heading":149,"lastrefreshon":"19-12-2023 13:25:51","lastreceiveddatetimeflag":0,"tripposition":1}]},{"routeid":1771,"stationid":34092,"stationname":"Nandidurga Road","from":"Kaval Byrasandra","to":"Shivajinagara Bus Station","routeno":"112","distance_on_station":5.858,"centerlat":13.00075,"centerlong":77.59959,"responsecode":200,"isnotify":0,"vehicleDetails":[{"vehicleid":19611,"vehiclenumber":"KA57F2805","servicetypeid":72,"servicetype":"Non AC/Ordinary","centerlat":12.999613,"centerlong":77.599968,"eta":"2023-12-19 13:26:00","sch_arrivaltime":"13:46","sch_departuretime":"13:46","actual_arrivaltime":"13:25","actual_departuretime":"13:25","sch_tripstarttime":"13:30","sch_tripendtime":"13:30","lastlocationid":0,"currentlocationid":34092,"nextlocationid":0,"currentstop":null,"nextstop":null,"laststop":null,"stopCoveredStatus":1,"heading":149,"lastrefreshon":"19-12-2023 13:25:51","lastreceiveddatetimeflag":0,"tripposition":1}]},{"routeid":1771,"stationid":30350,"stationname":"Canara Bank Millers Road","from":"Kaval Byrasandra","to":"Shivajinagara Bus Station","routeno":"112","distance_on_station":6.58,"centerlat":12.99549,"centerlong":77.60169,"responsecode":200,"isnotify":0,"vehicleDetails":[{"vehicleid":19611,"vehiclenumber":"KA57F2805","servicetypeid":72,"servicetype":"Non AC/Ordinary","centerlat":12.999613,"centerlong":77.599968,"eta":"2023-12-19 13:27:00","sch_arrivaltime":"13:49","sch_departuretime":"13:49","actual_arrivaltime":"","actual_departuretime":"","sch_tripstarttime":"13:30","sch_tripendtime":"13:30","lastlocationid":0,"currentlocationid":34092,"nextlocationid":0,"currentstop":null,"nextstop":null,"laststop":null,"stopCoveredStatus":0,"heading":149,"lastrefreshon":"19-12-2023 13:25:51","lastreceiveddatetimeflag":0,"tripposition":3}]},{"routeid":1771,"stationid":21805,"stationname":"Cantonment Railway Station","from":"Kaval Byrasandra","to":"Shivajinagara Bus Station","routeno":"112","distance_on_station":7.409,"centerlat":12.99384,"centerlong":77.59712,"responsecode":200,"isnotify":0,"vehicleDetails":[{"vehicleid":19611,"vehiclenumber":"KA57F2805","servicetypeid":72,"servicetype":"Non AC/Ordinary","centerlat":12.999613,"centerlong":77.599968,"eta":"2023-12-19 13:29:00","sch_arrivaltime":"13:50","sch_departuretime":"13:50","actual_arrivaltime":"","actual_departuretime":"","sch_tripstarttime":"13:30","sch_tripendtime":"13:30","lastlocationid":0,"currentlocationid":34092,"nextlocationid":0,"currentstop":null,"nextstop":null,"laststop":null,"stopCoveredStatus":0,"heading":149,"lastrefreshon":"19-12-2023 13:25:51","lastreceiveddatetimeflag":0,"tripposition":3}]},{"routeid":1771,"stationid":21868,"stationname":"CSI Hospital","from":"Kaval Byrasandra","to":"Shivajinagara Bus Station","routeno":"112","distance_on_station":8.098,"centerlat":12.98983,"centerlong":77.59938,"responsecode":200,"isnotify":0,"vehicleDetails":[{"vehicleid":19611,"vehiclenumber":"KA57F2805","servicetypeid":72,"servicetype":"Non AC/Ordinary","centerlat":12.999613,"centerlong":77.599968,"eta":"2023-12-19 13:31:00","sch_arrivaltime":"13:52","sch_departuretime":"13:52","actual_arrivaltime":"","actual_departuretime":"","sch_tripstarttime":"13:30","sch_tripendtime":"13:30","lastlocationid":0,"currentlocationid":34092,"nextlocationid":0,"currentstop":null,"nextstop":null,"laststop":null,"stopCoveredStatus":0,"heading":149,"lastrefreshon":"19-12-2023 13:25:51","lastreceiveddatetimeflag":0,"tripposition":3}]},{"routeid":1771,"stationid":20855,"stationname":"Indian Express","from":"Kaval Byrasandra","to":"Shivajinagara Bus Station","routeno":"112","distance_on_station":8.928,"centerlat":12.98408,"centerlong":77.59827,"responsecode":200,"isnotify":0,"vehicleDetails":[{"vehicleid":19611,"vehiclenumber":"KA57F2805","servicetypeid":72,"servicetype":"Non AC/Ordinary","centerlat":12.999613,"centerlong":77.599968,"eta":"2023-12-19 13:33:00","sch_arrivaltime":"13:54","sch_departuretime":"13:54","actual_arrivaltime":"","actual_departuretime":"","sch_tripstarttime":"13:30","sch_tripendtime":"13:30","lastlocationid":0,"currentlocationid":34092,"nextlocationid":0,"currentstop":null,"nextstop":null,"laststop":null,"stopCoveredStatus":0,"heading":149,"lastrefreshon":"19-12-2023 13:25:51","lastreceiveddatetimeflag":0,"tripposition":3}]},{"routeid":1771,"stationid":21173,"stationname":"Shivajinagara Bus Station","from":"Kaval Byrasandra","to":"Shivajinagara Bus Station","routeno":"112","distance_on_station":9.8,"centerlat":12.98328,"centerlong":77.60304,"responsecode":200,"isnotify":0,"vehicleDetails":[{"vehicleid":19611,"vehiclenumber":"KA57F2805","servicetypeid":72,"servicetype":"Non AC/Ordinary","centerlat":12.999613,"centerlong":77.599968,"eta":"2023-12-19 13:35:00","sch_arrivaltime":"13:59","sch_departuretime":"13:59","actual_arrivaltime":"","actual_departuretime":"","sch_tripstarttime":"13:30","sch_tripendtime":"13:30","lastlocationid":0,"currentlocationid":34092,"nextlocationid":0,"currentstop":null,"nextstop":null,"laststop":null,"stopCoveredStatus":0,"heading":149,"lastrefreshon":"19-12-2023 13:25:51","lastreceiveddatetimeflag":0,"tripposition":1}]}],"mapData":[{"vehicleid":19611,"vehiclenumber":"KA57F2805","servicetypeid":72,"servicetype":"Non AC/Ordinary","centerlat":12.999613,"centerlong":77.599968,"eta":"2023-12-19 13:35:00","sch_arrivaltime":"13:59","sch_departuretime":"13:59","actual_arrivaltime":"","actual_departuretime":"","sch_tripstarttime":"13:30","sch_tripendtime":"13:30","lastlocationid":0,"currentlocationid":34092,"nextlocationid":0,"currentstop":null,"nextstop":null,"laststop":null,"stopCoveredStatus":0,"heading":149,"lastrefreshon":"19-12-2023 13:25:51","lastreceiveddatetimeflag":0,"tripposition":1}]},"message":"Success","issuccess":true,"exception":null,"rowCount":0,"responsecode":200}