{"up":{"data":[{"routeid":1664,"stationid":20921,"stationname":"Kempegowda Bus Station","from":"Kempegowda Bus Station","to":"Shivajinagara Bus Station","routeno":"129","distance_on_station":0,"centerlat":12.97751,"centerlong":77.57141,"responsecode":200,"isnotify":0,"vehicleDetails":[]},{"routeid":1664,"stationid":20981,"stationname":"Maharani College","from":"Kempegowda Bus Station","to":"Shivajinagara Bus Station","routeno":"129","distance_on_station":0,"centerlat":12.97703,"centerlong":77.5858,"responsecode":200,"isnotify":0,"vehicleDetails":[]},{"routeid":1664,"stationid":21259,"stationname":"Vidhana Soudha Karnataka High Court","from":"Kempegowda Bus Station","to":"Shivajinagara Bus Station","routeno":"129","distance_on_station":0,"centerlat":12.9802,"centerlong":77.59296,"responsecode":200,"isnotify":0,"vehicleDetails":[]},{"routeid":1664,"stationid":21525,"stationname":"GPO","from":"Kempegowda Bus Station","to":"Shivajinagara Bus Station","routeno":"129","distance_on_station":0,"centerlat":12.98136,"centerlong":77.59408,"responsecode":200,"isnotify":0,"vehicleDetails":[]},{"routeid":1664,"stationid":20855,"stationname":"Indian Express","from":"Kempegowda Bus Station","to":"Shivajinagara Bus Station","routeno":"129","distance_on_station":0,"centerlat":12.98408,"centerlong":77.59827,"responsecode":200,"isnotify":0,"vehicleDetails":[]},{"routeid":1664,"stationid":21173,"stationname":"Shivajinagara Bus Station","from":"Kempegowda Bus Station","to":"Shivajinagara Bus Station","routeno":"129","distance_on_station":0,"centerlat":12.98328,"centerlong":77.60304,"responsecode":200,"isnotify":0,"vehicleDetails":[]}],"mapData":[]},"down":{"data":[{"routeid":1668,"stationid":21172,"stationname":"Shivajinagara Bus Station","from":"Shivajinagara Bus Station","to":"Kempegowda Bus Station","routeno":"129","distance_on_station":0,"centerlat":12.98396,"centerlong":77.60323,"responsecode":200,"isnotify":0,"vehicleDetails":[]},{"routeid":1668,"stationid":35138,"stationname":"Indian Express","from":"Shivajinagara Bus Station","to":"Kempegowda Bus Station","routeno":"129","distance_on_station":0,"centerlat":12.98362,"centerlong":77.59646,"responsecode":200,"isnotify":0,"vehicleDetails":[]},{"routeid":1668,"stationid":20799,"stationname":"GPO","from":"Shivajinagara Bus Station","to":"Kempegowda Bus Station","routeno":"129","distance_on_station":0,"centerlat":12.98137,"centerlong":77.59436,"responsecode":200,"isnotify":0,"vehicleDetails":[]},{"routeid":1668,"stationid":21258,"stationname":"Vidhana Soudha Karnataka High Court","from":"Shivajinagara Bus Station","to":"Kempegowda Bus Station","routeno":"129","distance_on_station":0,"centerlat":12.97821,"centerlong":77.59135,"responsecode":200,"isnotify":0,"vehicleDetails":[]},{"routeid":1668,"stationid":38026,"stationname":"MS Building","from":"Shivajinagara Bus Station","to":"Kempegowda Bus Station","routeno":"129","distance_on_station":0,"centerlat":12.97677,"centerlong":77.58922,"responsecode":200,"isnotify":0,"vehicleDetails":[]},{"routeid":1668,"stationid":20983,"stationname":"Maharani College","from":"Shivajinagara Bus Station","to":"Kempegowda Bus Station","routeno":"129","distance_on_station":0,"centerlat":12.97697,"centerlong":77.58567,"responsecode":200,"isnotify":0,"vehicleDetails":[]},{"routeid":1668,"stationid":20697,"stationname":"Cauvery Bhavana","from":"Shivajinagara Bus Station","to":"Kempegowda Bus Station","routeno":"129","distance_on_station":0,"centerlat":12.97372,"centerlong":77.58157,"responsecode":200,"isnotify":0,"vehicleDetails":[]},{"routeid":1668,"stationid":20922,"stationname":"Kempegowda Bus Station","from":"Shivajinagara Bus Station","to":"Kempegowda Bus Station","routeno":"129","distance_on_station":0,"centerlat":12.97749,"centerlong":77.57327,"responsecode":200,"isnotify":0,"vehicleDetails":[]}],"mapData":[]},"message":"Success","issuccess":true,"exception":null,"rowCount":0,"responsecode":200}