{"up":{"data":[],"mapData":[]},"down":{"data":[{"routeid":8281,"stationid":20623,"stationname":"Banashankari Bus Station","from":"Banashankari Bus Station","to":"Sanjay Gandhi Hospital","routeno":"13 SGH-BSK","distance_on_station":0,"centerlat":12.91779,"centerlong":77.57272,"responsecode":200,"isnotify":0,"vehicleDetails":[{"vehicleid":15111,"vehiclenumber":"KA57F0340","servicetypeid":72,"servicetype":"Non AC/Ordinary","centerlat":12.924941,"centerlong":77.592827,"eta":"","sch_arrivaltime":"18:20","sch_departuretime":"18:20","actual_arrivaltime":"18:08","actual_departuretime":"18:08","sch_tripstarttime":"18:20","sch_tripendtime":"18:20","lastlocationid":0,"currentlocationid":35099,"nextlocationid":0,"currentstop":null,"nextstop":null,"laststop":null,"stopCoveredStatus":1,"heading":102,"lastrefreshon":"07-02-2024 18:38:39","lastreceiveddatetimeflag":1,"tripposition":1}]},{"routeid":8281,"stationid":21149,"stationname":"Sangam Circle","from":"Banashankari Bus Station","to":"Sanjay Gandhi Hospital","routeno":"13 SGH-BSK","distance_on_station":0.239,"centerlat":12.91763,"centerlong":77.57733,"responsecode":200,"isnotify":0,"vehicleDetails":[{"vehicleid":15111,"vehiclenumber":"KA57F0340","servicetypeid":72,"servicetype":"Non AC/Ordinary","centerlat":12.924941,"centerlong":77.592827,"eta":"","sch_arrivaltime":"18:23","sch_departuretime":"18:23","actual_arrivaltime":"18:09","actual_departuretime":"18:09","sch_tripstarttime":"18:20","sch_tripendtime":"18:20","lastlocationid":0,"currentlocationid":35099,"nextlocationid":0,"currentstop":null,"nextstop":null,"laststop":null,"stopCoveredStatus":1,"heading":102,"lastrefreshon":"07-02-2024 18:38:39","lastreceiveddatetimeflag":1,"tripposition":1}]},{"routeid":8281,"stationid":21448,"stationname":"Jayanagara 40th Cross","from":"Banashankari Bus Station","to":"Sanjay Gandhi Hospital","routeno":"13 SGH-BSK","distance_on_station":0.543,"centerlat":12.91991,"centerlong":77.58062,"responsecode":200,"isnotify":0,"vehicleDetails":[{"vehicleid":15111,"vehiclenumber":"KA57F0340","servicetypeid":72,"servicetype":"Non AC/Ordinary","centerlat":12.924941,"centerlong":77.592827,"eta":"","sch_arrivaltime":"18:25","sch_departuretime":"18:25","actual_arrivaltime":"","actual_departuretime":"","sch_tripstarttime":"18:20","sch_tripendtime":"18:20","lastlocationid":0,"currentlocationid":35099,"nextlocationid":0,"currentstop":null,"nextstop":null,"laststop":null,"stopCoveredStatus":1,"heading":102,"lastrefreshon":"07-02-2024 18:38:39","lastreceiveddatetimeflag":1,"tripposition":3}]},{"routeid":8281,"stationid":21444,"stationname":"Jayanagara 38th Cross","from":"Banashankari Bus Station","to":"Sanjay Gandhi Hospital","routeno":"13 SGH-BSK","distance_on_station":0.777,"centerlat":12.92146,"centerlong":77.58365,"responsecode":200,"isnotify":0,"vehicleDetails":[{"vehicleid":15111,"vehiclenumber":"KA57F0340","servicetypeid":72,"servicetype":"Non AC/Ordinary","centerlat":12.924941,"centerlong":77.592827,"eta":"","sch_arrivaltime":"18:26","sch_departuretime":"18:26","actual_arrivaltime":"","actual_departuretime":"","sch_tripstarttime":"18:20","sch_tripendtime":"18:20","lastlocationid":0,"currentlocationid":35099,"nextlocationid":0,"currentstop":null,"nextstop":null,"laststop":null,"stopCoveredStatus":1,"heading":102,"lastrefreshon":"07-02-2024 18:38:39","lastreceiveddatetimeflag":1,"tripposition":3}]},{"routeid":8281,"stationid":21542,"stationname":"Jayanagara Telephone Exchange","from":"Banashankari Bus Station","to":"Sanjay Gandhi Hospital","routeno":"13 SGH-BSK","distance_on_station":0.892,"centerlat":12.92374,"centerlong":77.58374,"responsecode":200,"isnotify":0,"vehicleDetails":[{"vehicleid":15111,"vehiclenumber":"KA57F0340","servicetypeid":72,"servicetype":"Non AC/Ordinary","centerlat":12.924941,"centerlong":77.592827,"eta":"","sch_arrivaltime":"18:27","sch_departuretime":"18:27","actual_arrivaltime":"","actual_departuretime":"","sch_tripstarttime":"18:20","sch_tripendtime":"18:20","lastlocationid":0,"currentlocationid":35099,"nextlocationid":0,"currentstop":null,"nextstop":null,"laststop":null,"stopCoveredStatus":1,"heading":102,"lastrefreshon":"07-02-2024 18:38:39","lastreceiveddatetimeflag":1,"tripposition":3}]},{"routeid":8281,"stationid":21544,"stationname":"Jayanagara Bus Station","from":"Banashankari Bus Station","to":"Sanjay Gandhi Hospital","routeno":"13 SGH-BSK","distance_on_station":1.357,"centerlat":12.92852,"centerlong":77.58418,"responsecode":200,"isnotify":0,"vehicleDetails":[{"vehicleid":15111,"vehiclenumber":"KA57F0340","servicetypeid":72,"servicetype":"Non AC/Ordinary","centerlat":12.924941,"centerlong":77.592827,"eta":"","sch_arrivaltime":"18:31","sch_departuretime":"18:31","actual_arrivaltime":"","actual_departuretime":"","sch_tripstarttime":"18:20","sch_tripendtime":"18:20","lastlocationid":0,"currentlocationid":35099,"nextlocationid":0,"currentstop":null,"nextstop":null,"laststop":null,"stopCoveredStatus":1,"heading":102,"lastrefreshon":"07-02-2024 18:38:39","lastreceiveddatetimeflag":1,"tripposition":3}]},{"routeid":8281,"stationid":21446,"stationname":"3rd Block Jayanagara","from":"Banashankari Bus Station","to":"Sanjay Gandhi Hospital","routeno":"13 SGH-BSK","distance_on_station":1.532,"centerlat":12.9318,"centerlong":77.58392,"responsecode":200,"isnotify":0,"vehicleDetails":[{"vehicleid":15111,"vehiclenumber":"KA57F0340","servicetypeid":72,"servicetype":"Non AC/Ordinary","centerlat":12.924941,"centerlong":77.592827,"eta":"","sch_arrivaltime":"18:33","sch_departuretime":"18:33","actual_arrivaltime":"","actual_departuretime":"","sch_tripstarttime":"18:20","sch_tripendtime":"18:20","lastlocationid":0,"currentlocationid":35099,"nextlocationid":0,"currentstop":null,"nextstop":null,"laststop":null,"stopCoveredStatus":1,"heading":102,"lastrefreshon":"07-02-2024 18:38:39","lastreceiveddatetimeflag":1,"tripposition":3}]},{"routeid":8281,"stationid":23691,"stationname":"Jayanagara 4th Block","from":"Banashankari Bus Station","to":"Sanjay Gandhi Hospital","routeno":"13 SGH-BSK","distance_on_station":1.881,"centerlat":12.92915,"centerlong":77.58602,"responsecode":200,"isnotify":0,"vehicleDetails":[{"vehicleid":15111,"vehiclenumber":"KA57F0340","servicetypeid":72,"servicetype":"Non AC/Ordinary","centerlat":12.924941,"centerlong":77.592827,"eta":"","sch_arrivaltime":"18:36","sch_departuretime":"18:36","actual_arrivaltime":"18:24","actual_departuretime":"18:24","sch_tripstarttime":"18:20","sch_tripendtime":"18:20","lastlocationid":0,"currentlocationid":35099,"nextlocationid":0,"currentstop":null,"nextstop":null,"laststop":null,"stopCoveredStatus":1,"heading":102,"lastrefreshon":"07-02-2024 18:38:39","lastreceiveddatetimeflag":1,"tripposition":1}]},{"routeid":8281,"stationid":35099,"stationname":"Sanjay Gandhi Hospital","from":"Banashankari Bus Station","to":"Sanjay Gandhi Hospital","routeno":"13 SGH-BSK","distance_on_station":2.3,"centerlat":12.92707,"centerlong":77.59309,"responsecode":200,"isnotify":0,"vehicleDetails":[{"vehicleid":15111,"vehiclenumber":"KA57F0340","servicetypeid":72,"servicetype":"Non AC/Ordinary","centerlat":12.924941,"centerlong":77.592827,"eta":"","sch_arrivaltime":"18:39","sch_departuretime":"18:39","actual_arrivaltime":"","actual_departuretime":"","sch_tripstarttime":"18:20","sch_tripendtime":"18:20","lastlocationid":0,"currentlocationid":35099,"nextlocationid":0,"currentstop":null,"nextstop":null,"laststop":null,"stopCoveredStatus":0,"heading":102,"lastrefreshon":"07-02-2024 18:38:39","lastreceiveddatetimeflag":1,"tripposition":1}]}],"mapData":[{"vehicleid":15111,"vehiclenumber":"KA57F0340","servicetypeid":72,"servicetype":"Non AC/Ordinary","centerlat":12.924941,"centerlong":77.592827,"eta":"","sch_arrivaltime":"18:39","sch_departuretime":"18:39","actual_arrivaltime":"","actual_departuretime":"","sch_tripstarttime":"18:20","sch_tripendtime":"18:20","lastlocationid":0,"currentlocationid":35099,"nextlocationid":0,"currentstop":null,"nextstop":null,"laststop":null,"stopCoveredStatus":0,"heading":102,"lastrefreshon":"07-02-2024 18:38:39","lastreceiveddatetimeflag":1,"tripposition":1}]},"message":"Success","issuccess":true,"exception":null,"rowCount":0,"responsecode":200}