{"up":{"data":[{"routeid":2879,"stationid":35285,"stationname":"Sultan palya","from":"Sultan palya","to":"JHBCS Layout","routeno":"13-S","distance_on_station":0,"centerlat":13.02654,"centerlong":77.60409,"responsecode":200,"isnotify":0,"vehicleDetails":[{"vehicleid":19439,"vehiclenumber":"KA01FA2347","servicetypeid":72,"servicetype":"Non AC/Ordinary","centerlat":12.91321,"centerlong":77.567207,"eta":"","sch_arrivaltime":"09:20","sch_departuretime":"09:20","actual_arrivaltime":"10:18","actual_departuretime":"10:18","sch_tripstarttime":"09:20","sch_tripendtime":"09:20","lastlocationid":0,"currentlocationid":20897,"nextlocationid":0,"currentstop":null,"nextstop":null,"laststop":null,"stopCoveredStatus":1,"heading":161,"lastrefreshon":"21-12-2023 11:54:55","lastreceiveddatetimeflag":0,"tripposition":1}]},{"routeid":2879,"stationid":23197,"stationname":"Ashwathkatte Sultanpalya","from":"Sultan palya","to":"JHBCS Layout","routeno":"13-S","distance_on_station":0.261,"centerlat":13.02459,"centerlong":77.60346,"responsecode":200,"isnotify":0,"vehicleDetails":[{"vehicleid":19439,"vehiclenumber":"KA01FA2347","servicetypeid":72,"servicetype":"Non AC/Ordinary","centerlat":12.91321,"centerlong":77.567207,"eta":"","sch_arrivaltime":"09:21","sch_departuretime":"09:21","actual_arrivaltime":"10:19","actual_departuretime":"10:37","sch_tripstarttime":"09:20","sch_tripendtime":"09:20","lastlocationid":0,"currentlocationid":20897,"nextlocationid":0,"currentstop":null,"nextstop":null,"laststop":null,"stopCoveredStatus":1,"heading":161,"lastrefreshon":"21-12-2023 11:54:55","lastreceiveddatetimeflag":0,"tripposition":1}]},{"routeid":2879,"stationid":21201,"stationname":"Sultanpalya Cross Pushpanjali Talkies","from":"Sultan palya","to":"JHBCS Layout","routeno":"13-S","distance_on_station":0.59,"centerlat":13.02211,"centerlong":77.60242,"responsecode":200,"isnotify":0,"vehicleDetails":[{"vehicleid":19439,"vehiclenumber":"KA01FA2347","servicetypeid":72,"servicetype":"Non AC/Ordinary","centerlat":12.91321,"centerlong":77.567207,"eta":"","sch_arrivaltime":"09:22","sch_departuretime":"09:22","actual_arrivaltime":"","actual_departuretime":"","sch_tripstarttime":"09:20","sch_tripendtime":"09:20","lastlocationid":0,"currentlocationid":20897,"nextlocationid":0,"currentstop":null,"nextstop":null,"laststop":null,"stopCoveredStatus":1,"heading":161,"lastrefreshon":"21-12-2023 11:54:55","lastreceiveddatetimeflag":0,"tripposition":3}]},{"routeid":2879,"stationid":20760,"stationname":"Dinnur Main Road","from":"Sultan palya","to":"JHBCS Layout","routeno":"13-S","distance_on_station":1.079,"centerlat":13.02395,"centerlong":77.5989,"responsecode":200,"isnotify":0,"vehicleDetails":[{"vehicleid":19439,"vehiclenumber":"KA01FA2347","servicetypeid":72,"servicetype":"Non AC/Ordinary","centerlat":12.91321,"centerlong":77.567207,"eta":"","sch_arrivaltime":"09:23","sch_departuretime":"09:23","actual_arrivaltime":"","actual_departuretime":"","sch_tripstarttime":"09:20","sch_tripendtime":"09:20","lastlocationid":0,"currentlocationid":20897,"nextlocationid":0,"currentstop":null,"nextstop":null,"laststop":null,"stopCoveredStatus":1,"heading":161,"lastrefreshon":"21-12-2023 11:54:55","lastreceiveddatetimeflag":0,"tripposition":3}]},{"routeid":2879,"stationid":20834,"stationname":"HMT Layout R T Nagara","from":"Sultan palya","to":"JHBCS Layout","routeno":"13-S","distance_on_station":1.601,"centerlat":13.02465,"centerlong":77.59481,"responsecode":200,"isnotify":0,"vehicleDetails":[{"vehicleid":19439,"vehiclenumber":"KA01FA2347","servicetypeid":72,"servicetype":"Non AC/Ordinary","centerlat":12.91321,"centerlong":77.567207,"eta":"","sch_arrivaltime":"09:24","sch_departuretime":"09:24","actual_arrivaltime":"","actual_departuretime":"","sch_tripstarttime":"09:20","sch_tripendtime":"09:20","lastlocationid":0,"currentlocationid":20897,"nextlocationid":0,"currentstop":null,"nextstop":null,"laststop":null,"stopCoveredStatus":1,"heading":161,"lastrefreshon":"21-12-2023 11:54:55","lastreceiveddatetimeflag":0,"tripposition":3}]},{"routeid":2879,"stationid":23786,"stationname":"R T Nagara Police Station","from":"Sultan palya","to":"JHBCS Layout","routeno":"13-S","distance_on_station":1.919,"centerlat":13.02424,"centerlong":77.59288,"responsecode":200,"isnotify":0,"vehicleDetails":[{"vehicleid":19439,"vehiclenumber":"KA01FA2347","servicetypeid":72,"servicetype":"Non AC/Ordinary","centerlat":12.91321,"centerlong":77.567207,"eta":"","sch_arrivaltime":"09:25","sch_departuretime":"09:25","actual_arrivaltime":"","actual_departuretime":"","sch_tripstarttime":"09:20","sch_tripendtime":"09:20","lastlocationid":0,"currentlocationid":20897,"nextlocationid":0,"currentstop":null,"nextstop":null,"laststop":null,"stopCoveredStatus":1,"heading":161,"lastrefreshon":"21-12-2023 11:54:55","lastreceiveddatetimeflag":0,"tripposition":3}]},{"routeid":2879,"stationid":23787,"stationname":"RTN Post Office","from":"Sultan palya","to":"JHBCS Layout","routeno":"13-S","distance_on_station":2.202,"centerlat":13.022,"centerlong":77.59251,"responsecode":200,"isnotify":0,"vehicleDetails":[{"vehicleid":19439,"vehiclenumber":"KA01FA2347","servicetypeid":72,"servicetype":"Non AC/Ordinary","centerlat":12.91321,"centerlong":77.567207,"eta":"","sch_arrivaltime":"09:26","sch_departuretime":"09:26","actual_arrivaltime":"","actual_departuretime":"","sch_tripstarttime":"09:20","sch_tripendtime":"09:20","lastlocationid":0,"currentlocationid":20897,"nextlocationid":0,"currentstop":null,"nextstop":null,"laststop":null,"stopCoveredStatus":1,"heading":161,"lastrefreshon":"21-12-2023 11:54:55","lastreceiveddatetimeflag":0,"tripposition":3}]},{"routeid":2879,"stationid":23788,"stationname":"Rahamathnagara","from":"Sultan palya","to":"JHBCS Layout","routeno":"13-S","distance_on_station":2.77,"centerlat":13.01755,"centerlong":77.5919,"responsecode":200,"isnotify":0,"vehicleDetails":[{"vehicleid":19439,"vehiclenumber":"KA01FA2347","servicetypeid":72,"servicetype":"Non AC/Ordinary","centerlat":12.91321,"centerlong":77.567207,"eta":"","sch_arrivaltime":"09:27","sch_departuretime":"09:27","actual_arrivaltime":"","actual_departuretime":"","sch_tripstarttime":"09:20","sch_tripendtime":"09:20","lastlocationid":0,"currentlocationid":20897,"nextlocationid":0,"currentstop":null,"nextstop":null,"laststop":null,"stopCoveredStatus":1,"heading":161,"lastrefreshon":"21-12-2023 11:54:55","lastreceiveddatetimeflag":0,"tripposition":3}]},{"routeid":2879,"stationid":23789,"stationname":"Matadahalli","from":"Sultan palya","to":"JHBCS Layout","routeno":"13-S","distance_on_station":3.406,"centerlat":13.01366,"centerlong":77.59365,"responsecode":200,"isnotify":0,"vehicleDetails":[{"vehicleid":19439,"vehiclenumber":"KA01FA2347","servicetypeid":72,"servicetype":"Non AC/Ordinary","centerlat":12.91321,"centerlong":77.567207,"eta":"","sch_arrivaltime":"09:28","sch_departuretime":"09:28","actual_arrivaltime":"","actual_departuretime":"","sch_tripstarttime":"09:20","sch_tripendtime":"09:20","lastlocationid":0,"currentlocationid":20897,"nextlocationid":0,"currentstop":null,"nextstop":null,"laststop":null,"stopCoveredStatus":1,"heading":161,"lastrefreshon":"21-12-2023 11:54:55","lastreceiveddatetimeflag":0,"tripposition":3}]},{"routeid":2879,"stationid":24172,"stationname":"C Q A L","from":"Sultan palya","to":"JHBCS Layout","routeno":"13-S","distance_on_station":3.758,"centerlat":13.01175,"centerlong":77.59331,"responsecode":200,"isnotify":0,"vehicleDetails":[{"vehicleid":19439,"vehiclenumber":"KA01FA2347","servicetypeid":72,"servicetype":"Non AC/Ordinary","centerlat":12.91321,"centerlong":77.567207,"eta":"","sch_arrivaltime":"09:29","sch_departuretime":"09:29","actual_arrivaltime":"","actual_departuretime":"","sch_tripstarttime":"09:20","sch_tripendtime":"09:20","lastlocationid":0,"currentlocationid":20897,"nextlocationid":0,"currentstop":null,"nextstop":null,"laststop":null,"stopCoveredStatus":1,"heading":161,"lastrefreshon":"21-12-2023 11:54:55","lastreceiveddatetimeflag":0,"tripposition":3}]},{"routeid":2879,"stationid":23790,"stationname":"TV Tower","from":"Sultan palya","to":"JHBCS Layout","routeno":"13-S","distance_on_station":4.189,"centerlat":13.00978,"centerlong":77.59078,"responsecode":200,"isnotify":0,"vehicleDetails":[{"vehicleid":19439,"vehiclenumber":"KA01FA2347","servicetypeid":72,"servicetype":"Non AC/Ordinary","centerlat":12.91321,"centerlong":77.567207,"eta":"","sch_arrivaltime":"09:30","sch_departuretime":"09:30","actual_arrivaltime":"","actual_departuretime":"","sch_tripstarttime":"09:20","sch_tripendtime":"09:20","lastlocationid":0,"currentlocationid":20897,"nextlocationid":0,"currentstop":null,"nextstop":null,"laststop":null,"stopCoveredStatus":1,"heading":161,"lastrefreshon":"21-12-2023 11:54:55","lastreceiveddatetimeflag":0,"tripposition":3}]},{"routeid":2879,"stationid":23791,"stationname":"Munireddy Palya J C Nagara","from":"Sultan palya","to":"JHBCS Layout","routeno":"13-S","distance_on_station":4.643,"centerlat":13.00676,"centerlong":77.59276,"responsecode":200,"isnotify":0,"vehicleDetails":[{"vehicleid":19439,"vehiclenumber":"KA01FA2347","servicetypeid":72,"servicetype":"Non AC/Ordinary","centerlat":12.91321,"centerlong":77.567207,"eta":"","sch_arrivaltime":"09:31","sch_departuretime":"09:31","actual_arrivaltime":"","actual_departuretime":"","sch_tripstarttime":"09:20","sch_tripendtime":"09:20","lastlocationid":0,"currentlocationid":20897,"nextlocationid":0,"currentstop":null,"nextstop":null,"laststop":null,"stopCoveredStatus":1,"heading":161,"lastrefreshon":"21-12-2023 11:54:55","lastreceiveddatetimeflag":0,"tripposition":3}]},{"routeid":2879,"stationid":23792,"stationname":"Jayamahal","from":"Sultan palya","to":"JHBCS Layout","routeno":"13-S","distance_on_station":5.29,"centerlat":13.00189,"centerlong":77.59448,"responsecode":200,"isnotify":0,"vehicleDetails":[{"vehicleid":19439,"vehiclenumber":"KA01FA2347","servicetypeid":72,"servicetype":"Non AC/Ordinary","centerlat":12.91321,"centerlong":77.567207,"eta":"","sch_arrivaltime":"09:32","sch_departuretime":"09:32","actual_arrivaltime":"","actual_departuretime":"","sch_tripstarttime":"09:20","sch_tripendtime":"09:20","lastlocationid":0,"currentlocationid":20897,"nextlocationid":0,"currentstop":null,"nextstop":null,"laststop":null,"stopCoveredStatus":1,"heading":161,"lastrefreshon":"21-12-2023 11:54:55","lastreceiveddatetimeflag":0,"tripposition":3}]},{"routeid":2879,"stationid":21805,"stationname":"Cantonment Railway Station","from":"Sultan palya","to":"JHBCS Layout","routeno":"13-S","distance_on_station":6.448,"centerlat":12.99384,"centerlong":77.59712,"responsecode":200,"isnotify":0,"vehicleDetails":[{"vehicleid":19439,"vehiclenumber":"KA01FA2347","servicetypeid":72,"servicetype":"Non AC/Ordinary","centerlat":12.91321,"centerlong":77.567207,"eta":"","sch_arrivaltime":"09:34","sch_departuretime":"09:34","actual_arrivaltime":"10:38","actual_departuretime":"10:39","sch_tripstarttime":"09:20","sch_tripendtime":"09:20","lastlocationid":0,"currentlocationid":20897,"nextlocationid":0,"currentstop":null,"nextstop":null,"laststop":null,"stopCoveredStatus":1,"heading":161,"lastrefreshon":"21-12-2023 11:54:55","lastreceiveddatetimeflag":0,"tripposition":1}]},{"routeid":2879,"stationid":21868,"stationname":"CSI Hospital","from":"Sultan palya","to":"JHBCS Layout","routeno":"13-S","distance_on_station":7.186,"centerlat":12.98983,"centerlong":77.59938,"responsecode":200,"isnotify":0,"vehicleDetails":[{"vehicleid":19439,"vehiclenumber":"KA01FA2347","servicetypeid":72,"servicetype":"Non AC/Ordinary","centerlat":12.91321,"centerlong":77.567207,"eta":"","sch_arrivaltime":"09:35","sch_departuretime":"09:35","actual_arrivaltime":"10:41","actual_departuretime":"10:42","sch_tripstarttime":"09:20","sch_tripendtime":"09:20","lastlocationid":0,"currentlocationid":20897,"nextlocationid":0,"currentstop":null,"nextstop":null,"laststop":null,"stopCoveredStatus":1,"heading":161,"lastrefreshon":"21-12-2023 11:54:55","lastreceiveddatetimeflag":0,"tripposition":1}]},{"routeid":2879,"stationid":20855,"stationname":"Indian Express","from":"Sultan palya","to":"JHBCS Layout","routeno":"13-S","distance_on_station":8.061,"centerlat":12.98408,"centerlong":77.59827,"responsecode":200,"isnotify":0,"vehicleDetails":[{"vehicleid":19439,"vehiclenumber":"KA01FA2347","servicetypeid":72,"servicetype":"Non AC/Ordinary","centerlat":12.91321,"centerlong":77.567207,"eta":"","sch_arrivaltime":"09:36","sch_departuretime":"09:36","actual_arrivaltime":"10:44","actual_departuretime":"10:44","sch_tripstarttime":"09:20","sch_tripendtime":"09:20","lastlocationid":0,"currentlocationid":20897,"nextlocationid":0,"currentstop":null,"nextstop":null,"laststop":null,"stopCoveredStatus":1,"heading":161,"lastrefreshon":"21-12-2023 11:54:55","lastreceiveddatetimeflag":0,"tripposition":1}]},{"routeid":2879,"stationid":21172,"stationname":"Shivajinagara Bus Station","from":"Sultan palya","to":"JHBCS Layout","routeno":"13-S","distance_on_station":9.06,"centerlat":12.98391,"centerlong":77.60327,"responsecode":200,"isnotify":0,"vehicleDetails":[{"vehicleid":19439,"vehiclenumber":"KA01FA2347","servicetypeid":72,"servicetype":"Non AC/Ordinary","centerlat":12.91321,"centerlong":77.567207,"eta":"","sch_arrivaltime":"09:39","sch_departuretime":"09:39","actual_arrivaltime":"10:48","actual_departuretime":"10:55","sch_tripstarttime":"09:20","sch_tripendtime":"09:20","lastlocationid":0,"currentlocationid":20897,"nextlocationid":0,"currentstop":null,"nextstop":null,"laststop":null,"stopCoveredStatus":1,"heading":161,"lastrefreshon":"21-12-2023 11:54:55","lastreceiveddatetimeflag":0,"tripposition":1}]},{"routeid":2879,"stationid":20857,"stationname":"Indian Express","from":"Sultan palya","to":"JHBCS Layout","routeno":"13-S","distance_on_station":9.843,"centerlat":12.98393,"centerlong":77.5974,"responsecode":200,"isnotify":0,"vehicleDetails":[{"vehicleid":19439,"vehiclenumber":"KA01FA2347","servicetypeid":72,"servicetype":"Non AC/Ordinary","centerlat":12.91321,"centerlong":77.567207,"eta":"","sch_arrivaltime":"09:43","sch_departuretime":"09:43","actual_arrivaltime":"10:44","actual_departuretime":"10:44","sch_tripstarttime":"09:20","sch_tripendtime":"09:20","lastlocationid":0,"currentlocationid":20897,"nextlocationid":0,"currentstop":null,"nextstop":null,"laststop":null,"stopCoveredStatus":1,"heading":161,"lastrefreshon":"21-12-2023 11:54:55","lastreceiveddatetimeflag":0,"tripposition":1}]},{"routeid":2879,"stationid":21520,"stationname":"MG Statue (Chinnaswamy Stadium)","from":"Sultan palya","to":"JHBCS Layout","routeno":"13-S","distance_on_station":10.785,"centerlat":12.97708,"centerlong":77.59921,"responsecode":200,"isnotify":0,"vehicleDetails":[{"vehicleid":19439,"vehiclenumber":"KA01FA2347","servicetypeid":72,"servicetype":"Non AC/Ordinary","centerlat":12.91321,"centerlong":77.567207,"eta":"","sch_arrivaltime":"09:45","sch_departuretime":"09:45","actual_arrivaltime":"11:05","actual_departuretime":"11:06","sch_tripstarttime":"09:20","sch_tripendtime":"09:20","lastlocationid":0,"currentlocationid":20897,"nextlocationid":0,"currentstop":null,"nextstop":null,"laststop":null,"stopCoveredStatus":1,"heading":161,"lastrefreshon":"21-12-2023 11:54:55","lastreceiveddatetimeflag":0,"tripposition":1}]},{"routeid":2879,"stationid":21574,"stationname":"Museum","from":"Sultan palya","to":"JHBCS Layout","routeno":"13-S","distance_on_station":11.398,"centerlat":12.97397,"centerlong":77.59585,"responsecode":200,"isnotify":0,"vehicleDetails":[{"vehicleid":19439,"vehiclenumber":"KA01FA2347","servicetypeid":72,"servicetype":"Non AC/Ordinary","centerlat":12.91321,"centerlong":77.567207,"eta":"","sch_arrivaltime":"09:46","sch_departuretime":"09:46","actual_arrivaltime":"11:07","actual_departuretime":"11:07","sch_tripstarttime":"09:20","sch_tripendtime":"09:20","lastlocationid":0,"currentlocationid":20897,"nextlocationid":0,"currentstop":null,"nextstop":null,"laststop":null,"stopCoveredStatus":1,"heading":161,"lastrefreshon":"21-12-2023 11:54:55","lastreceiveddatetimeflag":0,"tripposition":1}]},{"routeid":2879,"stationid":21193,"stationname":"St Joseph's Indian School/ Malya Hospital","from":"Sultan palya","to":"JHBCS Layout","routeno":"13-S","distance_on_station":11.932,"centerlat":12.97052,"centerlong":77.5943,"responsecode":200,"isnotify":0,"vehicleDetails":[{"vehicleid":19439,"vehiclenumber":"KA01FA2347","servicetypeid":72,"servicetype":"Non AC/Ordinary","centerlat":12.91321,"centerlong":77.567207,"eta":"","sch_arrivaltime":"09:47","sch_departuretime":"09:47","actual_arrivaltime":"11:09","actual_departuretime":"11:10","sch_tripstarttime":"09:20","sch_tripendtime":"09:20","lastlocationid":0,"currentlocationid":20897,"nextlocationid":0,"currentstop":null,"nextstop":null,"laststop":null,"stopCoveredStatus":1,"heading":161,"lastrefreshon":"21-12-2023 11:54:55","lastreceiveddatetimeflag":0,"tripposition":1}]},{"routeid":2879,"stationid":23674,"stationname":"Richmond Circle","from":"Sultan palya","to":"JHBCS Layout","routeno":"13-S","distance_on_station":12.954,"centerlat":12.96366,"centerlong":77.5964,"responsecode":200,"isnotify":0,"vehicleDetails":[{"vehicleid":19439,"vehiclenumber":"KA01FA2347","servicetypeid":72,"servicetype":"Non AC/Ordinary","centerlat":12.91321,"centerlong":77.567207,"eta":"","sch_arrivaltime":"09:49","sch_departuretime":"09:49","actual_arrivaltime":"11:20","actual_departuretime":"11:20","sch_tripstarttime":"09:20","sch_tripendtime":"09:20","lastlocationid":0,"currentlocationid":20897,"nextlocationid":0,"currentstop":null,"nextstop":null,"laststop":null,"stopCoveredStatus":1,"heading":161,"lastrefreshon":"21-12-2023 11:54:55","lastreceiveddatetimeflag":0,"tripposition":1}]},{"routeid":2879,"stationid":20927,"stationname":"KH Road","from":"Sultan palya","to":"JHBCS Layout","routeno":"13-S","distance_on_station":13.862,"centerlat":12.95759,"centerlong":77.59286,"responsecode":200,"isnotify":0,"vehicleDetails":[{"vehicleid":19439,"vehiclenumber":"KA01FA2347","servicetypeid":72,"servicetype":"Non AC/Ordinary","centerlat":12.91321,"centerlong":77.567207,"eta":"","sch_arrivaltime":"09:50","sch_departuretime":"09:50","actual_arrivaltime":"11:22","actual_departuretime":"11:22","sch_tripstarttime":"09:20","sch_tripendtime":"09:20","lastlocationid":0,"currentlocationid":20897,"nextlocationid":0,"currentstop":null,"nextstop":null,"laststop":null,"stopCoveredStatus":1,"heading":161,"lastrefreshon":"21-12-2023 11:54:55","lastreceiveddatetimeflag":0,"tripposition":1}]},{"routeid":2879,"stationid":21166,"stationname":"Shanthinagara Bus Station","from":"Sultan palya","to":"JHBCS Layout","routeno":"13-S","distance_on_station":14.395,"centerlat":12.95449,"centerlong":77.59258,"responsecode":200,"isnotify":0,"vehicleDetails":[{"vehicleid":19439,"vehiclenumber":"KA01FA2347","servicetypeid":72,"servicetype":"Non AC/Ordinary","centerlat":12.91321,"centerlong":77.567207,"eta":"","sch_arrivaltime":"09:53","sch_departuretime":"09:53","actual_arrivaltime":"11:25","actual_departuretime":"11:50","sch_tripstarttime":"09:20","sch_tripendtime":"09:20","lastlocationid":0,"currentlocationid":20897,"nextlocationid":0,"currentstop":null,"nextstop":null,"laststop":null,"stopCoveredStatus":1,"heading":161,"lastrefreshon":"21-12-2023 11:54:55","lastreceiveddatetimeflag":0,"tripposition":1}]},{"routeid":2879,"stationid":23825,"stationname":"Lalbagh Hopcoms","from":"Sultan palya","to":"JHBCS Layout","routeno":"13-S","distance_on_station":14.997,"centerlat":12.95134,"centerlong":77.59126,"responsecode":200,"isnotify":0,"vehicleDetails":[{"vehicleid":19439,"vehiclenumber":"KA01FA2347","servicetypeid":72,"servicetype":"Non AC/Ordinary","centerlat":12.91321,"centerlong":77.567207,"eta":"","sch_arrivaltime":"09:59","sch_departuretime":"09:59","actual_arrivaltime":"","actual_departuretime":"","sch_tripstarttime":"09:20","sch_tripendtime":"09:20","lastlocationid":0,"currentlocationid":20897,"nextlocationid":0,"currentstop":null,"nextstop":null,"laststop":null,"stopCoveredStatus":1,"heading":161,"lastrefreshon":"21-12-2023 11:54:55","lastreceiveddatetimeflag":0,"tripposition":3}]},{"routeid":2879,"stationid":21565,"stationname":"Mallige Hospital","from":"Sultan palya","to":"JHBCS Layout","routeno":"13-S","distance_on_station":15.667,"centerlat":12.94787,"centerlong":77.59203,"responsecode":200,"isnotify":0,"vehicleDetails":[{"vehicleid":19439,"vehiclenumber":"KA01FA2347","servicetypeid":72,"servicetype":"Non AC/Ordinary","centerlat":12.91321,"centerlong":77.567207,"eta":"","sch_arrivaltime":"10:00","sch_departuretime":"10:00","actual_arrivaltime":"","actual_departuretime":"","sch_tripstarttime":"09:20","sch_tripendtime":"09:20","lastlocationid":0,"currentlocationid":20897,"nextlocationid":0,"currentstop":null,"nextstop":null,"laststop":null,"stopCoveredStatus":1,"heading":161,"lastrefreshon":"21-12-2023 11:54:55","lastreceiveddatetimeflag":0,"tripposition":3}]},{"routeid":2879,"stationid":21603,"stationname":"Siddapura Ashoka Pillar","from":"Sultan palya","to":"JHBCS Layout","routeno":"13-S","distance_on_station":16.132,"centerlat":12.94621,"centerlong":77.58879,"responsecode":200,"isnotify":0,"vehicleDetails":[{"vehicleid":19439,"vehiclenumber":"KA01FA2347","servicetypeid":72,"servicetype":"Non AC/Ordinary","centerlat":12.91321,"centerlong":77.567207,"eta":"","sch_arrivaltime":"10:01","sch_departuretime":"10:01","actual_arrivaltime":"","actual_departuretime":"","sch_tripstarttime":"09:20","sch_tripendtime":"09:20","lastlocationid":0,"currentlocationid":20897,"nextlocationid":0,"currentstop":null,"nextstop":null,"laststop":null,"stopCoveredStatus":1,"heading":161,"lastrefreshon":"21-12-2023 11:54:55","lastreceiveddatetimeflag":0,"tripposition":3}]},{"routeid":2879,"stationid":21458,"stationname":"Ashoka Pillar","from":"Sultan palya","to":"JHBCS Layout","routeno":"13-S","distance_on_station":16.814,"centerlat":12.94322,"centerlong":77.58529,"responsecode":200,"isnotify":0,"vehicleDetails":[{"vehicleid":19439,"vehiclenumber":"KA01FA2347","servicetypeid":72,"servicetype":"Non AC/Ordinary","centerlat":12.91321,"centerlong":77.567207,"eta":"","sch_arrivaltime":"10:02","sch_departuretime":"10:02","actual_arrivaltime":"","actual_departuretime":"","sch_tripstarttime":"09:20","sch_tripendtime":"09:20","lastlocationid":0,"currentlocationid":20897,"nextlocationid":0,"currentstop":null,"nextstop":null,"laststop":null,"stopCoveredStatus":1,"heading":161,"lastrefreshon":"21-12-2023 11:54:55","lastreceiveddatetimeflag":0,"tripposition":3}]},{"routeid":2879,"stationid":21593,"stationname":"Rani Saraladevi","from":"Sultan palya","to":"JHBCS Layout","routeno":"13-S","distance_on_station":17.359,"centerlat":12.93895,"centerlong":77.58521,"responsecode":200,"isnotify":0,"vehicleDetails":[{"vehicleid":19439,"vehiclenumber":"KA01FA2347","servicetypeid":72,"servicetype":"Non AC/Ordinary","centerlat":12.91321,"centerlong":77.567207,"eta":"","sch_arrivaltime":"10:03","sch_departuretime":"10:03","actual_arrivaltime":"","actual_departuretime":"","sch_tripstarttime":"09:20","sch_tripendtime":"09:20","lastlocationid":0,"currentlocationid":20897,"nextlocationid":0,"currentstop":null,"nextstop":null,"laststop":null,"stopCoveredStatus":1,"heading":161,"lastrefreshon":"21-12-2023 11:54:55","lastreceiveddatetimeflag":0,"tripposition":3}]},{"routeid":2879,"stationid":21447,"stationname":"3rd Block Jayanagara","from":"Sultan palya","to":"JHBCS Layout","routeno":"13-S","distance_on_station":18.187,"centerlat":12.93349,"centerlong":77.58396,"responsecode":200,"isnotify":0,"vehicleDetails":[{"vehicleid":19439,"vehiclenumber":"KA01FA2347","servicetypeid":72,"servicetype":"Non AC/Ordinary","centerlat":12.91321,"centerlong":77.567207,"eta":"","sch_arrivaltime":"10:05","sch_departuretime":"10:05","actual_arrivaltime":"","actual_departuretime":"","sch_tripstarttime":"09:20","sch_tripendtime":"09:20","lastlocationid":0,"currentlocationid":20897,"nextlocationid":0,"currentstop":null,"nextstop":null,"laststop":null,"stopCoveredStatus":1,"heading":161,"lastrefreshon":"21-12-2023 11:54:55","lastreceiveddatetimeflag":0,"tripposition":3}]},{"routeid":2879,"stationid":21545,"stationname":"Jayanagara Bus Station","from":"Sultan palya","to":"JHBCS Layout","routeno":"13-S","distance_on_station":19.402,"centerlat":12.92802,"centerlong":77.58364,"responsecode":200,"isnotify":0,"vehicleDetails":[{"vehicleid":19439,"vehiclenumber":"KA01FA2347","servicetypeid":72,"servicetype":"Non AC/Ordinary","centerlat":12.91321,"centerlong":77.567207,"eta":"","sch_arrivaltime":"10:09","sch_departuretime":"10:09","actual_arrivaltime":"","actual_departuretime":"","sch_tripstarttime":"09:20","sch_tripendtime":"09:20","lastlocationid":0,"currentlocationid":20897,"nextlocationid":0,"currentstop":null,"nextstop":null,"laststop":null,"stopCoveredStatus":1,"heading":161,"lastrefreshon":"21-12-2023 11:54:55","lastreceiveddatetimeflag":0,"tripposition":3}]},{"routeid":2879,"stationid":21543,"stationname":"Jayanagara Telephone Exchange","from":"Sultan palya","to":"JHBCS Layout","routeno":"13-S","distance_on_station":19.947,"centerlat":12.92381,"centerlong":77.58382,"responsecode":200,"isnotify":0,"vehicleDetails":[{"vehicleid":19439,"vehiclenumber":"KA01FA2347","servicetypeid":72,"servicetype":"Non AC/Ordinary","centerlat":12.91321,"centerlong":77.567207,"eta":"","sch_arrivaltime":"10:12","sch_departuretime":"10:12","actual_arrivaltime":"","actual_departuretime":"","sch_tripstarttime":"09:20","sch_tripendtime":"09:20","lastlocationid":0,"currentlocationid":20897,"nextlocationid":0,"currentstop":null,"nextstop":null,"laststop":null,"stopCoveredStatus":1,"heading":161,"lastrefreshon":"21-12-2023 11:54:55","lastreceiveddatetimeflag":0,"tripposition":3}]},{"routeid":2879,"stationid":21445,"stationname":"Jayanagara  38th Cross","from":"Sultan palya","to":"JHBCS Layout","routeno":"13-S","distance_on_station":20.299,"centerlat":12.92101,"centerlong":77.58376,"responsecode":200,"isnotify":0,"vehicleDetails":[{"vehicleid":19439,"vehiclenumber":"KA01FA2347","servicetypeid":72,"servicetype":"Non AC/Ordinary","centerlat":12.91321,"centerlong":77.567207,"eta":"","sch_arrivaltime":"10:13","sch_departuretime":"10:13","actual_arrivaltime":"","actual_departuretime":"","sch_tripstarttime":"09:20","sch_tripendtime":"09:20","lastlocationid":0,"currentlocationid":20897,"nextlocationid":0,"currentstop":null,"nextstop":null,"laststop":null,"stopCoveredStatus":1,"heading":161,"lastrefreshon":"21-12-2023 11:54:55","lastreceiveddatetimeflag":0,"tripposition":3}]},{"routeid":2879,"stationid":21449,"stationname":"Jayanagara 40th Cross","from":"Sultan palya","to":"JHBCS Layout","routeno":"13-S","distance_on_station":20.821,"centerlat":12.91989,"centerlong":77.58068,"responsecode":200,"isnotify":0,"vehicleDetails":[{"vehicleid":19439,"vehiclenumber":"KA01FA2347","servicetypeid":72,"servicetype":"Non AC/Ordinary","centerlat":12.91321,"centerlong":77.567207,"eta":"","sch_arrivaltime":"10:14","sch_departuretime":"10:14","actual_arrivaltime":"","actual_departuretime":"","sch_tripstarttime":"09:20","sch_tripendtime":"09:20","lastlocationid":0,"currentlocationid":20897,"nextlocationid":0,"currentstop":null,"nextstop":null,"laststop":null,"stopCoveredStatus":1,"heading":161,"lastrefreshon":"21-12-2023 11:54:55","lastreceiveddatetimeflag":0,"tripposition":3}]},{"routeid":2879,"stationid":21148,"stationname":"Sangam Circle","from":"Sultan palya","to":"JHBCS Layout","routeno":"13-S","distance_on_station":21.412,"centerlat":12.91704,"centerlong":77.57875,"responsecode":200,"isnotify":0,"vehicleDetails":[{"vehicleid":19439,"vehiclenumber":"KA01FA2347","servicetypeid":72,"servicetype":"Non AC/Ordinary","centerlat":12.91321,"centerlong":77.567207,"eta":"2023-12-21 11:57:00","sch_arrivaltime":"10:15","sch_departuretime":"10:15","actual_arrivaltime":"","actual_departuretime":"","sch_tripstarttime":"09:20","sch_tripendtime":"09:20","lastlocationid":0,"currentlocationid":20897,"nextlocationid":0,"currentstop":null,"nextstop":null,"laststop":null,"stopCoveredStatus":1,"heading":161,"lastrefreshon":"21-12-2023 11:54:55","lastreceiveddatetimeflag":0,"tripposition":3}]},{"routeid":2879,"stationid":20622,"stationname":"Banashankari","from":"Sultan palya","to":"JHBCS Layout","routeno":"13-S","distance_on_station":22.138,"centerlat":12.91679,"centerlong":77.57325,"responsecode":200,"isnotify":0,"vehicleDetails":[{"vehicleid":19439,"vehiclenumber":"KA01FA2347","servicetypeid":72,"servicetype":"Non AC/Ordinary","centerlat":12.91321,"centerlong":77.567207,"eta":"2023-12-21 11:59:00","sch_arrivaltime":"10:18","sch_departuretime":"10:18","actual_arrivaltime":"11:51","actual_departuretime":"11:51","sch_tripstarttime":"09:20","sch_tripendtime":"09:20","lastlocationid":0,"currentlocationid":20897,"nextlocationid":0,"currentstop":null,"nextstop":null,"laststop":null,"stopCoveredStatus":1,"heading":161,"lastrefreshon":"21-12-2023 11:54:55","lastreceiveddatetimeflag":0,"tripposition":1}]},{"routeid":2879,"stationid":20897,"stationname":"Kadirenahalli Cross","from":"Sultan palya","to":"JHBCS Layout","routeno":"13-S","distance_on_station":23.035,"centerlat":12.91364,"centerlong":77.56727,"responsecode":200,"isnotify":0,"vehicleDetails":[{"vehicleid":19439,"vehiclenumber":"KA01FA2347","servicetypeid":72,"servicetype":"Non AC/Ordinary","centerlat":12.91321,"centerlong":77.567207,"eta":"2023-12-21 12:00:00","sch_arrivaltime":"10:20","sch_departuretime":"10:20","actual_arrivaltime":"11:54","actual_departuretime":"11:54","sch_tripstarttime":"09:20","sch_tripendtime":"09:20","lastlocationid":0,"currentlocationid":20897,"nextlocationid":0,"currentstop":null,"nextstop":null,"laststop":null,"stopCoveredStatus":1,"heading":161,"lastrefreshon":"21-12-2023 11:54:55","lastreceiveddatetimeflag":0,"tripposition":1}]},{"routeid":2879,"stationid":33131,"stationname":"JHBCS Layout Cross","from":"Sultan palya","to":"JHBCS Layout","routeno":"13-S","distance_on_station":23.784,"centerlat":12.91302,"centerlong":77.56349,"responsecode":200,"isnotify":0,"vehicleDetails":[{"vehicleid":19439,"vehiclenumber":"KA01FA2347","servicetypeid":72,"servicetype":"Non AC/Ordinary","centerlat":12.91321,"centerlong":77.567207,"eta":"2023-12-21 12:01:00","sch_arrivaltime":"10:22","sch_departuretime":"10:22","actual_arrivaltime":"","actual_departuretime":"","sch_tripstarttime":"09:20","sch_tripendtime":"09:20","lastlocationid":0,"currentlocationid":20897,"nextlocationid":0,"currentstop":null,"nextstop":null,"laststop":null,"stopCoveredStatus":0,"heading":161,"lastrefreshon":"21-12-2023 11:54:55","lastreceiveddatetimeflag":0,"tripposition":3}]},{"routeid":2879,"stationid":26329,"stationname":"JHBCS Layout","from":"Sultan palya","to":"JHBCS Layout","routeno":"13-S","distance_on_station":24,"centerlat":12.91136,"centerlong":77.56329,"responsecode":200,"isnotify":0,"vehicleDetails":[{"vehicleid":19439,"vehiclenumber":"KA01FA2347","servicetypeid":72,"servicetype":"Non AC/Ordinary","centerlat":12.91321,"centerlong":77.567207,"eta":"2023-12-21 12:02:00","sch_arrivaltime":"10:23","sch_departuretime":"10:23","actual_arrivaltime":"","actual_departuretime":"","sch_tripstarttime":"09:20","sch_tripendtime":"09:20","lastlocationid":0,"currentlocationid":20897,"nextlocationid":0,"currentstop":null,"nextstop":null,"laststop":null,"stopCoveredStatus":0,"heading":161,"lastrefreshon":"21-12-2023 11:54:55","lastreceiveddatetimeflag":0,"tripposition":1}]}],"mapData":[{"vehicleid":19439,"vehiclenumber":"KA01FA2347","servicetypeid":72,"servicetype":"Non AC/Ordinary","centerlat":12.91321,"centerlong":77.567207,"eta":"2023-12-21 12:02:00","sch_arrivaltime":"10:23","sch_departuretime":"10:23","actual_arrivaltime":"","actual_departuretime":"","sch_tripstarttime":"09:20","sch_tripendtime":"09:20","lastlocationid":0,"currentlocationid":20897,"nextlocationid":0,"currentstop":null,"nextstop":null,"laststop":null,"stopCoveredStatus":0,"heading":161,"lastrefreshon":"21-12-2023 11:54:55","lastreceiveddatetimeflag":0,"tripposition":1}]},"down":{"data":[],"mapData":[]},"message":"Success","issuccess":true,"exception":null,"rowCount":0,"responsecode":200}