{"up":{"data":[{"routeid":11050,"stationid":20862,"stationname":"Swamy Vivekananda Metro Station/Isolation Hospital","from":"Swamy Vivekananda Metro Station/Isolation Hospital","to":"Kendriya Vidyalaya ASC Center","routeno":"139 SVMS-KVASC","distance_on_station":0,"centerlat":12.98507,"centerlong":77.6434,"responsecode":200,"isnotify":0,"vehicleDetails":[{"vehicleid":15300,"vehiclenumber":"KA57F2654","servicetypeid":72,"servicetype":"Non AC/Ordinary","centerlat":12.971315,"centerlong":77.619164,"eta":"","sch_arrivaltime":"14:05","sch_departuretime":"14:05","actual_arrivaltime":"","actual_departuretime":"","sch_tripstarttime":"14:05","sch_tripendtime":"14:05","lastlocationid":0,"currentlocationid":20969,"nextlocationid":0,"currentstop":null,"nextstop":null,"laststop":null,"stopCoveredStatus":1,"heading":240,"lastrefreshon":"17-02-2024 14:00:24","lastreceiveddatetimeflag":0,"tripposition":1}]},{"routeid":11050,"stationid":21772,"stationname":"Binnamangala","from":"Swamy Vivekananda Metro Station/Isolation Hospital","to":"Kendriya Vidyalaya ASC Center","routeno":"139 SVMS-KVASC","distance_on_station":0.326,"centerlat":12.9835,"centerlong":77.64067,"responsecode":200,"isnotify":0,"vehicleDetails":[{"vehicleid":15300,"vehiclenumber":"KA57F2654","servicetypeid":72,"servicetype":"Non AC/Ordinary","centerlat":12.971315,"centerlong":77.619164,"eta":"","sch_arrivaltime":"14:06","sch_departuretime":"14:06","actual_arrivaltime":"","actual_departuretime":"","sch_tripstarttime":"14:05","sch_tripendtime":"14:05","lastlocationid":0,"currentlocationid":20969,"nextlocationid":0,"currentstop":null,"nextstop":null,"laststop":null,"stopCoveredStatus":1,"heading":240,"lastrefreshon":"17-02-2024 14:00:24","lastreceiveddatetimeflag":0,"tripposition":3}]},{"routeid":11050,"stationid":22388,"stationname":"Indiranagara Police Station/KFC","from":"Swamy Vivekananda Metro Station/Isolation Hospital","to":"Kendriya Vidyalaya ASC Center","routeno":"139 SVMS-KVASC","distance_on_station":0.85,"centerlat":12.97833,"centerlong":77.64065,"responsecode":200,"isnotify":0,"vehicleDetails":[{"vehicleid":15300,"vehiclenumber":"KA57F2654","servicetypeid":72,"servicetype":"Non AC/Ordinary","centerlat":12.971315,"centerlong":77.619164,"eta":"","sch_arrivaltime":"14:08","sch_departuretime":"14:08","actual_arrivaltime":"","actual_departuretime":"","sch_tripstarttime":"14:05","sch_tripendtime":"14:05","lastlocationid":0,"currentlocationid":20969,"nextlocationid":0,"currentstop":null,"nextstop":null,"laststop":null,"stopCoveredStatus":1,"heading":240,"lastrefreshon":"17-02-2024 14:00:24","lastreceiveddatetimeflag":0,"tripposition":3}]},{"routeid":11050,"stationid":21922,"stationname":"Double Road Indiranagara","from":"Swamy Vivekananda Metro Station/Isolation Hospital","to":"Kendriya Vidyalaya ASC Center","routeno":"139 SVMS-KVASC","distance_on_station":1.245,"centerlat":12.97821,"centerlong":77.63645,"responsecode":200,"isnotify":0,"vehicleDetails":[{"vehicleid":15300,"vehiclenumber":"KA57F2654","servicetypeid":72,"servicetype":"Non AC/Ordinary","centerlat":12.971315,"centerlong":77.619164,"eta":"","sch_arrivaltime":"14:11","sch_departuretime":"14:11","actual_arrivaltime":"13:53","actual_departuretime":"13:53","sch_tripstarttime":"14:05","sch_tripendtime":"14:05","lastlocationid":0,"currentlocationid":20969,"nextlocationid":0,"currentstop":null,"nextstop":null,"laststop":null,"stopCoveredStatus":1,"heading":240,"lastrefreshon":"17-02-2024 14:00:24","lastreceiveddatetimeflag":0,"tripposition":1}]},{"routeid":11050,"stationid":22223,"stationname":"Lakshmipura","from":"Swamy Vivekananda Metro Station/Isolation Hospital","to":"Kendriya Vidyalaya ASC Center","routeno":"139 SVMS-KVASC","distance_on_station":1.631,"centerlat":12.97816,"centerlong":77.63228,"responsecode":200,"isnotify":0,"vehicleDetails":[{"vehicleid":15300,"vehiclenumber":"KA57F2654","servicetypeid":72,"servicetype":"Non AC/Ordinary","centerlat":12.971315,"centerlong":77.619164,"eta":"","sch_arrivaltime":"14:12","sch_departuretime":"14:12","actual_arrivaltime":"13:54","actual_departuretime":"13:54","sch_tripstarttime":"14:05","sch_tripendtime":"14:05","lastlocationid":0,"currentlocationid":20969,"nextlocationid":0,"currentstop":null,"nextstop":null,"laststop":null,"stopCoveredStatus":1,"heading":240,"lastrefreshon":"17-02-2024 14:00:24","lastreceiveddatetimeflag":0,"tripposition":1}]},{"routeid":11050,"stationid":20806,"stationname":"Halasuru","from":"Swamy Vivekananda Metro Station/Isolation Hospital","to":"Kendriya Vidyalaya ASC Center","routeno":"139 SVMS-KVASC","distance_on_station":2.043,"centerlat":12.97793,"centerlong":77.6283,"responsecode":200,"isnotify":0,"vehicleDetails":[{"vehicleid":15300,"vehiclenumber":"KA57F2654","servicetypeid":72,"servicetype":"Non AC/Ordinary","centerlat":12.971315,"centerlong":77.619164,"eta":"","sch_arrivaltime":"14:13","sch_departuretime":"14:13","actual_arrivaltime":"13:55","actual_departuretime":"13:55","sch_tripstarttime":"14:05","sch_tripendtime":"14:05","lastlocationid":0,"currentlocationid":20969,"nextlocationid":0,"currentstop":null,"nextstop":null,"laststop":null,"stopCoveredStatus":1,"heading":240,"lastrefreshon":"17-02-2024 14:00:24","lastreceiveddatetimeflag":0,"tripposition":1}]},{"routeid":11050,"stationid":20807,"stationname":"Halasuru Police Station","from":"Swamy Vivekananda Metro Station/Isolation Hospital","to":"Kendriya Vidyalaya ASC Center","routeno":"139 SVMS-KVASC","distance_on_station":2.378,"centerlat":12.97515,"centerlong":77.62564,"responsecode":200,"isnotify":0,"vehicleDetails":[{"vehicleid":15300,"vehiclenumber":"KA57F2654","servicetypeid":72,"servicetype":"Non AC/Ordinary","centerlat":12.971315,"centerlong":77.619164,"eta":"","sch_arrivaltime":"14:15","sch_departuretime":"14:15","actual_arrivaltime":"13:57","actual_departuretime":"13:57","sch_tripstarttime":"14:05","sch_tripendtime":"14:05","lastlocationid":0,"currentlocationid":20969,"nextlocationid":0,"currentstop":null,"nextstop":null,"laststop":null,"stopCoveredStatus":1,"heading":240,"lastrefreshon":"17-02-2024 14:00:24","lastreceiveddatetimeflag":0,"tripposition":1}]},{"routeid":11050,"stationid":20969,"stationname":"Lido Talkies","from":"Swamy Vivekananda Metro Station/Isolation Hospital","to":"Kendriya Vidyalaya ASC Center","routeno":"139 SVMS-KVASC","distance_on_station":2.833,"centerlat":12.97282,"centerlong":77.6214,"responsecode":200,"isnotify":0,"vehicleDetails":[{"vehicleid":15300,"vehiclenumber":"KA57F2654","servicetypeid":72,"servicetype":"Non AC/Ordinary","centerlat":12.971315,"centerlong":77.619164,"eta":"2024-02-17 14:01:00","sch_arrivaltime":"14:18","sch_departuretime":"14:18","actual_arrivaltime":"","actual_departuretime":"","sch_tripstarttime":"14:05","sch_tripendtime":"14:05","lastlocationid":0,"currentlocationid":20969,"nextlocationid":0,"currentstop":null,"nextstop":null,"laststop":null,"stopCoveredStatus":0,"heading":240,"lastrefreshon":"17-02-2024 14:00:24","lastreceiveddatetimeflag":0,"tripposition":3}]},{"routeid":11050,"stationid":20846,"stationname":"Hosmat Hospital (DIG Office)","from":"Swamy Vivekananda Metro Station/Isolation Hospital","to":"Kendriya Vidyalaya ASC Center","routeno":"139 SVMS-KVASC","distance_on_station":3.511,"centerlat":12.96893,"centerlong":77.61529,"responsecode":200,"isnotify":0,"vehicleDetails":[{"vehicleid":15300,"vehiclenumber":"KA57F2654","servicetypeid":72,"servicetype":"Non AC/Ordinary","centerlat":12.971315,"centerlong":77.619164,"eta":"2024-02-17 14:02:00","sch_arrivaltime":"14:23","sch_departuretime":"14:23","actual_arrivaltime":"","actual_departuretime":"","sch_tripstarttime":"14:05","sch_tripendtime":"14:05","lastlocationid":0,"currentlocationid":20969,"nextlocationid":0,"currentstop":null,"nextstop":null,"laststop":null,"stopCoveredStatus":0,"heading":240,"lastrefreshon":"17-02-2024 14:00:24","lastreceiveddatetimeflag":0,"tripposition":3}]},{"routeid":11050,"stationid":31011,"stationname":"Kendriya Vidyalaya ASC Center","from":"Swamy Vivekananda Metro Station/Isolation Hospital","to":"Kendriya Vidyalaya ASC Center","routeno":"139 SVMS-KVASC","distance_on_station":4,"centerlat":12.96676,"centerlong":77.61259,"responsecode":200,"isnotify":0,"vehicleDetails":[{"vehicleid":15300,"vehiclenumber":"KA57F2654","servicetypeid":72,"servicetype":"Non AC/Ordinary","centerlat":12.971315,"centerlong":77.619164,"eta":"2024-02-17 14:04:00","sch_arrivaltime":"14:26","sch_departuretime":"14:26","actual_arrivaltime":"","actual_departuretime":"","sch_tripstarttime":"14:05","sch_tripendtime":"14:05","lastlocationid":0,"currentlocationid":20969,"nextlocationid":0,"currentstop":null,"nextstop":null,"laststop":null,"stopCoveredStatus":0,"heading":240,"lastrefreshon":"17-02-2024 14:00:24","lastreceiveddatetimeflag":0,"tripposition":1}]}],"mapData":[{"vehicleid":15300,"vehiclenumber":"KA57F2654","servicetypeid":72,"servicetype":"Non AC/Ordinary","centerlat":12.971315,"centerlong":77.619164,"eta":"2024-02-17 14:04:00","sch_arrivaltime":"14:26","sch_departuretime":"14:26","actual_arrivaltime":"","actual_departuretime":"","sch_tripstarttime":"14:05","sch_tripendtime":"14:05","lastlocationid":0,"currentlocationid":20969,"nextlocationid":0,"currentstop":null,"nextstop":null,"laststop":null,"stopCoveredStatus":0,"heading":240,"lastrefreshon":"17-02-2024 14:00:24","lastreceiveddatetimeflag":0,"tripposition":1}]},"down":{"data":[],"mapData":[]},"message":"Success","issuccess":true,"exception":null,"rowCount":0,"responsecode":200}