{"up":{"data":[],"mapData":[]},"down":{"data":[{"routeid":3084,"stationid":25202,"stationname":"Ejipura","from":"Ejipura","to":"KR Market","routeno":"140-E","distance_on_station":0,"centerlat":12.94669,"centerlong":77.62883,"responsecode":200,"isnotify":0,"vehicleDetails":[{"vehicleid":19681,"vehiclenumber":"KA01F9037","servicetypeid":72,"servicetype":"Non AC/Ordinary","centerlat":12.964827,"centerlong":77.601051,"eta":"","sch_arrivaltime":"09:40","sch_departuretime":"09:40","actual_arrivaltime":"09:50","actual_departuretime":"09:50","sch_tripstarttime":"09:40","sch_tripendtime":"09:40","lastlocationid":0,"currentlocationid":21126,"nextlocationid":0,"currentstop":null,"nextstop":null,"laststop":null,"stopCoveredStatus":1,"heading":170,"lastrefreshon":"19-12-2023 10:10:46","lastreceiveddatetimeflag":0,"tripposition":1}]},{"routeid":3084,"stationid":32604,"stationname":"Fairland Shop","from":"Ejipura","to":"KR Market","routeno":"140-E","distance_on_station":0.574,"centerlat":12.95041,"centerlong":77.62546,"responsecode":200,"isnotify":0,"vehicleDetails":[{"vehicleid":19681,"vehiclenumber":"KA01F9037","servicetypeid":72,"servicetype":"Non AC/Ordinary","centerlat":12.964827,"centerlong":77.601051,"eta":"","sch_arrivaltime":"09:41","sch_departuretime":"09:41","actual_arrivaltime":"09:52","actual_departuretime":"09:52","sch_tripstarttime":"09:40","sch_tripendtime":"09:40","lastlocationid":0,"currentlocationid":21126,"nextlocationid":0,"currentstop":null,"nextstop":null,"laststop":null,"stopCoveredStatus":1,"heading":170,"lastrefreshon":"19-12-2023 10:10:46","lastreceiveddatetimeflag":0,"tripposition":1}]},{"routeid":3084,"stationid":34546,"stationname":"Shine Bakery","from":"Ejipura","to":"KR Market","routeno":"140-E","distance_on_station":0.749,"centerlat":12.95067,"centerlong":77.6239,"responsecode":200,"isnotify":0,"vehicleDetails":[{"vehicleid":19681,"vehiclenumber":"KA01F9037","servicetypeid":72,"servicetype":"Non AC/Ordinary","centerlat":12.964827,"centerlong":77.601051,"eta":"","sch_arrivaltime":"09:42","sch_departuretime":"09:42","actual_arrivaltime":"09:52","actual_departuretime":"09:53","sch_tripstarttime":"09:40","sch_tripendtime":"09:40","lastlocationid":0,"currentlocationid":21126,"nextlocationid":0,"currentstop":null,"nextstop":null,"laststop":null,"stopCoveredStatus":1,"heading":170,"lastrefreshon":"19-12-2023 10:10:46","lastreceiveddatetimeflag":0,"tripposition":1}]},{"routeid":3084,"stationid":34400,"stationname":"Ravi Tent","from":"Ejipura","to":"KR Market","routeno":"140-E","distance_on_station":1.046,"centerlat":12.95166,"centerlong":77.62138,"responsecode":200,"isnotify":0,"vehicleDetails":[{"vehicleid":19681,"vehiclenumber":"KA01F9037","servicetypeid":72,"servicetype":"Non AC/Ordinary","centerlat":12.964827,"centerlong":77.601051,"eta":"","sch_arrivaltime":"09:43","sch_departuretime":"09:43","actual_arrivaltime":"09:54","actual_departuretime":"09:54","sch_tripstarttime":"09:40","sch_tripendtime":"09:40","lastlocationid":0,"currentlocationid":21126,"nextlocationid":0,"currentstop":null,"nextstop":null,"laststop":null,"stopCoveredStatus":1,"heading":170,"lastrefreshon":"19-12-2023 10:10:46","lastreceiveddatetimeflag":0,"tripposition":1}]},{"routeid":3084,"stationid":23950,"stationname":"Vivek Nagara Cross","from":"Ejipura","to":"KR Market","routeno":"140-E","distance_on_station":1.456,"centerlat":12.95457,"centerlong":77.62069,"responsecode":200,"isnotify":0,"vehicleDetails":[{"vehicleid":19681,"vehiclenumber":"KA01F9037","servicetypeid":72,"servicetype":"Non AC/Ordinary","centerlat":12.964827,"centerlong":77.601051,"eta":"","sch_arrivaltime":"09:44","sch_departuretime":"09:44","actual_arrivaltime":"09:57","actual_departuretime":"09:58","sch_tripstarttime":"09:40","sch_tripendtime":"09:40","lastlocationid":0,"currentlocationid":21126,"nextlocationid":0,"currentstop":null,"nextstop":null,"laststop":null,"stopCoveredStatus":1,"heading":170,"lastrefreshon":"19-12-2023 10:10:46","lastreceiveddatetimeflag":0,"tripposition":1}]},{"routeid":3084,"stationid":23951,"stationname":"Vannarapet","from":"Ejipura","to":"KR Market","routeno":"140-E","distance_on_station":1.651,"centerlat":12.95625,"centerlong":77.62095,"responsecode":200,"isnotify":0,"vehicleDetails":[{"vehicleid":19681,"vehiclenumber":"KA01F9037","servicetypeid":72,"servicetype":"Non AC/Ordinary","centerlat":12.964827,"centerlong":77.601051,"eta":"","sch_arrivaltime":"09:45","sch_departuretime":"09:45","actual_arrivaltime":"09:58","actual_departuretime":"09:59","sch_tripstarttime":"09:40","sch_tripendtime":"09:40","lastlocationid":0,"currentlocationid":21126,"nextlocationid":0,"currentstop":null,"nextstop":null,"laststop":null,"stopCoveredStatus":1,"heading":170,"lastrefreshon":"19-12-2023 10:10:46","lastreceiveddatetimeflag":0,"tripposition":1}]},{"routeid":3084,"stationid":23190,"stationname":"ASC Centre","from":"Ejipura","to":"KR Market","routeno":"140-E","distance_on_station":2.39,"centerlat":12.96224,"centerlong":77.61901,"responsecode":200,"isnotify":0,"vehicleDetails":[{"vehicleid":19681,"vehiclenumber":"KA01F9037","servicetypeid":72,"servicetype":"Non AC/Ordinary","centerlat":12.964827,"centerlong":77.601051,"eta":"","sch_arrivaltime":"09:46","sch_departuretime":"09:46","actual_arrivaltime":"10:00","actual_departuretime":"10:00","sch_tripstarttime":"09:40","sch_tripendtime":"09:40","lastlocationid":0,"currentlocationid":21126,"nextlocationid":0,"currentstop":null,"nextstop":null,"laststop":null,"stopCoveredStatus":1,"heading":170,"lastrefreshon":"19-12-2023 10:10:46","lastreceiveddatetimeflag":0,"tripposition":1}]},{"routeid":3084,"stationid":23672,"stationname":"Austin Town","from":"Ejipura","to":"KR Market","routeno":"140-E","distance_on_station":2.923,"centerlat":12.96153,"centerlong":77.61456,"responsecode":200,"isnotify":0,"vehicleDetails":[{"vehicleid":19681,"vehiclenumber":"KA01F9037","servicetypeid":72,"servicetype":"Non AC/Ordinary","centerlat":12.964827,"centerlong":77.601051,"eta":"","sch_arrivaltime":"09:47","sch_departuretime":"09:47","actual_arrivaltime":"10:02","actual_departuretime":"10:03","sch_tripstarttime":"09:40","sch_tripendtime":"09:40","lastlocationid":0,"currentlocationid":21126,"nextlocationid":0,"currentstop":null,"nextstop":null,"laststop":null,"stopCoveredStatus":1,"heading":170,"lastrefreshon":"19-12-2023 10:10:46","lastreceiveddatetimeflag":0,"tripposition":1}]},{"routeid":3084,"stationid":35219,"stationname":"Philomenas Hospital","from":"Ejipura","to":"KR Market","routeno":"140-E","distance_on_station":3.59,"centerlat":12.96475,"centerlong":77.61011,"responsecode":200,"isnotify":0,"vehicleDetails":[{"vehicleid":19681,"vehiclenumber":"KA01F9037","servicetypeid":72,"servicetype":"Non AC/Ordinary","centerlat":12.964827,"centerlong":77.601051,"eta":"","sch_arrivaltime":"09:48","sch_departuretime":"09:48","actual_arrivaltime":"10:05","actual_departuretime":"10:05","sch_tripstarttime":"09:40","sch_tripendtime":"09:40","lastlocationid":0,"currentlocationid":21126,"nextlocationid":0,"currentstop":null,"nextstop":null,"laststop":null,"stopCoveredStatus":1,"heading":170,"lastrefreshon":"19-12-2023 10:10:46","lastreceiveddatetimeflag":0,"tripposition":1}]},{"routeid":3084,"stationid":21126,"stationname":"Richmond Circle","from":"Ejipura","to":"KR Market","routeno":"140-E","distance_on_station":4.533,"centerlat":12.9658,"centerlong":77.60433,"responsecode":200,"isnotify":0,"vehicleDetails":[{"vehicleid":19681,"vehiclenumber":"KA01F9037","servicetypeid":72,"servicetype":"Non AC/Ordinary","centerlat":12.964827,"centerlong":77.601051,"eta":"","sch_arrivaltime":"09:50","sch_departuretime":"09:50","actual_arrivaltime":"10:08","actual_departuretime":"10:08","sch_tripstarttime":"09:40","sch_tripendtime":"09:40","lastlocationid":0,"currentlocationid":21126,"nextlocationid":0,"currentstop":null,"nextstop":null,"laststop":null,"stopCoveredStatus":1,"heading":170,"lastrefreshon":"19-12-2023 10:10:46","lastreceiveddatetimeflag":0,"tripposition":1}]},{"routeid":3084,"stationid":35278,"stationname":"Nanjappa Circle","from":"Ejipura","to":"KR Market","routeno":"140-E","distance_on_station":5.385,"centerlat":12.9606,"centerlong":77.60084,"responsecode":200,"isnotify":0,"vehicleDetails":[{"vehicleid":19681,"vehiclenumber":"KA01F9037","servicetypeid":72,"servicetype":"Non AC/Ordinary","centerlat":12.964827,"centerlong":77.601051,"eta":"2023-12-19 10:13:00","sch_arrivaltime":"09:52","sch_departuretime":"09:52","actual_arrivaltime":"","actual_departuretime":"","sch_tripstarttime":"09:40","sch_tripendtime":"09:40","lastlocationid":0,"currentlocationid":21126,"nextlocationid":0,"currentstop":null,"nextstop":null,"laststop":null,"stopCoveredStatus":0,"heading":170,"lastrefreshon":"19-12-2023 10:10:46","lastreceiveddatetimeflag":0,"tripposition":3}]},{"routeid":3084,"stationid":23668,"stationname":"Akkithimmanahalli","from":"Ejipura","to":"KR Market","routeno":"140-E","distance_on_station":5.877,"centerlat":12.96216,"centerlong":77.59674,"responsecode":200,"isnotify":0,"vehicleDetails":[{"vehicleid":19681,"vehiclenumber":"KA01F9037","servicetypeid":72,"servicetype":"Non AC/Ordinary","centerlat":12.964827,"centerlong":77.601051,"eta":"2023-12-19 10:15:00","sch_arrivaltime":"09:53","sch_departuretime":"09:53","actual_arrivaltime":"","actual_departuretime":"","sch_tripstarttime":"09:40","sch_tripendtime":"09:40","lastlocationid":0,"currentlocationid":21126,"nextlocationid":0,"currentstop":null,"nextstop":null,"laststop":null,"stopCoveredStatus":0,"heading":170,"lastrefreshon":"19-12-2023 10:10:46","lastreceiveddatetimeflag":0,"tripposition":3}]},{"routeid":3084,"stationid":23999,"stationname":"Subbaiah Circle","from":"Ejipura","to":"KR Market","routeno":"140-E","distance_on_station":6.544,"centerlat":12.96258,"centerlong":77.59102,"responsecode":200,"isnotify":0,"vehicleDetails":[{"vehicleid":19681,"vehiclenumber":"KA01F9037","servicetypeid":72,"servicetype":"Non AC/Ordinary","centerlat":12.964827,"centerlong":77.601051,"eta":"2023-12-19 10:18:00","sch_arrivaltime":"09:54","sch_departuretime":"09:54","actual_arrivaltime":"","actual_departuretime":"","sch_tripstarttime":"09:40","sch_tripendtime":"09:40","lastlocationid":0,"currentlocationid":21126,"nextlocationid":0,"currentstop":null,"nextstop":null,"laststop":null,"stopCoveredStatus":0,"heading":170,"lastrefreshon":"19-12-2023 10:10:46","lastreceiveddatetimeflag":0,"tripposition":3}]},{"routeid":3084,"stationid":21100,"stationname":"Poornima Talkies","from":"Ejipura","to":"KR Market","routeno":"140-E","distance_on_station":6.944,"centerlat":12.96101,"centerlong":77.58802,"responsecode":200,"isnotify":0,"vehicleDetails":[{"vehicleid":19681,"vehiclenumber":"KA01F9037","servicetypeid":72,"servicetype":"Non AC/Ordinary","centerlat":12.964827,"centerlong":77.601051,"eta":"2023-12-19 10:19:00","sch_arrivaltime":"09:55","sch_departuretime":"09:55","actual_arrivaltime":"","actual_departuretime":"","sch_tripstarttime":"09:40","sch_tripendtime":"09:40","lastlocationid":0,"currentlocationid":21126,"nextlocationid":0,"currentstop":null,"nextstop":null,"laststop":null,"stopCoveredStatus":0,"heading":170,"lastrefreshon":"19-12-2023 10:10:46","lastreceiveddatetimeflag":0,"tripposition":3}]},{"routeid":3084,"stationid":21232,"stationname":"Town Hall","from":"Ejipura","to":"KR Market","routeno":"140-E","distance_on_station":7.754,"centerlat":12.96355,"centerlong":77.58375,"responsecode":200,"isnotify":0,"vehicleDetails":[{"vehicleid":19681,"vehiclenumber":"KA01F9037","servicetypeid":72,"servicetype":"Non AC/Ordinary","centerlat":12.964827,"centerlong":77.601051,"eta":"2023-12-19 10:23:00","sch_arrivaltime":"09:57","sch_departuretime":"09:57","actual_arrivaltime":"","actual_departuretime":"","sch_tripstarttime":"09:40","sch_tripendtime":"09:40","lastlocationid":0,"currentlocationid":21126,"nextlocationid":0,"currentstop":null,"nextstop":null,"laststop":null,"stopCoveredStatus":0,"heading":170,"lastrefreshon":"19-12-2023 10:10:46","lastreceiveddatetimeflag":0,"tripposition":3}]},{"routeid":3084,"stationid":20940,"stationname":"KR Market","from":"Ejipura","to":"KR Market","routeno":"140-E","distance_on_station":8.4,"centerlat":12.9641,"centerlong":77.57897,"responsecode":200,"isnotify":0,"vehicleDetails":[{"vehicleid":19681,"vehiclenumber":"KA01F9037","servicetypeid":72,"servicetype":"Non AC/Ordinary","centerlat":12.964827,"centerlong":77.601051,"eta":"2023-12-19 10:26:00","sch_arrivaltime":"09:58","sch_departuretime":"09:58","actual_arrivaltime":"","actual_departuretime":"","sch_tripstarttime":"09:40","sch_tripendtime":"09:40","lastlocationid":0,"currentlocationid":21126,"nextlocationid":0,"currentstop":null,"nextstop":null,"laststop":null,"stopCoveredStatus":0,"heading":170,"lastrefreshon":"19-12-2023 10:10:46","lastreceiveddatetimeflag":0,"tripposition":1}]}],"mapData":[{"vehicleid":19681,"vehiclenumber":"KA01F9037","servicetypeid":72,"servicetype":"Non AC/Ordinary","centerlat":12.964827,"centerlong":77.601051,"eta":"2023-12-19 10:26:00","sch_arrivaltime":"09:58","sch_departuretime":"09:58","actual_arrivaltime":"","actual_departuretime":"","sch_tripstarttime":"09:40","sch_tripendtime":"09:40","lastlocationid":0,"currentlocationid":21126,"nextlocationid":0,"currentstop":null,"nextstop":null,"laststop":null,"stopCoveredStatus":0,"heading":170,"lastrefreshon":"19-12-2023 10:10:46","lastreceiveddatetimeflag":0,"tripposition":1}]},"message":"Success","issuccess":true,"exception":null,"rowCount":0,"responsecode":200}