{"up":{"data":[{"routeid":1730,"stationid":20940,"stationname":"KR Market","from":"KR Market","to":"Neelasandra Bus Stand","routeno":"143","distance_on_station":0,"centerlat":12.9641,"centerlong":77.57897,"responsecode":200,"isnotify":0,"vehicleDetails":[{"vehicleid":3215,"vehiclenumber":"KA57F0270","servicetypeid":72,"servicetype":"Non AC/Ordinary","centerlat":12.965333,"centerlong":77.584358,"eta":"","sch_arrivaltime":"11:25","sch_departuretime":"11:25","actual_arrivaltime":"11:20","actual_departuretime":"11:20","sch_tripstarttime":"11:25","sch_tripendtime":"11:25","lastlocationid":0,"currentlocationid":31416,"nextlocationid":0,"currentstop":null,"nextstop":null,"laststop":null,"stopCoveredStatus":1,"heading":87,"lastrefreshon":"07-02-2024 11:26:24","lastreceiveddatetimeflag":0,"tripposition":1},{"vehicleid":15251,"vehiclenumber":"KA01F4394","servicetypeid":72,"servicetype":"Non AC/Ordinary","centerlat":12.965835,"centerlong":77.586258,"eta":"","sch_arrivaltime":"11:50","sch_departuretime":"11:50","actual_arrivaltime":"11:17","actual_departuretime":"11:17","sch_tripstarttime":"11:50","sch_tripendtime":"11:50","lastlocationid":0,"currentlocationid":20728,"nextlocationid":0,"currentstop":null,"nextstop":null,"laststop":null,"stopCoveredStatus":1,"heading":85,"lastrefreshon":"07-02-2024 11:26:40","lastreceiveddatetimeflag":0,"tripposition":1},{"vehicleid":15317,"vehiclenumber":"KA57F3523","servicetypeid":72,"servicetype":"Non AC/Ordinary","centerlat":12.960451,"centerlong":77.601181,"eta":"","sch_arrivaltime":"10:50","sch_departuretime":"10:50","actual_arrivaltime":"10:57","actual_departuretime":"10:57","sch_tripstarttime":"10:50","sch_tripendtime":"10:50","lastlocationid":0,"currentlocationid":35117,"nextlocationid":0,"currentstop":null,"nextstop":null,"laststop":null,"stopCoveredStatus":1,"heading":129,"lastrefreshon":"07-02-2024 11:26:44","lastreceiveddatetimeflag":0,"tripposition":1},{"vehicleid":22462,"vehiclenumber":"KA57F1365","servicetypeid":72,"servicetype":"Non AC/Ordinary","centerlat":12.962298,"centerlong":77.592903,"eta":"","sch_arrivaltime":"11:20","sch_departuretime":"11:20","actual_arrivaltime":"11:01","actual_departuretime":"11:01","sch_tripstarttime":"11:20","sch_tripendtime":"11:20","lastlocationid":0,"currentlocationid":21196,"nextlocationid":0,"currentstop":null,"nextstop":null,"laststop":null,"stopCoveredStatus":1,"heading":100,"lastrefreshon":"07-02-2024 11:26:53","lastreceiveddatetimeflag":0,"tripposition":1},{"vehicleid":22744,"vehiclenumber":"KA57F3066","servicetypeid":72,"servicetype":"Non AC/Ordinary","centerlat":12.971479,"centerlong":77.606483,"eta":"","sch_arrivaltime":"10:50","sch_departuretime":"10:50","actual_arrivaltime":"10:45","actual_departuretime":"10:45","sch_tripstarttime":"10:50","sch_tripendtime":"10:50","lastlocationid":0,"currentlocationid":22518,"nextlocationid":0,"currentstop":null,"nextstop":null,"laststop":null,"stopCoveredStatus":1,"heading":97,"lastrefreshon":"07-02-2024 11:26:57","lastreceiveddatetimeflag":0,"tripposition":1}]},{"routeid":1730,"stationid":31416,"stationname":"Town Hall 1","from":"KR Market","to":"Neelasandra Bus Stand","routeno":"143","distance_on_station":0.575,"centerlat":12.96409,"centerlong":77.58404,"responsecode":200,"isnotify":0,"vehicleDetails":[{"vehicleid":22744,"vehiclenumber":"KA57F3066","servicetypeid":72,"servicetype":"Non AC/Ordinary","centerlat":12.971479,"centerlong":77.606483,"eta":"","sch_arrivaltime":"10:52","sch_departuretime":"10:52","actual_arrivaltime":"10:51","actual_departuretime":"10:53","sch_tripstarttime":"10:50","sch_tripendtime":"10:50","lastlocationid":0,"currentlocationid":22518,"nextlocationid":0,"currentstop":null,"nextstop":null,"laststop":null,"stopCoveredStatus":1,"heading":97,"lastrefreshon":"07-02-2024 11:26:57","lastreceiveddatetimeflag":0,"tripposition":1},{"vehicleid":15317,"vehiclenumber":"KA57F3523","servicetypeid":72,"servicetype":"Non AC/Ordinary","centerlat":12.960451,"centerlong":77.601181,"eta":"","sch_arrivaltime":"10:52","sch_departuretime":"10:52","actual_arrivaltime":"11:02","actual_departuretime":"11:03","sch_tripstarttime":"10:50","sch_tripendtime":"10:50","lastlocationid":0,"currentlocationid":35117,"nextlocationid":0,"currentstop":null,"nextstop":null,"laststop":null,"stopCoveredStatus":1,"heading":129,"lastrefreshon":"07-02-2024 11:26:44","lastreceiveddatetimeflag":0,"tripposition":1},{"vehicleid":22462,"vehiclenumber":"KA57F1365","servicetypeid":72,"servicetype":"Non AC/Ordinary","centerlat":12.962298,"centerlong":77.592903,"eta":"","sch_arrivaltime":"11:22","sch_departuretime":"11:22","actual_arrivaltime":"11:06","actual_departuretime":"11:07","sch_tripstarttime":"11:20","sch_tripendtime":"11:20","lastlocationid":0,"currentlocationid":21196,"nextlocationid":0,"currentstop":null,"nextstop":null,"laststop":null,"stopCoveredStatus":1,"heading":100,"lastrefreshon":"07-02-2024 11:26:53","lastreceiveddatetimeflag":0,"tripposition":1},{"vehicleid":15251,"vehiclenumber":"KA01F4394","servicetypeid":72,"servicetype":"Non AC/Ordinary","centerlat":12.965835,"centerlong":77.586258,"eta":"","sch_arrivaltime":"11:52","sch_departuretime":"11:52","actual_arrivaltime":"11:20","actual_departuretime":"11:21","sch_tripstarttime":"11:50","sch_tripendtime":"11:50","lastlocationid":0,"currentlocationid":20728,"nextlocationid":0,"currentstop":null,"nextstop":null,"laststop":null,"stopCoveredStatus":1,"heading":85,"lastrefreshon":"07-02-2024 11:26:40","lastreceiveddatetimeflag":0,"tripposition":1},{"vehicleid":3215,"vehiclenumber":"KA57F0270","servicetypeid":72,"servicetype":"Non AC/Ordinary","centerlat":12.965333,"centerlong":77.584358,"eta":"","sch_arrivaltime":"11:27","sch_departuretime":"11:27","actual_arrivaltime":"11:23","actual_departuretime":"11:24","sch_tripstarttime":"11:25","sch_tripendtime":"11:25","lastlocationid":0,"currentlocationid":31416,"nextlocationid":0,"currentstop":null,"nextstop":null,"laststop":null,"stopCoveredStatus":1,"heading":87,"lastrefreshon":"07-02-2024 11:26:24","lastreceiveddatetimeflag":0,"tripposition":1}]},{"routeid":1730,"stationid":20728,"stationname":"Corporation","from":"KR Market","to":"Neelasandra Bus Stand","routeno":"143","distance_on_station":1.131,"centerlat":12.9648,"centerlong":77.58778,"responsecode":200,"isnotify":0,"vehicleDetails":[{"vehicleid":22744,"vehiclenumber":"KA57F3066","servicetypeid":72,"servicetype":"Non AC/Ordinary","centerlat":12.971479,"centerlong":77.606483,"eta":"","sch_arrivaltime":"10:54","sch_departuretime":"10:54","actual_arrivaltime":"10:57","actual_departuretime":"11:00","sch_tripstarttime":"10:50","sch_tripendtime":"10:50","lastlocationid":0,"currentlocationid":22518,"nextlocationid":0,"currentstop":null,"nextstop":null,"laststop":null,"stopCoveredStatus":1,"heading":97,"lastrefreshon":"07-02-2024 11:26:57","lastreceiveddatetimeflag":0,"tripposition":1},{"vehicleid":15317,"vehiclenumber":"KA57F3523","servicetypeid":72,"servicetype":"Non AC/Ordinary","centerlat":12.960451,"centerlong":77.601181,"eta":"","sch_arrivaltime":"10:54","sch_departuretime":"10:54","actual_arrivaltime":"11:10","actual_departuretime":"11:10","sch_tripstarttime":"10:50","sch_tripendtime":"10:50","lastlocationid":0,"currentlocationid":35117,"nextlocationid":0,"currentstop":null,"nextstop":null,"laststop":null,"stopCoveredStatus":1,"heading":129,"lastrefreshon":"07-02-2024 11:26:44","lastreceiveddatetimeflag":0,"tripposition":1},{"vehicleid":22462,"vehiclenumber":"KA57F1365","servicetypeid":72,"servicetype":"Non AC/Ordinary","centerlat":12.962298,"centerlong":77.592903,"eta":"","sch_arrivaltime":"11:24","sch_departuretime":"11:24","actual_arrivaltime":"11:15","actual_departuretime":"11:17","sch_tripstarttime":"11:20","sch_tripendtime":"11:20","lastlocationid":0,"currentlocationid":21196,"nextlocationid":0,"currentstop":null,"nextstop":null,"laststop":null,"stopCoveredStatus":1,"heading":100,"lastrefreshon":"07-02-2024 11:26:53","lastreceiveddatetimeflag":0,"tripposition":1},{"vehicleid":3215,"vehiclenumber":"KA57F0270","servicetypeid":72,"servicetype":"Non AC/Ordinary","centerlat":12.965333,"centerlong":77.584358,"eta":"2024-02-07 11:28:00","sch_arrivaltime":"11:29","sch_departuretime":"11:29","actual_arrivaltime":"","actual_departuretime":"","sch_tripstarttime":"11:25","sch_tripendtime":"11:25","lastlocationid":0,"currentlocationid":31416,"nextlocationid":0,"currentstop":null,"nextstop":null,"laststop":null,"stopCoveredStatus":0,"heading":87,"lastrefreshon":"07-02-2024 11:26:24","lastreceiveddatetimeflag":0,"tripposition":3},{"vehicleid":15251,"vehiclenumber":"KA01F4394","servicetypeid":72,"servicetype":"Non AC/Ordinary","centerlat":12.965835,"centerlong":77.586258,"eta":"2024-02-07 11:28:00","sch_arrivaltime":"11:54","sch_departuretime":"11:54","actual_arrivaltime":"","actual_departuretime":"","sch_tripstarttime":"11:50","sch_tripendtime":"11:50","lastlocationid":0,"currentlocationid":20728,"nextlocationid":0,"currentstop":null,"nextstop":null,"laststop":null,"stopCoveredStatus":0,"heading":85,"lastrefreshon":"07-02-2024 11:26:40","lastreceiveddatetimeflag":0,"tripposition":3}]},{"routeid":1730,"stationid":21196,"stationname":"Subbaiah Circle","from":"KR Market","to":"Neelasandra Bus Stand","routeno":"143","distance_on_station":1.55,"centerlat":12.96266,"centerlong":77.59093,"responsecode":200,"isnotify":0,"vehicleDetails":[{"vehicleid":22744,"vehiclenumber":"KA57F3066","servicetypeid":72,"servicetype":"Non AC/Ordinary","centerlat":12.971479,"centerlong":77.606483,"eta":"","sch_arrivaltime":"10:55","sch_departuretime":"10:55","actual_arrivaltime":"11:02","actual_departuretime":"11:03","sch_tripstarttime":"10:50","sch_tripendtime":"10:50","lastlocationid":0,"currentlocationid":22518,"nextlocationid":0,"currentstop":null,"nextstop":null,"laststop":null,"stopCoveredStatus":1,"heading":97,"lastrefreshon":"07-02-2024 11:26:57","lastreceiveddatetimeflag":0,"tripposition":1},{"vehicleid":15317,"vehiclenumber":"KA57F3523","servicetypeid":72,"servicetype":"Non AC/Ordinary","centerlat":12.960451,"centerlong":77.601181,"eta":"","sch_arrivaltime":"10:55","sch_departuretime":"10:55","actual_arrivaltime":"11:13","actual_departuretime":"11:13","sch_tripstarttime":"10:50","sch_tripendtime":"10:50","lastlocationid":0,"currentlocationid":35117,"nextlocationid":0,"currentstop":null,"nextstop":null,"laststop":null,"stopCoveredStatus":1,"heading":129,"lastrefreshon":"07-02-2024 11:26:44","lastreceiveddatetimeflag":0,"tripposition":1},{"vehicleid":22462,"vehiclenumber":"KA57F1365","servicetypeid":72,"servicetype":"Non AC/Ordinary","centerlat":12.962298,"centerlong":77.592903,"eta":"","sch_arrivaltime":"11:25","sch_departuretime":"11:25","actual_arrivaltime":"11:19","actual_departuretime":"11:20","sch_tripstarttime":"11:20","sch_tripendtime":"11:20","lastlocationid":0,"currentlocationid":21196,"nextlocationid":0,"currentstop":null,"nextstop":null,"laststop":null,"stopCoveredStatus":1,"heading":100,"lastrefreshon":"07-02-2024 11:26:53","lastreceiveddatetimeflag":0,"tripposition":1},{"vehicleid":3215,"vehiclenumber":"KA57F0270","servicetypeid":72,"servicetype":"Non AC/Ordinary","centerlat":12.965333,"centerlong":77.584358,"eta":"2024-02-07 11:30:00","sch_arrivaltime":"11:30","sch_departuretime":"11:30","actual_arrivaltime":"","actual_departuretime":"","sch_tripstarttime":"11:25","sch_tripendtime":"11:25","lastlocationid":0,"currentlocationid":31416,"nextlocationid":0,"currentstop":null,"nextstop":null,"laststop":null,"stopCoveredStatus":0,"heading":87,"lastrefreshon":"07-02-2024 11:26:24","lastreceiveddatetimeflag":0,"tripposition":3},{"vehicleid":15251,"vehiclenumber":"KA01F4394","servicetypeid":72,"servicetype":"Non AC/Ordinary","centerlat":12.965835,"centerlong":77.586258,"eta":"2024-02-07 11:32:00","sch_arrivaltime":"11:55","sch_departuretime":"11:55","actual_arrivaltime":"","actual_departuretime":"","sch_tripstarttime":"11:50","sch_tripendtime":"11:50","lastlocationid":0,"currentlocationid":20728,"nextlocationid":0,"currentstop":null,"nextstop":null,"laststop":null,"stopCoveredStatus":0,"heading":85,"lastrefreshon":"07-02-2024 11:26:40","lastreceiveddatetimeflag":0,"tripposition":3}]},{"routeid":1730,"stationid":31349,"stationname":"Akkithimmanahalli 1","from":"KR Market","to":"Neelasandra Bus Stand","routeno":"143","distance_on_station":2.145,"centerlat":12.96221,"centerlong":77.59649,"responsecode":200,"isnotify":0,"vehicleDetails":[{"vehicleid":22744,"vehiclenumber":"KA57F3066","servicetypeid":72,"servicetype":"Non AC/Ordinary","centerlat":12.971479,"centerlong":77.606483,"eta":"","sch_arrivaltime":"10:57","sch_departuretime":"10:57","actual_arrivaltime":"11:10","actual_departuretime":"11:11","sch_tripstarttime":"10:50","sch_tripendtime":"10:50","lastlocationid":0,"currentlocationid":22518,"nextlocationid":0,"currentstop":null,"nextstop":null,"laststop":null,"stopCoveredStatus":1,"heading":97,"lastrefreshon":"07-02-2024 11:26:57","lastreceiveddatetimeflag":0,"tripposition":1},{"vehicleid":15317,"vehiclenumber":"KA57F3523","servicetypeid":72,"servicetype":"Non AC/Ordinary","centerlat":12.960451,"centerlong":77.601181,"eta":"","sch_arrivaltime":"10:57","sch_departuretime":"10:57","actual_arrivaltime":"11:23","actual_departuretime":"11:24","sch_tripstarttime":"10:50","sch_tripendtime":"10:50","lastlocationid":0,"currentlocationid":35117,"nextlocationid":0,"currentstop":null,"nextstop":null,"laststop":null,"stopCoveredStatus":1,"heading":129,"lastrefreshon":"07-02-2024 11:26:44","lastreceiveddatetimeflag":0,"tripposition":1},{"vehicleid":22462,"vehiclenumber":"KA57F1365","servicetypeid":72,"servicetype":"Non AC/Ordinary","centerlat":12.962298,"centerlong":77.592903,"eta":"2024-02-07 11:29:00","sch_arrivaltime":"11:27","sch_departuretime":"11:27","actual_arrivaltime":"","actual_departuretime":"","sch_tripstarttime":"11:20","sch_tripendtime":"11:20","lastlocationid":0,"currentlocationid":21196,"nextlocationid":0,"currentstop":null,"nextstop":null,"laststop":null,"stopCoveredStatus":0,"heading":100,"lastrefreshon":"07-02-2024 11:26:53","lastreceiveddatetimeflag":0,"tripposition":3},{"vehicleid":3215,"vehiclenumber":"KA57F0270","servicetypeid":72,"servicetype":"Non AC/Ordinary","centerlat":12.965333,"centerlong":77.584358,"eta":"2024-02-07 11:32:00","sch_arrivaltime":"11:32","sch_departuretime":"11:32","actual_arrivaltime":"","actual_departuretime":"","sch_tripstarttime":"11:25","sch_tripendtime":"11:25","lastlocationid":0,"currentlocationid":31416,"nextlocationid":0,"currentstop":null,"nextstop":null,"laststop":null,"stopCoveredStatus":0,"heading":87,"lastrefreshon":"07-02-2024 11:26:24","lastreceiveddatetimeflag":0,"tripposition":3},{"vehicleid":15251,"vehiclenumber":"KA01F4394","servicetypeid":72,"servicetype":"Non AC/Ordinary","centerlat":12.965835,"centerlong":77.586258,"eta":"2024-02-07 11:35:00","sch_arrivaltime":"11:57","sch_departuretime":"11:57","actual_arrivaltime":"","actual_departuretime":"","sch_tripstarttime":"11:50","sch_tripendtime":"11:50","lastlocationid":0,"currentlocationid":20728,"nextlocationid":0,"currentstop":null,"nextstop":null,"laststop":null,"stopCoveredStatus":0,"heading":85,"lastrefreshon":"07-02-2024 11:26:40","lastreceiveddatetimeflag":0,"tripposition":3}]},{"routeid":1730,"stationid":35117,"stationname":"Nanjappa Circle","from":"KR Market","to":"Neelasandra Bus Stand","routeno":"143","distance_on_station":2.623,"centerlat":12.96073,"centerlong":77.60068,"responsecode":200,"isnotify":0,"vehicleDetails":[{"vehicleid":22744,"vehiclenumber":"KA57F3066","servicetypeid":72,"servicetype":"Non AC/Ordinary","centerlat":12.971479,"centerlong":77.606483,"eta":"","sch_arrivaltime":"10:58","sch_departuretime":"10:58","actual_arrivaltime":"11:13","actual_departuretime":"11:13","sch_tripstarttime":"10:50","sch_tripendtime":"10:50","lastlocationid":0,"currentlocationid":22518,"nextlocationid":0,"currentstop":null,"nextstop":null,"laststop":null,"stopCoveredStatus":1,"heading":97,"lastrefreshon":"07-02-2024 11:26:57","lastreceiveddatetimeflag":0,"tripposition":1},{"vehicleid":15317,"vehiclenumber":"KA57F3523","servicetypeid":72,"servicetype":"Non AC/Ordinary","centerlat":12.960451,"centerlong":77.601181,"eta":"","sch_arrivaltime":"10:58","sch_departuretime":"10:58","actual_arrivaltime":"11:25","actual_departuretime":"11:25","sch_tripstarttime":"10:50","sch_tripendtime":"10:50","lastlocationid":0,"currentlocationid":35117,"nextlocationid":0,"currentstop":null,"nextstop":null,"laststop":null,"stopCoveredStatus":1,"heading":129,"lastrefreshon":"07-02-2024 11:26:44","lastreceiveddatetimeflag":0,"tripposition":1},{"vehicleid":3215,"vehiclenumber":"KA57F0270","servicetypeid":72,"servicetype":"Non AC/Ordinary","centerlat":12.965333,"centerlong":77.584358,"eta":"2024-02-07 11:33:00","sch_arrivaltime":"11:33","sch_departuretime":"11:33","actual_arrivaltime":"","actual_departuretime":"","sch_tripstarttime":"11:25","sch_tripendtime":"11:25","lastlocationid":0,"currentlocationid":31416,"nextlocationid":0,"currentstop":null,"nextstop":null,"laststop":null,"stopCoveredStatus":0,"heading":87,"lastrefreshon":"07-02-2024 11:26:24","lastreceiveddatetimeflag":0,"tripposition":3},{"vehicleid":22462,"vehiclenumber":"KA57F1365","servicetypeid":72,"servicetype":"Non AC/Ordinary","centerlat":12.962298,"centerlong":77.592903,"eta":"2024-02-07 11:33:00","sch_arrivaltime":"11:28","sch_departuretime":"11:28","actual_arrivaltime":"","actual_departuretime":"","sch_tripstarttime":"11:20","sch_tripendtime":"11:20","lastlocationid":0,"currentlocationid":21196,"nextlocationid":0,"currentstop":null,"nextstop":null,"laststop":null,"stopCoveredStatus":0,"heading":100,"lastrefreshon":"07-02-2024 11:26:53","lastreceiveddatetimeflag":0,"tripposition":3},{"vehicleid":15251,"vehiclenumber":"KA01F4394","servicetypeid":72,"servicetype":"Non AC/Ordinary","centerlat":12.965835,"centerlong":77.586258,"eta":"2024-02-07 11:36:00","sch_arrivaltime":"11:58","sch_departuretime":"11:58","actual_arrivaltime":"","actual_departuretime":"","sch_tripstarttime":"11:50","sch_tripendtime":"11:50","lastlocationid":0,"currentlocationid":20728,"nextlocationid":0,"currentstop":null,"nextstop":null,"laststop":null,"stopCoveredStatus":0,"heading":85,"lastrefreshon":"07-02-2024 11:26:40","lastreceiveddatetimeflag":0,"tripposition":3}]},{"routeid":1730,"stationid":23670,"stationname":"Elgin Floor Mill","from":"KR Market","to":"Neelasandra Bus Stand","routeno":"143","distance_on_station":3.344,"centerlat":12.95873,"centerlong":77.6061,"responsecode":200,"isnotify":0,"vehicleDetails":[{"vehicleid":22744,"vehiclenumber":"KA57F3066","servicetypeid":72,"servicetype":"Non AC/Ordinary","centerlat":12.971479,"centerlong":77.606483,"eta":"","sch_arrivaltime":"11:02","sch_departuretime":"11:02","actual_arrivaltime":"11:17","actual_departuretime":"11:17","sch_tripstarttime":"10:50","sch_tripendtime":"10:50","lastlocationid":0,"currentlocationid":22518,"nextlocationid":0,"currentstop":null,"nextstop":null,"laststop":null,"stopCoveredStatus":1,"heading":97,"lastrefreshon":"07-02-2024 11:26:57","lastreceiveddatetimeflag":0,"tripposition":1},{"vehicleid":15317,"vehiclenumber":"KA57F3523","servicetypeid":72,"servicetype":"Non AC/Ordinary","centerlat":12.960451,"centerlong":77.601181,"eta":"2024-02-07 11:30:00","sch_arrivaltime":"11:02","sch_departuretime":"11:02","actual_arrivaltime":"","actual_departuretime":"","sch_tripstarttime":"10:50","sch_tripendtime":"10:50","lastlocationid":0,"currentlocationid":35117,"nextlocationid":0,"currentstop":null,"nextstop":null,"laststop":null,"stopCoveredStatus":0,"heading":129,"lastrefreshon":"07-02-2024 11:26:44","lastreceiveddatetimeflag":0,"tripposition":3},{"vehicleid":3215,"vehiclenumber":"KA57F0270","servicetypeid":72,"servicetype":"Non AC/Ordinary","centerlat":12.965333,"centerlong":77.584358,"eta":"2024-02-07 11:35:00","sch_arrivaltime":"11:37","sch_departuretime":"11:37","actual_arrivaltime":"","actual_departuretime":"","sch_tripstarttime":"11:25","sch_tripendtime":"11:25","lastlocationid":0,"currentlocationid":31416,"nextlocationid":0,"currentstop":null,"nextstop":null,"laststop":null,"stopCoveredStatus":0,"heading":87,"lastrefreshon":"07-02-2024 11:26:24","lastreceiveddatetimeflag":0,"tripposition":3},{"vehicleid":15251,"vehiclenumber":"KA01F4394","servicetypeid":72,"servicetype":"Non AC/Ordinary","centerlat":12.965835,"centerlong":77.586258,"eta":"2024-02-07 11:39:00","sch_arrivaltime":"12:02","sch_departuretime":"12:02","actual_arrivaltime":"","actual_departuretime":"","sch_tripstarttime":"11:50","sch_tripendtime":"11:50","lastlocationid":0,"currentlocationid":20728,"nextlocationid":0,"currentstop":null,"nextstop":null,"laststop":null,"stopCoveredStatus":0,"heading":85,"lastrefreshon":"07-02-2024 11:26:40","lastreceiveddatetimeflag":0,"tripposition":3},{"vehicleid":22462,"vehiclenumber":"KA57F1365","servicetypeid":72,"servicetype":"Non AC/Ordinary","centerlat":12.962298,"centerlong":77.592903,"eta":"2024-02-07 11:39:00","sch_arrivaltime":"11:32","sch_departuretime":"11:32","actual_arrivaltime":"","actual_departuretime":"","sch_tripstarttime":"11:20","sch_tripendtime":"11:20","lastlocationid":0,"currentlocationid":21196,"nextlocationid":0,"currentstop":null,"nextstop":null,"laststop":null,"stopCoveredStatus":0,"heading":100,"lastrefreshon":"07-02-2024 11:26:53","lastreceiveddatetimeflag":0,"tripposition":3}]},{"routeid":1730,"stationid":23671,"stationname":"Johnson Market","from":"KR Market","to":"Neelasandra Bus Stand","routeno":"143","distance_on_station":3.851,"centerlat":12.96336,"centerlong":77.60672,"responsecode":200,"isnotify":0,"vehicleDetails":[{"vehicleid":22744,"vehiclenumber":"KA57F3066","servicetypeid":72,"servicetype":"Non AC/Ordinary","centerlat":12.971479,"centerlong":77.606483,"eta":"","sch_arrivaltime":"11:03","sch_departuretime":"11:03","actual_arrivaltime":"11:18","actual_departuretime":"11:18","sch_tripstarttime":"10:50","sch_tripendtime":"10:50","lastlocationid":0,"currentlocationid":22518,"nextlocationid":0,"currentstop":null,"nextstop":null,"laststop":null,"stopCoveredStatus":1,"heading":97,"lastrefreshon":"07-02-2024 11:26:57","lastreceiveddatetimeflag":0,"tripposition":1},{"vehicleid":15317,"vehiclenumber":"KA57F3523","servicetypeid":72,"servicetype":"Non AC/Ordinary","centerlat":12.960451,"centerlong":77.601181,"eta":"2024-02-07 11:34:00","sch_arrivaltime":"11:03","sch_departuretime":"11:03","actual_arrivaltime":"","actual_departuretime":"","sch_tripstarttime":"10:50","sch_tripendtime":"10:50","lastlocationid":0,"currentlocationid":35117,"nextlocationid":0,"currentstop":null,"nextstop":null,"laststop":null,"stopCoveredStatus":0,"heading":129,"lastrefreshon":"07-02-2024 11:26:44","lastreceiveddatetimeflag":0,"tripposition":3},{"vehicleid":3215,"vehiclenumber":"KA57F0270","servicetypeid":72,"servicetype":"Non AC/Ordinary","centerlat":12.965333,"centerlong":77.584358,"eta":"2024-02-07 11:37:00","sch_arrivaltime":"11:38","sch_departuretime":"11:38","actual_arrivaltime":"","actual_departuretime":"","sch_tripstarttime":"11:25","sch_tripendtime":"11:25","lastlocationid":0,"currentlocationid":31416,"nextlocationid":0,"currentstop":null,"nextstop":null,"laststop":null,"stopCoveredStatus":0,"heading":87,"lastrefreshon":"07-02-2024 11:26:24","lastreceiveddatetimeflag":0,"tripposition":3},{"vehicleid":15251,"vehiclenumber":"KA01F4394","servicetypeid":72,"servicetype":"Non AC/Ordinary","centerlat":12.965835,"centerlong":77.586258,"eta":"2024-02-07 11:40:00","sch_arrivaltime":"12:03","sch_departuretime":"12:03","actual_arrivaltime":"","actual_departuretime":"","sch_tripstarttime":"11:50","sch_tripendtime":"11:50","lastlocationid":0,"currentlocationid":20728,"nextlocationid":0,"currentstop":null,"nextstop":null,"laststop":null,"stopCoveredStatus":0,"heading":85,"lastrefreshon":"07-02-2024 11:26:40","lastreceiveddatetimeflag":0,"tripposition":3},{"vehicleid":22462,"vehiclenumber":"KA57F1365","servicetypeid":72,"servicetype":"Non AC/Ordinary","centerlat":12.962298,"centerlong":77.592903,"eta":"2024-02-07 11:44:00","sch_arrivaltime":"11:33","sch_departuretime":"11:33","actual_arrivaltime":"","actual_departuretime":"","sch_tripstarttime":"11:20","sch_tripendtime":"11:20","lastlocationid":0,"currentlocationid":21196,"nextlocationid":0,"currentstop":null,"nextstop":null,"laststop":null,"stopCoveredStatus":0,"heading":100,"lastrefreshon":"07-02-2024 11:26:53","lastreceiveddatetimeflag":0,"tripposition":3}]},{"routeid":1730,"stationid":22486,"stationname":"Shoolay Circle Brigade Road","from":"KR Market","to":"Neelasandra Bus Stand","routeno":"143","distance_on_station":4.202,"centerlat":12.96659,"centerlong":77.60666,"responsecode":200,"isnotify":0,"vehicleDetails":[{"vehicleid":22744,"vehiclenumber":"KA57F3066","servicetypeid":72,"servicetype":"Non AC/Ordinary","centerlat":12.971479,"centerlong":77.606483,"eta":"","sch_arrivaltime":"11:04","sch_departuretime":"11:04","actual_arrivaltime":"11:23","actual_departuretime":"11:23","sch_tripstarttime":"10:50","sch_tripendtime":"10:50","lastlocationid":0,"currentlocationid":22518,"nextlocationid":0,"currentstop":null,"nextstop":null,"laststop":null,"stopCoveredStatus":1,"heading":97,"lastrefreshon":"07-02-2024 11:26:57","lastreceiveddatetimeflag":0,"tripposition":1},{"vehicleid":15317,"vehiclenumber":"KA57F3523","servicetypeid":72,"servicetype":"Non AC/Ordinary","centerlat":12.960451,"centerlong":77.601181,"eta":"2024-02-07 11:37:00","sch_arrivaltime":"11:04","sch_departuretime":"11:04","actual_arrivaltime":"","actual_departuretime":"","sch_tripstarttime":"10:50","sch_tripendtime":"10:50","lastlocationid":0,"currentlocationid":35117,"nextlocationid":0,"currentstop":null,"nextstop":null,"laststop":null,"stopCoveredStatus":0,"heading":129,"lastrefreshon":"07-02-2024 11:26:44","lastreceiveddatetimeflag":0,"tripposition":3},{"vehicleid":3215,"vehiclenumber":"KA57F0270","servicetypeid":72,"servicetype":"Non AC/Ordinary","centerlat":12.965333,"centerlong":77.584358,"eta":"2024-02-07 11:38:00","sch_arrivaltime":"11:39","sch_departuretime":"11:39","actual_arrivaltime":"","actual_departuretime":"","sch_tripstarttime":"11:25","sch_tripendtime":"11:25","lastlocationid":0,"currentlocationid":31416,"nextlocationid":0,"currentstop":null,"nextstop":null,"laststop":null,"stopCoveredStatus":0,"heading":87,"lastrefreshon":"07-02-2024 11:26:24","lastreceiveddatetimeflag":0,"tripposition":3},{"vehicleid":15251,"vehiclenumber":"KA01F4394","servicetypeid":72,"servicetype":"Non AC/Ordinary","centerlat":12.965835,"centerlong":77.586258,"eta":"2024-02-07 11:41:00","sch_arrivaltime":"12:04","sch_departuretime":"12:04","actual_arrivaltime":"","actual_departuretime":"","sch_tripstarttime":"11:50","sch_tripendtime":"11:50","lastlocationid":0,"currentlocationid":20728,"nextlocationid":0,"currentstop":null,"nextstop":null,"laststop":null,"stopCoveredStatus":0,"heading":85,"lastrefreshon":"07-02-2024 11:26:40","lastreceiveddatetimeflag":0,"tripposition":3},{"vehicleid":22462,"vehiclenumber":"KA57F1365","servicetypeid":72,"servicetype":"Non AC/Ordinary","centerlat":12.962298,"centerlong":77.592903,"eta":"2024-02-07 11:47:00","sch_arrivaltime":"11:34","sch_departuretime":"11:34","actual_arrivaltime":"","actual_departuretime":"","sch_tripstarttime":"11:20","sch_tripendtime":"11:20","lastlocationid":0,"currentlocationid":21196,"nextlocationid":0,"currentstop":null,"nextstop":null,"laststop":null,"stopCoveredStatus":0,"heading":100,"lastrefreshon":"07-02-2024 11:26:53","lastreceiveddatetimeflag":0,"tripposition":3}]},{"routeid":1730,"stationid":22518,"stationname":"St Patrick Church","from":"KR Market","to":"Neelasandra Bus Stand","routeno":"143","distance_on_station":4.631,"centerlat":12.97023,"centerlong":77.60517,"responsecode":200,"isnotify":0,"vehicleDetails":[{"vehicleid":22744,"vehiclenumber":"KA57F3066","servicetypeid":72,"servicetype":"Non AC/Ordinary","centerlat":12.971479,"centerlong":77.606483,"eta":"","sch_arrivaltime":"11:05","sch_departuretime":"11:05","actual_arrivaltime":"11:25","actual_departuretime":"11:26","sch_tripstarttime":"10:50","sch_tripendtime":"10:50","lastlocationid":0,"currentlocationid":22518,"nextlocationid":0,"currentstop":null,"nextstop":null,"laststop":null,"stopCoveredStatus":1,"heading":97,"lastrefreshon":"07-02-2024 11:26:57","lastreceiveddatetimeflag":0,"tripposition":1},{"vehicleid":3215,"vehiclenumber":"KA57F0270","servicetypeid":72,"servicetype":"Non AC/Ordinary","centerlat":12.965333,"centerlong":77.584358,"eta":"2024-02-07 11:39:00","sch_arrivaltime":"11:40","sch_departuretime":"11:40","actual_arrivaltime":"","actual_departuretime":"","sch_tripstarttime":"11:25","sch_tripendtime":"11:25","lastlocationid":0,"currentlocationid":31416,"nextlocationid":0,"currentstop":null,"nextstop":null,"laststop":null,"stopCoveredStatus":0,"heading":87,"lastrefreshon":"07-02-2024 11:26:24","lastreceiveddatetimeflag":0,"tripposition":3},{"vehicleid":15317,"vehiclenumber":"KA57F3523","servicetypeid":72,"servicetype":"Non AC/Ordinary","centerlat":12.960451,"centerlong":77.601181,"eta":"2024-02-07 11:40:00","sch_arrivaltime":"11:05","sch_departuretime":"11:05","actual_arrivaltime":"","actual_departuretime":"","sch_tripstarttime":"10:50","sch_tripendtime":"10:50","lastlocationid":0,"currentlocationid":35117,"nextlocationid":0,"currentstop":null,"nextstop":null,"laststop":null,"stopCoveredStatus":0,"heading":129,"lastrefreshon":"07-02-2024 11:26:44","lastreceiveddatetimeflag":0,"tripposition":3},{"vehicleid":15251,"vehiclenumber":"KA01F4394","servicetypeid":72,"servicetype":"Non AC/Ordinary","centerlat":12.965835,"centerlong":77.586258,"eta":"2024-02-07 11:43:00","sch_arrivaltime":"12:05","sch_departuretime":"12:05","actual_arrivaltime":"","actual_departuretime":"","sch_tripstarttime":"11:50","sch_tripendtime":"11:50","lastlocationid":0,"currentlocationid":20728,"nextlocationid":0,"currentstop":null,"nextstop":null,"laststop":null,"stopCoveredStatus":0,"heading":85,"lastrefreshon":"07-02-2024 11:26:40","lastreceiveddatetimeflag":0,"tripposition":3},{"vehicleid":22462,"vehiclenumber":"KA57F1365","servicetypeid":72,"servicetype":"Non AC/Ordinary","centerlat":12.962298,"centerlong":77.592903,"eta":"2024-02-07 11:50:00","sch_arrivaltime":"11:35","sch_departuretime":"11:35","actual_arrivaltime":"","actual_departuretime":"","sch_tripstarttime":"11:20","sch_tripendtime":"11:20","lastlocationid":0,"currentlocationid":21196,"nextlocationid":0,"currentstop":null,"nextstop":null,"laststop":null,"stopCoveredStatus":0,"heading":100,"lastrefreshon":"07-02-2024 11:26:53","lastreceiveddatetimeflag":0,"tripposition":3}]},{"routeid":1730,"stationid":22385,"stationname":"Philomenas Hospital","from":"KR Market","to":"Neelasandra Bus Stand","routeno":"143","distance_on_station":5.859,"centerlat":12.96508,"centerlong":77.61011,"responsecode":200,"isnotify":0,"vehicleDetails":[{"vehicleid":22744,"vehiclenumber":"KA57F3066","servicetypeid":72,"servicetype":"Non AC/Ordinary","centerlat":12.971479,"centerlong":77.606483,"eta":"2024-02-07 11:31:00","sch_arrivaltime":"11:09","sch_departuretime":"11:09","actual_arrivaltime":"","actual_departuretime":"","sch_tripstarttime":"10:50","sch_tripendtime":"10:50","lastlocationid":0,"currentlocationid":22518,"nextlocationid":0,"currentstop":null,"nextstop":null,"laststop":null,"stopCoveredStatus":0,"heading":97,"lastrefreshon":"07-02-2024 11:26:57","lastreceiveddatetimeflag":0,"tripposition":3},{"vehicleid":3215,"vehiclenumber":"KA57F0270","servicetypeid":72,"servicetype":"Non AC/Ordinary","centerlat":12.965333,"centerlong":77.584358,"eta":"2024-02-07 11:43:00","sch_arrivaltime":"11:44","sch_departuretime":"11:44","actual_arrivaltime":"","actual_departuretime":"","sch_tripstarttime":"11:25","sch_tripendtime":"11:25","lastlocationid":0,"currentlocationid":31416,"nextlocationid":0,"currentstop":null,"nextstop":null,"laststop":null,"stopCoveredStatus":0,"heading":87,"lastrefreshon":"07-02-2024 11:26:24","lastreceiveddatetimeflag":0,"tripposition":3},{"vehicleid":15251,"vehiclenumber":"KA01F4394","servicetypeid":72,"servicetype":"Non AC/Ordinary","centerlat":12.965835,"centerlong":77.586258,"eta":"2024-02-07 11:46:00","sch_arrivaltime":"12:09","sch_departuretime":"12:09","actual_arrivaltime":"","actual_departuretime":"","sch_tripstarttime":"11:50","sch_tripendtime":"11:50","lastlocationid":0,"currentlocationid":20728,"nextlocationid":0,"currentstop":null,"nextstop":null,"laststop":null,"stopCoveredStatus":0,"heading":85,"lastrefreshon":"07-02-2024 11:26:40","lastreceiveddatetimeflag":0,"tripposition":3},{"vehicleid":15317,"vehiclenumber":"KA57F3523","servicetypeid":72,"servicetype":"Non AC/Ordinary","centerlat":12.960451,"centerlong":77.601181,"eta":"2024-02-07 11:50:00","sch_arrivaltime":"11:09","sch_departuretime":"11:09","actual_arrivaltime":"","actual_departuretime":"","sch_tripstarttime":"10:50","sch_tripendtime":"10:50","lastlocationid":0,"currentlocationid":35117,"nextlocationid":0,"currentstop":null,"nextstop":null,"laststop":null,"stopCoveredStatus":0,"heading":129,"lastrefreshon":"07-02-2024 11:26:44","lastreceiveddatetimeflag":0,"tripposition":3},{"vehicleid":22462,"vehiclenumber":"KA57F1365","servicetypeid":72,"servicetype":"Non AC/Ordinary","centerlat":12.962298,"centerlong":77.592903,"eta":"2024-02-07 12:00:00","sch_arrivaltime":"11:39","sch_departuretime":"11:39","actual_arrivaltime":"","actual_departuretime":"","sch_tripstarttime":"11:20","sch_tripendtime":"11:20","lastlocationid":0,"currentlocationid":21196,"nextlocationid":0,"currentstop":null,"nextstop":null,"laststop":null,"stopCoveredStatus":0,"heading":100,"lastrefreshon":"07-02-2024 11:26:53","lastreceiveddatetimeflag":0,"tripposition":3}]},{"routeid":1730,"stationid":29591,"stationname":"Austin Town Neelasandra","from":"KR Market","to":"Neelasandra Bus Stand","routeno":"143","distance_on_station":6.327,"centerlat":12.9616,"centerlong":77.61254,"responsecode":200,"isnotify":0,"vehicleDetails":[{"vehicleid":22744,"vehiclenumber":"KA57F3066","servicetypeid":72,"servicetype":"Non AC/Ordinary","centerlat":12.971479,"centerlong":77.606483,"eta":"2024-02-07 11:32:00","sch_arrivaltime":"11:10","sch_departuretime":"11:10","actual_arrivaltime":"","actual_departuretime":"","sch_tripstarttime":"10:50","sch_tripendtime":"10:50","lastlocationid":0,"currentlocationid":22518,"nextlocationid":0,"currentstop":null,"nextstop":null,"laststop":null,"stopCoveredStatus":0,"heading":97,"lastrefreshon":"07-02-2024 11:26:57","lastreceiveddatetimeflag":0,"tripposition":3},{"vehicleid":3215,"vehiclenumber":"KA57F0270","servicetypeid":72,"servicetype":"Non AC/Ordinary","centerlat":12.965333,"centerlong":77.584358,"eta":"2024-02-07 11:44:00","sch_arrivaltime":"11:45","sch_departuretime":"11:45","actual_arrivaltime":"","actual_departuretime":"","sch_tripstarttime":"11:25","sch_tripendtime":"11:25","lastlocationid":0,"currentlocationid":31416,"nextlocationid":0,"currentstop":null,"nextstop":null,"laststop":null,"stopCoveredStatus":0,"heading":87,"lastrefreshon":"07-02-2024 11:26:24","lastreceiveddatetimeflag":0,"tripposition":3},{"vehicleid":15251,"vehiclenumber":"KA01F4394","servicetypeid":72,"servicetype":"Non AC/Ordinary","centerlat":12.965835,"centerlong":77.586258,"eta":"2024-02-07 11:48:00","sch_arrivaltime":"12:10","sch_departuretime":"12:10","actual_arrivaltime":"","actual_departuretime":"","sch_tripstarttime":"11:50","sch_tripendtime":"11:50","lastlocationid":0,"currentlocationid":20728,"nextlocationid":0,"currentstop":null,"nextstop":null,"laststop":null,"stopCoveredStatus":0,"heading":85,"lastrefreshon":"07-02-2024 11:26:40","lastreceiveddatetimeflag":0,"tripposition":3},{"vehicleid":15317,"vehiclenumber":"KA57F3523","servicetypeid":72,"servicetype":"Non AC/Ordinary","centerlat":12.960451,"centerlong":77.601181,"eta":"2024-02-07 11:53:00","sch_arrivaltime":"11:10","sch_departuretime":"11:10","actual_arrivaltime":"","actual_departuretime":"","sch_tripstarttime":"10:50","sch_tripendtime":"10:50","lastlocationid":0,"currentlocationid":35117,"nextlocationid":0,"currentstop":null,"nextstop":null,"laststop":null,"stopCoveredStatus":0,"heading":129,"lastrefreshon":"07-02-2024 11:26:44","lastreceiveddatetimeflag":0,"tripposition":3},{"vehicleid":22462,"vehiclenumber":"KA57F1365","servicetypeid":72,"servicetype":"Non AC/Ordinary","centerlat":12.962298,"centerlong":77.592903,"eta":"2024-02-07 12:01:00","sch_arrivaltime":"11:40","sch_departuretime":"11:40","actual_arrivaltime":"","actual_departuretime":"","sch_tripstarttime":"11:20","sch_tripendtime":"11:20","lastlocationid":0,"currentlocationid":21196,"nextlocationid":0,"currentstop":null,"nextstop":null,"laststop":null,"stopCoveredStatus":0,"heading":100,"lastrefreshon":"07-02-2024 11:26:53","lastreceiveddatetimeflag":0,"tripposition":3}]},{"routeid":1730,"stationid":22349,"stationname":"Neelasandra Bus Stand","from":"KR Market","to":"Neelasandra Bus Stand","routeno":"143","distance_on_station":7,"centerlat":12.95761,"centerlong":77.61427,"responsecode":200,"isnotify":0,"vehicleDetails":[{"vehicleid":22744,"vehiclenumber":"KA57F3066","servicetypeid":72,"servicetype":"Non AC/Ordinary","centerlat":12.971479,"centerlong":77.606483,"eta":"2024-02-07 11:35:00","sch_arrivaltime":"11:12","sch_departuretime":"11:12","actual_arrivaltime":"","actual_departuretime":"","sch_tripstarttime":"10:50","sch_tripendtime":"10:50","lastlocationid":0,"currentlocationid":22518,"nextlocationid":0,"currentstop":null,"nextstop":null,"laststop":null,"stopCoveredStatus":0,"heading":97,"lastrefreshon":"07-02-2024 11:26:57","lastreceiveddatetimeflag":0,"tripposition":1},{"vehicleid":3215,"vehiclenumber":"KA57F0270","servicetypeid":72,"servicetype":"Non AC/Ordinary","centerlat":12.965333,"centerlong":77.584358,"eta":"2024-02-07 11:47:00","sch_arrivaltime":"11:47","sch_departuretime":"11:47","actual_arrivaltime":"","actual_departuretime":"","sch_tripstarttime":"11:25","sch_tripendtime":"11:25","lastlocationid":0,"currentlocationid":31416,"nextlocationid":0,"currentstop":null,"nextstop":null,"laststop":null,"stopCoveredStatus":0,"heading":87,"lastrefreshon":"07-02-2024 11:26:24","lastreceiveddatetimeflag":0,"tripposition":1},{"vehicleid":15251,"vehiclenumber":"KA01F4394","servicetypeid":72,"servicetype":"Non AC/Ordinary","centerlat":12.965835,"centerlong":77.586258,"eta":"2024-02-07 11:50:00","sch_arrivaltime":"12:12","sch_departuretime":"12:12","actual_arrivaltime":"","actual_departuretime":"","sch_tripstarttime":"11:50","sch_tripendtime":"11:50","lastlocationid":0,"currentlocationid":20728,"nextlocationid":0,"currentstop":null,"nextstop":null,"laststop":null,"stopCoveredStatus":0,"heading":85,"lastrefreshon":"07-02-2024 11:26:40","lastreceiveddatetimeflag":0,"tripposition":1},{"vehicleid":15317,"vehiclenumber":"KA57F3523","servicetypeid":72,"servicetype":"Non AC/Ordinary","centerlat":12.960451,"centerlong":77.601181,"eta":"2024-02-07 11:57:00","sch_arrivaltime":"11:12","sch_departuretime":"11:12","actual_arrivaltime":"","actual_departuretime":"","sch_tripstarttime":"10:50","sch_tripendtime":"10:50","lastlocationid":0,"currentlocationid":35117,"nextlocationid":0,"currentstop":null,"nextstop":null,"laststop":null,"stopCoveredStatus":0,"heading":129,"lastrefreshon":"07-02-2024 11:26:44","lastreceiveddatetimeflag":0,"tripposition":1},{"vehicleid":22462,"vehiclenumber":"KA57F1365","servicetypeid":72,"servicetype":"Non AC/Ordinary","centerlat":12.962298,"centerlong":77.592903,"eta":"2024-02-07 12:03:00","sch_arrivaltime":"11:42","sch_departuretime":"11:42","actual_arrivaltime":"","actual_departuretime":"","sch_tripstarttime":"11:20","sch_tripendtime":"11:20","lastlocationid":0,"currentlocationid":21196,"nextlocationid":0,"currentstop":null,"nextstop":null,"laststop":null,"stopCoveredStatus":0,"heading":100,"lastrefreshon":"07-02-2024 11:26:53","lastreceiveddatetimeflag":0,"tripposition":1}]}],"mapData":[{"vehicleid":15317,"vehiclenumber":"KA57F3523","servicetypeid":72,"servicetype":"Non AC/Ordinary","centerlat":12.960451,"centerlong":77.601181,"eta":"2024-02-07 11:57:00","sch_arrivaltime":"11:12","sch_departuretime":"11:12","actual_arrivaltime":"","actual_departuretime":"","sch_tripstarttime":"10:50","sch_tripendtime":"10:50","lastlocationid":0,"currentlocationid":35117,"nextlocationid":0,"currentstop":null,"nextstop":null,"laststop":null,"stopCoveredStatus":0,"heading":129,"lastrefreshon":"07-02-2024 11:26:44","lastreceiveddatetimeflag":0,"tripposition":1},{"vehicleid":22462,"vehiclenumber":"KA57F1365","servicetypeid":72,"servicetype":"Non AC/Ordinary","centerlat":12.962298,"centerlong":77.592903,"eta":"2024-02-07 12:03:00","sch_arrivaltime":"11:42","sch_departuretime":"11:42","actual_arrivaltime":"","actual_departuretime":"","sch_tripstarttime":"11:20","sch_tripendtime":"11:20","lastlocationid":0,"currentlocationid":21196,"nextlocationid":0,"currentstop":null,"nextstop":null,"laststop":null,"stopCoveredStatus":0,"heading":100,"lastrefreshon":"07-02-2024 11:26:53","lastreceiveddatetimeflag":0,"tripposition":1},{"vehicleid":22744,"vehiclenumber":"KA57F3066","servicetypeid":72,"servicetype":"Non AC/Ordinary","centerlat":12.971479,"centerlong":77.606483,"eta":"2024-02-07 11:35:00","sch_arrivaltime":"11:12","sch_departuretime":"11:12","actual_arrivaltime":"","actual_departuretime":"","sch_tripstarttime":"10:50","sch_tripendtime":"10:50","lastlocationid":0,"currentlocationid":22518,"nextlocationid":0,"currentstop":null,"nextstop":null,"laststop":null,"stopCoveredStatus":0,"heading":97,"lastrefreshon":"07-02-2024 11:26:57","lastreceiveddatetimeflag":0,"tripposition":1},{"vehicleid":3215,"vehiclenumber":"KA57F0270","servicetypeid":72,"servicetype":"Non AC/Ordinary","centerlat":12.965333,"centerlong":77.584358,"eta":"2024-02-07 11:47:00","sch_arrivaltime":"11:47","sch_departuretime":"11:47","actual_arrivaltime":"","actual_departuretime":"","sch_tripstarttime":"11:25","sch_tripendtime":"11:25","lastlocationid":0,"currentlocationid":31416,"nextlocationid":0,"currentstop":null,"nextstop":null,"laststop":null,"stopCoveredStatus":0,"heading":87,"lastrefreshon":"07-02-2024 11:26:24","lastreceiveddatetimeflag":0,"tripposition":1},{"vehicleid":15251,"vehiclenumber":"KA01F4394","servicetypeid":72,"servicetype":"Non AC/Ordinary","centerlat":12.965835,"centerlong":77.586258,"eta":"2024-02-07 11:50:00","sch_arrivaltime":"12:12","sch_departuretime":"12:12","actual_arrivaltime":"","actual_departuretime":"","sch_tripstarttime":"11:50","sch_tripendtime":"11:50","lastlocationid":0,"currentlocationid":20728,"nextlocationid":0,"currentstop":null,"nextstop":null,"laststop":null,"stopCoveredStatus":0,"heading":85,"lastrefreshon":"07-02-2024 11:26:40","lastreceiveddatetimeflag":0,"tripposition":1}]},"down":{"data":[{"routeid":1731,"stationid":22349,"stationname":"Neelasandra Bus Stand","from":"Neelasandra Bus Stand","to":"KR Market","routeno":"143","distance_on_station":0,"centerlat":12.95761,"centerlong":77.61427,"responsecode":200,"isnotify":0,"vehicleDetails":[{"vehicleid":3159,"vehiclenumber":"KA57F1543","servicetypeid":72,"servicetype":"Non AC/Ordinary","centerlat":12.961712,"centerlong":77.588959,"eta":"","sch_arrivaltime":"09:55","sch_departuretime":"09:55","actual_arrivaltime":"11:05","actual_departuretime":"11:05","sch_tripstarttime":"09:55","sch_tripendtime":"09:55","lastlocationid":0,"currentlocationid":21100,"nextlocationid":0,"currentstop":null,"nextstop":null,"laststop":null,"stopCoveredStatus":1,"heading":228,"lastrefreshon":"07-02-2024 11:26:53","lastreceiveddatetimeflag":0,"tripposition":1},{"vehicleid":15268,"vehiclenumber":"KA57F0838","servicetypeid":72,"servicetype":"Non AC/Ordinary","centerlat":12.962547,"centerlong":77.590942,"eta":"","sch_arrivaltime":"11:25","sch_departuretime":"11:25","actual_arrivaltime":"11:09","actual_departuretime":"11:10","sch_tripstarttime":"11:25","sch_tripendtime":"11:25","lastlocationid":0,"currentlocationid":23999,"nextlocationid":0,"currentstop":null,"nextstop":null,"laststop":null,"stopCoveredStatus":1,"heading":273,"lastrefreshon":"07-02-2024 11:26:24","lastreceiveddatetimeflag":0,"tripposition":1},{"vehicleid":19680,"vehiclenumber":"KA01F4951","servicetypeid":72,"servicetype":"Non AC/Ordinary","centerlat":12.961512,"centerlong":77.61438,"eta":"","sch_arrivaltime":"11:25","sch_departuretime":"11:25","actual_arrivaltime":"11:24","actual_departuretime":"11:24","sch_tripstarttime":"11:25","sch_tripendtime":"11:25","lastlocationid":0,"currentlocationid":23672,"nextlocationid":0,"currentstop":null,"nextstop":null,"laststop":null,"stopCoveredStatus":1,"heading":270,"lastrefreshon":"07-02-2024 11:26:47","lastreceiveddatetimeflag":0,"tripposition":1}]},{"routeid":1731,"stationid":23672,"stationname":"Austin Town","from":"Neelasandra Bus Stand","to":"KR Market","routeno":"143","distance_on_station":0.568,"centerlat":12.96153,"centerlong":77.61456,"responsecode":200,"isnotify":0,"vehicleDetails":[{"vehicleid":3159,"vehiclenumber":"KA57F1543","servicetypeid":72,"servicetype":"Non AC/Ordinary","centerlat":12.961712,"centerlong":77.588959,"eta":"","sch_arrivaltime":"09:57","sch_departuretime":"09:57","actual_arrivaltime":"11:08","actual_departuretime":"11:09","sch_tripstarttime":"09:55","sch_tripendtime":"09:55","lastlocationid":0,"currentlocationid":21100,"nextlocationid":0,"currentstop":null,"nextstop":null,"laststop":null,"stopCoveredStatus":1,"heading":228,"lastrefreshon":"07-02-2024 11:26:53","lastreceiveddatetimeflag":0,"tripposition":1},{"vehicleid":15268,"vehiclenumber":"KA57F0838","servicetypeid":72,"servicetype":"Non AC/Ordinary","centerlat":12.962547,"centerlong":77.590942,"eta":"","sch_arrivaltime":"11:27","sch_departuretime":"11:27","actual_arrivaltime":"11:12","actual_departuretime":"11:13","sch_tripstarttime":"11:25","sch_tripendtime":"11:25","lastlocationid":0,"currentlocationid":23999,"nextlocationid":0,"currentstop":null,"nextstop":null,"laststop":null,"stopCoveredStatus":1,"heading":273,"lastrefreshon":"07-02-2024 11:26:24","lastreceiveddatetimeflag":0,"tripposition":1},{"vehicleid":19680,"vehiclenumber":"KA01F4951","servicetypeid":72,"servicetype":"Non AC/Ordinary","centerlat":12.961512,"centerlong":77.61438,"eta":"2024-02-07 11:27:00","sch_arrivaltime":"11:27","sch_departuretime":"11:27","actual_arrivaltime":"11:26","actual_departuretime":"","sch_tripstarttime":"11:25","sch_tripendtime":"11:25","lastlocationid":0,"currentlocationid":23672,"nextlocationid":0,"currentstop":null,"nextstop":null,"laststop":null,"stopCoveredStatus":1,"heading":270,"lastrefreshon":"07-02-2024 11:26:47","lastreceiveddatetimeflag":0,"tripposition":2}]},{"routeid":1731,"stationid":35219,"stationname":"Philomenas Hospital","from":"Neelasandra Bus Stand","to":"KR Market","routeno":"143","distance_on_station":1.354,"centerlat":12.96475,"centerlong":77.61011,"responsecode":200,"isnotify":0,"vehicleDetails":[{"vehicleid":3159,"vehiclenumber":"KA57F1543","servicetypeid":72,"servicetype":"Non AC/Ordinary","centerlat":12.961712,"centerlong":77.588959,"eta":"","sch_arrivaltime":"09:58","sch_departuretime":"09:58","actual_arrivaltime":"11:11","actual_departuretime":"11:11","sch_tripstarttime":"09:55","sch_tripendtime":"09:55","lastlocationid":0,"currentlocationid":21100,"nextlocationid":0,"currentstop":null,"nextstop":null,"laststop":null,"stopCoveredStatus":1,"heading":228,"lastrefreshon":"07-02-2024 11:26:53","lastreceiveddatetimeflag":0,"tripposition":1},{"vehicleid":15268,"vehiclenumber":"KA57F0838","servicetypeid":72,"servicetype":"Non AC/Ordinary","centerlat":12.962547,"centerlong":77.590942,"eta":"","sch_arrivaltime":"11:28","sch_departuretime":"11:28","actual_arrivaltime":"11:14","actual_departuretime":"11:14","sch_tripstarttime":"11:25","sch_tripendtime":"11:25","lastlocationid":0,"currentlocationid":23999,"nextlocationid":0,"currentstop":null,"nextstop":null,"laststop":null,"stopCoveredStatus":1,"heading":273,"lastrefreshon":"07-02-2024 11:26:24","lastreceiveddatetimeflag":0,"tripposition":1},{"vehicleid":19680,"vehiclenumber":"KA01F4951","servicetypeid":72,"servicetype":"Non AC/Ordinary","centerlat":12.961512,"centerlong":77.61438,"eta":"2024-02-07 11:28:00","sch_arrivaltime":"11:28","sch_departuretime":"11:28","actual_arrivaltime":"","actual_departuretime":"","sch_tripstarttime":"11:25","sch_tripendtime":"11:25","lastlocationid":0,"currentlocationid":23672,"nextlocationid":0,"currentstop":null,"nextstop":null,"laststop":null,"stopCoveredStatus":0,"heading":270,"lastrefreshon":"07-02-2024 11:26:47","lastreceiveddatetimeflag":0,"tripposition":3}]},{"routeid":1731,"stationid":21126,"stationname":"Richmond Circle","from":"Neelasandra Bus Stand","to":"KR Market","routeno":"143","distance_on_station":2.466,"centerlat":12.9658,"centerlong":77.60433,"responsecode":200,"isnotify":0,"vehicleDetails":[{"vehicleid":3159,"vehiclenumber":"KA57F1543","servicetypeid":72,"servicetype":"Non AC/Ordinary","centerlat":12.961712,"centerlong":77.588959,"eta":"","sch_arrivaltime":"10:00","sch_departuretime":"10:00","actual_arrivaltime":"11:14","actual_departuretime":"11:15","sch_tripstarttime":"09:55","sch_tripendtime":"09:55","lastlocationid":0,"currentlocationid":21100,"nextlocationid":0,"currentstop":null,"nextstop":null,"laststop":null,"stopCoveredStatus":1,"heading":228,"lastrefreshon":"07-02-2024 11:26:53","lastreceiveddatetimeflag":0,"tripposition":1},{"vehicleid":15268,"vehiclenumber":"KA57F0838","servicetypeid":72,"servicetype":"Non AC/Ordinary","centerlat":12.962547,"centerlong":77.590942,"eta":"","sch_arrivaltime":"11:30","sch_departuretime":"11:30","actual_arrivaltime":"11:17","actual_departuretime":"11:18","sch_tripstarttime":"11:25","sch_tripendtime":"11:25","lastlocationid":0,"currentlocationid":23999,"nextlocationid":0,"currentstop":null,"nextstop":null,"laststop":null,"stopCoveredStatus":1,"heading":273,"lastrefreshon":"07-02-2024 11:26:24","lastreceiveddatetimeflag":0,"tripposition":1},{"vehicleid":19680,"vehiclenumber":"KA01F4951","servicetypeid":72,"servicetype":"Non AC/Ordinary","centerlat":12.961512,"centerlong":77.61438,"eta":"2024-02-07 11:31:00","sch_arrivaltime":"11:30","sch_departuretime":"11:30","actual_arrivaltime":"","actual_departuretime":"","sch_tripstarttime":"11:25","sch_tripendtime":"11:25","lastlocationid":0,"currentlocationid":23672,"nextlocationid":0,"currentstop":null,"nextstop":null,"laststop":null,"stopCoveredStatus":0,"heading":270,"lastrefreshon":"07-02-2024 11:26:47","lastreceiveddatetimeflag":0,"tripposition":3}]},{"routeid":1731,"stationid":35278,"stationname":"Nanjappa Circle","from":"Neelasandra Bus Stand","to":"KR Market","routeno":"143","distance_on_station":3.47,"centerlat":12.9606,"centerlong":77.60084,"responsecode":200,"isnotify":0,"vehicleDetails":[{"vehicleid":3159,"vehiclenumber":"KA57F1543","servicetypeid":72,"servicetype":"Non AC/Ordinary","centerlat":12.961712,"centerlong":77.588959,"eta":"","sch_arrivaltime":"10:03","sch_departuretime":"10:03","actual_arrivaltime":"11:19","actual_departuretime":"11:19","sch_tripstarttime":"09:55","sch_tripendtime":"09:55","lastlocationid":0,"currentlocationid":21100,"nextlocationid":0,"currentstop":null,"nextstop":null,"laststop":null,"stopCoveredStatus":1,"heading":228,"lastrefreshon":"07-02-2024 11:26:53","lastreceiveddatetimeflag":0,"tripposition":1},{"vehicleid":15268,"vehiclenumber":"KA57F0838","servicetypeid":72,"servicetype":"Non AC/Ordinary","centerlat":12.962547,"centerlong":77.590942,"eta":"","sch_arrivaltime":"11:33","sch_departuretime":"11:33","actual_arrivaltime":"11:21","actual_departuretime":"11:22","sch_tripstarttime":"11:25","sch_tripendtime":"11:25","lastlocationid":0,"currentlocationid":23999,"nextlocationid":0,"currentstop":null,"nextstop":null,"laststop":null,"stopCoveredStatus":1,"heading":273,"lastrefreshon":"07-02-2024 11:26:24","lastreceiveddatetimeflag":0,"tripposition":1},{"vehicleid":19680,"vehiclenumber":"KA01F4951","servicetypeid":72,"servicetype":"Non AC/Ordinary","centerlat":12.961512,"centerlong":77.61438,"eta":"2024-02-07 11:34:00","sch_arrivaltime":"11:33","sch_departuretime":"11:33","actual_arrivaltime":"","actual_departuretime":"","sch_tripstarttime":"11:25","sch_tripendtime":"11:25","lastlocationid":0,"currentlocationid":23672,"nextlocationid":0,"currentstop":null,"nextstop":null,"laststop":null,"stopCoveredStatus":0,"heading":270,"lastrefreshon":"07-02-2024 11:26:47","lastreceiveddatetimeflag":0,"tripposition":3}]},{"routeid":1731,"stationid":23668,"stationname":"Akkithimmanahalli","from":"Neelasandra Bus Stand","to":"KR Market","routeno":"143","distance_on_station":4.05,"centerlat":12.96216,"centerlong":77.59674,"responsecode":200,"isnotify":0,"vehicleDetails":[{"vehicleid":3159,"vehiclenumber":"KA57F1543","servicetypeid":72,"servicetype":"Non AC/Ordinary","centerlat":12.961712,"centerlong":77.588959,"eta":"","sch_arrivaltime":"10:04","sch_departuretime":"10:04","actual_arrivaltime":"11:21","actual_departuretime":"11:21","sch_tripstarttime":"09:55","sch_tripendtime":"09:55","lastlocationid":0,"currentlocationid":21100,"nextlocationid":0,"currentstop":null,"nextstop":null,"laststop":null,"stopCoveredStatus":1,"heading":228,"lastrefreshon":"07-02-2024 11:26:53","lastreceiveddatetimeflag":0,"tripposition":1},{"vehicleid":15268,"vehiclenumber":"KA57F0838","servicetypeid":72,"servicetype":"Non AC/Ordinary","centerlat":12.962547,"centerlong":77.590942,"eta":"","sch_arrivaltime":"11:34","sch_departuretime":"11:34","actual_arrivaltime":"11:23","actual_departuretime":"11:24","sch_tripstarttime":"11:25","sch_tripendtime":"11:25","lastlocationid":0,"currentlocationid":23999,"nextlocationid":0,"currentstop":null,"nextstop":null,"laststop":null,"stopCoveredStatus":1,"heading":273,"lastrefreshon":"07-02-2024 11:26:24","lastreceiveddatetimeflag":0,"tripposition":1},{"vehicleid":19680,"vehiclenumber":"KA01F4951","servicetypeid":72,"servicetype":"Non AC/Ordinary","centerlat":12.961512,"centerlong":77.61438,"eta":"2024-02-07 11:35:00","sch_arrivaltime":"11:34","sch_departuretime":"11:34","actual_arrivaltime":"","actual_departuretime":"","sch_tripstarttime":"11:25","sch_tripendtime":"11:25","lastlocationid":0,"currentlocationid":23672,"nextlocationid":0,"currentstop":null,"nextstop":null,"laststop":null,"stopCoveredStatus":0,"heading":270,"lastrefreshon":"07-02-2024 11:26:47","lastreceiveddatetimeflag":0,"tripposition":3}]},{"routeid":1731,"stationid":23999,"stationname":"Subbaiah Circle","from":"Neelasandra Bus Stand","to":"KR Market","routeno":"143","distance_on_station":4.836,"centerlat":12.96258,"centerlong":77.59102,"responsecode":200,"isnotify":0,"vehicleDetails":[{"vehicleid":3159,"vehiclenumber":"KA57F1543","servicetypeid":72,"servicetype":"Non AC/Ordinary","centerlat":12.961712,"centerlong":77.588959,"eta":"2024-02-07 11:27:00","sch_arrivaltime":"10:05","sch_departuretime":"10:05","actual_arrivaltime":"11:26","actual_departuretime":"11:26","sch_tripstarttime":"09:55","sch_tripendtime":"09:55","lastlocationid":0,"currentlocationid":21100,"nextlocationid":0,"currentstop":null,"nextstop":null,"laststop":null,"stopCoveredStatus":1,"heading":228,"lastrefreshon":"07-02-2024 11:26:53","lastreceiveddatetimeflag":0,"tripposition":1},{"vehicleid":15268,"vehiclenumber":"KA57F0838","servicetypeid":72,"servicetype":"Non AC/Ordinary","centerlat":12.962547,"centerlong":77.590942,"eta":"2024-02-07 11:27:00","sch_arrivaltime":"11:35","sch_departuretime":"11:35","actual_arrivaltime":"11:26","actual_departuretime":"","sch_tripstarttime":"11:25","sch_tripendtime":"11:25","lastlocationid":0,"currentlocationid":23999,"nextlocationid":0,"currentstop":null,"nextstop":null,"laststop":null,"stopCoveredStatus":1,"heading":273,"lastrefreshon":"07-02-2024 11:26:24","lastreceiveddatetimeflag":0,"tripposition":2},{"vehicleid":19680,"vehiclenumber":"KA01F4951","servicetypeid":72,"servicetype":"Non AC/Ordinary","centerlat":12.961512,"centerlong":77.61438,"eta":"2024-02-07 11:37:00","sch_arrivaltime":"11:35","sch_departuretime":"11:35","actual_arrivaltime":"","actual_departuretime":"","sch_tripstarttime":"11:25","sch_tripendtime":"11:25","lastlocationid":0,"currentlocationid":23672,"nextlocationid":0,"currentstop":null,"nextstop":null,"laststop":null,"stopCoveredStatus":0,"heading":270,"lastrefreshon":"07-02-2024 11:26:47","lastreceiveddatetimeflag":0,"tripposition":3}]},{"routeid":1731,"stationid":21100,"stationname":"Poornima Talkies","from":"Neelasandra Bus Stand","to":"KR Market","routeno":"143","distance_on_station":5.307,"centerlat":12.96101,"centerlong":77.58802,"responsecode":200,"isnotify":0,"vehicleDetails":[{"vehicleid":3159,"vehiclenumber":"KA57F1543","servicetypeid":72,"servicetype":"Non AC/Ordinary","centerlat":12.961712,"centerlong":77.588959,"eta":"2024-02-07 11:28:00","sch_arrivaltime":"10:06","sch_departuretime":"10:06","actual_arrivaltime":"","actual_departuretime":"","sch_tripstarttime":"09:55","sch_tripendtime":"09:55","lastlocationid":0,"currentlocationid":21100,"nextlocationid":0,"currentstop":null,"nextstop":null,"laststop":null,"stopCoveredStatus":0,"heading":228,"lastrefreshon":"07-02-2024 11:26:53","lastreceiveddatetimeflag":0,"tripposition":3},{"vehicleid":15268,"vehiclenumber":"KA57F0838","servicetypeid":72,"servicetype":"Non AC/Ordinary","centerlat":12.962547,"centerlong":77.590942,"eta":"2024-02-07 11:28:00","sch_arrivaltime":"11:36","sch_departuretime":"11:36","actual_arrivaltime":"","actual_departuretime":"","sch_tripstarttime":"11:25","sch_tripendtime":"11:25","lastlocationid":0,"currentlocationid":23999,"nextlocationid":0,"currentstop":null,"nextstop":null,"laststop":null,"stopCoveredStatus":0,"heading":273,"lastrefreshon":"07-02-2024 11:26:24","lastreceiveddatetimeflag":0,"tripposition":3},{"vehicleid":19680,"vehiclenumber":"KA01F4951","servicetypeid":72,"servicetype":"Non AC/Ordinary","centerlat":12.961512,"centerlong":77.61438,"eta":"2024-02-07 11:38:00","sch_arrivaltime":"11:36","sch_departuretime":"11:36","actual_arrivaltime":"","actual_departuretime":"","sch_tripstarttime":"11:25","sch_tripendtime":"11:25","lastlocationid":0,"currentlocationid":23672,"nextlocationid":0,"currentstop":null,"nextstop":null,"laststop":null,"stopCoveredStatus":0,"heading":270,"lastrefreshon":"07-02-2024 11:26:47","lastreceiveddatetimeflag":0,"tripposition":3}]},{"routeid":1731,"stationid":21232,"stationname":"Town Hall","from":"Neelasandra Bus Stand","to":"KR Market","routeno":"143","distance_on_station":6.263,"centerlat":12.96355,"centerlong":77.58375,"responsecode":200,"isnotify":0,"vehicleDetails":[{"vehicleid":3159,"vehiclenumber":"KA57F1543","servicetypeid":72,"servicetype":"Non AC/Ordinary","centerlat":12.961712,"centerlong":77.588959,"eta":"2024-02-07 11:31:00","sch_arrivaltime":"10:09","sch_departuretime":"10:09","actual_arrivaltime":"","actual_departuretime":"","sch_tripstarttime":"09:55","sch_tripendtime":"09:55","lastlocationid":0,"currentlocationid":21100,"nextlocationid":0,"currentstop":null,"nextstop":null,"laststop":null,"stopCoveredStatus":0,"heading":228,"lastrefreshon":"07-02-2024 11:26:53","lastreceiveddatetimeflag":0,"tripposition":3},{"vehicleid":15268,"vehiclenumber":"KA57F0838","servicetypeid":72,"servicetype":"Non AC/Ordinary","centerlat":12.962547,"centerlong":77.590942,"eta":"2024-02-07 11:32:00","sch_arrivaltime":"11:39","sch_departuretime":"11:39","actual_arrivaltime":"","actual_departuretime":"","sch_tripstarttime":"11:25","sch_tripendtime":"11:25","lastlocationid":0,"currentlocationid":23999,"nextlocationid":0,"currentstop":null,"nextstop":null,"laststop":null,"stopCoveredStatus":0,"heading":273,"lastrefreshon":"07-02-2024 11:26:24","lastreceiveddatetimeflag":0,"tripposition":3},{"vehicleid":19680,"vehiclenumber":"KA01F4951","servicetypeid":72,"servicetype":"Non AC/Ordinary","centerlat":12.961512,"centerlong":77.61438,"eta":"2024-02-07 11:41:00","sch_arrivaltime":"11:39","sch_departuretime":"11:39","actual_arrivaltime":"","actual_departuretime":"","sch_tripstarttime":"11:25","sch_tripendtime":"11:25","lastlocationid":0,"currentlocationid":23672,"nextlocationid":0,"currentstop":null,"nextstop":null,"laststop":null,"stopCoveredStatus":0,"heading":270,"lastrefreshon":"07-02-2024 11:26:47","lastreceiveddatetimeflag":0,"tripposition":3}]},{"routeid":1731,"stationid":20940,"stationname":"KR Market","from":"Neelasandra Bus Stand","to":"KR Market","routeno":"143","distance_on_station":7,"centerlat":12.9641,"centerlong":77.57897,"responsecode":200,"isnotify":0,"vehicleDetails":[{"vehicleid":3159,"vehiclenumber":"KA57F1543","servicetypeid":72,"servicetype":"Non AC/Ordinary","centerlat":12.961712,"centerlong":77.588959,"eta":"2024-02-07 11:33:00","sch_arrivaltime":"10:12","sch_departuretime":"10:12","actual_arrivaltime":"","actual_departuretime":"","sch_tripstarttime":"09:55","sch_tripendtime":"09:55","lastlocationid":0,"currentlocationid":21100,"nextlocationid":0,"currentstop":null,"nextstop":null,"laststop":null,"stopCoveredStatus":0,"heading":228,"lastrefreshon":"07-02-2024 11:26:53","lastreceiveddatetimeflag":0,"tripposition":1},{"vehicleid":15268,"vehiclenumber":"KA57F0838","servicetypeid":72,"servicetype":"Non AC/Ordinary","centerlat":12.962547,"centerlong":77.590942,"eta":"2024-02-07 11:35:00","sch_arrivaltime":"11:42","sch_departuretime":"11:42","actual_arrivaltime":"","actual_departuretime":"","sch_tripstarttime":"11:25","sch_tripendtime":"11:25","lastlocationid":0,"currentlocationid":23999,"nextlocationid":0,"currentstop":null,"nextstop":null,"laststop":null,"stopCoveredStatus":0,"heading":273,"lastrefreshon":"07-02-2024 11:26:24","lastreceiveddatetimeflag":0,"tripposition":1},{"vehicleid":19680,"vehiclenumber":"KA01F4951","servicetypeid":72,"servicetype":"Non AC/Ordinary","centerlat":12.961512,"centerlong":77.61438,"eta":"2024-02-07 11:43:00","sch_arrivaltime":"11:42","sch_departuretime":"11:42","actual_arrivaltime":"","actual_departuretime":"","sch_tripstarttime":"11:25","sch_tripendtime":"11:25","lastlocationid":0,"currentlocationid":23672,"nextlocationid":0,"currentstop":null,"nextstop":null,"laststop":null,"stopCoveredStatus":0,"heading":270,"lastrefreshon":"07-02-2024 11:26:47","lastreceiveddatetimeflag":0,"tripposition":1}]}],"mapData":[{"vehicleid":15268,"vehiclenumber":"KA57F0838","servicetypeid":72,"servicetype":"Non AC/Ordinary","centerlat":12.962547,"centerlong":77.590942,"eta":"2024-02-07 11:35:00","sch_arrivaltime":"11:42","sch_departuretime":"11:42","actual_arrivaltime":"","actual_departuretime":"","sch_tripstarttime":"11:25","sch_tripendtime":"11:25","lastlocationid":0,"currentlocationid":23999,"nextlocationid":0,"currentstop":null,"nextstop":null,"laststop":null,"stopCoveredStatus":0,"heading":273,"lastrefreshon":"07-02-2024 11:26:24","lastreceiveddatetimeflag":0,"tripposition":1},{"vehicleid":19680,"vehiclenumber":"KA01F4951","servicetypeid":72,"servicetype":"Non AC/Ordinary","centerlat":12.961512,"centerlong":77.61438,"eta":"2024-02-07 11:43:00","sch_arrivaltime":"11:42","sch_departuretime":"11:42","actual_arrivaltime":"","actual_departuretime":"","sch_tripstarttime":"11:25","sch_tripendtime":"11:25","lastlocationid":0,"currentlocationid":23672,"nextlocationid":0,"currentstop":null,"nextstop":null,"laststop":null,"stopCoveredStatus":0,"heading":270,"lastrefreshon":"07-02-2024 11:26:47","lastreceiveddatetimeflag":0,"tripposition":1},{"vehicleid":3159,"vehiclenumber":"KA57F1543","servicetypeid":72,"servicetype":"Non AC/Ordinary","centerlat":12.961712,"centerlong":77.588959,"eta":"2024-02-07 11:33:00","sch_arrivaltime":"10:12","sch_departuretime":"10:12","actual_arrivaltime":"","actual_departuretime":"","sch_tripstarttime":"09:55","sch_tripendtime":"09:55","lastlocationid":0,"currentlocationid":21100,"nextlocationid":0,"currentstop":null,"nextstop":null,"laststop":null,"stopCoveredStatus":0,"heading":228,"lastrefreshon":"07-02-2024 11:26:53","lastreceiveddatetimeflag":0,"tripposition":1}]},"message":"Success","issuccess":true,"exception":null,"rowCount":0,"responsecode":200}