{"up":{"data":[{"routeid":10094,"stationid":20742,"stationname":"Depot-06 Gate","from":"Depot-06 Gate","to":"Neelasandra Rose Garden","routeno":"143 D6G-NSR","distance_on_station":0,"centerlat":12.98246,"centerlong":77.63463,"responsecode":200,"isnotify":0,"vehicleDetails":[{"vehicleid":15251,"vehiclenumber":"KA01F4394","servicetypeid":72,"servicetype":"Non AC/Ordinary","centerlat":12.96918,"centerlong":77.615616,"eta":"","sch_arrivaltime":"06:21","sch_departuretime":"06:21","actual_arrivaltime":"","actual_departuretime":"","sch_tripstarttime":"06:21","sch_tripendtime":"06:21","lastlocationid":0,"currentlocationid":20846,"nextlocationid":0,"currentstop":null,"nextstop":null,"laststop":null,"stopCoveredStatus":1,"heading":236,"lastrefreshon":"07-02-2024 06:25:35","lastreceiveddatetimeflag":0,"tripposition":1}]},{"routeid":10094,"stationid":20806,"stationname":"Halasuru","from":"Depot-06 Gate","to":"Neelasandra Rose Garden","routeno":"143 D6G-NSR","distance_on_station":1.004,"centerlat":12.97793,"centerlong":77.6283,"responsecode":200,"isnotify":0,"vehicleDetails":[{"vehicleid":15251,"vehiclenumber":"KA01F4394","servicetypeid":72,"servicetype":"Non AC/Ordinary","centerlat":12.96918,"centerlong":77.615616,"eta":"","sch_arrivaltime":"06:23","sch_departuretime":"06:23","actual_arrivaltime":"06:21","actual_departuretime":"06:21","sch_tripstarttime":"06:21","sch_tripendtime":"06:21","lastlocationid":0,"currentlocationid":20846,"nextlocationid":0,"currentstop":null,"nextstop":null,"laststop":null,"stopCoveredStatus":1,"heading":236,"lastrefreshon":"07-02-2024 06:25:35","lastreceiveddatetimeflag":0,"tripposition":1}]},{"routeid":10094,"stationid":20807,"stationname":"Halasuru Police Station","from":"Depot-06 Gate","to":"Neelasandra Rose Garden","routeno":"143 D6G-NSR","distance_on_station":1.451,"centerlat":12.97515,"centerlong":77.62564,"responsecode":200,"isnotify":0,"vehicleDetails":[{"vehicleid":15251,"vehiclenumber":"KA01F4394","servicetypeid":72,"servicetype":"Non AC/Ordinary","centerlat":12.96918,"centerlong":77.615616,"eta":"","sch_arrivaltime":"06:24","sch_departuretime":"06:24","actual_arrivaltime":"06:22","actual_departuretime":"06:22","sch_tripstarttime":"06:21","sch_tripendtime":"06:21","lastlocationid":0,"currentlocationid":20846,"nextlocationid":0,"currentstop":null,"nextstop":null,"laststop":null,"stopCoveredStatus":1,"heading":236,"lastrefreshon":"07-02-2024 06:25:35","lastreceiveddatetimeflag":0,"tripposition":1}]},{"routeid":10094,"stationid":20969,"stationname":"Lido Talkies","from":"Depot-06 Gate","to":"Neelasandra Rose Garden","routeno":"143 D6G-NSR","distance_on_station":2.029,"centerlat":12.97282,"centerlong":77.6214,"responsecode":200,"isnotify":0,"vehicleDetails":[{"vehicleid":15251,"vehiclenumber":"KA01F4394","servicetypeid":72,"servicetype":"Non AC/Ordinary","centerlat":12.96918,"centerlong":77.615616,"eta":"2024-02-07 06:26:00","sch_arrivaltime":"06:25","sch_departuretime":"06:25","actual_arrivaltime":"","actual_departuretime":"","sch_tripstarttime":"06:21","sch_tripendtime":"06:21","lastlocationid":0,"currentlocationid":20846,"nextlocationid":0,"currentstop":null,"nextstop":null,"laststop":null,"stopCoveredStatus":0,"heading":236,"lastrefreshon":"07-02-2024 06:25:35","lastreceiveddatetimeflag":0,"tripposition":3}]},{"routeid":10094,"stationid":20846,"stationname":"Hosmat Hospital (DIG Office)","from":"Depot-06 Gate","to":"Neelasandra Rose Garden","routeno":"143 D6G-NSR","distance_on_station":3.011,"centerlat":12.96893,"centerlong":77.61529,"responsecode":200,"isnotify":0,"vehicleDetails":[{"vehicleid":15251,"vehiclenumber":"KA01F4394","servicetypeid":72,"servicetype":"Non AC/Ordinary","centerlat":12.96918,"centerlong":77.615616,"eta":"2024-02-07 06:27:00","sch_arrivaltime":"06:28","sch_departuretime":"06:28","actual_arrivaltime":"","actual_departuretime":"","sch_tripstarttime":"06:21","sch_tripendtime":"06:21","lastlocationid":0,"currentlocationid":20846,"nextlocationid":0,"currentstop":null,"nextstop":null,"laststop":null,"stopCoveredStatus":0,"heading":236,"lastrefreshon":"07-02-2024 06:25:35","lastreceiveddatetimeflag":0,"tripposition":3}]},{"routeid":10094,"stationid":20970,"stationname":"Life Style (Sacred Heart School)","from":"Depot-06 Gate","to":"Neelasandra Rose Garden","routeno":"143 D6G-NSR","distance_on_station":3.687,"centerlat":12.96692,"centerlong":77.61018,"responsecode":200,"isnotify":0,"vehicleDetails":[{"vehicleid":15251,"vehiclenumber":"KA01F4394","servicetypeid":72,"servicetype":"Non AC/Ordinary","centerlat":12.96918,"centerlong":77.615616,"eta":"2024-02-07 06:28:00","sch_arrivaltime":"06:30","sch_departuretime":"06:30","actual_arrivaltime":"","actual_departuretime":"","sch_tripstarttime":"06:21","sch_tripendtime":"06:21","lastlocationid":0,"currentlocationid":20846,"nextlocationid":0,"currentstop":null,"nextstop":null,"laststop":null,"stopCoveredStatus":0,"heading":236,"lastrefreshon":"07-02-2024 06:25:35","lastreceiveddatetimeflag":0,"tripposition":3}]},{"routeid":10094,"stationid":22385,"stationname":"Philomenas Hospital","from":"Depot-06 Gate","to":"Neelasandra Rose Garden","routeno":"143 D6G-NSR","distance_on_station":4.102,"centerlat":12.96508,"centerlong":77.61011,"responsecode":200,"isnotify":0,"vehicleDetails":[{"vehicleid":15251,"vehiclenumber":"KA01F4394","servicetypeid":72,"servicetype":"Non AC/Ordinary","centerlat":12.96918,"centerlong":77.615616,"eta":"2024-02-07 06:29:00","sch_arrivaltime":"06:31","sch_departuretime":"06:31","actual_arrivaltime":"","actual_departuretime":"","sch_tripstarttime":"06:21","sch_tripendtime":"06:21","lastlocationid":0,"currentlocationid":20846,"nextlocationid":0,"currentstop":null,"nextstop":null,"laststop":null,"stopCoveredStatus":0,"heading":236,"lastrefreshon":"07-02-2024 06:25:35","lastreceiveddatetimeflag":0,"tripposition":3}]},{"routeid":10094,"stationid":29591,"stationname":"Austin Town Neelasandra","from":"Depot-06 Gate","to":"Neelasandra Rose Garden","routeno":"143 D6G-NSR","distance_on_station":4.625,"centerlat":12.9616,"centerlong":77.61254,"responsecode":200,"isnotify":0,"vehicleDetails":[{"vehicleid":15251,"vehiclenumber":"KA01F4394","servicetypeid":72,"servicetype":"Non AC/Ordinary","centerlat":12.96918,"centerlong":77.615616,"eta":"2024-02-07 06:30:00","sch_arrivaltime":"06:32","sch_departuretime":"06:32","actual_arrivaltime":"","actual_departuretime":"","sch_tripstarttime":"06:21","sch_tripendtime":"06:21","lastlocationid":0,"currentlocationid":20846,"nextlocationid":0,"currentstop":null,"nextstop":null,"laststop":null,"stopCoveredStatus":0,"heading":236,"lastrefreshon":"07-02-2024 06:25:35","lastreceiveddatetimeflag":0,"tripposition":3}]},{"routeid":10094,"stationid":22350,"stationname":"Neelasandra Bus Stand","from":"Depot-06 Gate","to":"Neelasandra Rose Garden","routeno":"143 D6G-NSR","distance_on_station":5.4,"centerlat":12.95746,"centerlong":77.61444,"responsecode":200,"isnotify":0,"vehicleDetails":[{"vehicleid":15251,"vehiclenumber":"KA01F4394","servicetypeid":72,"servicetype":"Non AC/Ordinary","centerlat":12.96918,"centerlong":77.615616,"eta":"2024-02-07 06:33:00","sch_arrivaltime":"06:34","sch_departuretime":"06:34","actual_arrivaltime":"","actual_departuretime":"","sch_tripstarttime":"06:21","sch_tripendtime":"06:21","lastlocationid":0,"currentlocationid":20846,"nextlocationid":0,"currentstop":null,"nextstop":null,"laststop":null,"stopCoveredStatus":0,"heading":236,"lastrefreshon":"07-02-2024 06:25:35","lastreceiveddatetimeflag":0,"tripposition":1}]}],"mapData":[{"vehicleid":15251,"vehiclenumber":"KA01F4394","servicetypeid":72,"servicetype":"Non AC/Ordinary","centerlat":12.96918,"centerlong":77.615616,"eta":"2024-02-07 06:33:00","sch_arrivaltime":"06:34","sch_departuretime":"06:34","actual_arrivaltime":"","actual_departuretime":"","sch_tripstarttime":"06:21","sch_tripendtime":"06:21","lastlocationid":0,"currentlocationid":20846,"nextlocationid":0,"currentstop":null,"nextstop":null,"laststop":null,"stopCoveredStatus":0,"heading":236,"lastrefreshon":"07-02-2024 06:25:35","lastreceiveddatetimeflag":0,"tripposition":1}]},"down":{"data":[],"mapData":[]},"message":"Success","issuccess":true,"exception":null,"rowCount":0,"responsecode":200}