{"up":{"data":[],"mapData":[]},"down":{"data":[{"routeid":11491,"stationid":22351,"stationname":"Neelasandra Rose Garden","from":"Neelasandra Rose Garden","to":"Depot-06 Gate","routeno":"144-E D6G-KFC-NRG","distance_on_station":0,"centerlat":12.95371,"centerlong":77.61752,"responsecode":200,"isnotify":0,"vehicleDetails":[{"vehicleid":15277,"vehiclenumber":"KA01F9021","servicetypeid":72,"servicetype":"Non AC/Ordinary","centerlat":12.966815,"centerlong":77.620468,"eta":"","sch_arrivaltime":"19:35","sch_departuretime":"19:35","actual_arrivaltime":"19:14","actual_departuretime":"19:14","sch_tripstarttime":"19:35","sch_tripendtime":"19:35","lastlocationid":0,"currentlocationid":22226,"nextlocationid":0,"currentstop":null,"nextstop":null,"laststop":null,"stopCoveredStatus":1,"heading":5,"lastrefreshon":"19-02-2024 19:31:21","lastreceiveddatetimeflag":0,"tripposition":1}]},{"routeid":11491,"stationid":27398,"stationname":"Neelasandra BDA Complex","from":"Neelasandra Rose Garden","to":"Depot-06 Gate","routeno":"144-E D6G-KFC-NRG","distance_on_station":0.445,"centerlat":12.95723,"centerlong":77.61498,"responsecode":200,"isnotify":0,"vehicleDetails":[{"vehicleid":15277,"vehiclenumber":"KA01F9021","servicetypeid":72,"servicetype":"Non AC/Ordinary","centerlat":12.966815,"centerlong":77.620468,"eta":"","sch_arrivaltime":"19:36","sch_departuretime":"19:36","actual_arrivaltime":"19:19","actual_departuretime":"19:19","sch_tripstarttime":"19:35","sch_tripendtime":"19:35","lastlocationid":0,"currentlocationid":22226,"nextlocationid":0,"currentstop":null,"nextstop":null,"laststop":null,"stopCoveredStatus":1,"heading":5,"lastrefreshon":"19-02-2024 19:31:21","lastreceiveddatetimeflag":0,"tripposition":1}]},{"routeid":11491,"stationid":22349,"stationname":"Neelasandra Bus Stand","from":"Neelasandra Rose Garden","to":"Depot-06 Gate","routeno":"144-E D6G-KFC-NRG","distance_on_station":0.521,"centerlat":12.95761,"centerlong":77.61427,"responsecode":200,"isnotify":0,"vehicleDetails":[{"vehicleid":15277,"vehiclenumber":"KA01F9021","servicetypeid":72,"servicetype":"Non AC/Ordinary","centerlat":12.966815,"centerlong":77.620468,"eta":"","sch_arrivaltime":"19:37","sch_departuretime":"19:37","actual_arrivaltime":"19:20","actual_departuretime":"19:21","sch_tripstarttime":"19:35","sch_tripendtime":"19:35","lastlocationid":0,"currentlocationid":22226,"nextlocationid":0,"currentstop":null,"nextstop":null,"laststop":null,"stopCoveredStatus":1,"heading":5,"lastrefreshon":"19-02-2024 19:31:21","lastreceiveddatetimeflag":0,"tripposition":1}]},{"routeid":11491,"stationid":23672,"stationname":"Austin Town","from":"Neelasandra Rose Garden","to":"Depot-06 Gate","routeno":"144-E D6G-KFC-NRG","distance_on_station":0.875,"centerlat":12.96153,"centerlong":77.61456,"responsecode":200,"isnotify":0,"vehicleDetails":[{"vehicleid":15277,"vehiclenumber":"KA01F9021","servicetypeid":72,"servicetype":"Non AC/Ordinary","centerlat":12.966815,"centerlong":77.620468,"eta":"2024-02-19 19:32:00","sch_arrivaltime":"19:39","sch_departuretime":"19:39","actual_arrivaltime":"","actual_departuretime":"","sch_tripstarttime":"19:35","sch_tripendtime":"19:35","lastlocationid":0,"currentlocationid":22226,"nextlocationid":0,"currentstop":null,"nextstop":null,"laststop":null,"stopCoveredStatus":0,"heading":5,"lastrefreshon":"19-02-2024 19:31:21","lastreceiveddatetimeflag":0,"tripposition":3}]},{"routeid":11491,"stationid":35219,"stationname":"Philomenas Hospital","from":"Neelasandra Rose Garden","to":"Depot-06 Gate","routeno":"144-E D6G-KFC-NRG","distance_on_station":1.366,"centerlat":12.96475,"centerlong":77.61011,"responsecode":200,"isnotify":0,"vehicleDetails":[{"vehicleid":15277,"vehiclenumber":"KA01F9021","servicetypeid":72,"servicetype":"Non AC/Ordinary","centerlat":12.966815,"centerlong":77.620468,"eta":"2024-02-19 19:33:00","sch_arrivaltime":"19:40","sch_departuretime":"19:40","actual_arrivaltime":"","actual_departuretime":"","sch_tripstarttime":"19:35","sch_tripendtime":"19:35","lastlocationid":0,"currentlocationid":22226,"nextlocationid":0,"currentstop":null,"nextstop":null,"laststop":null,"stopCoveredStatus":0,"heading":5,"lastrefreshon":"19-02-2024 19:31:21","lastreceiveddatetimeflag":0,"tripposition":3}]},{"routeid":11491,"stationid":22486,"stationname":"Shoolay Circle Brigade Road","from":"Neelasandra Rose Garden","to":"Depot-06 Gate","routeno":"144-E D6G-KFC-NRG","distance_on_station":1.758,"centerlat":12.96659,"centerlong":77.60666,"responsecode":200,"isnotify":0,"vehicleDetails":[{"vehicleid":15277,"vehiclenumber":"KA01F9021","servicetypeid":72,"servicetype":"Non AC/Ordinary","centerlat":12.966815,"centerlong":77.620468,"eta":"2024-02-19 19:34:00","sch_arrivaltime":"19:42","sch_departuretime":"19:42","actual_arrivaltime":"","actual_departuretime":"","sch_tripstarttime":"19:35","sch_tripendtime":"19:35","lastlocationid":0,"currentlocationid":22226,"nextlocationid":0,"currentstop":null,"nextstop":null,"laststop":null,"stopCoveredStatus":0,"heading":5,"lastrefreshon":"19-02-2024 19:31:21","lastreceiveddatetimeflag":0,"tripposition":3}]},{"routeid":11491,"stationid":22518,"stationname":"St Patrick Church","from":"Neelasandra Rose Garden","to":"Depot-06 Gate","routeno":"144-E D6G-KFC-NRG","distance_on_station":2.091,"centerlat":12.97023,"centerlong":77.60517,"responsecode":200,"isnotify":0,"vehicleDetails":[{"vehicleid":15277,"vehiclenumber":"KA01F9021","servicetypeid":72,"servicetype":"Non AC/Ordinary","centerlat":12.966815,"centerlong":77.620468,"eta":"2024-02-19 19:35:00","sch_arrivaltime":"19:43","sch_departuretime":"19:43","actual_arrivaltime":"","actual_departuretime":"","sch_tripstarttime":"19:35","sch_tripendtime":"19:35","lastlocationid":0,"currentlocationid":22226,"nextlocationid":0,"currentstop":null,"nextstop":null,"laststop":null,"stopCoveredStatus":0,"heading":5,"lastrefreshon":"19-02-2024 19:31:21","lastreceiveddatetimeflag":0,"tripposition":3}]},{"routeid":11491,"stationid":22278,"stationname":"Mayohall","from":"Neelasandra Rose Garden","to":"Depot-06 Gate","routeno":"144-E D6G-KFC-NRG","distance_on_station":2.642,"centerlat":12.97336,"centerlong":77.6099,"responsecode":200,"isnotify":0,"vehicleDetails":[{"vehicleid":15277,"vehiclenumber":"KA01F9021","servicetypeid":72,"servicetype":"Non AC/Ordinary","centerlat":12.966815,"centerlong":77.620468,"eta":"2024-02-19 19:37:00","sch_arrivaltime":"19:46","sch_departuretime":"19:46","actual_arrivaltime":"","actual_departuretime":"","sch_tripstarttime":"19:35","sch_tripendtime":"19:35","lastlocationid":0,"currentlocationid":22226,"nextlocationid":0,"currentstop":null,"nextstop":null,"laststop":null,"stopCoveredStatus":0,"heading":5,"lastrefreshon":"19-02-2024 19:31:21","lastreceiveddatetimeflag":0,"tripposition":3}]},{"routeid":11491,"stationid":22226,"stationname":"Lido Talkies","from":"Neelasandra Rose Garden","to":"Depot-06 Gate","routeno":"144-E D6G-KFC-NRG","distance_on_station":3.6,"centerlat":12.97277,"centerlong":77.62074,"responsecode":200,"isnotify":0,"vehicleDetails":[{"vehicleid":15277,"vehiclenumber":"KA01F9021","servicetypeid":72,"servicetype":"Non AC/Ordinary","centerlat":12.966815,"centerlong":77.620468,"eta":"2024-02-19 19:42:00","sch_arrivaltime":"19:52","sch_departuretime":"19:52","actual_arrivaltime":"","actual_departuretime":"","sch_tripstarttime":"19:35","sch_tripendtime":"19:35","lastlocationid":0,"currentlocationid":22226,"nextlocationid":0,"currentstop":null,"nextstop":null,"laststop":null,"stopCoveredStatus":0,"heading":5,"lastrefreshon":"19-02-2024 19:31:21","lastreceiveddatetimeflag":0,"tripposition":3}]},{"routeid":11491,"stationid":22006,"stationname":"Halasuru Police Station","from":"Neelasandra Rose Garden","to":"Depot-06 Gate","routeno":"144-E D6G-KFC-NRG","distance_on_station":4.015,"centerlat":12.97516,"centerlong":77.62544,"responsecode":200,"isnotify":0,"vehicleDetails":[{"vehicleid":15277,"vehiclenumber":"KA01F9021","servicetypeid":72,"servicetype":"Non AC/Ordinary","centerlat":12.966815,"centerlong":77.620468,"eta":"2024-02-19 19:45:00","sch_arrivaltime":"19:53","sch_departuretime":"19:53","actual_arrivaltime":"","actual_departuretime":"","sch_tripstarttime":"19:35","sch_tripendtime":"19:35","lastlocationid":0,"currentlocationid":22226,"nextlocationid":0,"currentstop":null,"nextstop":null,"laststop":null,"stopCoveredStatus":0,"heading":5,"lastrefreshon":"19-02-2024 19:31:21","lastreceiveddatetimeflag":0,"tripposition":3}]},{"routeid":11491,"stationid":22005,"stationname":"Halasuru","from":"Neelasandra Rose Garden","to":"Depot-06 Gate","routeno":"144-E D6G-KFC-NRG","distance_on_station":4.445,"centerlat":12.97849,"centerlong":77.62922,"responsecode":200,"isnotify":0,"vehicleDetails":[{"vehicleid":15277,"vehiclenumber":"KA01F9021","servicetypeid":72,"servicetype":"Non AC/Ordinary","centerlat":12.966815,"centerlong":77.620468,"eta":"2024-02-19 19:48:00","sch_arrivaltime":"19:54","sch_departuretime":"19:54","actual_arrivaltime":"","actual_departuretime":"","sch_tripstarttime":"19:35","sch_tripendtime":"19:35","lastlocationid":0,"currentlocationid":22226,"nextlocationid":0,"currentstop":null,"nextstop":null,"laststop":null,"stopCoveredStatus":0,"heading":5,"lastrefreshon":"19-02-2024 19:31:21","lastreceiveddatetimeflag":0,"tripposition":3}]},{"routeid":11491,"stationid":22222,"stationname":"Lakshmipura","from":"Neelasandra Rose Garden","to":"Depot-06 Gate","routeno":"144-E D6G-KFC-NRG","distance_on_station":4.687,"centerlat":12.97827,"centerlong":77.63218,"responsecode":200,"isnotify":0,"vehicleDetails":[{"vehicleid":15277,"vehiclenumber":"KA01F9021","servicetypeid":72,"servicetype":"Non AC/Ordinary","centerlat":12.966815,"centerlong":77.620468,"eta":"2024-02-19 19:49:00","sch_arrivaltime":"19:55","sch_departuretime":"19:55","actual_arrivaltime":"","actual_departuretime":"","sch_tripstarttime":"19:35","sch_tripendtime":"19:35","lastlocationid":0,"currentlocationid":22226,"nextlocationid":0,"currentstop":null,"nextstop":null,"laststop":null,"stopCoveredStatus":0,"heading":5,"lastrefreshon":"19-02-2024 19:31:21","lastreceiveddatetimeflag":0,"tripposition":3}]},{"routeid":11491,"stationid":21921,"stationname":"Double Road Indiranagara","from":"Neelasandra Rose Garden","to":"Depot-06 Gate","routeno":"144-E D6G-KFC-NRG","distance_on_station":5.049,"centerlat":12.97832,"centerlong":77.6366,"responsecode":200,"isnotify":0,"vehicleDetails":[{"vehicleid":15277,"vehiclenumber":"KA01F9021","servicetypeid":72,"servicetype":"Non AC/Ordinary","centerlat":12.966815,"centerlong":77.620468,"eta":"2024-02-19 19:51:00","sch_arrivaltime":"19:56","sch_departuretime":"19:56","actual_arrivaltime":"","actual_departuretime":"","sch_tripstarttime":"19:35","sch_tripendtime":"19:35","lastlocationid":0,"currentlocationid":22226,"nextlocationid":0,"currentstop":null,"nextstop":null,"laststop":null,"stopCoveredStatus":0,"heading":5,"lastrefreshon":"19-02-2024 19:31:21","lastreceiveddatetimeflag":0,"tripposition":3}]},{"routeid":11491,"stationid":22389,"stationname":"Indiranagara Police Station/KFC","from":"Neelasandra Rose Garden","to":"Depot-06 Gate","routeno":"144-E D6G-KFC-NRG","distance_on_station":5.404,"centerlat":12.97857,"centerlong":77.6408,"responsecode":200,"isnotify":0,"vehicleDetails":[{"vehicleid":15277,"vehiclenumber":"KA01F9021","servicetypeid":72,"servicetype":"Non AC/Ordinary","centerlat":12.966815,"centerlong":77.620468,"eta":"2024-02-19 19:54:00","sch_arrivaltime":"19:58","sch_departuretime":"19:58","actual_arrivaltime":"","actual_departuretime":"","sch_tripstarttime":"19:35","sch_tripendtime":"19:35","lastlocationid":0,"currentlocationid":22226,"nextlocationid":0,"currentstop":null,"nextstop":null,"laststop":null,"stopCoveredStatus":0,"heading":5,"lastrefreshon":"19-02-2024 19:31:21","lastreceiveddatetimeflag":0,"tripposition":3}]},{"routeid":11491,"stationid":20671,"stationname":"Binnamangala","from":"Neelasandra Rose Garden","to":"Depot-06 Gate","routeno":"144-E D6G-KFC-NRG","distance_on_station":5.902,"centerlat":12.98384,"centerlong":77.64002,"responsecode":200,"isnotify":0,"vehicleDetails":[{"vehicleid":15277,"vehiclenumber":"KA01F9021","servicetypeid":72,"servicetype":"Non AC/Ordinary","centerlat":12.966815,"centerlong":77.620468,"eta":"2024-02-19 19:57:00","sch_arrivaltime":"20:00","sch_departuretime":"20:00","actual_arrivaltime":"","actual_departuretime":"","sch_tripstarttime":"19:35","sch_tripendtime":"19:35","lastlocationid":0,"currentlocationid":22226,"nextlocationid":0,"currentstop":null,"nextstop":null,"laststop":null,"stopCoveredStatus":0,"heading":5,"lastrefreshon":"19-02-2024 19:31:21","lastreceiveddatetimeflag":0,"tripposition":3}]},{"routeid":11491,"stationid":20742,"stationname":"Depot-06 Gate","from":"Neelasandra Rose Garden","to":"Depot-06 Gate","routeno":"144-E D6G-KFC-NRG","distance_on_station":6.4,"centerlat":12.98246,"centerlong":77.63463,"responsecode":200,"isnotify":0,"vehicleDetails":[{"vehicleid":15277,"vehiclenumber":"KA01F9021","servicetypeid":72,"servicetype":"Non AC/Ordinary","centerlat":12.966815,"centerlong":77.620468,"eta":"2024-02-19 20:00:00","sch_arrivaltime":"20:01","sch_departuretime":"20:01","actual_arrivaltime":"","actual_departuretime":"","sch_tripstarttime":"19:35","sch_tripendtime":"19:35","lastlocationid":0,"currentlocationid":22226,"nextlocationid":0,"currentstop":null,"nextstop":null,"laststop":null,"stopCoveredStatus":0,"heading":5,"lastrefreshon":"19-02-2024 19:31:21","lastreceiveddatetimeflag":0,"tripposition":1}]}],"mapData":[{"vehicleid":15277,"vehiclenumber":"KA01F9021","servicetypeid":72,"servicetype":"Non AC/Ordinary","centerlat":12.966815,"centerlong":77.620468,"eta":"2024-02-19 20:00:00","sch_arrivaltime":"20:01","sch_departuretime":"20:01","actual_arrivaltime":"","actual_departuretime":"","sch_tripstarttime":"19:35","sch_tripendtime":"19:35","lastlocationid":0,"currentlocationid":22226,"nextlocationid":0,"currentstop":null,"nextstop":null,"laststop":null,"stopCoveredStatus":0,"heading":5,"lastrefreshon":"19-02-2024 19:31:21","lastreceiveddatetimeflag":0,"tripposition":1}]},"message":"Success","issuccess":true,"exception":null,"rowCount":0,"responsecode":200}