{"up":{"data":[{"routeid":12646,"stationid":20921,"stationname":"Kempegowda Bus Station","from":"Kempegowda Bus Station","to":"Koramangala Bus Station","routeno":"146-B KBS-SNL-KRM","distance_on_station":0,"centerlat":12.97751,"centerlong":77.57141,"responsecode":200,"isnotify":0,"vehicleDetails":[]},{"routeid":12646,"stationid":20981,"stationname":"Maharani College","from":"Kempegowda Bus Station","to":"Koramangala Bus Station","routeno":"146-B KBS-SNL-KRM","distance_on_station":0,"centerlat":12.97703,"centerlong":77.5858,"responsecode":200,"isnotify":0,"vehicleDetails":[]},{"routeid":12646,"stationid":20939,"stationname":"KR Circle","from":"Kempegowda Bus Station","to":"Koramangala Bus Station","routeno":"146-B KBS-SNL-KRM","distance_on_station":0,"centerlat":12.97386,"centerlong":77.58661,"responsecode":200,"isnotify":0,"vehicleDetails":[]},{"routeid":12646,"stationid":21195,"stationname":"St Marthas Hospital","from":"Kempegowda Bus Station","to":"Koramangala Bus Station","routeno":"146-B KBS-SNL-KRM","distance_on_station":0,"centerlat":12.96945,"centerlong":77.58716,"responsecode":200,"isnotify":0,"vehicleDetails":[]},{"routeid":12646,"stationid":20728,"stationname":"Corporation","from":"Kempegowda Bus Station","to":"Koramangala Bus Station","routeno":"146-B KBS-SNL-KRM","distance_on_station":0,"centerlat":12.9648,"centerlong":77.58778,"responsecode":200,"isnotify":0,"vehicleDetails":[]},{"routeid":12646,"stationid":21196,"stationname":"Subbaiah Circle","from":"Kempegowda Bus Station","to":"Koramangala Bus Station","routeno":"146-B KBS-SNL-KRM","distance_on_station":0,"centerlat":12.96262,"centerlong":77.59111,"responsecode":200,"isnotify":0,"vehicleDetails":[]},{"routeid":12646,"stationid":31349,"stationname":"Akkithimmanahalli","from":"Kempegowda Bus Station","to":"Koramangala Bus Station","routeno":"146-B KBS-SNL-KRM","distance_on_station":0,"centerlat":12.96194,"centerlong":77.5978,"responsecode":200,"isnotify":0,"vehicleDetails":[]},{"routeid":12646,"stationid":35117,"stationname":"Nanjappa Circle","from":"Kempegowda Bus Station","to":"Koramangala Bus Station","routeno":"146-B KBS-SNL-KRM","distance_on_station":0,"centerlat":12.96301,"centerlong":77.60499,"responsecode":200,"isnotify":0,"vehicleDetails":[]},{"routeid":12646,"stationid":23670,"stationname":"Elgin Floor Mill","from":"Kempegowda Bus Station","to":"Koramangala Bus Station","routeno":"146-B KBS-SNL-KRM","distance_on_station":0,"centerlat":12.95873,"centerlong":77.6061,"responsecode":200,"isnotify":0,"vehicleDetails":[]},{"routeid":12646,"stationid":23671,"stationname":"Johnson Market","from":"Kempegowda Bus Station","to":"Koramangala Bus Station","routeno":"146-B KBS-SNL-KRM","distance_on_station":0,"centerlat":12.96336,"centerlong":77.60672,"responsecode":200,"isnotify":0,"vehicleDetails":[]},{"routeid":12646,"stationid":22486,"stationname":"Shoolay Circle Brigade Road","from":"Kempegowda Bus Station","to":"Koramangala Bus Station","routeno":"146-B KBS-SNL-KRM","distance_on_station":0,"centerlat":12.96656,"centerlong":77.6066,"responsecode":200,"isnotify":0,"vehicleDetails":[]},{"routeid":12646,"stationid":22518,"stationname":"St Patrick Church","from":"Kempegowda Bus Station","to":"Koramangala Bus Station","routeno":"146-B KBS-SNL-KRM","distance_on_station":0,"centerlat":12.97029,"centerlong":77.60512,"responsecode":200,"isnotify":0,"vehicleDetails":[]},{"routeid":12646,"stationid":22385,"stationname":"Philomenas Hospital","from":"Kempegowda Bus Station","to":"Koramangala Bus Station","routeno":"146-B KBS-SNL-KRM","distance_on_station":0,"centerlat":12.96506,"centerlong":77.61007,"responsecode":200,"isnotify":0,"vehicleDetails":[]},{"routeid":12646,"stationid":21677,"stationname":"Austin Town","from":"Kempegowda Bus Station","to":"Koramangala Bus Station","routeno":"146-B KBS-SNL-KRM","distance_on_station":0,"centerlat":12.96157,"centerlong":77.61345,"responsecode":200,"isnotify":0,"vehicleDetails":[]},{"routeid":12646,"stationid":23930,"stationname":"ASC Centre","from":"Kempegowda Bus Station","to":"Koramangala Bus Station","routeno":"146-B KBS-SNL-KRM","distance_on_station":0,"centerlat":12.96248,"centerlong":77.61903,"responsecode":200,"isnotify":0,"vehicleDetails":[]},{"routeid":12646,"stationid":23931,"stationname":"Vannarapet","from":"Kempegowda Bus Station","to":"Koramangala Bus Station","routeno":"146-B KBS-SNL-KRM","distance_on_station":0,"centerlat":12.95645,"centerlong":77.6211,"responsecode":200,"isnotify":0,"vehicleDetails":[]},{"routeid":12646,"stationid":31626,"stationname":"Vivek Nagara","from":"Kempegowda Bus Station","to":"Koramangala Bus Station","routeno":"146-B KBS-SNL-KRM","distance_on_station":0,"centerlat":12.95443,"centerlong":77.62302,"responsecode":200,"isnotify":0,"vehicleDetails":[]},{"routeid":12646,"stationid":28323,"stationname":"Shine Bakery","from":"Kempegowda Bus Station","to":"Koramangala Bus Station","routeno":"146-B KBS-SNL-KRM","distance_on_station":0,"centerlat":12.95074,"centerlong":77.62375,"responsecode":200,"isnotify":0,"vehicleDetails":[]},{"routeid":12646,"stationid":25238,"stationname":"Fairland Shop","from":"Kempegowda Bus Station","to":"Koramangala Bus Station","routeno":"146-B KBS-SNL-KRM","distance_on_station":0,"centerlat":12.95044,"centerlong":77.62531,"responsecode":200,"isnotify":0,"vehicleDetails":[]},{"routeid":12646,"stationid":32590,"stationname":"Ejipura","from":"Kempegowda Bus Station","to":"Koramangala Bus Station","routeno":"146-B KBS-SNL-KRM","distance_on_station":0,"centerlat":12.94684,"centerlong":77.62876,"responsecode":200,"isnotify":0,"vehicleDetails":[]},{"routeid":12646,"stationid":28193,"stationname":"Ejipura School","from":"Kempegowda Bus Station","to":"Koramangala Bus Station","routeno":"146-B KBS-SNL-KRM","distance_on_station":0,"centerlat":12.94272,"centerlong":77.63081,"responsecode":200,"isnotify":0,"vehicleDetails":[]},{"routeid":12646,"stationid":26646,"stationname":"Shrinivagilu Junction","from":"Kempegowda Bus Station","to":"Koramangala Bus Station","routeno":"146-B KBS-SNL-KRM","distance_on_station":0,"centerlat":12.93927,"centerlong":77.63235,"responsecode":200,"isnotify":0,"vehicleDetails":[]},{"routeid":12646,"stationid":22510,"stationname":"Shrinivagilu Ejipura","from":"Kempegowda Bus Station","to":"Koramangala Bus Station","routeno":"146-B KBS-SNL-KRM","distance_on_station":0,"centerlat":12.93859,"centerlong":77.63265,"responsecode":200,"isnotify":0,"vehicleDetails":[]},{"routeid":12646,"stationid":35137,"stationname":"Sony World 80ft Road Koramangala","from":"Kempegowda Bus Station","to":"Koramangala Bus Station","routeno":"146-B KBS-SNL-KRM","distance_on_station":0,"centerlat":12.93782,"centerlong":77.62639,"responsecode":200,"isnotify":0,"vehicleDetails":[]},{"routeid":12646,"stationid":31235,"stationname":"Koramangala Bus Station","from":"Kempegowda Bus Station","to":"Koramangala Bus Station","routeno":"146-B KBS-SNL-KRM","distance_on_station":0,"centerlat":12.94087,"centerlong":77.62502,"responsecode":200,"isnotify":0,"vehicleDetails":[]}],"mapData":[]},"down":{"data":[{"routeid":12645,"stationid":31235,"stationname":"Koramangala Bus Station","from":"Koramangala Bus Station","to":"Kempegowda Bus Station","routeno":"146-B KBS-SNL-KRM","distance_on_station":0,"centerlat":12.94087,"centerlong":77.62502,"responsecode":200,"isnotify":0,"vehicleDetails":[]},{"routeid":12645,"stationid":22503,"stationname":"Sony World 100ft Road  Koramangala","from":"Koramangala Bus Station","to":"Kempegowda Bus Station","routeno":"146-B KBS-SNL-KRM","distance_on_station":0,"centerlat":12.93793,"centerlong":77.62766,"responsecode":200,"isnotify":0,"vehicleDetails":[]},{"routeid":12645,"stationid":22510,"stationname":"Shrinivagilu Ejipura","from":"Koramangala Bus Station","to":"Kempegowda Bus Station","routeno":"146-B KBS-SNL-KRM","distance_on_station":0,"centerlat":12.93859,"centerlong":77.63265,"responsecode":200,"isnotify":0,"vehicleDetails":[]},{"routeid":12645,"stationid":34683,"stationname":"Shrinivagilu Junction","from":"Koramangala Bus Station","to":"Kempegowda Bus Station","routeno":"146-B KBS-SNL-KRM","distance_on_station":0,"centerlat":12.93917,"centerlong":77.63229,"responsecode":200,"isnotify":0,"vehicleDetails":[]},{"routeid":12645,"stationid":34486,"stationname":"Ejipura School","from":"Koramangala Bus Station","to":"Kempegowda Bus Station","routeno":"146-B KBS-SNL-KRM","distance_on_station":0,"centerlat":12.94257,"centerlong":77.63085,"responsecode":200,"isnotify":0,"vehicleDetails":[]},{"routeid":12645,"stationid":25202,"stationname":"Ejipura","from":"Koramangala Bus Station","to":"Kempegowda Bus Station","routeno":"146-B KBS-SNL-KRM","distance_on_station":0,"centerlat":12.94669,"centerlong":77.62883,"responsecode":200,"isnotify":0,"vehicleDetails":[]},{"routeid":12645,"stationid":32604,"stationname":"Fairland Shop","from":"Koramangala Bus Station","to":"Kempegowda Bus Station","routeno":"146-B KBS-SNL-KRM","distance_on_station":0,"centerlat":12.95041,"centerlong":77.62546,"responsecode":200,"isnotify":0,"vehicleDetails":[]},{"routeid":12645,"stationid":34546,"stationname":"Shine Bakery","from":"Koramangala Bus Station","to":"Kempegowda Bus Station","routeno":"146-B KBS-SNL-KRM","distance_on_station":0,"centerlat":12.95067,"centerlong":77.6239,"responsecode":200,"isnotify":0,"vehicleDetails":[]},{"routeid":12645,"stationid":34856,"stationname":"Vivek Nagara","from":"Koramangala Bus Station","to":"Kempegowda Bus Station","routeno":"146-B KBS-SNL-KRM","distance_on_station":0,"centerlat":12.95417,"centerlong":77.62303,"responsecode":200,"isnotify":0,"vehicleDetails":[]},{"routeid":12645,"stationid":23932,"stationname":"Vivek Nagara Cross","from":"Koramangala Bus Station","to":"Kempegowda Bus Station","routeno":"146-B KBS-SNL-KRM","distance_on_station":0,"centerlat":12.95469,"centerlong":77.62074,"responsecode":200,"isnotify":0,"vehicleDetails":[]},{"routeid":12645,"stationid":23951,"stationname":"Vannarapet","from":"Koramangala Bus Station","to":"Kempegowda Bus Station","routeno":"146-B KBS-SNL-KRM","distance_on_station":0,"centerlat":12.95625,"centerlong":77.62095,"responsecode":200,"isnotify":0,"vehicleDetails":[]},{"routeid":12645,"stationid":23190,"stationname":"ASC Centre","from":"Koramangala Bus Station","to":"Kempegowda Bus Station","routeno":"146-B KBS-SNL-KRM","distance_on_station":0,"centerlat":12.96239,"centerlong":77.61892,"responsecode":200,"isnotify":0,"vehicleDetails":[]},{"routeid":12645,"stationid":23672,"stationname":"Austin Town","from":"Koramangala Bus Station","to":"Kempegowda Bus Station","routeno":"146-B KBS-SNL-KRM","distance_on_station":0,"centerlat":12.96152,"centerlong":77.61459,"responsecode":200,"isnotify":0,"vehicleDetails":[]},{"routeid":12645,"stationid":35219,"stationname":"Philomenas Hospital","from":"Koramangala Bus Station","to":"Kempegowda Bus Station","routeno":"146-B KBS-SNL-KRM","distance_on_station":0,"centerlat":12.96481,"centerlong":77.61005,"responsecode":200,"isnotify":0,"vehicleDetails":[]},{"routeid":12645,"stationid":21126,"stationname":"Richmond Circle","from":"Koramangala Bus Station","to":"Kempegowda Bus Station","routeno":"146-B KBS-SNL-KRM","distance_on_station":0,"centerlat":12.9658,"centerlong":77.60433,"responsecode":200,"isnotify":0,"vehicleDetails":[]},{"routeid":12645,"stationid":35278,"stationname":"Nanjappa Circle","from":"Koramangala Bus Station","to":"Kempegowda Bus Station","routeno":"146-B KBS-SNL-KRM","distance_on_station":0,"centerlat":12.96058,"centerlong":77.60095,"responsecode":200,"isnotify":0,"vehicleDetails":[]},{"routeid":12645,"stationid":23668,"stationname":"Akkithimmanahalli","from":"Koramangala Bus Station","to":"Kempegowda Bus Station","routeno":"146-B KBS-SNL-KRM","distance_on_station":0,"centerlat":12.96186,"centerlong":77.59789,"responsecode":200,"isnotify":0,"vehicleDetails":[]},{"routeid":12645,"stationid":23999,"stationname":"Subbaiah Circle","from":"Koramangala Bus Station","to":"Kempegowda Bus Station","routeno":"146-B KBS-SNL-KRM","distance_on_station":0,"centerlat":12.96255,"centerlong":77.5911,"responsecode":200,"isnotify":0,"vehicleDetails":[]},{"routeid":12645,"stationid":21100,"stationname":"Jai Bheem Circle (Poornima Theatre)","from":"Koramangala Bus Station","to":"Kempegowda Bus Station","routeno":"146-B KBS-SNL-KRM","distance_on_station":0,"centerlat":12.961,"centerlong":77.58802,"responsecode":200,"isnotify":0,"vehicleDetails":[]},{"routeid":12645,"stationid":22565,"stationname":"Town Hall","from":"Koramangala Bus Station","to":"Kempegowda Bus Station","routeno":"146-B KBS-SNL-KRM","distance_on_station":0,"centerlat":12.96353,"centerlong":77.58507,"responsecode":200,"isnotify":0,"vehicleDetails":[]},{"routeid":12645,"stationid":20725,"stationname":"Corporation","from":"Koramangala Bus Station","to":"Kempegowda Bus Station","routeno":"146-B KBS-SNL-KRM","distance_on_station":0,"centerlat":12.96839,"centerlong":77.58675,"responsecode":200,"isnotify":0,"vehicleDetails":[]},{"routeid":12645,"stationid":35383,"stationname":"Mysore Bank","from":"Koramangala Bus Station","to":"Kempegowda Bus Station","routeno":"146-B KBS-SNL-KRM","distance_on_station":0,"centerlat":12.97253,"centerlong":77.58199,"responsecode":200,"isnotify":0,"vehicleDetails":[]},{"routeid":12645,"stationid":20922,"stationname":"Kempegowda Bus Station","from":"Koramangala Bus Station","to":"Kempegowda Bus Station","routeno":"146-B KBS-SNL-KRM","distance_on_station":0,"centerlat":12.97749,"centerlong":77.57327,"responsecode":200,"isnotify":0,"vehicleDetails":[]}],"mapData":[]},"message":"Success","issuccess":true,"exception":null,"rowCount":0,"responsecode":200}