{"up":{"data":[{"routeid":2193,"stationid":20921,"stationname":"Kempegowda Bus Station","from":"Kempegowda Bus Station","to":"Kendriya Sadana Koramangala","routeno":"171-C","distance_on_station":0,"centerlat":12.97751,"centerlong":77.57141,"responsecode":200,"isnotify":0,"vehicleDetails":[{"vehicleid":3336,"vehiclenumber":"KA57F1123","servicetypeid":72,"servicetype":"Non AC/Ordinary","centerlat":12.962276,"centerlong":77.594215,"eta":"","sch_arrivaltime":"16:45","sch_departuretime":"16:45","actual_arrivaltime":"17:28","actual_departuretime":"17:28","sch_tripstarttime":"16:45","sch_tripendtime":"16:45","lastlocationid":0,"currentlocationid":21196,"nextlocationid":0,"currentstop":null,"nextstop":null,"laststop":null,"stopCoveredStatus":1,"heading":82,"lastrefreshon":"10-02-2024 17:49:04","lastreceiveddatetimeflag":0,"tripposition":1}]},{"routeid":2193,"stationid":20981,"stationname":"Maharani College","from":"Kempegowda Bus Station","to":"Kendriya Sadana Koramangala","routeno":"171-C","distance_on_station":1.827,"centerlat":12.97703,"centerlong":77.5858,"responsecode":200,"isnotify":0,"vehicleDetails":[{"vehicleid":3336,"vehiclenumber":"KA57F1123","servicetypeid":72,"servicetype":"Non AC/Ordinary","centerlat":12.962276,"centerlong":77.594215,"eta":"","sch_arrivaltime":"16:51","sch_departuretime":"16:51","actual_arrivaltime":"17:32","actual_departuretime":"17:33","sch_tripstarttime":"16:45","sch_tripendtime":"16:45","lastlocationid":0,"currentlocationid":21196,"nextlocationid":0,"currentstop":null,"nextstop":null,"laststop":null,"stopCoveredStatus":1,"heading":82,"lastrefreshon":"10-02-2024 17:49:04","lastreceiveddatetimeflag":0,"tripposition":1}]},{"routeid":2193,"stationid":20939,"stationname":"KR Circle","from":"Kempegowda Bus Station","to":"Kendriya Sadana Koramangala","routeno":"171-C","distance_on_station":2.2,"centerlat":12.97386,"centerlong":77.58661,"responsecode":200,"isnotify":0,"vehicleDetails":[{"vehicleid":3336,"vehiclenumber":"KA57F1123","servicetypeid":72,"servicetype":"Non AC/Ordinary","centerlat":12.962276,"centerlong":77.594215,"eta":"","sch_arrivaltime":"16:52","sch_departuretime":"16:52","actual_arrivaltime":"17:36","actual_departuretime":"17:36","sch_tripstarttime":"16:45","sch_tripendtime":"16:45","lastlocationid":0,"currentlocationid":21196,"nextlocationid":0,"currentstop":null,"nextstop":null,"laststop":null,"stopCoveredStatus":1,"heading":82,"lastrefreshon":"10-02-2024 17:49:04","lastreceiveddatetimeflag":0,"tripposition":1}]},{"routeid":2193,"stationid":21195,"stationname":"St Marthas Hospital","from":"Kempegowda Bus Station","to":"Kendriya Sadana Koramangala","routeno":"171-C","distance_on_station":2.691,"centerlat":12.96945,"centerlong":77.58716,"responsecode":200,"isnotify":0,"vehicleDetails":[{"vehicleid":3336,"vehiclenumber":"KA57F1123","servicetypeid":72,"servicetype":"Non AC/Ordinary","centerlat":12.962276,"centerlong":77.594215,"eta":"","sch_arrivaltime":"16:53","sch_departuretime":"16:53","actual_arrivaltime":"17:37","actual_departuretime":"17:38","sch_tripstarttime":"16:45","sch_tripendtime":"16:45","lastlocationid":0,"currentlocationid":21196,"nextlocationid":0,"currentstop":null,"nextstop":null,"laststop":null,"stopCoveredStatus":1,"heading":82,"lastrefreshon":"10-02-2024 17:49:04","lastreceiveddatetimeflag":0,"tripposition":1}]},{"routeid":2193,"stationid":20728,"stationname":"Corporation","from":"Kempegowda Bus Station","to":"Kendriya Sadana Koramangala","routeno":"171-C","distance_on_station":3.345,"centerlat":12.9648,"centerlong":77.58778,"responsecode":200,"isnotify":0,"vehicleDetails":[{"vehicleid":3336,"vehiclenumber":"KA57F1123","servicetypeid":72,"servicetype":"Non AC/Ordinary","centerlat":12.962276,"centerlong":77.594215,"eta":"","sch_arrivaltime":"16:57","sch_departuretime":"16:57","actual_arrivaltime":"17:41","actual_departuretime":"17:43","sch_tripstarttime":"16:45","sch_tripendtime":"16:45","lastlocationid":0,"currentlocationid":21196,"nextlocationid":0,"currentstop":null,"nextstop":null,"laststop":null,"stopCoveredStatus":1,"heading":82,"lastrefreshon":"10-02-2024 17:49:04","lastreceiveddatetimeflag":0,"tripposition":1}]},{"routeid":2193,"stationid":21196,"stationname":"Subbaiah Circle","from":"Kempegowda Bus Station","to":"Kendriya Sadana Koramangala","routeno":"171-C","distance_on_station":3.736,"centerlat":12.96266,"centerlong":77.59093,"responsecode":200,"isnotify":0,"vehicleDetails":[{"vehicleid":3336,"vehiclenumber":"KA57F1123","servicetypeid":72,"servicetype":"Non AC/Ordinary","centerlat":12.962276,"centerlong":77.594215,"eta":"","sch_arrivaltime":"16:58","sch_departuretime":"16:58","actual_arrivaltime":"17:46","actual_departuretime":"17:46","sch_tripstarttime":"16:45","sch_tripendtime":"16:45","lastlocationid":0,"currentlocationid":21196,"nextlocationid":0,"currentstop":null,"nextstop":null,"laststop":null,"stopCoveredStatus":1,"heading":82,"lastrefreshon":"10-02-2024 17:49:04","lastreceiveddatetimeflag":0,"tripposition":1}]},{"routeid":2193,"stationid":20927,"stationname":"KH Road","from":"Kempegowda Bus Station","to":"Kendriya Sadana Koramangala","routeno":"171-C","distance_on_station":4.618,"centerlat":12.95759,"centerlong":77.59286,"responsecode":200,"isnotify":0,"vehicleDetails":[{"vehicleid":3336,"vehiclenumber":"KA57F1123","servicetypeid":72,"servicetype":"Non AC/Ordinary","centerlat":12.962276,"centerlong":77.594215,"eta":"2024-02-10 17:51:00","sch_arrivaltime":"17:01","sch_departuretime":"17:01","actual_arrivaltime":"","actual_departuretime":"","sch_tripstarttime":"16:45","sch_tripendtime":"16:45","lastlocationid":0,"currentlocationid":21196,"nextlocationid":0,"currentstop":null,"nextstop":null,"laststop":null,"stopCoveredStatus":0,"heading":82,"lastrefreshon":"10-02-2024 17:49:04","lastreceiveddatetimeflag":0,"tripposition":3}]},{"routeid":2193,"stationid":21166,"stationname":"Shanthinagara Bus Station","from":"Kempegowda Bus Station","to":"Kendriya Sadana Koramangala","routeno":"171-C","distance_on_station":5.036,"centerlat":12.95449,"centerlong":77.59258,"responsecode":200,"isnotify":0,"vehicleDetails":[{"vehicleid":3336,"vehiclenumber":"KA57F1123","servicetypeid":72,"servicetype":"Non AC/Ordinary","centerlat":12.962276,"centerlong":77.594215,"eta":"2024-02-10 17:53:00","sch_arrivaltime":"17:04","sch_departuretime":"17:04","actual_arrivaltime":"","actual_departuretime":"","sch_tripstarttime":"16:45","sch_tripendtime":"16:45","lastlocationid":0,"currentlocationid":21196,"nextlocationid":0,"currentstop":null,"nextstop":null,"laststop":null,"stopCoveredStatus":0,"heading":82,"lastrefreshon":"10-02-2024 17:49:04","lastreceiveddatetimeflag":0,"tripposition":3}]},{"routeid":2193,"stationid":21280,"stationname":"Wilson Garden Police Station","from":"Kempegowda Bus Station","to":"Kendriya Sadana Koramangala","routeno":"171-C","distance_on_station":5.491,"centerlat":12.95141,"centerlong":77.5951,"responsecode":200,"isnotify":0,"vehicleDetails":[{"vehicleid":3336,"vehiclenumber":"KA57F1123","servicetypeid":72,"servicetype":"Non AC/Ordinary","centerlat":12.962276,"centerlong":77.594215,"eta":"2024-02-10 17:55:00","sch_arrivaltime":"17:07","sch_departuretime":"17:07","actual_arrivaltime":"","actual_departuretime":"","sch_tripstarttime":"16:45","sch_tripendtime":"16:45","lastlocationid":0,"currentlocationid":21196,"nextlocationid":0,"currentstop":null,"nextstop":null,"laststop":null,"stopCoveredStatus":0,"heading":82,"lastrefreshon":"10-02-2024 17:49:04","lastreceiveddatetimeflag":0,"tripposition":3}]},{"routeid":2193,"stationid":20560,"stationname":"Wilson Garden 12th Cross","from":"Kempegowda Bus Station","to":"Kendriya Sadana Koramangala","routeno":"171-C","distance_on_station":6.091,"centerlat":12.94725,"centerlong":77.59794,"responsecode":200,"isnotify":0,"vehicleDetails":[{"vehicleid":3336,"vehiclenumber":"KA57F1123","servicetypeid":72,"servicetype":"Non AC/Ordinary","centerlat":12.962276,"centerlong":77.594215,"eta":"2024-02-10 17:57:00","sch_arrivaltime":"17:09","sch_departuretime":"17:09","actual_arrivaltime":"","actual_departuretime":"","sch_tripstarttime":"16:45","sch_tripendtime":"16:45","lastlocationid":0,"currentlocationid":21196,"nextlocationid":0,"currentstop":null,"nextstop":null,"laststop":null,"stopCoveredStatus":0,"heading":82,"lastrefreshon":"10-02-2024 17:49:04","lastreceiveddatetimeflag":0,"tripposition":3}]},{"routeid":2193,"stationid":20965,"stationname":"Lakkasandra","from":"Kempegowda Bus Station","to":"Kendriya Sadana Koramangala","routeno":"171-C","distance_on_station":6.564,"centerlat":12.94318,"centerlong":77.59735,"responsecode":200,"isnotify":0,"vehicleDetails":[{"vehicleid":3336,"vehiclenumber":"KA57F1123","servicetypeid":72,"servicetype":"Non AC/Ordinary","centerlat":12.962276,"centerlong":77.594215,"eta":"2024-02-10 18:00:00","sch_arrivaltime":"17:10","sch_departuretime":"17:10","actual_arrivaltime":"","actual_departuretime":"","sch_tripstarttime":"16:45","sch_tripendtime":"16:45","lastlocationid":0,"currentlocationid":21196,"nextlocationid":0,"currentstop":null,"nextstop":null,"laststop":null,"stopCoveredStatus":0,"heading":82,"lastrefreshon":"10-02-2024 17:49:04","lastreceiveddatetimeflag":0,"tripposition":3}]},{"routeid":2193,"stationid":21064,"stationname":"Nimhans Hospital","from":"Kempegowda Bus Station","to":"Kendriya Sadana Koramangala","routeno":"171-C","distance_on_station":6.891,"centerlat":12.93989,"centerlong":77.59775,"responsecode":200,"isnotify":0,"vehicleDetails":[{"vehicleid":3336,"vehiclenumber":"KA57F1123","servicetypeid":72,"servicetype":"Non AC/Ordinary","centerlat":12.962276,"centerlong":77.594215,"eta":"2024-02-10 18:01:00","sch_arrivaltime":"17:11","sch_departuretime":"17:11","actual_arrivaltime":"","actual_departuretime":"","sch_tripstarttime":"16:45","sch_tripendtime":"16:45","lastlocationid":0,"currentlocationid":21196,"nextlocationid":0,"currentstop":null,"nextstop":null,"laststop":null,"stopCoveredStatus":0,"heading":82,"lastrefreshon":"10-02-2024 17:49:04","lastreceiveddatetimeflag":0,"tripposition":3}]},{"routeid":2193,"stationid":35266,"stationname":"Bengaluru Dairy Circle","from":"Kempegowda Bus Station","to":"Kendriya Sadana Koramangala","routeno":"171-C","distance_on_station":7.591,"centerlat":12.93909,"centerlong":77.60209,"responsecode":200,"isnotify":0,"vehicleDetails":[{"vehicleid":3336,"vehiclenumber":"KA57F1123","servicetypeid":72,"servicetype":"Non AC/Ordinary","centerlat":12.962276,"centerlong":77.594215,"eta":"2024-02-10 18:04:00","sch_arrivaltime":"17:12","sch_departuretime":"17:12","actual_arrivaltime":"","actual_departuretime":"","sch_tripstarttime":"16:45","sch_tripendtime":"16:45","lastlocationid":0,"currentlocationid":21196,"nextlocationid":0,"currentstop":null,"nextstop":null,"laststop":null,"stopCoveredStatus":0,"heading":82,"lastrefreshon":"10-02-2024 17:49:04","lastreceiveddatetimeflag":0,"tripposition":3}]},{"routeid":2193,"stationid":24274,"stationname":"MICO Factory Junction","from":"Kempegowda Bus Station","to":"Kendriya Sadana Koramangala","routeno":"171-C","distance_on_station":8.164,"centerlat":12.94442,"centerlong":77.60309,"responsecode":200,"isnotify":0,"vehicleDetails":[{"vehicleid":3336,"vehiclenumber":"KA57F1123","servicetypeid":72,"servicetype":"Non AC/Ordinary","centerlat":12.962276,"centerlong":77.594215,"eta":"2024-02-10 18:07:00","sch_arrivaltime":"17:14","sch_departuretime":"17:14","actual_arrivaltime":"","actual_departuretime":"","sch_tripstarttime":"16:45","sch_tripendtime":"16:45","lastlocationid":0,"currentlocationid":21196,"nextlocationid":0,"currentstop":null,"nextstop":null,"laststop":null,"stopCoveredStatus":0,"heading":82,"lastrefreshon":"10-02-2024 17:49:04","lastreceiveddatetimeflag":0,"tripposition":3}]},{"routeid":2193,"stationid":24070,"stationname":"MICO Gate Adugodi","from":"Kempegowda Bus Station","to":"Kendriya Sadana Koramangala","routeno":"171-C","distance_on_station":8.309,"centerlat":12.94426,"centerlong":77.60458,"responsecode":200,"isnotify":0,"vehicleDetails":[{"vehicleid":3336,"vehiclenumber":"KA57F1123","servicetypeid":72,"servicetype":"Non AC/Ordinary","centerlat":12.962276,"centerlong":77.594215,"eta":"2024-02-10 18:08:00","sch_arrivaltime":"17:15","sch_departuretime":"17:15","actual_arrivaltime":"","actual_departuretime":"","sch_tripstarttime":"16:45","sch_tripendtime":"16:45","lastlocationid":0,"currentlocationid":21196,"nextlocationid":0,"currentstop":null,"nextstop":null,"laststop":null,"stopCoveredStatus":0,"heading":82,"lastrefreshon":"10-02-2024 17:49:04","lastreceiveddatetimeflag":0,"tripposition":3}]},{"routeid":2193,"stationid":29448,"stationname":"Adugodi","from":"Kempegowda Bus Station","to":"Kendriya Sadana Koramangala","routeno":"171-C","distance_on_station":8.627,"centerlat":12.94387,"centerlong":77.6077,"responsecode":200,"isnotify":0,"vehicleDetails":[{"vehicleid":3336,"vehiclenumber":"KA57F1123","servicetypeid":72,"servicetype":"Non AC/Ordinary","centerlat":12.962276,"centerlong":77.594215,"eta":"2024-02-10 18:09:00","sch_arrivaltime":"17:16","sch_departuretime":"17:16","actual_arrivaltime":"","actual_departuretime":"","sch_tripstarttime":"16:45","sch_tripendtime":"16:45","lastlocationid":0,"currentlocationid":21196,"nextlocationid":0,"currentstop":null,"nextstop":null,"laststop":null,"stopCoveredStatus":0,"heading":82,"lastrefreshon":"10-02-2024 17:49:04","lastreceiveddatetimeflag":0,"tripposition":3}]},{"routeid":2193,"stationid":23802,"stationname":"Adugodi Police Station","from":"Kempegowda Bus Station","to":"Kendriya Sadana Koramangala","routeno":"171-C","distance_on_station":9.073,"centerlat":12.93985,"centerlong":77.6095,"responsecode":200,"isnotify":0,"vehicleDetails":[{"vehicleid":3336,"vehiclenumber":"KA57F1123","servicetypeid":72,"servicetype":"Non AC/Ordinary","centerlat":12.962276,"centerlong":77.594215,"eta":"2024-02-10 18:11:00","sch_arrivaltime":"17:17","sch_departuretime":"17:17","actual_arrivaltime":"","actual_departuretime":"","sch_tripstarttime":"16:45","sch_tripendtime":"16:45","lastlocationid":0,"currentlocationid":21196,"nextlocationid":0,"currentstop":null,"nextstop":null,"laststop":null,"stopCoveredStatus":0,"heading":82,"lastrefreshon":"10-02-2024 17:49:04","lastreceiveddatetimeflag":0,"tripposition":3}]},{"routeid":2193,"stationid":23803,"stationname":"Forum Mall","from":"Kempegowda Bus Station","to":"Kendriya Sadana Koramangala","routeno":"171-C","distance_on_station":9.673,"centerlat":12.9346,"centerlong":77.61228,"responsecode":200,"isnotify":0,"vehicleDetails":[{"vehicleid":3336,"vehiclenumber":"KA57F1123","servicetypeid":72,"servicetype":"Non AC/Ordinary","centerlat":12.962276,"centerlong":77.594215,"eta":"2024-02-10 18:14:00","sch_arrivaltime":"17:18","sch_departuretime":"17:18","actual_arrivaltime":"","actual_departuretime":"","sch_tripstarttime":"16:45","sch_tripendtime":"16:45","lastlocationid":0,"currentlocationid":21196,"nextlocationid":0,"currentstop":null,"nextstop":null,"laststop":null,"stopCoveredStatus":0,"heading":82,"lastrefreshon":"10-02-2024 17:49:04","lastreceiveddatetimeflag":0,"tripposition":3}]},{"routeid":2193,"stationid":24071,"stationname":"Jyothi Nivas College","from":"Kempegowda Bus Station","to":"Kendriya Sadana Koramangala","routeno":"171-C","distance_on_station":9.882,"centerlat":12.93538,"centerlong":77.61413,"responsecode":200,"isnotify":0,"vehicleDetails":[{"vehicleid":3336,"vehiclenumber":"KA57F1123","servicetypeid":72,"servicetype":"Non AC/Ordinary","centerlat":12.962276,"centerlong":77.594215,"eta":"2024-02-10 18:15:00","sch_arrivaltime":"17:19","sch_departuretime":"17:19","actual_arrivaltime":"","actual_departuretime":"","sch_tripstarttime":"16:45","sch_tripendtime":"16:45","lastlocationid":0,"currentlocationid":21196,"nextlocationid":0,"currentstop":null,"nextstop":null,"laststop":null,"stopCoveredStatus":0,"heading":82,"lastrefreshon":"10-02-2024 17:49:04","lastreceiveddatetimeflag":0,"tripposition":3}]},{"routeid":2193,"stationid":24072,"stationname":"Kalyana Mantapa Koramangala","from":"Kempegowda Bus Station","to":"Kendriya Sadana Koramangala","routeno":"171-C","distance_on_station":10.373,"centerlat":12.93739,"centerlong":77.61839,"responsecode":200,"isnotify":0,"vehicleDetails":[{"vehicleid":3336,"vehiclenumber":"KA57F1123","servicetypeid":72,"servicetype":"Non AC/Ordinary","centerlat":12.962276,"centerlong":77.594215,"eta":"2024-02-10 18:17:00","sch_arrivaltime":"17:20","sch_departuretime":"17:20","actual_arrivaltime":"","actual_departuretime":"","sch_tripstarttime":"16:45","sch_tripendtime":"16:45","lastlocationid":0,"currentlocationid":21196,"nextlocationid":0,"currentstop":null,"nextstop":null,"laststop":null,"stopCoveredStatus":0,"heading":82,"lastrefreshon":"10-02-2024 17:49:04","lastreceiveddatetimeflag":0,"tripposition":3}]},{"routeid":2193,"stationid":24073,"stationname":"Koramangala Police Station","from":"Kempegowda Bus Station","to":"Kendriya Sadana Koramangala","routeno":"171-C","distance_on_station":10.909,"centerlat":12.94167,"centerlong":77.62151,"responsecode":200,"isnotify":0,"vehicleDetails":[{"vehicleid":3336,"vehiclenumber":"KA57F1123","servicetypeid":72,"servicetype":"Non AC/Ordinary","centerlat":12.962276,"centerlong":77.594215,"eta":"2024-02-10 18:19:00","sch_arrivaltime":"17:21","sch_departuretime":"17:21","actual_arrivaltime":"","actual_departuretime":"","sch_tripstarttime":"16:45","sch_tripendtime":"16:45","lastlocationid":0,"currentlocationid":21196,"nextlocationid":0,"currentstop":null,"nextstop":null,"laststop":null,"stopCoveredStatus":0,"heading":82,"lastrefreshon":"10-02-2024 17:49:04","lastreceiveddatetimeflag":0,"tripposition":3}]},{"routeid":2193,"stationid":35267,"stationname":"Koramangala Bus Station","from":"Kempegowda Bus Station","to":"Kendriya Sadana Koramangala","routeno":"171-C","distance_on_station":11.345,"centerlat":12.94061,"centerlong":77.62482,"responsecode":200,"isnotify":0,"vehicleDetails":[{"vehicleid":3336,"vehiclenumber":"KA57F1123","servicetypeid":72,"servicetype":"Non AC/Ordinary","centerlat":12.962276,"centerlong":77.594215,"eta":"2024-02-10 18:21:00","sch_arrivaltime":"17:22","sch_departuretime":"17:22","actual_arrivaltime":"","actual_departuretime":"","sch_tripstarttime":"16:45","sch_tripendtime":"16:45","lastlocationid":0,"currentlocationid":21196,"nextlocationid":0,"currentstop":null,"nextstop":null,"laststop":null,"stopCoveredStatus":0,"heading":82,"lastrefreshon":"10-02-2024 17:49:04","lastreceiveddatetimeflag":0,"tripposition":3}]},{"routeid":2193,"stationid":22502,"stationname":"Sony World 100ft Road  Koramangala","from":"Kempegowda Bus Station","to":"Kendriya Sadana Koramangala","routeno":"171-C","distance_on_station":11.818,"centerlat":12.93685,"centerlong":77.62659,"responsecode":200,"isnotify":0,"vehicleDetails":[{"vehicleid":3336,"vehiclenumber":"KA57F1123","servicetypeid":72,"servicetype":"Non AC/Ordinary","centerlat":12.962276,"centerlong":77.594215,"eta":"2024-02-10 18:23:00","sch_arrivaltime":"17:26","sch_departuretime":"17:26","actual_arrivaltime":"","actual_departuretime":"","sch_tripstarttime":"16:45","sch_tripendtime":"16:45","lastlocationid":0,"currentlocationid":21196,"nextlocationid":0,"currentstop":null,"nextstop":null,"laststop":null,"stopCoveredStatus":0,"heading":82,"lastrefreshon":"10-02-2024 17:49:04","lastreceiveddatetimeflag":0,"tripposition":3}]},{"routeid":2193,"stationid":21799,"stationname":"Canara Bank Koramangala","from":"Kempegowda Bus Station","to":"Kendriya Sadana Koramangala","routeno":"171-C","distance_on_station":12.218,"centerlat":12.93407,"centerlong":77.62369,"responsecode":200,"isnotify":0,"vehicleDetails":[{"vehicleid":3336,"vehiclenumber":"KA57F1123","servicetypeid":72,"servicetype":"Non AC/Ordinary","centerlat":12.962276,"centerlong":77.594215,"eta":"2024-02-10 18:24:00","sch_arrivaltime":"17:27","sch_departuretime":"17:27","actual_arrivaltime":"","actual_departuretime":"","sch_tripstarttime":"16:45","sch_tripendtime":"16:45","lastlocationid":0,"currentlocationid":21196,"nextlocationid":0,"currentstop":null,"nextstop":null,"laststop":null,"stopCoveredStatus":0,"heading":82,"lastrefreshon":"10-02-2024 17:49:04","lastreceiveddatetimeflag":0,"tripposition":3}]},{"routeid":2193,"stationid":21730,"stationname":"BDA Complex Koramangala","from":"Kempegowda Bus Station","to":"Kendriya Sadana Koramangala","routeno":"171-C","distance_on_station":12.536,"centerlat":12.93109,"centerlong":77.62248,"responsecode":200,"isnotify":0,"vehicleDetails":[{"vehicleid":3336,"vehiclenumber":"KA57F1123","servicetypeid":72,"servicetype":"Non AC/Ordinary","centerlat":12.962276,"centerlong":77.594215,"eta":"2024-02-10 18:25:00","sch_arrivaltime":"17:28","sch_departuretime":"17:28","actual_arrivaltime":"","actual_departuretime":"","sch_tripstarttime":"16:45","sch_tripendtime":"16:45","lastlocationid":0,"currentlocationid":21196,"nextlocationid":0,"currentstop":null,"nextstop":null,"laststop":null,"stopCoveredStatus":0,"heading":82,"lastrefreshon":"10-02-2024 17:49:04","lastreceiveddatetimeflag":0,"tripposition":3}]},{"routeid":2193,"stationid":22616,"stationname":"Koramangala Water Tank","from":"Kempegowda Bus Station","to":"Kendriya Sadana Koramangala","routeno":"171-C","distance_on_station":12.882,"centerlat":12.92792,"centerlong":77.62121,"responsecode":200,"isnotify":0,"vehicleDetails":[{"vehicleid":3336,"vehiclenumber":"KA57F1123","servicetypeid":72,"servicetype":"Non AC/Ordinary","centerlat":12.962276,"centerlong":77.594215,"eta":"2024-02-10 18:26:00","sch_arrivaltime":"17:29","sch_departuretime":"17:29","actual_arrivaltime":"","actual_departuretime":"","sch_tripstarttime":"16:45","sch_tripendtime":"16:45","lastlocationid":0,"currentlocationid":21196,"nextlocationid":0,"currentstop":null,"nextstop":null,"laststop":null,"stopCoveredStatus":0,"heading":82,"lastrefreshon":"10-02-2024 17:49:04","lastreceiveddatetimeflag":0,"tripposition":3}]},{"routeid":2193,"stationid":31010,"stationname":"Kendriya Sadana Koramangala","from":"Kempegowda Bus Station","to":"Kendriya Sadana Koramangala","routeno":"171-C","distance_on_station":13.1,"centerlat":12.92598,"centerlong":77.62048,"responsecode":200,"isnotify":0,"vehicleDetails":[{"vehicleid":3336,"vehiclenumber":"KA57F1123","servicetypeid":72,"servicetype":"Non AC/Ordinary","centerlat":12.962276,"centerlong":77.594215,"eta":"2024-02-10 18:27:00","sch_arrivaltime":"17:30","sch_departuretime":"17:30","actual_arrivaltime":"","actual_departuretime":"","sch_tripstarttime":"16:45","sch_tripendtime":"16:45","lastlocationid":0,"currentlocationid":21196,"nextlocationid":0,"currentstop":null,"nextstop":null,"laststop":null,"stopCoveredStatus":0,"heading":82,"lastrefreshon":"10-02-2024 17:49:04","lastreceiveddatetimeflag":0,"tripposition":1}]}],"mapData":[{"vehicleid":3336,"vehiclenumber":"KA57F1123","servicetypeid":72,"servicetype":"Non AC/Ordinary","centerlat":12.962276,"centerlong":77.594215,"eta":"2024-02-10 18:27:00","sch_arrivaltime":"17:30","sch_departuretime":"17:30","actual_arrivaltime":"","actual_departuretime":"","sch_tripstarttime":"16:45","sch_tripendtime":"16:45","lastlocationid":0,"currentlocationid":21196,"nextlocationid":0,"currentstop":null,"nextstop":null,"laststop":null,"stopCoveredStatus":0,"heading":82,"lastrefreshon":"10-02-2024 17:49:04","lastreceiveddatetimeflag":0,"tripposition":1}]},"down":{"data":[],"mapData":[]},"message":"Success","issuccess":true,"exception":null,"rowCount":0,"responsecode":200}