{"up":{"data":[],"mapData":[]},"down":{"data":[{"routeid":3128,"stationid":20918,"stationname":"Kaval Byrasandra","from":"Kaval Byrasandra","to":"BCC Layout","routeno":"176-E","distance_on_station":0,"centerlat":13.01974,"centerlong":77.60769,"responsecode":200,"isnotify":0,"vehicleDetails":[{"vehicleid":11680,"vehiclenumber":"KA42F1695","servicetypeid":72,"servicetype":"Non AC/Ordinary","centerlat":12.996754,"centerlong":77.56955,"eta":"","sch_arrivaltime":"13:10","sch_departuretime":"13:10","actual_arrivaltime":"12:46","actual_departuretime":"12:47","sch_tripstarttime":"13:10","sch_tripendtime":"13:10","lastlocationid":0,"currentlocationid":20990,"nextlocationid":0,"currentstop":null,"nextstop":null,"laststop":null,"stopCoveredStatus":1,"heading":265,"lastrefreshon":"16-02-2024 13:19:48","lastreceiveddatetimeflag":0,"tripposition":1}]},{"routeid":3128,"stationid":21073,"stationname":"P and T Quarters","from":"Kaval Byrasandra","to":"BCC Layout","routeno":"176-E","distance_on_station":0.547,"centerlat":13.0215,"centerlong":77.6046,"responsecode":200,"isnotify":0,"vehicleDetails":[{"vehicleid":11680,"vehiclenumber":"KA42F1695","servicetypeid":72,"servicetype":"Non AC/Ordinary","centerlat":12.996754,"centerlong":77.56955,"eta":"","sch_arrivaltime":"13:12","sch_departuretime":"13:12","actual_arrivaltime":"12:48","actual_departuretime":"12:49","sch_tripstarttime":"13:10","sch_tripendtime":"13:10","lastlocationid":0,"currentlocationid":20990,"nextlocationid":0,"currentstop":null,"nextstop":null,"laststop":null,"stopCoveredStatus":1,"heading":265,"lastrefreshon":"16-02-2024 13:19:48","lastreceiveddatetimeflag":0,"tripposition":1}]},{"routeid":3128,"stationid":21201,"stationname":"Sultanpalya Cross Pushpanjali Talkies","from":"Kaval Byrasandra","to":"BCC Layout","routeno":"176-E","distance_on_station":0.797,"centerlat":13.02211,"centerlong":77.60242,"responsecode":200,"isnotify":0,"vehicleDetails":[{"vehicleid":11680,"vehiclenumber":"KA42F1695","servicetypeid":72,"servicetype":"Non AC/Ordinary","centerlat":12.996754,"centerlong":77.56955,"eta":"","sch_arrivaltime":"13:13","sch_departuretime":"13:13","actual_arrivaltime":"12:49","actual_departuretime":"12:50","sch_tripstarttime":"13:10","sch_tripendtime":"13:10","lastlocationid":0,"currentlocationid":20990,"nextlocationid":0,"currentstop":null,"nextstop":null,"laststop":null,"stopCoveredStatus":1,"heading":265,"lastrefreshon":"16-02-2024 13:19:48","lastreceiveddatetimeflag":0,"tripposition":1}]},{"routeid":3128,"stationid":20760,"stationname":"Dinnur Main Road","from":"Kaval Byrasandra","to":"BCC Layout","routeno":"176-E","distance_on_station":1.21,"centerlat":13.02395,"centerlong":77.5989,"responsecode":200,"isnotify":0,"vehicleDetails":[{"vehicleid":11680,"vehiclenumber":"KA42F1695","servicetypeid":72,"servicetype":"Non AC/Ordinary","centerlat":12.996754,"centerlong":77.56955,"eta":"","sch_arrivaltime":"13:14","sch_departuretime":"13:14","actual_arrivaltime":"12:51","actual_departuretime":"12:52","sch_tripstarttime":"13:10","sch_tripendtime":"13:10","lastlocationid":0,"currentlocationid":20990,"nextlocationid":0,"currentstop":null,"nextstop":null,"laststop":null,"stopCoveredStatus":1,"heading":265,"lastrefreshon":"16-02-2024 13:19:48","lastreceiveddatetimeflag":0,"tripposition":1}]},{"routeid":3128,"stationid":20834,"stationname":"HMT Layout R T Nagara","from":"Kaval Byrasandra","to":"BCC Layout","routeno":"176-E","distance_on_station":1.652,"centerlat":13.02465,"centerlong":77.59481,"responsecode":200,"isnotify":0,"vehicleDetails":[{"vehicleid":11680,"vehiclenumber":"KA42F1695","servicetypeid":72,"servicetype":"Non AC/Ordinary","centerlat":12.996754,"centerlong":77.56955,"eta":"","sch_arrivaltime":"13:15","sch_departuretime":"13:15","actual_arrivaltime":"12:53","actual_departuretime":"12:53","sch_tripstarttime":"13:10","sch_tripendtime":"13:10","lastlocationid":0,"currentlocationid":20990,"nextlocationid":0,"currentstop":null,"nextstop":null,"laststop":null,"stopCoveredStatus":1,"heading":265,"lastrefreshon":"16-02-2024 13:19:48","lastreceiveddatetimeflag":0,"tripposition":1}]},{"routeid":3128,"stationid":21096,"stationname":"RT Nagara Police Station","from":"Kaval Byrasandra","to":"BCC Layout","routeno":"176-E","distance_on_station":1.921,"centerlat":13.02566,"centerlong":77.59301,"responsecode":200,"isnotify":0,"vehicleDetails":[{"vehicleid":11680,"vehiclenumber":"KA42F1695","servicetypeid":72,"servicetype":"Non AC/Ordinary","centerlat":12.996754,"centerlong":77.56955,"eta":"","sch_arrivaltime":"13:16","sch_departuretime":"13:16","actual_arrivaltime":"12:55","actual_departuretime":"12:56","sch_tripstarttime":"13:10","sch_tripendtime":"13:10","lastlocationid":0,"currentlocationid":20990,"nextlocationid":0,"currentstop":null,"nextstop":null,"laststop":null,"stopCoveredStatus":1,"heading":265,"lastrefreshon":"16-02-2024 13:19:48","lastreceiveddatetimeflag":0,"tripposition":1}]},{"routeid":3128,"stationid":21246,"stationname":"Vasanthappa Block","from":"Kaval Byrasandra","to":"BCC Layout","routeno":"176-E","distance_on_station":2.43,"centerlat":13.02628,"centerlong":77.58917,"responsecode":200,"isnotify":0,"vehicleDetails":[{"vehicleid":11680,"vehiclenumber":"KA42F1695","servicetypeid":72,"servicetype":"Non AC/Ordinary","centerlat":12.996754,"centerlong":77.56955,"eta":"","sch_arrivaltime":"13:18","sch_departuretime":"13:18","actual_arrivaltime":"12:57","actual_departuretime":"12:57","sch_tripstarttime":"13:10","sch_tripendtime":"13:10","lastlocationid":0,"currentlocationid":20990,"nextlocationid":0,"currentstop":null,"nextstop":null,"laststop":null,"stopCoveredStatus":1,"heading":265,"lastrefreshon":"16-02-2024 13:19:48","lastreceiveddatetimeflag":0,"tripposition":1}]},{"routeid":3128,"stationid":20699,"stationname":"CBI","from":"Kaval Byrasandra","to":"BCC Layout","routeno":"176-E","distance_on_station":2.843,"centerlat":13.02653,"centerlong":77.58565,"responsecode":200,"isnotify":0,"vehicleDetails":[{"vehicleid":11680,"vehiclenumber":"KA42F1695","servicetypeid":72,"servicetype":"Non AC/Ordinary","centerlat":12.996754,"centerlong":77.56955,"eta":"","sch_arrivaltime":"13:19","sch_departuretime":"13:19","actual_arrivaltime":"12:59","actual_departuretime":"12:59","sch_tripstarttime":"13:10","sch_tripendtime":"13:10","lastlocationid":0,"currentlocationid":20990,"nextlocationid":0,"currentstop":null,"nextstop":null,"laststop":null,"stopCoveredStatus":1,"heading":265,"lastrefreshon":"16-02-2024 13:19:48","lastreceiveddatetimeflag":0,"tripposition":1}]},{"routeid":3128,"stationid":32640,"stationname":"Gangenahalli","from":"Kaval Byrasandra","to":"BCC Layout","routeno":"176-E","distance_on_station":3.285,"centerlat":13.02256,"centerlong":77.58457,"responsecode":200,"isnotify":0,"vehicleDetails":[{"vehicleid":11680,"vehiclenumber":"KA42F1695","servicetypeid":72,"servicetype":"Non AC/Ordinary","centerlat":12.996754,"centerlong":77.56955,"eta":"","sch_arrivaltime":"13:20","sch_departuretime":"13:20","actual_arrivaltime":"","actual_departuretime":"","sch_tripstarttime":"13:10","sch_tripendtime":"13:10","lastlocationid":0,"currentlocationid":20990,"nextlocationid":0,"currentstop":null,"nextstop":null,"laststop":null,"stopCoveredStatus":1,"heading":265,"lastrefreshon":"16-02-2024 13:19:48","lastreceiveddatetimeflag":0,"tripposition":3}]},{"routeid":3128,"stationid":28975,"stationname":"Mekhri Circle","from":"Kaval Byrasandra","to":"BCC Layout","routeno":"176-E","distance_on_station":4.265,"centerlat":13.0135,"centerlong":77.58411,"responsecode":200,"isnotify":0,"vehicleDetails":[{"vehicleid":11680,"vehiclenumber":"KA42F1695","servicetypeid":72,"servicetype":"Non AC/Ordinary","centerlat":12.996754,"centerlong":77.56955,"eta":"","sch_arrivaltime":"13:22","sch_departuretime":"13:22","actual_arrivaltime":"13:02","actual_departuretime":"13:02","sch_tripstarttime":"13:10","sch_tripendtime":"13:10","lastlocationid":0,"currentlocationid":20990,"nextlocationid":0,"currentstop":null,"nextstop":null,"laststop":null,"stopCoveredStatus":1,"heading":265,"lastrefreshon":"16-02-2024 13:19:48","lastreceiveddatetimeflag":0,"tripposition":1}]},{"routeid":3128,"stationid":21075,"stationname":"Palace Ground","from":"Kaval Byrasandra","to":"BCC Layout","routeno":"176-E","distance_on_station":4.572,"centerlat":13.01061,"centerlong":77.58399,"responsecode":200,"isnotify":0,"vehicleDetails":[{"vehicleid":11680,"vehiclenumber":"KA42F1695","servicetypeid":72,"servicetype":"Non AC/Ordinary","centerlat":12.996754,"centerlong":77.56955,"eta":"","sch_arrivaltime":"13:23","sch_departuretime":"13:23","actual_arrivaltime":"","actual_departuretime":"","sch_tripstarttime":"13:10","sch_tripendtime":"13:10","lastlocationid":0,"currentlocationid":20990,"nextlocationid":0,"currentstop":null,"nextstop":null,"laststop":null,"stopCoveredStatus":1,"heading":265,"lastrefreshon":"16-02-2024 13:19:48","lastreceiveddatetimeflag":0,"tripposition":3}]},{"routeid":3128,"stationid":21129,"stationname":"RM Guttahalli","from":"Kaval Byrasandra","to":"BCC Layout","routeno":"176-E","distance_on_station":5.696,"centerlat":13.00009,"centerlong":77.58425,"responsecode":200,"isnotify":0,"vehicleDetails":[{"vehicleid":11680,"vehiclenumber":"KA42F1695","servicetypeid":72,"servicetype":"Non AC/Ordinary","centerlat":12.996754,"centerlong":77.56955,"eta":"","sch_arrivaltime":"13:25","sch_departuretime":"13:25","actual_arrivaltime":"13:04","actual_departuretime":"13:04","sch_tripstarttime":"13:10","sch_tripendtime":"13:10","lastlocationid":0,"currentlocationid":20990,"nextlocationid":0,"currentstop":null,"nextstop":null,"laststop":null,"stopCoveredStatus":1,"heading":265,"lastrefreshon":"16-02-2024 13:19:48","lastreceiveddatetimeflag":0,"tripposition":1}]},{"routeid":3128,"stationid":29789,"stationname":"Bashyam Circle Sadashivanagara","from":"Kaval Byrasandra","to":"BCC Layout","routeno":"176-E","distance_on_station":8.126,"centerlat":13.0062,"centerlong":77.57905,"responsecode":200,"isnotify":0,"vehicleDetails":[{"vehicleid":11680,"vehiclenumber":"KA42F1695","servicetypeid":72,"servicetype":"Non AC/Ordinary","centerlat":12.996754,"centerlong":77.56955,"eta":"","sch_arrivaltime":"13:30","sch_departuretime":"13:30","actual_arrivaltime":"13:09","actual_departuretime":"13:11","sch_tripstarttime":"13:10","sch_tripendtime":"13:10","lastlocationid":0,"currentlocationid":20990,"nextlocationid":0,"currentstop":null,"nextstop":null,"laststop":null,"stopCoveredStatus":1,"heading":265,"lastrefreshon":"16-02-2024 13:19:48","lastreceiveddatetimeflag":0,"tripposition":1}]},{"routeid":3128,"stationid":21244,"stationname":"Vaiyalikaval Police Station","from":"Kaval Byrasandra","to":"BCC Layout","routeno":"176-E","distance_on_station":8.606,"centerlat":13.00207,"centerlong":77.57851,"responsecode":200,"isnotify":0,"vehicleDetails":[{"vehicleid":11680,"vehiclenumber":"KA42F1695","servicetypeid":72,"servicetype":"Non AC/Ordinary","centerlat":12.996754,"centerlong":77.56955,"eta":"","sch_arrivaltime":"13:32","sch_departuretime":"13:32","actual_arrivaltime":"13:12","actual_departuretime":"13:13","sch_tripstarttime":"13:10","sch_tripendtime":"13:10","lastlocationid":0,"currentlocationid":20990,"nextlocationid":0,"currentstop":null,"nextstop":null,"laststop":null,"stopCoveredStatus":1,"heading":265,"lastrefreshon":"16-02-2024 13:19:48","lastreceiveddatetimeflag":0,"tripposition":1}]},{"routeid":3128,"stationid":27162,"stationname":"Vaiyali Kaval","from":"Kaval Byrasandra","to":"BCC Layout","routeno":"176-E","distance_on_station":8.971,"centerlat":12.99916,"centerlong":77.57769,"responsecode":200,"isnotify":0,"vehicleDetails":[{"vehicleid":11680,"vehiclenumber":"KA42F1695","servicetypeid":72,"servicetype":"Non AC/Ordinary","centerlat":12.996754,"centerlong":77.56955,"eta":"","sch_arrivaltime":"13:33","sch_departuretime":"13:33","actual_arrivaltime":"13:14","actual_departuretime":"13:14","sch_tripstarttime":"13:10","sch_tripendtime":"13:10","lastlocationid":0,"currentlocationid":20990,"nextlocationid":0,"currentstop":null,"nextstop":null,"laststop":null,"stopCoveredStatus":1,"heading":265,"lastrefreshon":"16-02-2024 13:19:48","lastreceiveddatetimeflag":0,"tripposition":1}]},{"routeid":3128,"stationid":20736,"stationname":"Dattatreya Temple Malleshwara","from":"Kaval Byrasandra","to":"BCC Layout","routeno":"176-E","distance_on_station":9.278,"centerlat":12.99893,"centerlong":77.57479,"responsecode":200,"isnotify":0,"vehicleDetails":[{"vehicleid":11680,"vehiclenumber":"KA42F1695","servicetypeid":72,"servicetype":"Non AC/Ordinary","centerlat":12.996754,"centerlong":77.56955,"eta":"","sch_arrivaltime":"13:34","sch_departuretime":"13:34","actual_arrivaltime":"13:15","actual_departuretime":"13:15","sch_tripstarttime":"13:10","sch_tripendtime":"13:10","lastlocationid":0,"currentlocationid":20990,"nextlocationid":0,"currentstop":null,"nextstop":null,"laststop":null,"stopCoveredStatus":1,"heading":265,"lastrefreshon":"16-02-2024 13:19:48","lastreceiveddatetimeflag":0,"tripposition":1}]},{"routeid":3128,"stationid":20990,"stationname":"Malleshwara Circle","from":"Kaval Byrasandra","to":"BCC Layout","routeno":"176-E","distance_on_station":10.114,"centerlat":12.99676,"centerlong":77.56877,"responsecode":200,"isnotify":0,"vehicleDetails":[{"vehicleid":11680,"vehiclenumber":"KA42F1695","servicetypeid":72,"servicetype":"Non AC/Ordinary","centerlat":12.996754,"centerlong":77.56955,"eta":"2024-02-16 13:20:00","sch_arrivaltime":"13:37","sch_departuretime":"13:37","actual_arrivaltime":"","actual_departuretime":"","sch_tripstarttime":"13:10","sch_tripendtime":"13:10","lastlocationid":0,"currentlocationid":20990,"nextlocationid":0,"currentstop":null,"nextstop":null,"laststop":null,"stopCoveredStatus":0,"heading":265,"lastrefreshon":"16-02-2024 13:19:48","lastreceiveddatetimeflag":0,"tripposition":3}]},{"routeid":3128,"stationid":20751,"stationname":"Devaiah Park","from":"Kaval Byrasandra","to":"BCC Layout","routeno":"176-E","distance_on_station":10.594,"centerlat":12.99628,"centerlong":77.56424,"responsecode":200,"isnotify":0,"vehicleDetails":[{"vehicleid":11680,"vehiclenumber":"KA42F1695","servicetypeid":72,"servicetype":"Non AC/Ordinary","centerlat":12.996754,"centerlong":77.56955,"eta":"2024-02-16 13:22:00","sch_arrivaltime":"13:38","sch_departuretime":"13:38","actual_arrivaltime":"","actual_departuretime":"","sch_tripstarttime":"13:10","sch_tripendtime":"13:10","lastlocationid":0,"currentlocationid":20990,"nextlocationid":0,"currentstop":null,"nextstop":null,"laststop":null,"stopCoveredStatus":0,"heading":265,"lastrefreshon":"16-02-2024 13:19:48","lastreceiveddatetimeflag":0,"tripposition":3}]},{"routeid":3128,"stationid":20810,"stationname":"Harishchandra Ghat","from":"Kaval Byrasandra","to":"BCC Layout","routeno":"176-E","distance_on_station":10.949,"centerlat":12.99695,"centerlong":77.56089,"responsecode":200,"isnotify":0,"vehicleDetails":[{"vehicleid":11680,"vehiclenumber":"KA42F1695","servicetypeid":72,"servicetype":"Non AC/Ordinary","centerlat":12.996754,"centerlong":77.56955,"eta":"2024-02-16 13:23:00","sch_arrivaltime":"13:39","sch_departuretime":"13:39","actual_arrivaltime":"","actual_departuretime":"","sch_tripstarttime":"13:10","sch_tripendtime":"13:10","lastlocationid":0,"currentlocationid":20990,"nextlocationid":0,"currentstop":null,"nextstop":null,"laststop":null,"stopCoveredStatus":0,"heading":265,"lastrefreshon":"16-02-2024 13:19:48","lastreceiveddatetimeflag":0,"tripposition":3}]},{"routeid":3128,"stationid":21007,"stationname":"Mariyappanapalya","from":"Kaval Byrasandra","to":"BCC Layout","routeno":"176-E","distance_on_station":11.516,"centerlat":12.99858,"centerlong":77.55574,"responsecode":200,"isnotify":0,"vehicleDetails":[{"vehicleid":11680,"vehiclenumber":"KA42F1695","servicetypeid":72,"servicetype":"Non AC/Ordinary","centerlat":12.996754,"centerlong":77.56955,"eta":"2024-02-16 13:25:00","sch_arrivaltime":"13:40","sch_departuretime":"13:40","actual_arrivaltime":"","actual_departuretime":"","sch_tripstarttime":"13:10","sch_tripendtime":"13:10","lastlocationid":0,"currentlocationid":20990,"nextlocationid":0,"currentstop":null,"nextstop":null,"laststop":null,"stopCoveredStatus":0,"heading":265,"lastrefreshon":"16-02-2024 13:19:48","lastreceiveddatetimeflag":0,"tripposition":3}]},{"routeid":3128,"stationid":35082,"stationname":"Navarang Theatre","from":"Kaval Byrasandra","to":"BCC Layout","routeno":"176-E","distance_on_station":12.016,"centerlat":12.99762,"centerlong":77.55113,"responsecode":200,"isnotify":0,"vehicleDetails":[{"vehicleid":11680,"vehiclenumber":"KA42F1695","servicetypeid":72,"servicetype":"Non AC/Ordinary","centerlat":12.996754,"centerlong":77.56955,"eta":"2024-02-16 13:28:00","sch_arrivaltime":"13:41","sch_departuretime":"13:41","actual_arrivaltime":"","actual_departuretime":"","sch_tripstarttime":"13:10","sch_tripendtime":"13:10","lastlocationid":0,"currentlocationid":20990,"nextlocationid":0,"currentstop":null,"nextstop":null,"laststop":null,"stopCoveredStatus":0,"heading":265,"lastrefreshon":"16-02-2024 13:19:48","lastreceiveddatetimeflag":0,"tripposition":3}]},{"routeid":3128,"stationid":22901,"stationname":"Rajajinagara 2nd Block","from":"Kaval Byrasandra","to":"BCC Layout","routeno":"176-E","distance_on_station":12.179,"centerlat":12.99607,"centerlong":77.55144,"responsecode":200,"isnotify":0,"vehicleDetails":[{"vehicleid":11680,"vehiclenumber":"KA42F1695","servicetypeid":72,"servicetype":"Non AC/Ordinary","centerlat":12.996754,"centerlong":77.56955,"eta":"2024-02-16 13:29:00","sch_arrivaltime":"13:42","sch_departuretime":"13:42","actual_arrivaltime":"","actual_departuretime":"","sch_tripstarttime":"13:10","sch_tripendtime":"13:10","lastlocationid":0,"currentlocationid":20990,"nextlocationid":0,"currentstop":null,"nextstop":null,"laststop":null,"stopCoveredStatus":0,"heading":265,"lastrefreshon":"16-02-2024 13:19:48","lastreceiveddatetimeflag":0,"tripposition":3}]},{"routeid":3128,"stationid":24194,"stationname":"Basaveshwara College","from":"Kaval Byrasandra","to":"BCC Layout","routeno":"176-E","distance_on_station":12.457,"centerlat":12.99439,"centerlong":77.5528,"responsecode":200,"isnotify":0,"vehicleDetails":[{"vehicleid":11680,"vehiclenumber":"KA42F1695","servicetypeid":72,"servicetype":"Non AC/Ordinary","centerlat":12.996754,"centerlong":77.56955,"eta":"2024-02-16 13:30:00","sch_arrivaltime":"13:43","sch_departuretime":"13:43","actual_arrivaltime":"","actual_departuretime":"","sch_tripstarttime":"13:10","sch_tripendtime":"13:10","lastlocationid":0,"currentlocationid":20990,"nextlocationid":0,"currentstop":null,"nextstop":null,"laststop":null,"stopCoveredStatus":0,"heading":265,"lastrefreshon":"16-02-2024 13:19:48","lastreceiveddatetimeflag":0,"tripposition":3}]},{"routeid":3128,"stationid":20777,"stationname":"ESI Hospital Rajajinagara","from":"Kaval Byrasandra","to":"BCC Layout","routeno":"176-E","distance_on_station":12.851,"centerlat":12.99069,"centerlong":77.55258,"responsecode":200,"isnotify":0,"vehicleDetails":[{"vehicleid":11680,"vehiclenumber":"KA42F1695","servicetypeid":72,"servicetype":"Non AC/Ordinary","centerlat":12.996754,"centerlong":77.56955,"eta":"2024-02-16 13:31:00","sch_arrivaltime":"13:44","sch_departuretime":"13:44","actual_arrivaltime":"","actual_departuretime":"","sch_tripstarttime":"13:10","sch_tripendtime":"13:10","lastlocationid":0,"currentlocationid":20990,"nextlocationid":0,"currentstop":null,"nextstop":null,"laststop":null,"stopCoveredStatus":0,"heading":265,"lastrefreshon":"16-02-2024 13:19:48","lastreceiveddatetimeflag":0,"tripposition":3}]},{"routeid":3128,"stationid":20631,"stationname":"Bashyam Circle Rajajinagara","from":"Kaval Byrasandra","to":"BCC Layout","routeno":"176-E","distance_on_station":13.754,"centerlat":12.98391,"centerlong":77.55412,"responsecode":200,"isnotify":0,"vehicleDetails":[{"vehicleid":11680,"vehiclenumber":"KA42F1695","servicetypeid":72,"servicetype":"Non AC/Ordinary","centerlat":12.996754,"centerlong":77.56955,"eta":"2024-02-16 13:35:00","sch_arrivaltime":"13:47","sch_departuretime":"13:47","actual_arrivaltime":"","actual_departuretime":"","sch_tripstarttime":"13:10","sch_tripendtime":"13:10","lastlocationid":0,"currentlocationid":20990,"nextlocationid":0,"currentstop":null,"nextstop":null,"laststop":null,"stopCoveredStatus":0,"heading":265,"lastrefreshon":"16-02-2024 13:19:48","lastreceiveddatetimeflag":0,"tripposition":3}]},{"routeid":3128,"stationid":20587,"stationname":"6th Block Rajajinagara","from":"Kaval Byrasandra","to":"BCC Layout","routeno":"176-E","distance_on_station":14.225,"centerlat":12.97953,"centerlong":77.55377,"responsecode":200,"isnotify":0,"vehicleDetails":[{"vehicleid":11680,"vehiclenumber":"KA42F1695","servicetypeid":72,"servicetype":"Non AC/Ordinary","centerlat":12.996754,"centerlong":77.56955,"eta":"2024-02-16 13:36:00","sch_arrivaltime":"13:49","sch_departuretime":"13:49","actual_arrivaltime":"","actual_departuretime":"","sch_tripstarttime":"13:10","sch_tripendtime":"13:10","lastlocationid":0,"currentlocationid":20990,"nextlocationid":0,"currentstop":null,"nextstop":null,"laststop":null,"stopCoveredStatus":0,"heading":265,"lastrefreshon":"16-02-2024 13:19:48","lastreceiveddatetimeflag":0,"tripposition":3}]},{"routeid":3128,"stationid":21101,"stationname":"Prasanna Theatre","from":"Kaval Byrasandra","to":"BCC Layout","routeno":"176-E","distance_on_station":14.839,"centerlat":12.97401,"centerlong":77.55122,"responsecode":200,"isnotify":0,"vehicleDetails":[{"vehicleid":11680,"vehiclenumber":"KA42F1695","servicetypeid":72,"servicetype":"Non AC/Ordinary","centerlat":12.996754,"centerlong":77.56955,"eta":"2024-02-16 13:37:00","sch_arrivaltime":"13:51","sch_departuretime":"13:51","actual_arrivaltime":"","actual_departuretime":"","sch_tripstarttime":"13:10","sch_tripendtime":"13:10","lastlocationid":0,"currentlocationid":20990,"nextlocationid":0,"currentstop":null,"nextstop":null,"laststop":null,"stopCoveredStatus":0,"heading":265,"lastrefreshon":"16-02-2024 13:19:48","lastreceiveddatetimeflag":0,"tripposition":3}]},{"routeid":3128,"stationid":20975,"stationname":"Magadi Road TollGate","from":"Kaval Byrasandra","to":"BCC Layout","routeno":"176-E","distance_on_station":15.166,"centerlat":12.97437,"centerlong":77.54902,"responsecode":200,"isnotify":0,"vehicleDetails":[{"vehicleid":11680,"vehiclenumber":"KA42F1695","servicetypeid":72,"servicetype":"Non AC/Ordinary","centerlat":12.996754,"centerlong":77.56955,"eta":"2024-02-16 13:38:00","sch_arrivaltime":"13:52","sch_departuretime":"13:52","actual_arrivaltime":"","actual_departuretime":"","sch_tripstarttime":"13:10","sch_tripendtime":"13:10","lastlocationid":0,"currentlocationid":20990,"nextlocationid":0,"currentstop":null,"nextstop":null,"laststop":null,"stopCoveredStatus":0,"heading":265,"lastrefreshon":"16-02-2024 13:19:48","lastreceiveddatetimeflag":0,"tripposition":3}]},{"routeid":3128,"stationid":20996,"stationname":"Manuvana","from":"Kaval Byrasandra","to":"BCC Layout","routeno":"176-E","distance_on_station":15.454,"centerlat":12.97401,"centerlong":77.54656,"responsecode":200,"isnotify":0,"vehicleDetails":[{"vehicleid":11680,"vehiclenumber":"KA42F1695","servicetypeid":72,"servicetype":"Non AC/Ordinary","centerlat":12.996754,"centerlong":77.56955,"eta":"2024-02-16 13:39:00","sch_arrivaltime":"13:53","sch_departuretime":"13:53","actual_arrivaltime":"","actual_departuretime":"","sch_tripstarttime":"13:10","sch_tripendtime":"13:10","lastlocationid":0,"currentlocationid":20990,"nextlocationid":0,"currentstop":null,"nextstop":null,"laststop":null,"stopCoveredStatus":0,"heading":265,"lastrefreshon":"16-02-2024 13:19:48","lastreceiveddatetimeflag":0,"tripposition":3}]},{"routeid":3128,"stationid":21269,"stationname":"Vijayanagara Vijaya Bank","from":"Kaval Byrasandra","to":"BCC Layout","routeno":"176-E","distance_on_station":15.992,"centerlat":12.97359,"centerlong":77.54155,"responsecode":200,"isnotify":0,"vehicleDetails":[{"vehicleid":11680,"vehiclenumber":"KA42F1695","servicetypeid":72,"servicetype":"Non AC/Ordinary","centerlat":12.996754,"centerlong":77.56955,"eta":"2024-02-16 13:40:00","sch_arrivaltime":"13:54","sch_departuretime":"13:54","actual_arrivaltime":"","actual_departuretime":"","sch_tripstarttime":"13:10","sch_tripendtime":"13:10","lastlocationid":0,"currentlocationid":20990,"nextlocationid":0,"currentstop":null,"nextstop":null,"laststop":null,"stopCoveredStatus":0,"heading":265,"lastrefreshon":"16-02-2024 13:19:48","lastreceiveddatetimeflag":0,"tripposition":3}]},{"routeid":3128,"stationid":21623,"stationname":"Vijayanagara","from":"Kaval Byrasandra","to":"BCC Layout","routeno":"176-E","distance_on_station":16.434,"centerlat":12.97197,"centerlong":77.53786,"responsecode":200,"isnotify":0,"vehicleDetails":[{"vehicleid":11680,"vehiclenumber":"KA42F1695","servicetypeid":72,"servicetype":"Non AC/Ordinary","centerlat":12.996754,"centerlong":77.56955,"eta":"2024-02-16 13:42:00","sch_arrivaltime":"13:55","sch_departuretime":"13:55","actual_arrivaltime":"","actual_departuretime":"","sch_tripstarttime":"13:10","sch_tripendtime":"13:10","lastlocationid":0,"currentlocationid":20990,"nextlocationid":0,"currentstop":null,"nextstop":null,"laststop":null,"stopCoveredStatus":0,"heading":265,"lastrefreshon":"16-02-2024 13:19:48","lastreceiveddatetimeflag":0,"tripposition":3}]},{"routeid":3128,"stationid":21010,"stationname":"Maruthi Mandira","from":"Kaval Byrasandra","to":"BCC Layout","routeno":"176-E","distance_on_station":16.895,"centerlat":12.96785,"centerlong":77.53637,"responsecode":200,"isnotify":0,"vehicleDetails":[{"vehicleid":11680,"vehiclenumber":"KA42F1695","servicetypeid":72,"servicetype":"Non AC/Ordinary","centerlat":12.996754,"centerlong":77.56955,"eta":"2024-02-16 13:44:00","sch_arrivaltime":"13:56","sch_departuretime":"13:56","actual_arrivaltime":"","actual_departuretime":"","sch_tripstarttime":"13:10","sch_tripendtime":"13:10","lastlocationid":0,"currentlocationid":20990,"nextlocationid":0,"currentstop":null,"nextstop":null,"laststop":null,"stopCoveredStatus":0,"heading":265,"lastrefreshon":"16-02-2024 13:19:48","lastreceiveddatetimeflag":0,"tripposition":3}]},{"routeid":3128,"stationid":21267,"stationname":"Vijayanagara Garage","from":"Kaval Byrasandra","to":"BCC Layout","routeno":"176-E","distance_on_station":17.116,"centerlat":12.966,"centerlong":77.53555,"responsecode":200,"isnotify":0,"vehicleDetails":[{"vehicleid":11680,"vehiclenumber":"KA42F1695","servicetypeid":72,"servicetype":"Non AC/Ordinary","centerlat":12.996754,"centerlong":77.56955,"eta":"2024-02-16 13:45:00","sch_arrivaltime":"13:57","sch_departuretime":"13:57","actual_arrivaltime":"","actual_departuretime":"","sch_tripstarttime":"13:10","sch_tripendtime":"13:10","lastlocationid":0,"currentlocationid":20990,"nextlocationid":0,"currentstop":null,"nextstop":null,"laststop":null,"stopCoveredStatus":0,"heading":265,"lastrefreshon":"16-02-2024 13:19:48","lastreceiveddatetimeflag":0,"tripposition":3}]},{"routeid":3128,"stationid":35427,"stationname":"Attiguppe","from":"Kaval Byrasandra","to":"BCC Layout","routeno":"176-E","distance_on_station":18.028,"centerlat":12.95809,"centerlong":77.53395,"responsecode":200,"isnotify":0,"vehicleDetails":[{"vehicleid":11680,"vehiclenumber":"KA42F1695","servicetypeid":72,"servicetype":"Non AC/Ordinary","centerlat":12.996754,"centerlong":77.56955,"eta":"2024-02-16 13:47:00","sch_arrivaltime":"13:58","sch_departuretime":"13:58","actual_arrivaltime":"","actual_departuretime":"","sch_tripstarttime":"13:10","sch_tripendtime":"13:10","lastlocationid":0,"currentlocationid":20990,"nextlocationid":0,"currentstop":null,"nextstop":null,"laststop":null,"stopCoveredStatus":0,"heading":265,"lastrefreshon":"16-02-2024 13:19:48","lastreceiveddatetimeflag":0,"tripposition":3}]},{"routeid":3128,"stationid":31927,"stationname":"BCC Layout","from":"Kaval Byrasandra","to":"BCC Layout","routeno":"176-E","distance_on_station":19.2,"centerlat":12.95128,"centerlong":77.52978,"responsecode":200,"isnotify":0,"vehicleDetails":[{"vehicleid":11680,"vehiclenumber":"KA42F1695","servicetypeid":72,"servicetype":"Non AC/Ordinary","centerlat":12.996754,"centerlong":77.56955,"eta":"2024-02-16 13:51:00","sch_arrivaltime":"14:01","sch_departuretime":"14:01","actual_arrivaltime":"","actual_departuretime":"","sch_tripstarttime":"13:10","sch_tripendtime":"13:10","lastlocationid":0,"currentlocationid":20990,"nextlocationid":0,"currentstop":null,"nextstop":null,"laststop":null,"stopCoveredStatus":0,"heading":265,"lastrefreshon":"16-02-2024 13:19:48","lastreceiveddatetimeflag":0,"tripposition":1}]}],"mapData":[{"vehicleid":11680,"vehiclenumber":"KA42F1695","servicetypeid":72,"servicetype":"Non AC/Ordinary","centerlat":12.996754,"centerlong":77.56955,"eta":"2024-02-16 13:51:00","sch_arrivaltime":"14:01","sch_departuretime":"14:01","actual_arrivaltime":"","actual_departuretime":"","sch_tripstarttime":"13:10","sch_tripendtime":"13:10","lastlocationid":0,"currentlocationid":20990,"nextlocationid":0,"currentstop":null,"nextstop":null,"laststop":null,"stopCoveredStatus":0,"heading":265,"lastrefreshon":"16-02-2024 13:19:48","lastreceiveddatetimeflag":0,"tripposition":1}]},"message":"Success","issuccess":true,"exception":null,"rowCount":0,"responsecode":200}