{"up":{"data":[{"routeid":8372,"stationid":20623,"stationname":"Banashankari Bus Station","from":"Banashankari Bus Station","to":"Binnamangala","routeno":"201-G BSK-BNM","distance_on_station":0,"centerlat":12.91779,"centerlong":77.57272,"responsecode":200,"isnotify":0,"vehicleDetails":[]},{"routeid":8372,"stationid":21149,"stationname":"Sangam Circle","from":"Banashankari Bus Station","to":"Binnamangala","routeno":"201-G BSK-BNM","distance_on_station":0,"centerlat":12.91763,"centerlong":77.57733,"responsecode":200,"isnotify":0,"vehicleDetails":[]},{"routeid":8372,"stationid":20583,"stationname":"Jayanagara 5th Block","from":"Banashankari Bus Station","to":"Binnamangala","routeno":"201-G BSK-BNM","distance_on_station":0,"centerlat":12.91719,"centerlong":77.58297,"responsecode":200,"isnotify":0,"vehicleDetails":[]},{"routeid":8372,"stationid":21006,"stationname":"Marenahalli (Marenahalli Metro Station)","from":"Banashankari Bus Station","to":"Binnamangala","routeno":"201-G BSK-BNM","distance_on_station":0,"centerlat":12.91715,"centerlong":77.58947,"responsecode":200,"isnotify":0,"vehicleDetails":[]},{"routeid":8372,"stationid":21107,"stationname":"Ragigudda Temple","from":"Banashankari Bus Station","to":"Binnamangala","routeno":"201-G BSK-BNM","distance_on_station":0,"centerlat":12.91696,"centerlong":77.59311,"responsecode":200,"isnotify":0,"vehicleDetails":[]},{"routeid":8372,"stationid":20769,"stationname":"East End Jayanagara","from":"Banashankari Bus Station","to":"Binnamangala","routeno":"201-G BSK-BNM","distance_on_station":0,"centerlat":12.91687,"centerlong":77.59736,"responsecode":200,"isnotify":0,"vehicleDetails":[]},{"routeid":8372,"stationid":21022,"stationname":"MICO Layout BTM","from":"Banashankari Bus Station","to":"Binnamangala","routeno":"201-G BSK-BNM","distance_on_station":0,"centerlat":12.91676,"centerlong":77.60406,"responsecode":200,"isnotify":0,"vehicleDetails":[]},{"routeid":8372,"stationid":20689,"stationname":"BTM Layout Water Tank","from":"Banashankari Bus Station","to":"Binnamangala","routeno":"201-G BSK-BNM","distance_on_station":0,"centerlat":12.91669,"centerlong":77.60714,"responsecode":200,"isnotify":0,"vehicleDetails":[]},{"routeid":8372,"stationid":20572,"stationname":"BTM Layout 16th Main","from":"Banashankari Bus Station","to":"Binnamangala","routeno":"201-G BSK-BNM","distance_on_station":0,"centerlat":12.91665,"centerlong":77.60912,"responsecode":200,"isnotify":0,"vehicleDetails":[]},{"routeid":8372,"stationid":20687,"stationname":"Kuvempunagara ( BTM Layout)","from":"Banashankari Bus Station","to":"Binnamangala","routeno":"201-G BSK-BNM","distance_on_station":0,"centerlat":12.91638,"centerlong":77.6159,"responsecode":200,"isnotify":0,"vehicleDetails":[]},{"routeid":8372,"stationid":21479,"stationname":"Central Silk Board","from":"Banashankari Bus Station","to":"Binnamangala","routeno":"201-G BSK-BNM","distance_on_station":0,"centerlat":12.91721,"centerlong":77.62225,"responsecode":200,"isnotify":0,"vehicleDetails":[]},{"routeid":8372,"stationid":20974,"stationname":"Madivala","from":"Banashankari Bus Station","to":"Binnamangala","routeno":"201-G BSK-BNM","distance_on_station":0,"centerlat":12.92023,"centerlong":77.62066,"responsecode":200,"isnotify":0,"vehicleDetails":[]},{"routeid":8372,"stationid":22235,"stationname":"Madivala Masidi","from":"Banashankari Bus Station","to":"Binnamangala","routeno":"201-G BSK-BNM","distance_on_station":0,"centerlat":12.92479,"centerlong":77.61852,"responsecode":200,"isnotify":0,"vehicleDetails":[]},{"routeid":8372,"stationid":35359,"stationname":"Kendriya Sadana Koramangala","from":"Banashankari Bus Station","to":"Binnamangala","routeno":"201-G BSK-BNM","distance_on_station":0,"centerlat":12.92596,"centerlong":77.62026,"responsecode":200,"isnotify":0,"vehicleDetails":[]},{"routeid":8372,"stationid":22617,"stationname":"Koramangala Water Tank","from":"Banashankari Bus Station","to":"Binnamangala","routeno":"201-G BSK-BNM","distance_on_station":0,"centerlat":12.92834,"centerlong":77.62122,"responsecode":200,"isnotify":0,"vehicleDetails":[]},{"routeid":8372,"stationid":21731,"stationname":"BDA Complex Koramangala","from":"Banashankari Bus Station","to":"Binnamangala","routeno":"201-G BSK-BNM","distance_on_station":0,"centerlat":12.93076,"centerlong":77.62212,"responsecode":200,"isnotify":0,"vehicleDetails":[]},{"routeid":8372,"stationid":21800,"stationname":"Canara Bank Koramangala","from":"Banashankari Bus Station","to":"Binnamangala","routeno":"201-G BSK-BNM","distance_on_station":0,"centerlat":12.93487,"centerlong":77.62399,"responsecode":200,"isnotify":0,"vehicleDetails":[]},{"routeid":8372,"stationid":22503,"stationname":"Sony World 100ft Road  Koramangala","from":"Banashankari Bus Station","to":"Binnamangala","routeno":"201-G BSK-BNM","distance_on_station":0,"centerlat":12.93793,"centerlong":77.62766,"responsecode":200,"isnotify":0,"vehicleDetails":[]},{"routeid":8372,"stationid":22510,"stationname":"Shrinivagilu Ejipura","from":"Banashankari Bus Station","to":"Binnamangala","routeno":"201-G BSK-BNM","distance_on_station":0,"centerlat":12.93859,"centerlong":77.63265,"responsecode":200,"isnotify":0,"vehicleDetails":[]},{"routeid":8372,"stationid":22290,"stationname":"Military Bridge","from":"Banashankari Bus Station","to":"Binnamangala","routeno":"201-G BSK-BNM","distance_on_station":0,"centerlat":12.9459,"centerlong":77.63992,"responsecode":200,"isnotify":0,"vehicleDetails":[]},{"routeid":8372,"stationid":24821,"stationname":"Dell","from":"Banashankari Bus Station","to":"Binnamangala","routeno":"201-G BSK-BNM","distance_on_station":0,"centerlat":12.95275,"centerlong":77.64044,"responsecode":200,"isnotify":0,"vehicleDetails":[]},{"routeid":8372,"stationid":21916,"stationname":"Domlur Flyover","from":"Banashankari Bus Station","to":"Binnamangala","routeno":"201-G BSK-BNM","distance_on_station":0,"centerlat":12.9577,"centerlong":77.64133,"responsecode":200,"isnotify":0,"vehicleDetails":[]},{"routeid":8372,"stationid":35940,"stationname":"Dhoopanahalli","from":"Banashankari Bus Station","to":"Binnamangala","routeno":"201-G BSK-BNM","distance_on_station":0,"centerlat":12.96354,"centerlong":77.64156,"responsecode":200,"isnotify":0,"vehicleDetails":[]},{"routeid":8372,"stationid":22073,"stationname":"Indiranagara 100ft Road","from":"Banashankari Bus Station","to":"Binnamangala","routeno":"201-G BSK-BNM","distance_on_station":0,"centerlat":12.96658,"centerlong":77.64141,"responsecode":200,"isnotify":0,"vehicleDetails":[]},{"routeid":8372,"stationid":22361,"stationname":"New Horizon School","from":"Banashankari Bus Station","to":"Binnamangala","routeno":"201-G BSK-BNM","distance_on_station":0,"centerlat":12.9689,"centerlong":77.64129,"responsecode":200,"isnotify":0,"vehicleDetails":[]},{"routeid":8372,"stationid":26131,"stationname":"Indiranagara 12th Main","from":"Banashankari Bus Station","to":"Binnamangala","routeno":"201-G BSK-BNM","distance_on_station":0,"centerlat":12.97026,"centerlong":77.64122,"responsecode":200,"isnotify":0,"vehicleDetails":[]},{"routeid":8372,"stationid":22000,"stationname":"Indiranagara 6th Main","from":"Banashankari Bus Station","to":"Binnamangala","routeno":"201-G BSK-BNM","distance_on_station":0,"centerlat":12.974,"centerlong":77.64103,"responsecode":200,"isnotify":0,"vehicleDetails":[]},{"routeid":8372,"stationid":22389,"stationname":"Indiranagara Police Station/KFC","from":"Banashankari Bus Station","to":"Binnamangala","routeno":"201-G BSK-BNM","distance_on_station":0,"centerlat":12.97857,"centerlong":77.6408,"responsecode":200,"isnotify":0,"vehicleDetails":[]},{"routeid":8372,"stationid":35957,"stationname":"Binnamangala","from":"Banashankari Bus Station","to":"Binnamangala","routeno":"201-G BSK-BNM","distance_on_station":0,"centerlat":12.98368,"centerlong":77.64049,"responsecode":200,"isnotify":0,"vehicleDetails":[]}],"mapData":[]},"down":{"data":[{"routeid":8373,"stationid":21772,"stationname":"Binnamangala","from":"Binnamangala","to":"Banashankari Bus Station","routeno":"201-G BSK-BNM","distance_on_station":0,"centerlat":12.9835,"centerlong":77.64067,"responsecode":200,"isnotify":0,"vehicleDetails":[]},{"routeid":8373,"stationid":22387,"stationname":"Indiranagara Police Station/KFC","from":"Binnamangala","to":"Banashankari Bus Station","routeno":"201-G BSK-BNM","distance_on_station":0,"centerlat":12.9781,"centerlong":77.64094,"responsecode":200,"isnotify":0,"vehicleDetails":[]},{"routeid":8373,"stationid":21999,"stationname":"Indiranagara 6th Main","from":"Binnamangala","to":"Banashankari Bus Station","routeno":"201-G BSK-BNM","distance_on_station":0,"centerlat":12.974,"centerlong":77.64118,"responsecode":200,"isnotify":0,"vehicleDetails":[]},{"routeid":8373,"stationid":33036,"stationname":"Indiranagara 12th Main","from":"Binnamangala","to":"Banashankari Bus Station","routeno":"201-G BSK-BNM","distance_on_station":0,"centerlat":12.97035,"centerlong":77.64134,"responsecode":200,"isnotify":0,"vehicleDetails":[]},{"routeid":8373,"stationid":22360,"stationname":"New Horizon School","from":"Binnamangala","to":"Banashankari Bus Station","routeno":"201-G BSK-BNM","distance_on_station":0,"centerlat":12.96897,"centerlong":77.64142,"responsecode":200,"isnotify":0,"vehicleDetails":[]},{"routeid":8373,"stationid":22072,"stationname":"Indiranagara 100ft Road","from":"Binnamangala","to":"Banashankari Bus Station","routeno":"201-G BSK-BNM","distance_on_station":0,"centerlat":12.96711,"centerlong":77.64154,"responsecode":200,"isnotify":0,"vehicleDetails":[]},{"routeid":8373,"stationid":21896,"stationname":"Dhoopanahalli","from":"Binnamangala","to":"Banashankari Bus Station","routeno":"201-G BSK-BNM","distance_on_station":0,"centerlat":12.96342,"centerlong":77.64169,"responsecode":200,"isnotify":0,"vehicleDetails":[]},{"routeid":8373,"stationid":21918,"stationname":"Domlur Flyover","from":"Binnamangala","to":"Banashankari Bus Station","routeno":"201-G BSK-BNM","distance_on_station":0,"centerlat":12.95799,"centerlong":77.64146,"responsecode":200,"isnotify":0,"vehicleDetails":[]},{"routeid":8373,"stationid":21881,"stationname":"Dell Domluru","from":"Binnamangala","to":"Banashankari Bus Station","routeno":"201-G BSK-BNM","distance_on_station":0,"centerlat":12.95291,"centerlong":77.64065,"responsecode":200,"isnotify":0,"vehicleDetails":[]},{"routeid":8373,"stationid":22289,"stationname":"Military Bridge","from":"Binnamangala","to":"Banashankari Bus Station","routeno":"201-G BSK-BNM","distance_on_station":0,"centerlat":12.94599,"centerlong":77.64015,"responsecode":200,"isnotify":0,"vehicleDetails":[]},{"routeid":8373,"stationid":22509,"stationname":"Shrinivagilu Ejipura","from":"Binnamangala","to":"Banashankari Bus Station","routeno":"201-G BSK-BNM","distance_on_station":0,"centerlat":12.93842,"centerlong":77.63291,"responsecode":200,"isnotify":0,"vehicleDetails":[]},{"routeid":8373,"stationid":22502,"stationname":"Sony World 100ft Road  Koramangala","from":"Binnamangala","to":"Banashankari Bus Station","routeno":"201-G BSK-BNM","distance_on_station":0,"centerlat":12.93685,"centerlong":77.62659,"responsecode":200,"isnotify":0,"vehicleDetails":[]},{"routeid":8373,"stationid":21799,"stationname":"Canara Bank Koramangala","from":"Binnamangala","to":"Banashankari Bus Station","routeno":"201-G BSK-BNM","distance_on_station":0,"centerlat":12.93411,"centerlong":77.62375,"responsecode":200,"isnotify":0,"vehicleDetails":[]},{"routeid":8373,"stationid":21730,"stationname":"BDA Complex Koramangala","from":"Binnamangala","to":"Banashankari Bus Station","routeno":"201-G BSK-BNM","distance_on_station":0,"centerlat":12.93074,"centerlong":77.62237,"responsecode":200,"isnotify":0,"vehicleDetails":[]},{"routeid":8373,"stationid":22616,"stationname":"Koramangala Water Tank","from":"Binnamangala","to":"Banashankari Bus Station","routeno":"201-G BSK-BNM","distance_on_station":0,"centerlat":12.92789,"centerlong":77.62123,"responsecode":200,"isnotify":0,"vehicleDetails":[]},{"routeid":8373,"stationid":20952,"stationname":"Kudure Mukha Colony","from":"Binnamangala","to":"Banashankari Bus Station","routeno":"201-G BSK-BNM","distance_on_station":0,"centerlat":12.92572,"centerlong":77.6254,"responsecode":200,"isnotify":0,"vehicleDetails":[]},{"routeid":8373,"stationid":20947,"stationname":"Krupanidhi College","from":"Binnamangala","to":"Banashankari Bus Station","routeno":"201-G BSK-BNM","distance_on_station":0,"centerlat":12.92388,"centerlong":77.62852,"responsecode":200,"isnotify":0,"vehicleDetails":[]},{"routeid":8373,"stationid":20973,"stationname":"Madivala","from":"Binnamangala","to":"Banashankari Bus Station","routeno":"201-G BSK-BNM","distance_on_station":0,"centerlat":12.92166,"centerlong":77.62146,"responsecode":200,"isnotify":0,"vehicleDetails":[]},{"routeid":8373,"stationid":20704,"stationname":"Central Silk Board","from":"Binnamangala","to":"Banashankari Bus Station","routeno":"201-G BSK-BNM","distance_on_station":0,"centerlat":12.91689,"centerlong":77.62177,"responsecode":200,"isnotify":0,"vehicleDetails":[]},{"routeid":8373,"stationid":20686,"stationname":"Kuvempunagara Bus Station(BTM Layout)","from":"Binnamangala","to":"Banashankari Bus Station","routeno":"201-G BSK-BNM","distance_on_station":0,"centerlat":12.91597,"centerlong":77.61623,"responsecode":200,"isnotify":0,"vehicleDetails":[]},{"routeid":8373,"stationid":20571,"stationname":"BTM Layout 16th Main","from":"Binnamangala","to":"Banashankari Bus Station","routeno":"201-G BSK-BNM","distance_on_station":0,"centerlat":12.9165,"centerlong":77.60932,"responsecode":200,"isnotify":0,"vehicleDetails":[]},{"routeid":8373,"stationid":20688,"stationname":"BTM Layout Water Tank","from":"Binnamangala","to":"Banashankari Bus Station","routeno":"201-G BSK-BNM","distance_on_station":0,"centerlat":12.91654,"centerlong":77.60711,"responsecode":200,"isnotify":0,"vehicleDetails":[]},{"routeid":8373,"stationid":21021,"stationname":"MICO Layout BTM","from":"Binnamangala","to":"Banashankari Bus Station","routeno":"201-G BSK-BNM","distance_on_station":0,"centerlat":12.91657,"centerlong":77.60427,"responsecode":200,"isnotify":0,"vehicleDetails":[]},{"routeid":8373,"stationid":20768,"stationname":"East End Jayanagara","from":"Binnamangala","to":"Banashankari Bus Station","routeno":"201-G BSK-BNM","distance_on_station":0,"centerlat":12.91671,"centerlong":77.59629,"responsecode":200,"isnotify":0,"vehicleDetails":[]},{"routeid":8373,"stationid":21106,"stationname":"Ragigudda Temple","from":"Binnamangala","to":"Banashankari Bus Station","routeno":"201-G BSK-BNM","distance_on_station":0,"centerlat":12.91678,"centerlong":77.59349,"responsecode":200,"isnotify":0,"vehicleDetails":[]},{"routeid":8373,"stationid":21005,"stationname":"Marenahalli (Marenahalli Metro Station)","from":"Binnamangala","to":"Banashankari Bus Station","routeno":"201-G BSK-BNM","distance_on_station":0,"centerlat":12.91688,"centerlong":77.58858,"responsecode":200,"isnotify":0,"vehicleDetails":[]},{"routeid":8373,"stationid":20582,"stationname":"Jayanagara 5th Block","from":"Binnamangala","to":"Banashankari Bus Station","routeno":"201-G BSK-BNM","distance_on_station":0,"centerlat":12.91701,"centerlong":77.58413,"responsecode":200,"isnotify":0,"vehicleDetails":[]},{"routeid":8373,"stationid":21148,"stationname":"Sangam Circle","from":"Binnamangala","to":"Banashankari Bus Station","routeno":"201-G BSK-BNM","distance_on_station":0,"centerlat":12.91704,"centerlong":77.57875,"responsecode":200,"isnotify":0,"vehicleDetails":[]},{"routeid":8373,"stationid":20624,"stationname":"Banashankari Bus Station","from":"Binnamangala","to":"Banashankari Bus Station","routeno":"201-G BSK-BNM","distance_on_station":0,"centerlat":12.91736,"centerlong":77.5727,"responsecode":200,"isnotify":0,"vehicleDetails":[]}],"mapData":[]},"message":"Success","issuccess":true,"exception":null,"rowCount":0,"responsecode":200}