{"up":{"data":[{"routeid":4475,"stationid":20921,"stationname":"Kempegowda Bus Station","from":"Kempegowda Bus Station","to":"Kengeri Bus Station","routeno":"210-EA","distance_on_station":0,"centerlat":12.97751,"centerlong":77.57141,"responsecode":200,"isnotify":0,"vehicleDetails":[{"vehicleid":21632,"vehiclenumber":"KA53F0038","servicetypeid":72,"servicetype":"Non AC/Ordinary","centerlat":12.906009,"centerlong":77.543213,"eta":"","sch_arrivaltime":"10:20","sch_departuretime":"10:20","actual_arrivaltime":"09:46","actual_departuretime":"09:47","sch_tripstarttime":"10:20","sch_tripendtime":"10:20","lastlocationid":0,"currentlocationid":22571,"nextlocationid":0,"currentstop":null,"nextstop":null,"laststop":null,"stopCoveredStatus":1,"heading":243,"lastrefreshon":"10-02-2024 10:46:38","lastreceiveddatetimeflag":0,"tripposition":1}]},{"routeid":4475,"stationid":20981,"stationname":"Maharani College","from":"Kempegowda Bus Station","to":"Kengeri Bus Station","routeno":"210-EA","distance_on_station":1.917,"centerlat":12.97703,"centerlong":77.5858,"responsecode":200,"isnotify":0,"vehicleDetails":[{"vehicleid":21632,"vehiclenumber":"KA53F0038","servicetypeid":72,"servicetype":"Non AC/Ordinary","centerlat":12.906009,"centerlong":77.543213,"eta":"","sch_arrivaltime":"10:27","sch_departuretime":"10:27","actual_arrivaltime":"09:49","actual_departuretime":"09:50","sch_tripstarttime":"10:20","sch_tripendtime":"10:20","lastlocationid":0,"currentlocationid":22571,"nextlocationid":0,"currentstop":null,"nextstop":null,"laststop":null,"stopCoveredStatus":1,"heading":243,"lastrefreshon":"10-02-2024 10:46:38","lastreceiveddatetimeflag":0,"tripposition":1}]},{"routeid":4475,"stationid":20939,"stationname":"KR Circle","from":"Kempegowda Bus Station","to":"Kengeri Bus Station","routeno":"210-EA","distance_on_station":2.308,"centerlat":12.97386,"centerlong":77.58661,"responsecode":200,"isnotify":0,"vehicleDetails":[{"vehicleid":21632,"vehiclenumber":"KA53F0038","servicetypeid":72,"servicetype":"Non AC/Ordinary","centerlat":12.906009,"centerlong":77.543213,"eta":"","sch_arrivaltime":"10:28","sch_departuretime":"10:28","actual_arrivaltime":"09:52","actual_departuretime":"09:53","sch_tripstarttime":"10:20","sch_tripendtime":"10:20","lastlocationid":0,"currentlocationid":22571,"nextlocationid":0,"currentstop":null,"nextstop":null,"laststop":null,"stopCoveredStatus":1,"heading":243,"lastrefreshon":"10-02-2024 10:46:38","lastreceiveddatetimeflag":0,"tripposition":1}]},{"routeid":4475,"stationid":21195,"stationname":"St Marthas Hospital","from":"Kempegowda Bus Station","to":"Kengeri Bus Station","routeno":"210-EA","distance_on_station":2.823,"centerlat":12.96945,"centerlong":77.58716,"responsecode":200,"isnotify":0,"vehicleDetails":[{"vehicleid":21632,"vehiclenumber":"KA53F0038","servicetypeid":72,"servicetype":"Non AC/Ordinary","centerlat":12.906009,"centerlong":77.543213,"eta":"","sch_arrivaltime":"10:29","sch_departuretime":"10:29","actual_arrivaltime":"09:55","actual_departuretime":"09:55","sch_tripstarttime":"10:20","sch_tripendtime":"10:20","lastlocationid":0,"currentlocationid":22571,"nextlocationid":0,"currentstop":null,"nextstop":null,"laststop":null,"stopCoveredStatus":1,"heading":243,"lastrefreshon":"10-02-2024 10:46:38","lastreceiveddatetimeflag":0,"tripposition":1}]},{"routeid":4475,"stationid":20727,"stationname":"Corporation","from":"Kempegowda Bus Station","to":"Kengeri Bus Station","routeno":"210-EA","distance_on_station":3.176,"centerlat":12.96701,"centerlong":77.58822,"responsecode":200,"isnotify":0,"vehicleDetails":[{"vehicleid":21632,"vehiclenumber":"KA53F0038","servicetypeid":72,"servicetype":"Non AC/Ordinary","centerlat":12.906009,"centerlong":77.543213,"eta":"","sch_arrivaltime":"10:31","sch_departuretime":"10:31","actual_arrivaltime":"09:56","actual_departuretime":"09:56","sch_tripstarttime":"10:20","sch_tripendtime":"10:20","lastlocationid":0,"currentlocationid":22571,"nextlocationid":0,"currentstop":null,"nextstop":null,"laststop":null,"stopCoveredStatus":1,"heading":243,"lastrefreshon":"10-02-2024 10:46:38","lastreceiveddatetimeflag":0,"tripposition":1}]},{"routeid":4475,"stationid":21232,"stationname":"Town Hall","from":"Kempegowda Bus Station","to":"Kengeri Bus Station","routeno":"210-EA","distance_on_station":3.768,"centerlat":12.96355,"centerlong":77.58375,"responsecode":200,"isnotify":0,"vehicleDetails":[{"vehicleid":21632,"vehiclenumber":"KA53F0038","servicetypeid":72,"servicetype":"Non AC/Ordinary","centerlat":12.906009,"centerlong":77.543213,"eta":"","sch_arrivaltime":"10:34","sch_departuretime":"10:34","actual_arrivaltime":"09:58","actual_departuretime":"09:58","sch_tripstarttime":"10:20","sch_tripendtime":"10:20","lastlocationid":0,"currentlocationid":22571,"nextlocationid":0,"currentstop":null,"nextstop":null,"laststop":null,"stopCoveredStatus":1,"heading":243,"lastrefreshon":"10-02-2024 10:46:38","lastreceiveddatetimeflag":0,"tripposition":1}]},{"routeid":4475,"stationid":20941,"stationname":"KR Market","from":"Kempegowda Bus Station","to":"Kengeri Bus Station","routeno":"210-EA","distance_on_station":4.474,"centerlat":12.96368,"centerlong":77.57742,"responsecode":200,"isnotify":0,"vehicleDetails":[{"vehicleid":21632,"vehiclenumber":"KA53F0038","servicetypeid":72,"servicetype":"Non AC/Ordinary","centerlat":12.906009,"centerlong":77.543213,"eta":"","sch_arrivaltime":"10:36","sch_departuretime":"10:36","actual_arrivaltime":"10:03","actual_departuretime":"10:05","sch_tripstarttime":"10:20","sch_tripendtime":"10:20","lastlocationid":0,"currentlocationid":22571,"nextlocationid":0,"currentstop":null,"nextstop":null,"laststop":null,"stopCoveredStatus":1,"heading":243,"lastrefreshon":"10-02-2024 10:46:38","lastreceiveddatetimeflag":0,"tripposition":1}]},{"routeid":4475,"stationid":21718,"stationname":"Basappa Circle","from":"Kempegowda Bus Station","to":"Kengeri Bus Station","routeno":"210-EA","distance_on_station":5.284,"centerlat":12.95624,"centerlong":77.57721,"responsecode":200,"isnotify":0,"vehicleDetails":[{"vehicleid":21632,"vehiclenumber":"KA53F0038","servicetypeid":72,"servicetype":"Non AC/Ordinary","centerlat":12.906009,"centerlong":77.543213,"eta":"","sch_arrivaltime":"10:41","sch_departuretime":"10:41","actual_arrivaltime":"10:08","actual_departuretime":"10:09","sch_tripstarttime":"10:20","sch_tripendtime":"10:20","lastlocationid":0,"currentlocationid":22571,"nextlocationid":0,"currentstop":null,"nextstop":null,"laststop":null,"stopCoveredStatus":1,"heading":243,"lastrefreshon":"10-02-2024 10:46:38","lastreceiveddatetimeflag":0,"tripposition":1}]},{"routeid":4475,"stationid":22242,"stationname":"Makkala Koota","from":"Kempegowda Bus Station","to":"Kengeri Bus Station","routeno":"210-EA","distance_on_station":5.723,"centerlat":12.95661,"centerlong":77.57376,"responsecode":200,"isnotify":0,"vehicleDetails":[{"vehicleid":21632,"vehiclenumber":"KA53F0038","servicetypeid":72,"servicetype":"Non AC/Ordinary","centerlat":12.906009,"centerlong":77.543213,"eta":"","sch_arrivaltime":"10:42","sch_departuretime":"10:42","actual_arrivaltime":"10:10","actual_departuretime":"10:10","sch_tripstarttime":"10:20","sch_tripendtime":"10:20","lastlocationid":0,"currentlocationid":22571,"nextlocationid":0,"currentstop":null,"nextstop":null,"laststop":null,"stopCoveredStatus":1,"heading":243,"lastrefreshon":"10-02-2024 10:46:38","lastreceiveddatetimeflag":0,"tripposition":1}]},{"routeid":4475,"stationid":22239,"stationname":"Mahila Seva Samaja","from":"Kempegowda Bus Station","to":"Kengeri Bus Station","routeno":"210-EA","distance_on_station":6.038,"centerlat":12.95362,"centerlong":77.57379,"responsecode":200,"isnotify":0,"vehicleDetails":[{"vehicleid":21632,"vehiclenumber":"KA53F0038","servicetypeid":72,"servicetype":"Non AC/Ordinary","centerlat":12.906009,"centerlong":77.543213,"eta":"","sch_arrivaltime":"10:43","sch_departuretime":"10:43","actual_arrivaltime":"10:11","actual_departuretime":"10:11","sch_tripstarttime":"10:20","sch_tripendtime":"10:20","lastlocationid":0,"currentlocationid":22571,"nextlocationid":0,"currentstop":null,"nextstop":null,"laststop":null,"stopCoveredStatus":1,"heading":243,"lastrefreshon":"10-02-2024 10:46:38","lastreceiveddatetimeflag":0,"tripposition":1}]},{"routeid":4475,"stationid":22346,"stationname":"National College","from":"Kempegowda Bus Station","to":"Kengeri Bus Station","routeno":"210-EA","distance_on_station":6.486,"centerlat":12.94942,"centerlong":77.57379,"responsecode":200,"isnotify":0,"vehicleDetails":[{"vehicleid":21632,"vehiclenumber":"KA53F0038","servicetypeid":72,"servicetype":"Non AC/Ordinary","centerlat":12.906009,"centerlong":77.543213,"eta":"","sch_arrivaltime":"10:44","sch_departuretime":"10:44","actual_arrivaltime":"10:12","actual_departuretime":"10:12","sch_tripstarttime":"10:20","sch_tripendtime":"10:20","lastlocationid":0,"currentlocationid":22571,"nextlocationid":0,"currentstop":null,"nextstop":null,"laststop":null,"stopCoveredStatus":1,"heading":243,"lastrefreshon":"10-02-2024 10:46:38","lastreceiveddatetimeflag":0,"tripposition":1}]},{"routeid":4475,"stationid":21721,"stationname":"Basavanagudi Police Station","from":"Kempegowda Bus Station","to":"Kengeri Bus Station","routeno":"210-EA","distance_on_station":7.307,"centerlat":12.94172,"centerlong":77.57384,"responsecode":200,"isnotify":0,"vehicleDetails":[{"vehicleid":21632,"vehiclenumber":"KA53F0038","servicetypeid":72,"servicetype":"Non AC/Ordinary","centerlat":12.906009,"centerlong":77.543213,"eta":"","sch_arrivaltime":"10:46","sch_departuretime":"10:46","actual_arrivaltime":"10:14","actual_departuretime":"10:15","sch_tripstarttime":"10:20","sch_tripendtime":"10:20","lastlocationid":0,"currentlocationid":22571,"nextlocationid":0,"currentstop":null,"nextstop":null,"laststop":null,"stopCoveredStatus":1,"heading":243,"lastrefreshon":"10-02-2024 10:46:38","lastreceiveddatetimeflag":0,"tripposition":1}]},{"routeid":4475,"stationid":22529,"stationname":"Tata Silk Farm","from":"Kempegowda Bus Station","to":"Kengeri Bus Station","routeno":"210-EA","distance_on_station":7.936,"centerlat":12.93591,"centerlong":77.57384,"responsecode":200,"isnotify":0,"vehicleDetails":[{"vehicleid":21632,"vehiclenumber":"KA53F0038","servicetypeid":72,"servicetype":"Non AC/Ordinary","centerlat":12.906009,"centerlong":77.543213,"eta":"","sch_arrivaltime":"10:48","sch_departuretime":"10:48","actual_arrivaltime":"10:19","actual_departuretime":"10:19","sch_tripstarttime":"10:20","sch_tripendtime":"10:20","lastlocationid":0,"currentlocationid":22571,"nextlocationid":0,"currentstop":null,"nextstop":null,"laststop":null,"stopCoveredStatus":1,"heading":243,"lastrefreshon":"10-02-2024 10:46:38","lastreceiveddatetimeflag":0,"tripposition":1}]},{"routeid":4475,"stationid":22292,"stationname":"MM Industries","from":"Kempegowda Bus Station","to":"Kengeri Bus Station","routeno":"210-EA","distance_on_station":8.604,"centerlat":12.9295,"centerlong":77.57365,"responsecode":200,"isnotify":0,"vehicleDetails":[{"vehicleid":21632,"vehiclenumber":"KA53F0038","servicetypeid":72,"servicetype":"Non AC/Ordinary","centerlat":12.906009,"centerlong":77.543213,"eta":"","sch_arrivaltime":"10:49","sch_departuretime":"10:49","actual_arrivaltime":"10:20","actual_departuretime":"10:21","sch_tripstarttime":"10:20","sch_tripendtime":"10:20","lastlocationid":0,"currentlocationid":22571,"nextlocationid":0,"currentstop":null,"nextstop":null,"laststop":null,"stopCoveredStatus":1,"heading":243,"lastrefreshon":"10-02-2024 10:46:38","lastreceiveddatetimeflag":0,"tripposition":1}]},{"routeid":4475,"stationid":22477,"stationname":"Shastri Bakery","from":"Kempegowda Bus Station","to":"Kengeri Bus Station","routeno":"210-EA","distance_on_station":9.243,"centerlat":12.92369,"centerlong":77.57363,"responsecode":200,"isnotify":0,"vehicleDetails":[{"vehicleid":21632,"vehiclenumber":"KA53F0038","servicetypeid":72,"servicetype":"Non AC/Ordinary","centerlat":12.906009,"centerlong":77.543213,"eta":"","sch_arrivaltime":"10:50","sch_departuretime":"10:50","actual_arrivaltime":"10:22","actual_departuretime":"10:22","sch_tripstarttime":"10:20","sch_tripendtime":"10:20","lastlocationid":0,"currentlocationid":22571,"nextlocationid":0,"currentstop":null,"nextstop":null,"laststop":null,"stopCoveredStatus":1,"heading":243,"lastrefreshon":"10-02-2024 10:46:38","lastreceiveddatetimeflag":0,"tripposition":1}]},{"routeid":4475,"stationid":22061,"stationname":"Hunasemara","from":"Kempegowda Bus Station","to":"Kengeri Bus Station","routeno":"210-EA","distance_on_station":9.729,"centerlat":12.91966,"centerlong":77.57423,"responsecode":200,"isnotify":0,"vehicleDetails":[{"vehicleid":21632,"vehiclenumber":"KA53F0038","servicetypeid":72,"servicetype":"Non AC/Ordinary","centerlat":12.906009,"centerlong":77.543213,"eta":"","sch_arrivaltime":"10:52","sch_departuretime":"10:52","actual_arrivaltime":"10:24","actual_departuretime":"10:25","sch_tripstarttime":"10:20","sch_tripendtime":"10:20","lastlocationid":0,"currentlocationid":22571,"nextlocationid":0,"currentstop":null,"nextstop":null,"laststop":null,"stopCoveredStatus":1,"heading":243,"lastrefreshon":"10-02-2024 10:46:38","lastreceiveddatetimeflag":0,"tripposition":1}]},{"routeid":4475,"stationid":20623,"stationname":"Banashankari Bus Station","from":"Kempegowda Bus Station","to":"Kengeri Bus Station","routeno":"210-EA","distance_on_station":10.216,"centerlat":12.91779,"centerlong":77.57272,"responsecode":200,"isnotify":0,"vehicleDetails":[{"vehicleid":21632,"vehiclenumber":"KA53F0038","servicetypeid":72,"servicetype":"Non AC/Ordinary","centerlat":12.906009,"centerlong":77.543213,"eta":"","sch_arrivaltime":"10:56","sch_departuretime":"10:56","actual_arrivaltime":"","actual_departuretime":"","sch_tripstarttime":"10:20","sch_tripendtime":"10:20","lastlocationid":0,"currentlocationid":22571,"nextlocationid":0,"currentstop":null,"nextstop":null,"laststop":null,"stopCoveredStatus":1,"heading":243,"lastrefreshon":"10-02-2024 10:46:38","lastreceiveddatetimeflag":0,"tripposition":3}]},{"routeid":4475,"stationid":20622,"stationname":"Banashankari","from":"Kempegowda Bus Station","to":"Kengeri Bus Station","routeno":"210-EA","distance_on_station":10.435,"centerlat":12.91679,"centerlong":77.57325,"responsecode":200,"isnotify":0,"vehicleDetails":[{"vehicleid":21632,"vehiclenumber":"KA53F0038","servicetypeid":72,"servicetype":"Non AC/Ordinary","centerlat":12.906009,"centerlong":77.543213,"eta":"","sch_arrivaltime":"10:59","sch_departuretime":"10:59","actual_arrivaltime":"10:28","actual_departuretime":"10:28","sch_tripstarttime":"10:20","sch_tripendtime":"10:20","lastlocationid":0,"currentlocationid":22571,"nextlocationid":0,"currentstop":null,"nextstop":null,"laststop":null,"stopCoveredStatus":1,"heading":243,"lastrefreshon":"10-02-2024 10:46:38","lastreceiveddatetimeflag":0,"tripposition":1}]},{"routeid":4475,"stationid":20897,"stationname":"Kadirenahalli Cross","from":"Kempegowda Bus Station","to":"Kengeri Bus Station","routeno":"210-EA","distance_on_station":11.189,"centerlat":12.91364,"centerlong":77.56727,"responsecode":200,"isnotify":0,"vehicleDetails":[{"vehicleid":21632,"vehiclenumber":"KA53F0038","servicetypeid":72,"servicetype":"Non AC/Ordinary","centerlat":12.906009,"centerlong":77.543213,"eta":"","sch_arrivaltime":"11:01","sch_departuretime":"11:01","actual_arrivaltime":"10:30","actual_departuretime":"10:31","sch_tripstarttime":"10:20","sch_tripendtime":"10:20","lastlocationid":0,"currentlocationid":22571,"nextlocationid":0,"currentstop":null,"nextstop":null,"laststop":null,"stopCoveredStatus":1,"heading":243,"lastrefreshon":"10-02-2024 10:46:38","lastreceiveddatetimeflag":0,"tripposition":1}]},{"routeid":4475,"stationid":22134,"stationname":"Kadirenahalli Village","from":"Kempegowda Bus Station","to":"Kengeri Bus Station","routeno":"210-EA","distance_on_station":12.009,"centerlat":12.9157,"centerlong":77.56146,"responsecode":200,"isnotify":0,"vehicleDetails":[{"vehicleid":21632,"vehiclenumber":"KA53F0038","servicetypeid":72,"servicetype":"Non AC/Ordinary","centerlat":12.906009,"centerlong":77.543213,"eta":"","sch_arrivaltime":"11:05","sch_departuretime":"11:05","actual_arrivaltime":"10:35","actual_departuretime":"10:35","sch_tripstarttime":"10:20","sch_tripendtime":"10:20","lastlocationid":0,"currentlocationid":22571,"nextlocationid":0,"currentstop":null,"nextstop":null,"laststop":null,"stopCoveredStatus":1,"heading":243,"lastrefreshon":"10-02-2024 10:46:38","lastreceiveddatetimeflag":0,"tripposition":1}]},{"routeid":4475,"stationid":22404,"stationname":"Prarthana School","from":"Kempegowda Bus Station","to":"Kengeri Bus Station","routeno":"210-EA","distance_on_station":12.62,"centerlat":12.91155,"centerlong":77.5583,"responsecode":200,"isnotify":0,"vehicleDetails":[{"vehicleid":21632,"vehiclenumber":"KA53F0038","servicetypeid":72,"servicetype":"Non AC/Ordinary","centerlat":12.906009,"centerlong":77.543213,"eta":"","sch_arrivaltime":"11:07","sch_departuretime":"11:07","actual_arrivaltime":"10:38","actual_departuretime":"10:38","sch_tripstarttime":"10:20","sch_tripendtime":"10:20","lastlocationid":0,"currentlocationid":22571,"nextlocationid":0,"currentstop":null,"nextstop":null,"laststop":null,"stopCoveredStatus":1,"heading":243,"lastrefreshon":"10-02-2024 10:46:38","lastreceiveddatetimeflag":0,"tripposition":1}]},{"routeid":4475,"stationid":21979,"stationname":"Gowdanapalya","from":"Kempegowda Bus Station","to":"Kengeri Bus Station","routeno":"210-EA","distance_on_station":12.849,"centerlat":12.91157,"centerlong":77.55608,"responsecode":200,"isnotify":0,"vehicleDetails":[{"vehicleid":21632,"vehiclenumber":"KA53F0038","servicetypeid":72,"servicetype":"Non AC/Ordinary","centerlat":12.906009,"centerlong":77.543213,"eta":"","sch_arrivaltime":"11:08","sch_departuretime":"11:08","actual_arrivaltime":"10:39","actual_departuretime":"10:39","sch_tripstarttime":"10:20","sch_tripendtime":"10:20","lastlocationid":0,"currentlocationid":22571,"nextlocationid":0,"currentstop":null,"nextstop":null,"laststop":null,"stopCoveredStatus":1,"heading":243,"lastrefreshon":"10-02-2024 10:46:38","lastreceiveddatetimeflag":0,"tripposition":1}]},{"routeid":4475,"stationid":21841,"stationname":"Chikkallasandra Aralimara","from":"Kempegowda Bus Station","to":"Kengeri Bus Station","routeno":"210-EA","distance_on_station":13.259,"centerlat":12.91165,"centerlong":77.55235,"responsecode":200,"isnotify":0,"vehicleDetails":[{"vehicleid":21632,"vehiclenumber":"KA53F0038","servicetypeid":72,"servicetype":"Non AC/Ordinary","centerlat":12.906009,"centerlong":77.543213,"eta":"","sch_arrivaltime":"11:09","sch_departuretime":"11:09","actual_arrivaltime":"10:41","actual_departuretime":"10:41","sch_tripstarttime":"10:20","sch_tripendtime":"10:20","lastlocationid":0,"currentlocationid":22571,"nextlocationid":0,"currentstop":null,"nextstop":null,"laststop":null,"stopCoveredStatus":1,"heading":243,"lastrefreshon":"10-02-2024 10:46:38","lastreceiveddatetimeflag":0,"tripposition":1}]},{"routeid":4475,"stationid":21843,"stationname":"Chikkallasandra Bank Colony","from":"Kempegowda Bus Station","to":"Kengeri Bus Station","routeno":"210-EA","distance_on_station":13.678,"centerlat":12.90914,"centerlong":77.54927,"responsecode":200,"isnotify":0,"vehicleDetails":[{"vehicleid":21632,"vehiclenumber":"KA53F0038","servicetypeid":72,"servicetype":"Non AC/Ordinary","centerlat":12.906009,"centerlong":77.543213,"eta":"","sch_arrivaltime":"11:10","sch_departuretime":"11:10","actual_arrivaltime":"10:42","actual_departuretime":"10:43","sch_tripstarttime":"10:20","sch_tripendtime":"10:20","lastlocationid":0,"currentlocationid":22571,"nextlocationid":0,"currentstop":null,"nextstop":null,"laststop":null,"stopCoveredStatus":1,"heading":243,"lastrefreshon":"10-02-2024 10:46:38","lastreceiveddatetimeflag":0,"tripposition":1}]},{"routeid":4475,"stationid":22198,"stationname":"KR Hospital Uttarahalli","from":"Kempegowda Bus Station","to":"Kengeri Bus Station","routeno":"210-EA","distance_on_station":14.07,"centerlat":12.90698,"centerlong":77.54615,"responsecode":200,"isnotify":0,"vehicleDetails":[{"vehicleid":21632,"vehiclenumber":"KA53F0038","servicetypeid":72,"servicetype":"Non AC/Ordinary","centerlat":12.906009,"centerlong":77.543213,"eta":"","sch_arrivaltime":"11:11","sch_departuretime":"11:11","actual_arrivaltime":"10:44","actual_departuretime":"10:45","sch_tripstarttime":"10:20","sch_tripendtime":"10:20","lastlocationid":0,"currentlocationid":22571,"nextlocationid":0,"currentstop":null,"nextstop":null,"laststop":null,"stopCoveredStatus":1,"heading":243,"lastrefreshon":"10-02-2024 10:46:38","lastreceiveddatetimeflag":0,"tripposition":1}]},{"routeid":4475,"stationid":22571,"stationname":"Uttarahalli","from":"Kempegowda Bus Station","to":"Kengeri Bus Station","routeno":"210-EA","distance_on_station":14.451,"centerlat":12.90573,"centerlong":77.54271,"responsecode":200,"isnotify":0,"vehicleDetails":[{"vehicleid":21632,"vehiclenumber":"KA53F0038","servicetypeid":72,"servicetype":"Non AC/Ordinary","centerlat":12.906009,"centerlong":77.543213,"eta":"2024-02-10 10:47:00","sch_arrivaltime":"11:12","sch_departuretime":"11:12","actual_arrivaltime":"","actual_departuretime":"","sch_tripstarttime":"10:20","sch_tripendtime":"10:20","lastlocationid":0,"currentlocationid":22571,"nextlocationid":0,"currentstop":null,"nextstop":null,"laststop":null,"stopCoveredStatus":0,"heading":243,"lastrefreshon":"10-02-2024 10:46:38","lastreceiveddatetimeflag":0,"tripposition":3}]},{"routeid":4475,"stationid":21659,"stationname":"Arehalli","from":"Kempegowda Bus Station","to":"Kengeri Bus Station","routeno":"210-EA","distance_on_station":15.081,"centerlat":12.90849,"centerlong":77.53855,"responsecode":200,"isnotify":0,"vehicleDetails":[{"vehicleid":21632,"vehiclenumber":"KA53F0038","servicetypeid":72,"servicetype":"Non AC/Ordinary","centerlat":12.906009,"centerlong":77.543213,"eta":"2024-02-10 10:49:00","sch_arrivaltime":"11:14","sch_departuretime":"11:14","actual_arrivaltime":"","actual_departuretime":"","sch_tripstarttime":"10:20","sch_tripendtime":"10:20","lastlocationid":0,"currentlocationid":22571,"nextlocationid":0,"currentstop":null,"nextstop":null,"laststop":null,"stopCoveredStatus":0,"heading":243,"lastrefreshon":"10-02-2024 10:46:38","lastreceiveddatetimeflag":0,"tripposition":3}]},{"routeid":4475,"stationid":34271,"stationname":"Poornaprajna Layout","from":"Kempegowda Bus Station","to":"Kengeri Bus Station","routeno":"210-EA","distance_on_station":15.3,"centerlat":12.90877,"centerlong":77.53592,"responsecode":200,"isnotify":0,"vehicleDetails":[{"vehicleid":21632,"vehiclenumber":"KA53F0038","servicetypeid":72,"servicetype":"Non AC/Ordinary","centerlat":12.906009,"centerlong":77.543213,"eta":"2024-02-10 10:50:00","sch_arrivaltime":"11:15","sch_departuretime":"11:15","actual_arrivaltime":"","actual_departuretime":"","sch_tripstarttime":"10:20","sch_tripendtime":"10:20","lastlocationid":0,"currentlocationid":22571,"nextlocationid":0,"currentstop":null,"nextstop":null,"laststop":null,"stopCoveredStatus":0,"heading":243,"lastrefreshon":"10-02-2024 10:46:38","lastreceiveddatetimeflag":0,"tripposition":1}]}],"mapData":[{"vehicleid":21632,"vehiclenumber":"KA53F0038","servicetypeid":72,"servicetype":"Non AC/Ordinary","centerlat":12.906009,"centerlong":77.543213,"eta":"2024-02-10 10:50:00","sch_arrivaltime":"11:15","sch_departuretime":"11:15","actual_arrivaltime":"","actual_departuretime":"","sch_tripstarttime":"10:20","sch_tripendtime":"10:20","lastlocationid":0,"currentlocationid":22571,"nextlocationid":0,"currentstop":null,"nextstop":null,"laststop":null,"stopCoveredStatus":0,"heading":243,"lastrefreshon":"10-02-2024 10:46:38","lastreceiveddatetimeflag":0,"tripposition":1}]},"down":{"data":[],"mapData":[]},"message":"Success","issuccess":true,"exception":null,"rowCount":0,"responsecode":200}