{"up":{"data":[{"routeid":4531,"stationid":27263,"stationname":"Vidhana Soudha","from":"Kempegowda Bus Station","to":"Poornaprajna Layout","routeno":"210-NP KBS-VSD-PPLO","distance_on_station":0,"centerlat":12.98104,"centerlong":77.58853,"responsecode":200,"isnotify":0,"vehicleDetails":[{"vehicleid":21729,"vehiclenumber":"KA57F3355","servicetypeid":72,"servicetype":"Non AC/Ordinary","centerlat":12.956891,"centerlong":77.574989,"eta":"","sch_arrivaltime":"17:52","sch_departuretime":"17:52","actual_arrivaltime":"","actual_departuretime":"","sch_tripstarttime":"17:45","sch_tripendtime":"17:45","lastlocationid":0,"currentlocationid":22243,"nextlocationid":0,"currentstop":null,"nextstop":null,"laststop":null,"stopCoveredStatus":1,"heading":285,"lastrefreshon":"07-02-2024 18:11:18","lastreceiveddatetimeflag":0,"tripposition":1}]},{"routeid":4531,"stationid":20981,"stationname":"Maharani College","from":"Kempegowda Bus Station","to":"Poornaprajna Layout","routeno":"210-NP KBS-VSD-PPLO","distance_on_station":0.884,"centerlat":12.97703,"centerlong":77.5858,"responsecode":200,"isnotify":0,"vehicleDetails":[{"vehicleid":21729,"vehiclenumber":"KA57F3355","servicetypeid":72,"servicetype":"Non AC/Ordinary","centerlat":12.956891,"centerlong":77.574989,"eta":"","sch_arrivaltime":"17:54","sch_departuretime":"17:54","actual_arrivaltime":"","actual_departuretime":"","sch_tripstarttime":"17:45","sch_tripendtime":"17:45","lastlocationid":0,"currentlocationid":22243,"nextlocationid":0,"currentstop":null,"nextstop":null,"laststop":null,"stopCoveredStatus":1,"heading":285,"lastrefreshon":"07-02-2024 18:11:18","lastreceiveddatetimeflag":0,"tripposition":3}]},{"routeid":4531,"stationid":20939,"stationname":"KR Circle","from":"Kempegowda Bus Station","to":"Poornaprajna Layout","routeno":"210-NP KBS-VSD-PPLO","distance_on_station":1.301,"centerlat":12.97386,"centerlong":77.58661,"responsecode":200,"isnotify":0,"vehicleDetails":[{"vehicleid":21729,"vehiclenumber":"KA57F3355","servicetypeid":72,"servicetype":"Non AC/Ordinary","centerlat":12.956891,"centerlong":77.574989,"eta":"","sch_arrivaltime":"17:55","sch_departuretime":"17:55","actual_arrivaltime":"17:53","actual_departuretime":"17:53","sch_tripstarttime":"17:45","sch_tripendtime":"17:45","lastlocationid":0,"currentlocationid":22243,"nextlocationid":0,"currentstop":null,"nextstop":null,"laststop":null,"stopCoveredStatus":1,"heading":285,"lastrefreshon":"07-02-2024 18:11:18","lastreceiveddatetimeflag":0,"tripposition":1}]},{"routeid":4531,"stationid":21195,"stationname":"St Marthas Hospital","from":"Kempegowda Bus Station","to":"Poornaprajna Layout","routeno":"210-NP KBS-VSD-PPLO","distance_on_station":1.85,"centerlat":12.96945,"centerlong":77.58716,"responsecode":200,"isnotify":0,"vehicleDetails":[{"vehicleid":21729,"vehiclenumber":"KA57F3355","servicetypeid":72,"servicetype":"Non AC/Ordinary","centerlat":12.956891,"centerlong":77.574989,"eta":"","sch_arrivaltime":"17:56","sch_departuretime":"17:56","actual_arrivaltime":"17:54","actual_departuretime":"17:56","sch_tripstarttime":"17:45","sch_tripendtime":"17:45","lastlocationid":0,"currentlocationid":22243,"nextlocationid":0,"currentstop":null,"nextstop":null,"laststop":null,"stopCoveredStatus":1,"heading":285,"lastrefreshon":"07-02-2024 18:11:18","lastreceiveddatetimeflag":0,"tripposition":1}]},{"routeid":4531,"stationid":20727,"stationname":"Corporation","from":"Kempegowda Bus Station","to":"Poornaprajna Layout","routeno":"210-NP KBS-VSD-PPLO","distance_on_station":2.226,"centerlat":12.96701,"centerlong":77.58822,"responsecode":200,"isnotify":0,"vehicleDetails":[{"vehicleid":21729,"vehiclenumber":"KA57F3355","servicetypeid":72,"servicetype":"Non AC/Ordinary","centerlat":12.956891,"centerlong":77.574989,"eta":"","sch_arrivaltime":"17:57","sch_departuretime":"17:57","actual_arrivaltime":"17:57","actual_departuretime":"17:58","sch_tripstarttime":"17:45","sch_tripendtime":"17:45","lastlocationid":0,"currentlocationid":22243,"nextlocationid":0,"currentstop":null,"nextstop":null,"laststop":null,"stopCoveredStatus":1,"heading":285,"lastrefreshon":"07-02-2024 18:11:18","lastreceiveddatetimeflag":0,"tripposition":1}]},{"routeid":4531,"stationid":21232,"stationname":"Town Hall","from":"Kempegowda Bus Station","to":"Poornaprajna Layout","routeno":"210-NP KBS-VSD-PPLO","distance_on_station":2.857,"centerlat":12.96355,"centerlong":77.58375,"responsecode":200,"isnotify":0,"vehicleDetails":[{"vehicleid":21729,"vehiclenumber":"KA57F3355","servicetypeid":72,"servicetype":"Non AC/Ordinary","centerlat":12.956891,"centerlong":77.574989,"eta":"","sch_arrivaltime":"17:59","sch_departuretime":"17:59","actual_arrivaltime":"18:01","actual_departuretime":"18:02","sch_tripstarttime":"17:45","sch_tripendtime":"17:45","lastlocationid":0,"currentlocationid":22243,"nextlocationid":0,"currentstop":null,"nextstop":null,"laststop":null,"stopCoveredStatus":1,"heading":285,"lastrefreshon":"07-02-2024 18:11:18","lastreceiveddatetimeflag":0,"tripposition":1}]},{"routeid":4531,"stationid":20941,"stationname":"KR Market","from":"Kempegowda Bus Station","to":"Poornaprajna Layout","routeno":"210-NP KBS-VSD-PPLO","distance_on_station":3.609,"centerlat":12.96368,"centerlong":77.57742,"responsecode":200,"isnotify":0,"vehicleDetails":[{"vehicleid":21729,"vehiclenumber":"KA57F3355","servicetypeid":72,"servicetype":"Non AC/Ordinary","centerlat":12.956891,"centerlong":77.574989,"eta":"","sch_arrivaltime":"18:00","sch_departuretime":"18:00","actual_arrivaltime":"18:03","actual_departuretime":"18:05","sch_tripstarttime":"17:45","sch_tripendtime":"17:45","lastlocationid":0,"currentlocationid":22243,"nextlocationid":0,"currentstop":null,"nextstop":null,"laststop":null,"stopCoveredStatus":1,"heading":285,"lastrefreshon":"07-02-2024 18:11:18","lastreceiveddatetimeflag":0,"tripposition":1}]},{"routeid":4531,"stationid":21718,"stationname":"Basappa Circle","from":"Kempegowda Bus Station","to":"Poornaprajna Layout","routeno":"210-NP KBS-VSD-PPLO","distance_on_station":4.473,"centerlat":12.95624,"centerlong":77.57721,"responsecode":200,"isnotify":0,"vehicleDetails":[{"vehicleid":21729,"vehiclenumber":"KA57F3355","servicetypeid":72,"servicetype":"Non AC/Ordinary","centerlat":12.956891,"centerlong":77.574989,"eta":"2024-02-07 18:11:00","sch_arrivaltime":"18:05","sch_departuretime":"18:05","actual_arrivaltime":"18:10","actual_departuretime":"18:10","sch_tripstarttime":"17:45","sch_tripendtime":"17:45","lastlocationid":0,"currentlocationid":22243,"nextlocationid":0,"currentstop":null,"nextstop":null,"laststop":null,"stopCoveredStatus":1,"heading":285,"lastrefreshon":"07-02-2024 18:11:18","lastreceiveddatetimeflag":0,"tripposition":1}]},{"routeid":4531,"stationid":22243,"stationname":"Makkala Koota","from":"Kempegowda Bus Station","to":"Poornaprajna Layout","routeno":"210-NP KBS-VSD-PPLO","distance_on_station":4.951,"centerlat":12.9572,"centerlong":77.57311,"responsecode":200,"isnotify":0,"vehicleDetails":[{"vehicleid":21729,"vehiclenumber":"KA57F3355","servicetypeid":72,"servicetype":"Non AC/Ordinary","centerlat":12.956891,"centerlong":77.574989,"eta":"2024-02-07 18:12:00","sch_arrivaltime":"18:06","sch_departuretime":"18:06","actual_arrivaltime":"","actual_departuretime":"","sch_tripstarttime":"17:45","sch_tripendtime":"17:45","lastlocationid":0,"currentlocationid":22243,"nextlocationid":0,"currentstop":null,"nextstop":null,"laststop":null,"stopCoveredStatus":0,"heading":285,"lastrefreshon":"07-02-2024 18:11:18","lastreceiveddatetimeflag":0,"tripposition":3}]},{"routeid":4531,"stationid":21812,"stationname":"Chamarajapet","from":"Kempegowda Bus Station","to":"Poornaprajna Layout","routeno":"210-NP KBS-VSD-PPLO","distance_on_station":5.683,"centerlat":12.95627,"centerlong":77.56744,"responsecode":200,"isnotify":0,"vehicleDetails":[{"vehicleid":21729,"vehiclenumber":"KA57F3355","servicetypeid":72,"servicetype":"Non AC/Ordinary","centerlat":12.956891,"centerlong":77.574989,"eta":"2024-02-07 18:15:00","sch_arrivaltime":"18:09","sch_departuretime":"18:09","actual_arrivaltime":"","actual_departuretime":"","sch_tripstarttime":"17:45","sch_tripendtime":"17:45","lastlocationid":0,"currentlocationid":22243,"nextlocationid":0,"currentstop":null,"nextstop":null,"laststop":null,"stopCoveredStatus":0,"heading":285,"lastrefreshon":"07-02-2024 18:11:18","lastreceiveddatetimeflag":0,"tripposition":3}]},{"routeid":4531,"stationid":21746,"stationname":"Bengaluru High School","from":"Kempegowda Bus Station","to":"Poornaprajna Layout","routeno":"210-NP KBS-VSD-PPLO","distance_on_station":6.029,"centerlat":12.95325,"centerlong":77.56762,"responsecode":200,"isnotify":0,"vehicleDetails":[{"vehicleid":21729,"vehiclenumber":"KA57F3355","servicetypeid":72,"servicetype":"Non AC/Ordinary","centerlat":12.956891,"centerlong":77.574989,"eta":"2024-02-07 18:16:00","sch_arrivaltime":"18:10","sch_departuretime":"18:10","actual_arrivaltime":"","actual_departuretime":"","sch_tripstarttime":"17:45","sch_tripendtime":"17:45","lastlocationid":0,"currentlocationid":22243,"nextlocationid":0,"currentstop":null,"nextstop":null,"laststop":null,"stopCoveredStatus":0,"heading":285,"lastrefreshon":"07-02-2024 18:11:18","lastreceiveddatetimeflag":0,"tripposition":3}]},{"routeid":4531,"stationid":23728,"stationname":"Ramakrishna Ashrama","from":"Kempegowda Bus Station","to":"Poornaprajna Layout","routeno":"210-NP KBS-VSD-PPLO","distance_on_station":6.455,"centerlat":12.94945,"centerlong":77.56774,"responsecode":200,"isnotify":0,"vehicleDetails":[{"vehicleid":21729,"vehiclenumber":"KA57F3355","servicetypeid":72,"servicetype":"Non AC/Ordinary","centerlat":12.956891,"centerlong":77.574989,"eta":"2024-02-07 18:18:00","sch_arrivaltime":"18:11","sch_departuretime":"18:11","actual_arrivaltime":"","actual_departuretime":"","sch_tripstarttime":"17:45","sch_tripendtime":"17:45","lastlocationid":0,"currentlocationid":22243,"nextlocationid":0,"currentstop":null,"nextstop":null,"laststop":null,"stopCoveredStatus":0,"heading":285,"lastrefreshon":"07-02-2024 18:11:18","lastreceiveddatetimeflag":0,"tripposition":3}]},{"routeid":4531,"stationid":22678,"stationname":"North Road","from":"Kempegowda Bus Station","to":"Poornaprajna Layout","routeno":"210-NP KBS-VSD-PPLO","distance_on_station":6.832,"centerlat":12.94828,"centerlong":77.56974,"responsecode":200,"isnotify":0,"vehicleDetails":[{"vehicleid":21729,"vehiclenumber":"KA57F3355","servicetypeid":72,"servicetype":"Non AC/Ordinary","centerlat":12.956891,"centerlong":77.574989,"eta":"2024-02-07 18:19:00","sch_arrivaltime":"18:12","sch_departuretime":"18:12","actual_arrivaltime":"","actual_departuretime":"","sch_tripstarttime":"17:45","sch_tripendtime":"17:45","lastlocationid":0,"currentlocationid":22243,"nextlocationid":0,"currentstop":null,"nextstop":null,"laststop":null,"stopCoveredStatus":0,"heading":285,"lastrefreshon":"07-02-2024 18:11:18","lastreceiveddatetimeflag":0,"tripposition":3}]},{"routeid":4531,"stationid":21721,"stationname":"Basavanagudi Police Station","from":"Kempegowda Bus Station","to":"Poornaprajna Layout","routeno":"210-NP KBS-VSD-PPLO","distance_on_station":8.021,"centerlat":12.94172,"centerlong":77.57384,"responsecode":200,"isnotify":0,"vehicleDetails":[{"vehicleid":21729,"vehiclenumber":"KA57F3355","servicetypeid":72,"servicetype":"Non AC/Ordinary","centerlat":12.956891,"centerlong":77.574989,"eta":"2024-02-07 18:23:00","sch_arrivaltime":"18:15","sch_departuretime":"18:15","actual_arrivaltime":"","actual_departuretime":"","sch_tripstarttime":"17:45","sch_tripendtime":"17:45","lastlocationid":0,"currentlocationid":22243,"nextlocationid":0,"currentstop":null,"nextstop":null,"laststop":null,"stopCoveredStatus":0,"heading":285,"lastrefreshon":"07-02-2024 18:11:18","lastreceiveddatetimeflag":0,"tripposition":3}]},{"routeid":4531,"stationid":23729,"stationname":"Nettakallappa Circle","from":"Kempegowda Bus Station","to":"Poornaprajna Layout","routeno":"210-NP KBS-VSD-PPLO","distance_on_station":8.458,"centerlat":12.93924,"centerlong":77.57182,"responsecode":200,"isnotify":0,"vehicleDetails":[{"vehicleid":21729,"vehiclenumber":"KA57F3355","servicetypeid":72,"servicetype":"Non AC/Ordinary","centerlat":12.956891,"centerlong":77.574989,"eta":"2024-02-07 18:25:00","sch_arrivaltime":"18:16","sch_departuretime":"18:16","actual_arrivaltime":"","actual_departuretime":"","sch_tripstarttime":"17:45","sch_tripendtime":"17:45","lastlocationid":0,"currentlocationid":22243,"nextlocationid":0,"currentstop":null,"nextstop":null,"laststop":null,"stopCoveredStatus":0,"heading":285,"lastrefreshon":"07-02-2024 18:11:18","lastreceiveddatetimeflag":0,"tripposition":3}]},{"routeid":4531,"stationid":23730,"stationname":"NR Colony","from":"Kempegowda Bus Station","to":"Poornaprajna Layout","routeno":"210-NP KBS-VSD-PPLO","distance_on_station":8.804,"centerlat":12.93788,"centerlong":77.56908,"responsecode":200,"isnotify":0,"vehicleDetails":[{"vehicleid":21729,"vehiclenumber":"KA57F3355","servicetypeid":72,"servicetype":"Non AC/Ordinary","centerlat":12.956891,"centerlong":77.574989,"eta":"2024-02-07 18:26:00","sch_arrivaltime":"18:17","sch_departuretime":"18:17","actual_arrivaltime":"","actual_departuretime":"","sch_tripstarttime":"17:45","sch_tripendtime":"17:45","lastlocationid":0,"currentlocationid":22243,"nextlocationid":0,"currentstop":null,"nextstop":null,"laststop":null,"stopCoveredStatus":0,"heading":285,"lastrefreshon":"07-02-2024 18:11:18","lastreceiveddatetimeflag":0,"tripposition":3}]},{"routeid":4531,"stationid":23731,"stationname":"Thyagaraja Nagara KEB Quarters","from":"Kempegowda Bus Station","to":"Poornaprajna Layout","routeno":"210-NP KBS-VSD-PPLO","distance_on_station":9.19,"centerlat":12.93515,"centerlong":77.56845,"responsecode":200,"isnotify":0,"vehicleDetails":[{"vehicleid":21729,"vehiclenumber":"KA57F3355","servicetypeid":72,"servicetype":"Non AC/Ordinary","centerlat":12.956891,"centerlong":77.574989,"eta":"2024-02-07 18:28:00","sch_arrivaltime":"18:18","sch_departuretime":"18:18","actual_arrivaltime":"","actual_departuretime":"","sch_tripstarttime":"17:45","sch_tripendtime":"17:45","lastlocationid":0,"currentlocationid":22243,"nextlocationid":0,"currentstop":null,"nextstop":null,"laststop":null,"stopCoveredStatus":0,"heading":285,"lastrefreshon":"07-02-2024 18:11:18","lastreceiveddatetimeflag":0,"tripposition":3}]},{"routeid":4531,"stationid":23732,"stationname":"Thyagaraja Nagara","from":"Kempegowda Bus Station","to":"Poornaprajna Layout","routeno":"210-NP KBS-VSD-PPLO","distance_on_station":9.546,"centerlat":12.93215,"centerlong":77.56764,"responsecode":200,"isnotify":0,"vehicleDetails":[{"vehicleid":21729,"vehiclenumber":"KA57F3355","servicetypeid":72,"servicetype":"Non AC/Ordinary","centerlat":12.956891,"centerlong":77.574989,"eta":"2024-02-07 18:29:00","sch_arrivaltime":"18:19","sch_departuretime":"18:19","actual_arrivaltime":"","actual_departuretime":"","sch_tripstarttime":"17:45","sch_tripendtime":"17:45","lastlocationid":0,"currentlocationid":22243,"nextlocationid":0,"currentstop":null,"nextstop":null,"laststop":null,"stopCoveredStatus":0,"heading":285,"lastrefreshon":"07-02-2024 18:11:18","lastreceiveddatetimeflag":0,"tripposition":3}]},{"routeid":4531,"stationid":23733,"stationname":"Indira Nursing Home","from":"Kempegowda Bus Station","to":"Poornaprajna Layout","routeno":"210-NP KBS-VSD-PPLO","distance_on_station":10.136,"centerlat":12.92907,"centerlong":77.5646,"responsecode":200,"isnotify":0,"vehicleDetails":[{"vehicleid":21729,"vehiclenumber":"KA57F3355","servicetypeid":72,"servicetype":"Non AC/Ordinary","centerlat":12.956891,"centerlong":77.574989,"eta":"2024-02-07 18:31:00","sch_arrivaltime":"18:21","sch_departuretime":"18:21","actual_arrivaltime":"","actual_departuretime":"","sch_tripstarttime":"17:45","sch_tripendtime":"17:45","lastlocationid":0,"currentlocationid":22243,"nextlocationid":0,"currentstop":null,"nextstop":null,"laststop":null,"stopCoveredStatus":0,"heading":285,"lastrefreshon":"07-02-2024 18:11:18","lastreceiveddatetimeflag":0,"tripposition":3}]},{"routeid":4531,"stationid":23734,"stationname":"KIMS College","from":"Kempegowda Bus Station","to":"Poornaprajna Layout","routeno":"210-NP KBS-VSD-PPLO","distance_on_station":10.613,"centerlat":12.92718,"centerlong":77.56176,"responsecode":200,"isnotify":0,"vehicleDetails":[{"vehicleid":21729,"vehiclenumber":"KA57F3355","servicetypeid":72,"servicetype":"Non AC/Ordinary","centerlat":12.956891,"centerlong":77.574989,"eta":"2024-02-07 18:33:00","sch_arrivaltime":"18:22","sch_departuretime":"18:22","actual_arrivaltime":"","actual_departuretime":"","sch_tripstarttime":"17:45","sch_tripendtime":"17:45","lastlocationid":0,"currentlocationid":22243,"nextlocationid":0,"currentstop":null,"nextstop":null,"laststop":null,"stopCoveredStatus":0,"heading":285,"lastrefreshon":"07-02-2024 18:11:18","lastreceiveddatetimeflag":0,"tripposition":3}]},{"routeid":4531,"stationid":23735,"stationname":"Devegowda Petrol Bunk","from":"Kempegowda Bus Station","to":"Poornaprajna Layout","routeno":"210-NP KBS-VSD-PPLO","distance_on_station":11.295,"centerlat":12.92141,"centerlong":77.56027,"responsecode":200,"isnotify":0,"vehicleDetails":[{"vehicleid":21729,"vehiclenumber":"KA57F3355","servicetypeid":72,"servicetype":"Non AC/Ordinary","centerlat":12.956891,"centerlong":77.574989,"eta":"2024-02-07 18:35:00","sch_arrivaltime":"18:23","sch_departuretime":"18:23","actual_arrivaltime":"","actual_departuretime":"","sch_tripstarttime":"17:45","sch_tripendtime":"17:45","lastlocationid":0,"currentlocationid":22243,"nextlocationid":0,"currentstop":null,"nextstop":null,"laststop":null,"stopCoveredStatus":0,"heading":285,"lastrefreshon":"07-02-2024 18:11:18","lastreceiveddatetimeflag":0,"tripposition":3}]},{"routeid":4531,"stationid":35088,"stationname":"Padmanabha Nagara","from":"Kempegowda Bus Station","to":"Poornaprajna Layout","routeno":"210-NP KBS-VSD-PPLO","distance_on_station":11.661,"centerlat":12.91824,"centerlong":77.55968,"responsecode":200,"isnotify":0,"vehicleDetails":[{"vehicleid":21729,"vehiclenumber":"KA57F3355","servicetypeid":72,"servicetype":"Non AC/Ordinary","centerlat":12.956891,"centerlong":77.574989,"eta":"2024-02-07 18:36:00","sch_arrivaltime":"18:24","sch_departuretime":"18:24","actual_arrivaltime":"","actual_departuretime":"","sch_tripstarttime":"17:45","sch_tripendtime":"17:45","lastlocationid":0,"currentlocationid":22243,"nextlocationid":0,"currentstop":null,"nextstop":null,"laststop":null,"stopCoveredStatus":0,"heading":285,"lastrefreshon":"07-02-2024 18:11:18","lastreceiveddatetimeflag":0,"tripposition":3}]},{"routeid":4531,"stationid":22404,"stationname":"Prarthana School","from":"Kempegowda Bus Station","to":"Poornaprajna Layout","routeno":"210-NP KBS-VSD-PPLO","distance_on_station":12.443,"centerlat":12.91155,"centerlong":77.5583,"responsecode":200,"isnotify":0,"vehicleDetails":[{"vehicleid":21729,"vehiclenumber":"KA57F3355","servicetypeid":72,"servicetype":"Non AC/Ordinary","centerlat":12.956891,"centerlong":77.574989,"eta":"2024-02-07 18:39:00","sch_arrivaltime":"18:26","sch_departuretime":"18:26","actual_arrivaltime":"","actual_departuretime":"","sch_tripstarttime":"17:45","sch_tripendtime":"17:45","lastlocationid":0,"currentlocationid":22243,"nextlocationid":0,"currentstop":null,"nextstop":null,"laststop":null,"stopCoveredStatus":0,"heading":285,"lastrefreshon":"07-02-2024 18:11:18","lastreceiveddatetimeflag":0,"tripposition":3}]},{"routeid":4531,"stationid":21979,"stationname":"Gowdanapalya","from":"Kempegowda Bus Station","to":"Poornaprajna Layout","routeno":"210-NP KBS-VSD-PPLO","distance_on_station":12.687,"centerlat":12.91157,"centerlong":77.55608,"responsecode":200,"isnotify":0,"vehicleDetails":[{"vehicleid":21729,"vehiclenumber":"KA57F3355","servicetypeid":72,"servicetype":"Non AC/Ordinary","centerlat":12.956891,"centerlong":77.574989,"eta":"2024-02-07 18:40:00","sch_arrivaltime":"18:27","sch_departuretime":"18:27","actual_arrivaltime":"","actual_departuretime":"","sch_tripstarttime":"17:45","sch_tripendtime":"17:45","lastlocationid":0,"currentlocationid":22243,"nextlocationid":0,"currentstop":null,"nextstop":null,"laststop":null,"stopCoveredStatus":0,"heading":285,"lastrefreshon":"07-02-2024 18:11:18","lastreceiveddatetimeflag":0,"tripposition":3}]},{"routeid":4531,"stationid":21841,"stationname":"Chikkallasandra Aralimara","from":"Kempegowda Bus Station","to":"Poornaprajna Layout","routeno":"210-NP KBS-VSD-PPLO","distance_on_station":13.124,"centerlat":12.91165,"centerlong":77.55235,"responsecode":200,"isnotify":0,"vehicleDetails":[{"vehicleid":21729,"vehiclenumber":"KA57F3355","servicetypeid":72,"servicetype":"Non AC/Ordinary","centerlat":12.956891,"centerlong":77.574989,"eta":"2024-02-07 18:42:00","sch_arrivaltime":"18:28","sch_departuretime":"18:28","actual_arrivaltime":"","actual_departuretime":"","sch_tripstarttime":"17:45","sch_tripendtime":"17:45","lastlocationid":0,"currentlocationid":22243,"nextlocationid":0,"currentstop":null,"nextstop":null,"laststop":null,"stopCoveredStatus":0,"heading":285,"lastrefreshon":"07-02-2024 18:11:18","lastreceiveddatetimeflag":0,"tripposition":3}]},{"routeid":4531,"stationid":21843,"stationname":"Chikkallasandra Bank Colony","from":"Kempegowda Bus Station","to":"Poornaprajna Layout","routeno":"210-NP KBS-VSD-PPLO","distance_on_station":13.572,"centerlat":12.90914,"centerlong":77.54927,"responsecode":200,"isnotify":0,"vehicleDetails":[{"vehicleid":21729,"vehiclenumber":"KA57F3355","servicetypeid":72,"servicetype":"Non AC/Ordinary","centerlat":12.956891,"centerlong":77.574989,"eta":"2024-02-07 18:43:00","sch_arrivaltime":"18:29","sch_departuretime":"18:29","actual_arrivaltime":"","actual_departuretime":"","sch_tripstarttime":"17:45","sch_tripendtime":"17:45","lastlocationid":0,"currentlocationid":22243,"nextlocationid":0,"currentstop":null,"nextstop":null,"laststop":null,"stopCoveredStatus":0,"heading":285,"lastrefreshon":"07-02-2024 18:11:18","lastreceiveddatetimeflag":0,"tripposition":3}]},{"routeid":4531,"stationid":22198,"stationname":"KR Hospital Uttarahalli","from":"Kempegowda Bus Station","to":"Poornaprajna Layout","routeno":"210-NP KBS-VSD-PPLO","distance_on_station":13.989,"centerlat":12.90698,"centerlong":77.54615,"responsecode":200,"isnotify":0,"vehicleDetails":[{"vehicleid":21729,"vehiclenumber":"KA57F3355","servicetypeid":72,"servicetype":"Non AC/Ordinary","centerlat":12.956891,"centerlong":77.574989,"eta":"2024-02-07 18:45:00","sch_arrivaltime":"18:30","sch_departuretime":"18:30","actual_arrivaltime":"","actual_departuretime":"","sch_tripstarttime":"17:45","sch_tripendtime":"17:45","lastlocationid":0,"currentlocationid":22243,"nextlocationid":0,"currentstop":null,"nextstop":null,"laststop":null,"stopCoveredStatus":0,"heading":285,"lastrefreshon":"07-02-2024 18:11:18","lastreceiveddatetimeflag":0,"tripposition":3}]},{"routeid":4531,"stationid":22571,"stationname":"Uttarahalli","from":"Kempegowda Bus Station","to":"Poornaprajna Layout","routeno":"210-NP KBS-VSD-PPLO","distance_on_station":14.395,"centerlat":12.90573,"centerlong":77.54271,"responsecode":200,"isnotify":0,"vehicleDetails":[{"vehicleid":21729,"vehiclenumber":"KA57F3355","servicetypeid":72,"servicetype":"Non AC/Ordinary","centerlat":12.956891,"centerlong":77.574989,"eta":"2024-02-07 18:46:00","sch_arrivaltime":"18:31","sch_departuretime":"18:31","actual_arrivaltime":"","actual_departuretime":"","sch_tripstarttime":"17:45","sch_tripendtime":"17:45","lastlocationid":0,"currentlocationid":22243,"nextlocationid":0,"currentstop":null,"nextstop":null,"laststop":null,"stopCoveredStatus":0,"heading":285,"lastrefreshon":"07-02-2024 18:11:18","lastreceiveddatetimeflag":0,"tripposition":3}]},{"routeid":4531,"stationid":21659,"stationname":"Arehalli","from":"Kempegowda Bus Station","to":"Poornaprajna Layout","routeno":"210-NP KBS-VSD-PPLO","distance_on_station":15.066,"centerlat":12.90849,"centerlong":77.53855,"responsecode":200,"isnotify":0,"vehicleDetails":[{"vehicleid":21729,"vehiclenumber":"KA57F3355","servicetypeid":72,"servicetype":"Non AC/Ordinary","centerlat":12.956891,"centerlong":77.574989,"eta":"2024-02-07 18:49:00","sch_arrivaltime":"18:33","sch_departuretime":"18:33","actual_arrivaltime":"","actual_departuretime":"","sch_tripstarttime":"17:45","sch_tripendtime":"17:45","lastlocationid":0,"currentlocationid":22243,"nextlocationid":0,"currentstop":null,"nextstop":null,"laststop":null,"stopCoveredStatus":0,"heading":285,"lastrefreshon":"07-02-2024 18:11:18","lastreceiveddatetimeflag":0,"tripposition":3}]},{"routeid":4531,"stationid":34271,"stationname":"Poornaprajna Layout","from":"Kempegowda Bus Station","to":"Poornaprajna Layout","routeno":"210-NP KBS-VSD-PPLO","distance_on_station":15.3,"centerlat":12.90877,"centerlong":77.53592,"responsecode":200,"isnotify":0,"vehicleDetails":[{"vehicleid":21729,"vehiclenumber":"KA57F3355","servicetypeid":72,"servicetype":"Non AC/Ordinary","centerlat":12.956891,"centerlong":77.574989,"eta":"2024-02-07 18:50:00","sch_arrivaltime":"18:34","sch_departuretime":"18:34","actual_arrivaltime":"","actual_departuretime":"","sch_tripstarttime":"17:45","sch_tripendtime":"17:45","lastlocationid":0,"currentlocationid":22243,"nextlocationid":0,"currentstop":null,"nextstop":null,"laststop":null,"stopCoveredStatus":0,"heading":285,"lastrefreshon":"07-02-2024 18:11:18","lastreceiveddatetimeflag":0,"tripposition":1}]}],"mapData":[{"vehicleid":21729,"vehiclenumber":"KA57F3355","servicetypeid":72,"servicetype":"Non AC/Ordinary","centerlat":12.956891,"centerlong":77.574989,"eta":"2024-02-07 18:50:00","sch_arrivaltime":"18:34","sch_departuretime":"18:34","actual_arrivaltime":"","actual_departuretime":"","sch_tripstarttime":"17:45","sch_tripendtime":"17:45","lastlocationid":0,"currentlocationid":22243,"nextlocationid":0,"currentstop":null,"nextstop":null,"laststop":null,"stopCoveredStatus":0,"heading":285,"lastrefreshon":"07-02-2024 18:11:18","lastreceiveddatetimeflag":0,"tripposition":1}]},"down":{"data":[],"mapData":[]},"message":"Success","issuccess":true,"exception":null,"rowCount":0,"responsecode":200}