{"up":{"data":[{"routeid":4531,"stationid":20921,"stationname":"Kempegowda Bus Station","from":"Kempegowda Bus Station","to":"Poornaprajna Layout","routeno":"210-NP KBS-VSD-PPLO","distance_on_station":0,"centerlat":12.97751,"centerlong":77.57141,"responsecode":200,"isnotify":0,"vehicleDetails":[]},{"routeid":4531,"stationid":20982,"stationname":"Maharani College","from":"Kempegowda Bus Station","to":"Poornaprajna Layout","routeno":"210-NP KBS-VSD-PPLO","distance_on_station":0,"centerlat":12.97903,"centerlong":77.5849,"responsecode":200,"isnotify":0,"vehicleDetails":[]},{"routeid":4531,"stationid":27263,"stationname":"Vidhana Soudha","from":"Kempegowda Bus Station","to":"Poornaprajna Layout","routeno":"210-NP KBS-VSD-PPLO","distance_on_station":0,"centerlat":12.98104,"centerlong":77.58853,"responsecode":200,"isnotify":0,"vehicleDetails":[]},{"routeid":4531,"stationid":20981,"stationname":"Maharani College","from":"Kempegowda Bus Station","to":"Poornaprajna Layout","routeno":"210-NP KBS-VSD-PPLO","distance_on_station":0,"centerlat":12.97703,"centerlong":77.5858,"responsecode":200,"isnotify":0,"vehicleDetails":[]},{"routeid":4531,"stationid":20939,"stationname":"KR Circle","from":"Kempegowda Bus Station","to":"Poornaprajna Layout","routeno":"210-NP KBS-VSD-PPLO","distance_on_station":0,"centerlat":12.97386,"centerlong":77.58661,"responsecode":200,"isnotify":0,"vehicleDetails":[]},{"routeid":4531,"stationid":21195,"stationname":"St Marthas Hospital","from":"Kempegowda Bus Station","to":"Poornaprajna Layout","routeno":"210-NP KBS-VSD-PPLO","distance_on_station":0,"centerlat":12.96945,"centerlong":77.58716,"responsecode":200,"isnotify":0,"vehicleDetails":[]},{"routeid":4531,"stationid":20727,"stationname":"Corporation","from":"Kempegowda Bus Station","to":"Poornaprajna Layout","routeno":"210-NP KBS-VSD-PPLO","distance_on_station":0,"centerlat":12.96701,"centerlong":77.58822,"responsecode":200,"isnotify":0,"vehicleDetails":[]},{"routeid":4531,"stationid":21232,"stationname":"Town Hall","from":"Kempegowda Bus Station","to":"Poornaprajna Layout","routeno":"210-NP KBS-VSD-PPLO","distance_on_station":0,"centerlat":12.96355,"centerlong":77.58375,"responsecode":200,"isnotify":0,"vehicleDetails":[]},{"routeid":4531,"stationid":20941,"stationname":"KR Market","from":"Kempegowda Bus Station","to":"Poornaprajna Layout","routeno":"210-NP KBS-VSD-PPLO","distance_on_station":0,"centerlat":12.96368,"centerlong":77.57742,"responsecode":200,"isnotify":0,"vehicleDetails":[]},{"routeid":4531,"stationid":21718,"stationname":"Basappa Circle","from":"Kempegowda Bus Station","to":"Poornaprajna Layout","routeno":"210-NP KBS-VSD-PPLO","distance_on_station":0,"centerlat":12.95624,"centerlong":77.57721,"responsecode":200,"isnotify":0,"vehicleDetails":[]},{"routeid":4531,"stationid":22243,"stationname":"Makkala Koota","from":"Kempegowda Bus Station","to":"Poornaprajna Layout","routeno":"210-NP KBS-VSD-PPLO","distance_on_station":0,"centerlat":12.9572,"centerlong":77.57311,"responsecode":200,"isnotify":0,"vehicleDetails":[]},{"routeid":4531,"stationid":21812,"stationname":"Chamarajapet","from":"Kempegowda Bus Station","to":"Poornaprajna Layout","routeno":"210-NP KBS-VSD-PPLO","distance_on_station":0,"centerlat":12.95627,"centerlong":77.56744,"responsecode":200,"isnotify":0,"vehicleDetails":[]},{"routeid":4531,"stationid":21746,"stationname":"Bengaluru High School","from":"Kempegowda Bus Station","to":"Poornaprajna Layout","routeno":"210-NP KBS-VSD-PPLO","distance_on_station":0,"centerlat":12.95325,"centerlong":77.56762,"responsecode":200,"isnotify":0,"vehicleDetails":[]},{"routeid":4531,"stationid":23728,"stationname":"Ramakrishna Ashrama","from":"Kempegowda Bus Station","to":"Poornaprajna Layout","routeno":"210-NP KBS-VSD-PPLO","distance_on_station":0,"centerlat":12.94945,"centerlong":77.56774,"responsecode":200,"isnotify":0,"vehicleDetails":[]},{"routeid":4531,"stationid":22678,"stationname":"North Road","from":"Kempegowda Bus Station","to":"Poornaprajna Layout","routeno":"210-NP KBS-VSD-PPLO","distance_on_station":0,"centerlat":12.94828,"centerlong":77.57066,"responsecode":200,"isnotify":0,"vehicleDetails":[]},{"routeid":4531,"stationid":21721,"stationname":"Basavanagudi Police Station","from":"Kempegowda Bus Station","to":"Poornaprajna Layout","routeno":"210-NP KBS-VSD-PPLO","distance_on_station":0,"centerlat":12.94171,"centerlong":77.57397,"responsecode":200,"isnotify":0,"vehicleDetails":[]},{"routeid":4531,"stationid":23729,"stationname":"Nettakallappa Circle","from":"Kempegowda Bus Station","to":"Poornaprajna Layout","routeno":"210-NP KBS-VSD-PPLO","distance_on_station":0,"centerlat":12.93917,"centerlong":77.57175,"responsecode":200,"isnotify":0,"vehicleDetails":[]},{"routeid":4531,"stationid":23730,"stationname":"NR Colony","from":"Kempegowda Bus Station","to":"Poornaprajna Layout","routeno":"210-NP KBS-VSD-PPLO","distance_on_station":0,"centerlat":12.93788,"centerlong":77.56908,"responsecode":200,"isnotify":0,"vehicleDetails":[]},{"routeid":4531,"stationid":23731,"stationname":"Thyagaraja Nagara KEB Quarters","from":"Kempegowda Bus Station","to":"Poornaprajna Layout","routeno":"210-NP KBS-VSD-PPLO","distance_on_station":0,"centerlat":12.93515,"centerlong":77.56845,"responsecode":200,"isnotify":0,"vehicleDetails":[]},{"routeid":4531,"stationid":23732,"stationname":"Thyagaraja Nagara","from":"Kempegowda Bus Station","to":"Poornaprajna Layout","routeno":"210-NP KBS-VSD-PPLO","distance_on_station":0,"centerlat":12.93215,"centerlong":77.56764,"responsecode":200,"isnotify":0,"vehicleDetails":[]},{"routeid":4531,"stationid":23733,"stationname":"Indira Nursing Home","from":"Kempegowda Bus Station","to":"Poornaprajna Layout","routeno":"210-NP KBS-VSD-PPLO","distance_on_station":0,"centerlat":12.92907,"centerlong":77.5646,"responsecode":200,"isnotify":0,"vehicleDetails":[]},{"routeid":4531,"stationid":23734,"stationname":"KIMS College","from":"Kempegowda Bus Station","to":"Poornaprajna Layout","routeno":"210-NP KBS-VSD-PPLO","distance_on_station":0,"centerlat":12.92718,"centerlong":77.56176,"responsecode":200,"isnotify":0,"vehicleDetails":[]},{"routeid":4531,"stationid":23735,"stationname":"Devegowda Petrol Bunk","from":"Kempegowda Bus Station","to":"Poornaprajna Layout","routeno":"210-NP KBS-VSD-PPLO","distance_on_station":0,"centerlat":12.92141,"centerlong":77.56027,"responsecode":200,"isnotify":0,"vehicleDetails":[]},{"routeid":4531,"stationid":35088,"stationname":"Padmanabha Nagara","from":"Kempegowda Bus Station","to":"Poornaprajna Layout","routeno":"210-NP KBS-VSD-PPLO","distance_on_station":0,"centerlat":12.91824,"centerlong":77.55968,"responsecode":200,"isnotify":0,"vehicleDetails":[]},{"routeid":4531,"stationid":22404,"stationname":"Prarthana School","from":"Kempegowda Bus Station","to":"Poornaprajna Layout","routeno":"210-NP KBS-VSD-PPLO","distance_on_station":0,"centerlat":12.91155,"centerlong":77.5583,"responsecode":200,"isnotify":0,"vehicleDetails":[]},{"routeid":4531,"stationid":21979,"stationname":"Gowdanapalya","from":"Kempegowda Bus Station","to":"Poornaprajna Layout","routeno":"210-NP KBS-VSD-PPLO","distance_on_station":0,"centerlat":12.91157,"centerlong":77.55608,"responsecode":200,"isnotify":0,"vehicleDetails":[]},{"routeid":4531,"stationid":21841,"stationname":"Chikkallasandra Aralimara","from":"Kempegowda Bus Station","to":"Poornaprajna Layout","routeno":"210-NP KBS-VSD-PPLO","distance_on_station":0,"centerlat":12.91157,"centerlong":77.55238,"responsecode":200,"isnotify":0,"vehicleDetails":[]},{"routeid":4531,"stationid":21843,"stationname":"Chikkallasandra Bank Colony","from":"Kempegowda Bus Station","to":"Poornaprajna Layout","routeno":"210-NP KBS-VSD-PPLO","distance_on_station":0,"centerlat":12.90914,"centerlong":77.54927,"responsecode":200,"isnotify":0,"vehicleDetails":[]},{"routeid":4531,"stationid":22198,"stationname":"KR Hospital Uttarahalli","from":"Kempegowda Bus Station","to":"Poornaprajna Layout","routeno":"210-NP KBS-VSD-PPLO","distance_on_station":0,"centerlat":12.90698,"centerlong":77.54622,"responsecode":200,"isnotify":0,"vehicleDetails":[]},{"routeid":4531,"stationid":22571,"stationname":"Uttarahalli","from":"Kempegowda Bus Station","to":"Poornaprajna Layout","routeno":"210-NP KBS-VSD-PPLO","distance_on_station":0,"centerlat":12.90575,"centerlong":77.54257,"responsecode":200,"isnotify":0,"vehicleDetails":[]},{"routeid":4531,"stationid":21659,"stationname":"Arehalli","from":"Kempegowda Bus Station","to":"Poornaprajna Layout","routeno":"210-NP KBS-VSD-PPLO","distance_on_station":0,"centerlat":12.90849,"centerlong":77.53855,"responsecode":200,"isnotify":0,"vehicleDetails":[]},{"routeid":4531,"stationid":34271,"stationname":"Poornaprajna Layout","from":"Kempegowda Bus Station","to":"Poornaprajna Layout","routeno":"210-NP KBS-VSD-PPLO","distance_on_station":0,"centerlat":12.90877,"centerlong":77.53592,"responsecode":200,"isnotify":0,"vehicleDetails":[]}],"mapData":[]},"down":{"data":[{"routeid":4534,"stationid":22395,"stationname":"Poornaprajna Layout","from":"Poornaprajna Layout","to":"Kempegowda Bus Station","routeno":"210-NP KBS-VSD-PPLO","distance_on_station":0,"centerlat":12.90882,"centerlong":77.53585,"responsecode":200,"isnotify":0,"vehicleDetails":[]},{"routeid":4534,"stationid":21661,"stationname":"Arehalli","from":"Poornaprajna Layout","to":"Kempegowda Bus Station","routeno":"210-NP KBS-VSD-PPLO","distance_on_station":0,"centerlat":12.90857,"centerlong":77.53841,"responsecode":200,"isnotify":0,"vehicleDetails":[]},{"routeid":4534,"stationid":22568,"stationname":"Uttarahalli","from":"Poornaprajna Layout","to":"Kempegowda Bus Station","routeno":"210-NP KBS-VSD-PPLO","distance_on_station":0,"centerlat":12.90621,"centerlong":77.54337,"responsecode":200,"isnotify":0,"vehicleDetails":[]},{"routeid":4534,"stationid":23736,"stationname":"KR Hospital Uttarahalli","from":"Poornaprajna Layout","to":"Kempegowda Bus Station","routeno":"210-NP KBS-VSD-PPLO","distance_on_station":0,"centerlat":12.907,"centerlong":77.54619,"responsecode":200,"isnotify":0,"vehicleDetails":[]},{"routeid":4534,"stationid":21842,"stationname":"Chikkallasandra Bank Colony","from":"Poornaprajna Layout","to":"Kempegowda Bus Station","routeno":"210-NP KBS-VSD-PPLO","distance_on_station":0,"centerlat":12.90906,"centerlong":77.5491,"responsecode":200,"isnotify":0,"vehicleDetails":[]},{"routeid":4534,"stationid":21840,"stationname":"Chikkallasandra Aralimara","from":"Poornaprajna Layout","to":"Kempegowda Bus Station","routeno":"210-NP KBS-VSD-PPLO","distance_on_station":0,"centerlat":12.91168,"centerlong":77.55226,"responsecode":200,"isnotify":0,"vehicleDetails":[]},{"routeid":4534,"stationid":21978,"stationname":"Gowdanapalya","from":"Poornaprajna Layout","to":"Kempegowda Bus Station","routeno":"210-NP KBS-VSD-PPLO","distance_on_station":0,"centerlat":12.91152,"centerlong":77.55591,"responsecode":200,"isnotify":0,"vehicleDetails":[]},{"routeid":4534,"stationid":22403,"stationname":"Prarthana School","from":"Poornaprajna Layout","to":"Kempegowda Bus Station","routeno":"210-NP KBS-VSD-PPLO","distance_on_station":0,"centerlat":12.91159,"centerlong":77.5581,"responsecode":200,"isnotify":0,"vehicleDetails":[]},{"routeid":4534,"stationid":35196,"stationname":"Padmanabha Nagara","from":"Poornaprajna Layout","to":"Kempegowda Bus Station","routeno":"210-NP KBS-VSD-PPLO","distance_on_station":0,"centerlat":12.91811,"centerlong":77.55964,"responsecode":200,"isnotify":0,"vehicleDetails":[]},{"routeid":4534,"stationid":24962,"stationname":"Devegowda Hospital","from":"Poornaprajna Layout","to":"Kempegowda Bus Station","routeno":"210-NP KBS-VSD-PPLO","distance_on_station":0,"centerlat":12.92041,"centerlong":77.55998,"responsecode":200,"isnotify":0,"vehicleDetails":[]},{"routeid":4534,"stationid":23679,"stationname":"Devegowda Petrol Bunk","from":"Poornaprajna Layout","to":"Kempegowda Bus Station","routeno":"210-NP KBS-VSD-PPLO","distance_on_station":0,"centerlat":12.9227,"centerlong":77.56033,"responsecode":200,"isnotify":0,"vehicleDetails":[]},{"routeid":4534,"stationid":23680,"stationname":"KIMS College","from":"Poornaprajna Layout","to":"Kempegowda Bus Station","routeno":"210-NP KBS-VSD-PPLO","distance_on_station":0,"centerlat":12.92678,"centerlong":77.56133,"responsecode":200,"isnotify":0,"vehicleDetails":[]},{"routeid":4534,"stationid":23681,"stationname":"Indira Nursing Home","from":"Poornaprajna Layout","to":"Kempegowda Bus Station","routeno":"210-NP KBS-VSD-PPLO","distance_on_station":0,"centerlat":12.92921,"centerlong":77.56441,"responsecode":200,"isnotify":0,"vehicleDetails":[]},{"routeid":4534,"stationid":23682,"stationname":"Thyagaraja Nagara","from":"Poornaprajna Layout","to":"Kempegowda Bus Station","routeno":"210-NP KBS-VSD-PPLO","distance_on_station":0,"centerlat":12.93203,"centerlong":77.56755,"responsecode":200,"isnotify":0,"vehicleDetails":[]},{"routeid":4534,"stationid":23683,"stationname":"Thyagaraja Nagara KEB Quarters","from":"Poornaprajna Layout","to":"Kempegowda Bus Station","routeno":"210-NP KBS-VSD-PPLO","distance_on_station":0,"centerlat":12.93504,"centerlong":77.56842,"responsecode":200,"isnotify":0,"vehicleDetails":[]},{"routeid":4534,"stationid":23684,"stationname":"NR Colony","from":"Poornaprajna Layout","to":"Kempegowda Bus Station","routeno":"210-NP KBS-VSD-PPLO","distance_on_station":0,"centerlat":12.93789,"centerlong":77.5689,"responsecode":200,"isnotify":0,"vehicleDetails":[]},{"routeid":4534,"stationid":23685,"stationname":"Nettakallappa Circle","from":"Poornaprajna Layout","to":"Kempegowda Bus Station","routeno":"210-NP KBS-VSD-PPLO","distance_on_station":0,"centerlat":12.93945,"centerlong":77.57204,"responsecode":200,"isnotify":0,"vehicleDetails":[]},{"routeid":4534,"stationid":21722,"stationname":"Basavanagudi Police Station","from":"Poornaprajna Layout","to":"Kempegowda Bus Station","routeno":"210-NP KBS-VSD-PPLO","distance_on_station":0,"centerlat":12.94158,"centerlong":77.57374,"responsecode":200,"isnotify":0,"vehicleDetails":[]},{"routeid":4534,"stationid":35197,"stationname":"Gandhi Bazaar","from":"Poornaprajna Layout","to":"Kempegowda Bus Station","routeno":"210-NP KBS-VSD-PPLO","distance_on_station":0,"centerlat":12.94622,"centerlong":77.57014,"responsecode":200,"isnotify":0,"vehicleDetails":[]},{"routeid":4534,"stationid":21119,"stationname":"Ramakrishna Ashrama","from":"Poornaprajna Layout","to":"Kempegowda Bus Station","routeno":"210-NP KBS-VSD-PPLO","distance_on_station":0,"centerlat":12.94898,"centerlong":77.56765,"responsecode":200,"isnotify":0,"vehicleDetails":[]},{"routeid":4534,"stationid":20644,"stationname":"Bengaluru High School","from":"Poornaprajna Layout","to":"Kempegowda Bus Station","routeno":"210-NP KBS-VSD-PPLO","distance_on_station":0,"centerlat":12.95209,"centerlong":77.56749,"responsecode":200,"isnotify":0,"vehicleDetails":[]},{"routeid":4534,"stationid":20709,"stationname":"Chamarajapet","from":"Poornaprajna Layout","to":"Kempegowda Bus Station","routeno":"210-NP KBS-VSD-PPLO","distance_on_station":0,"centerlat":12.95714,"centerlong":77.56801,"responsecode":200,"isnotify":0,"vehicleDetails":[]},{"routeid":4534,"stationid":20986,"stationname":"Makkala Koota","from":"Poornaprajna Layout","to":"Kempegowda Bus Station","routeno":"210-NP KBS-VSD-PPLO","distance_on_station":0,"centerlat":12.95803,"centerlong":77.57385,"responsecode":200,"isnotify":0,"vehicleDetails":[]},{"routeid":4534,"stationid":21557,"stationname":"KR Market","from":"Poornaprajna Layout","to":"Kempegowda Bus Station","routeno":"210-NP KBS-VSD-PPLO","distance_on_station":0,"centerlat":12.96207,"centerlong":77.5756,"responsecode":200,"isnotify":0,"vehicleDetails":[]},{"routeid":4534,"stationid":21231,"stationname":"Town Hall","from":"Poornaprajna Layout","to":"Kempegowda Bus Station","routeno":"210-NP KBS-VSD-PPLO","distance_on_station":0,"centerlat":12.96384,"centerlong":77.58434,"responsecode":200,"isnotify":0,"vehicleDetails":[]},{"routeid":4534,"stationid":20725,"stationname":"Corporation","from":"Poornaprajna Layout","to":"Kempegowda Bus Station","routeno":"210-NP KBS-VSD-PPLO","distance_on_station":0,"centerlat":12.96839,"centerlong":77.58675,"responsecode":200,"isnotify":0,"vehicleDetails":[]},{"routeid":4534,"stationid":20696,"stationname":"Cauvery Bhavana","from":"Poornaprajna Layout","to":"Kempegowda Bus Station","routeno":"210-NP KBS-VSD-PPLO","distance_on_station":0,"centerlat":12.97438,"centerlong":77.58183,"responsecode":200,"isnotify":0,"vehicleDetails":[]},{"routeid":4534,"stationid":20982,"stationname":"Maharani College","from":"Poornaprajna Layout","to":"Kempegowda Bus Station","routeno":"210-NP KBS-VSD-PPLO","distance_on_station":0,"centerlat":12.97903,"centerlong":77.5849,"responsecode":200,"isnotify":0,"vehicleDetails":[]},{"routeid":4534,"stationid":27263,"stationname":"Vidhana Soudha","from":"Poornaprajna Layout","to":"Kempegowda Bus Station","routeno":"210-NP KBS-VSD-PPLO","distance_on_station":0,"centerlat":12.98104,"centerlong":77.58853,"responsecode":200,"isnotify":0,"vehicleDetails":[]},{"routeid":4534,"stationid":20985,"stationname":"Maharani College","from":"Poornaprajna Layout","to":"Kempegowda Bus Station","routeno":"210-NP KBS-VSD-PPLO","distance_on_station":0,"centerlat":12.97907,"centerlong":77.58511,"responsecode":200,"isnotify":0,"vehicleDetails":[]},{"routeid":4534,"stationid":20697,"stationname":"Cauvery Bhavana","from":"Poornaprajna Layout","to":"Kempegowda Bus Station","routeno":"210-NP KBS-VSD-PPLO","distance_on_station":0,"centerlat":12.97372,"centerlong":77.58157,"responsecode":200,"isnotify":0,"vehicleDetails":[]},{"routeid":4534,"stationid":20922,"stationname":"Kempegowda Bus Station","from":"Poornaprajna Layout","to":"Kempegowda Bus Station","routeno":"210-NP KBS-VSD-PPLO","distance_on_station":0,"centerlat":12.97749,"centerlong":77.57327,"responsecode":200,"isnotify":0,"vehicleDetails":[]}],"mapData":[]},"message":"Success","issuccess":true,"exception":null,"rowCount":0,"responsecode":200}