{"up":{"data":[],"mapData":[]},"down":{"data":[{"routeid":4887,"stationid":22570,"stationname":"Uttarahalli","from":"Uttarahalli","to":"Kempegowda Bus Station","routeno":"210-NG","distance_on_station":0,"centerlat":12.90544,"centerlong":77.5431,"responsecode":200,"isnotify":0,"vehicleDetails":[{"vehicleid":21809,"vehiclenumber":"KA01F9576","servicetypeid":72,"servicetype":"Non AC/Ordinary","centerlat":12.905005,"centerlong":77.543442,"eta":"","sch_arrivaltime":"15:10","sch_departuretime":"15:10","actual_arrivaltime":"14:21","actual_departuretime":"14:21","sch_tripstarttime":"15:10","sch_tripendtime":"15:10","lastlocationid":0,"currentlocationid":22570,"nextlocationid":0,"currentstop":null,"nextstop":null,"laststop":null,"stopCoveredStatus":1,"heading":11,"lastrefreshon":"09-03-2024 14:39:03","lastreceiveddatetimeflag":0,"tripposition":1}]},{"routeid":4887,"stationid":23736,"stationname":"KR Hospital Uttarahalli","from":"Uttarahalli","to":"Kempegowda Bus Station","routeno":"210-NG","distance_on_station":0.58,"centerlat":12.90695,"centerlong":77.54598,"responsecode":200,"isnotify":0,"vehicleDetails":[{"vehicleid":21809,"vehiclenumber":"KA01F9576","servicetypeid":72,"servicetype":"Non AC/Ordinary","centerlat":12.905005,"centerlong":77.543442,"eta":"2024-03-09 14:40:00","sch_arrivaltime":"15:11","sch_departuretime":"15:11","actual_arrivaltime":"","actual_departuretime":"","sch_tripstarttime":"15:10","sch_tripendtime":"15:10","lastlocationid":0,"currentlocationid":22570,"nextlocationid":0,"currentstop":null,"nextstop":null,"laststop":null,"stopCoveredStatus":0,"heading":11,"lastrefreshon":"09-03-2024 14:39:03","lastreceiveddatetimeflag":0,"tripposition":3}]},{"routeid":4887,"stationid":21842,"stationname":"Chikkallasandra Bank Colony","from":"Uttarahalli","to":"Kempegowda Bus Station","routeno":"210-NG","distance_on_station":1.133,"centerlat":12.90906,"centerlong":77.5491,"responsecode":200,"isnotify":0,"vehicleDetails":[{"vehicleid":21809,"vehiclenumber":"KA01F9576","servicetypeid":72,"servicetype":"Non AC/Ordinary","centerlat":12.905005,"centerlong":77.543442,"eta":"2024-03-09 14:41:00","sch_arrivaltime":"15:12","sch_departuretime":"15:12","actual_arrivaltime":"","actual_departuretime":"","sch_tripstarttime":"15:10","sch_tripendtime":"15:10","lastlocationid":0,"currentlocationid":22570,"nextlocationid":0,"currentstop":null,"nextstop":null,"laststop":null,"stopCoveredStatus":0,"heading":11,"lastrefreshon":"09-03-2024 14:39:03","lastreceiveddatetimeflag":0,"tripposition":3}]},{"routeid":4887,"stationid":21840,"stationname":"Chikkallasandra Aralimara","from":"Uttarahalli","to":"Kempegowda Bus Station","routeno":"210-NG","distance_on_station":1.739,"centerlat":12.91168,"centerlong":77.55226,"responsecode":200,"isnotify":0,"vehicleDetails":[{"vehicleid":21809,"vehiclenumber":"KA01F9576","servicetypeid":72,"servicetype":"Non AC/Ordinary","centerlat":12.905005,"centerlong":77.543442,"eta":"2024-03-09 14:42:00","sch_arrivaltime":"15:13","sch_departuretime":"15:13","actual_arrivaltime":"","actual_departuretime":"","sch_tripstarttime":"15:10","sch_tripendtime":"15:10","lastlocationid":0,"currentlocationid":22570,"nextlocationid":0,"currentstop":null,"nextstop":null,"laststop":null,"stopCoveredStatus":0,"heading":11,"lastrefreshon":"09-03-2024 14:39:03","lastreceiveddatetimeflag":0,"tripposition":3}]},{"routeid":4887,"stationid":21978,"stationname":"Gowdanapalya","from":"Uttarahalli","to":"Kempegowda Bus Station","routeno":"210-NG","distance_on_station":2.28,"centerlat":12.91152,"centerlong":77.55591,"responsecode":200,"isnotify":0,"vehicleDetails":[{"vehicleid":21809,"vehiclenumber":"KA01F9576","servicetypeid":72,"servicetype":"Non AC/Ordinary","centerlat":12.905005,"centerlong":77.543442,"eta":"2024-03-09 14:43:00","sch_arrivaltime":"15:14","sch_departuretime":"15:14","actual_arrivaltime":"","actual_departuretime":"","sch_tripstarttime":"15:10","sch_tripendtime":"15:10","lastlocationid":0,"currentlocationid":22570,"nextlocationid":0,"currentstop":null,"nextstop":null,"laststop":null,"stopCoveredStatus":0,"heading":11,"lastrefreshon":"09-03-2024 14:39:03","lastreceiveddatetimeflag":0,"tripposition":3}]},{"routeid":4887,"stationid":22403,"stationname":"Prarthana School","from":"Uttarahalli","to":"Kempegowda Bus Station","routeno":"210-NG","distance_on_station":2.596,"centerlat":12.91159,"centerlong":77.5581,"responsecode":200,"isnotify":0,"vehicleDetails":[{"vehicleid":21809,"vehiclenumber":"KA01F9576","servicetypeid":72,"servicetype":"Non AC/Ordinary","centerlat":12.905005,"centerlong":77.543442,"eta":"2024-03-09 14:44:00","sch_arrivaltime":"15:15","sch_departuretime":"15:15","actual_arrivaltime":"","actual_departuretime":"","sch_tripstarttime":"15:10","sch_tripendtime":"15:10","lastlocationid":0,"currentlocationid":22570,"nextlocationid":0,"currentstop":null,"nextstop":null,"laststop":null,"stopCoveredStatus":0,"heading":11,"lastrefreshon":"09-03-2024 14:39:03","lastreceiveddatetimeflag":0,"tripposition":3}]},{"routeid":4887,"stationid":35196,"stationname":"Padmanabha Nagara","from":"Uttarahalli","to":"Kempegowda Bus Station","routeno":"210-NG","distance_on_station":3.624,"centerlat":12.91811,"centerlong":77.55964,"responsecode":200,"isnotify":0,"vehicleDetails":[{"vehicleid":21809,"vehiclenumber":"KA01F9576","servicetypeid":72,"servicetype":"Non AC/Ordinary","centerlat":12.905005,"centerlong":77.543442,"eta":"2024-03-09 14:45:00","sch_arrivaltime":"15:18","sch_departuretime":"15:18","actual_arrivaltime":"","actual_departuretime":"","sch_tripstarttime":"15:10","sch_tripendtime":"15:10","lastlocationid":0,"currentlocationid":22570,"nextlocationid":0,"currentstop":null,"nextstop":null,"laststop":null,"stopCoveredStatus":0,"heading":11,"lastrefreshon":"09-03-2024 14:39:03","lastreceiveddatetimeflag":0,"tripposition":3}]},{"routeid":4887,"stationid":24962,"stationname":"Devegowda Hospital","from":"Uttarahalli","to":"Kempegowda Bus Station","routeno":"210-NG","distance_on_station":3.98,"centerlat":12.92041,"centerlong":77.55998,"responsecode":200,"isnotify":0,"vehicleDetails":[{"vehicleid":21809,"vehiclenumber":"KA01F9576","servicetypeid":72,"servicetype":"Non AC/Ordinary","centerlat":12.905005,"centerlong":77.543442,"eta":"2024-03-09 14:46:00","sch_arrivaltime":"15:19","sch_departuretime":"15:19","actual_arrivaltime":"","actual_departuretime":"","sch_tripstarttime":"15:10","sch_tripendtime":"15:10","lastlocationid":0,"currentlocationid":22570,"nextlocationid":0,"currentstop":null,"nextstop":null,"laststop":null,"stopCoveredStatus":0,"heading":11,"lastrefreshon":"09-03-2024 14:39:03","lastreceiveddatetimeflag":0,"tripposition":3}]},{"routeid":4887,"stationid":23679,"stationname":"Devegowda Petrol Bunk","from":"Uttarahalli","to":"Kempegowda Bus Station","routeno":"210-NG","distance_on_station":4.309,"centerlat":12.9227,"centerlong":77.56033,"responsecode":200,"isnotify":0,"vehicleDetails":[{"vehicleid":21809,"vehiclenumber":"KA01F9576","servicetypeid":72,"servicetype":"Non AC/Ordinary","centerlat":12.905005,"centerlong":77.543442,"eta":"2024-03-09 14:47:00","sch_arrivaltime":"15:20","sch_departuretime":"15:20","actual_arrivaltime":"","actual_departuretime":"","sch_tripstarttime":"15:10","sch_tripendtime":"15:10","lastlocationid":0,"currentlocationid":22570,"nextlocationid":0,"currentstop":null,"nextstop":null,"laststop":null,"stopCoveredStatus":0,"heading":11,"lastrefreshon":"09-03-2024 14:39:03","lastreceiveddatetimeflag":0,"tripposition":3}]},{"routeid":4887,"stationid":23680,"stationname":"KIMS College","from":"Uttarahalli","to":"Kempegowda Bus Station","routeno":"210-NG","distance_on_station":4.928,"centerlat":12.92678,"centerlong":77.56133,"responsecode":200,"isnotify":0,"vehicleDetails":[{"vehicleid":21809,"vehiclenumber":"KA01F9576","servicetypeid":72,"servicetype":"Non AC/Ordinary","centerlat":12.905005,"centerlong":77.543442,"eta":"2024-03-09 14:48:00","sch_arrivaltime":"15:21","sch_departuretime":"15:21","actual_arrivaltime":"","actual_departuretime":"","sch_tripstarttime":"15:10","sch_tripendtime":"15:10","lastlocationid":0,"currentlocationid":22570,"nextlocationid":0,"currentstop":null,"nextstop":null,"laststop":null,"stopCoveredStatus":0,"heading":11,"lastrefreshon":"09-03-2024 14:39:03","lastreceiveddatetimeflag":0,"tripposition":3}]},{"routeid":4887,"stationid":23681,"stationname":"Indira Nursing Home","from":"Uttarahalli","to":"Kempegowda Bus Station","routeno":"210-NG","distance_on_station":5.614,"centerlat":12.92921,"centerlong":77.56441,"responsecode":200,"isnotify":0,"vehicleDetails":[{"vehicleid":21809,"vehiclenumber":"KA01F9576","servicetypeid":72,"servicetype":"Non AC/Ordinary","centerlat":12.905005,"centerlong":77.543442,"eta":"2024-03-09 14:49:00","sch_arrivaltime":"15:22","sch_departuretime":"15:22","actual_arrivaltime":"","actual_departuretime":"","sch_tripstarttime":"15:10","sch_tripendtime":"15:10","lastlocationid":0,"currentlocationid":22570,"nextlocationid":0,"currentstop":null,"nextstop":null,"laststop":null,"stopCoveredStatus":0,"heading":11,"lastrefreshon":"09-03-2024 14:39:03","lastreceiveddatetimeflag":0,"tripposition":3}]},{"routeid":4887,"stationid":23682,"stationname":"Thyagaraja Nagara","from":"Uttarahalli","to":"Kempegowda Bus Station","routeno":"210-NG","distance_on_station":6.378,"centerlat":12.93203,"centerlong":77.56755,"responsecode":200,"isnotify":0,"vehicleDetails":[{"vehicleid":21809,"vehiclenumber":"KA01F9576","servicetypeid":72,"servicetype":"Non AC/Ordinary","centerlat":12.905005,"centerlong":77.543442,"eta":"2024-03-09 14:50:00","sch_arrivaltime":"15:24","sch_departuretime":"15:24","actual_arrivaltime":"","actual_departuretime":"","sch_tripstarttime":"15:10","sch_tripendtime":"15:10","lastlocationid":0,"currentlocationid":22570,"nextlocationid":0,"currentstop":null,"nextstop":null,"laststop":null,"stopCoveredStatus":0,"heading":11,"lastrefreshon":"09-03-2024 14:39:03","lastreceiveddatetimeflag":0,"tripposition":3}]},{"routeid":4887,"stationid":23683,"stationname":"Thyagaraja Nagara KEB Quarters","from":"Uttarahalli","to":"Kempegowda Bus Station","routeno":"210-NG","distance_on_station":6.839,"centerlat":12.93504,"centerlong":77.56842,"responsecode":200,"isnotify":0,"vehicleDetails":[{"vehicleid":21809,"vehiclenumber":"KA01F9576","servicetypeid":72,"servicetype":"Non AC/Ordinary","centerlat":12.905005,"centerlong":77.543442,"eta":"2024-03-09 14:51:00","sch_arrivaltime":"15:25","sch_departuretime":"15:25","actual_arrivaltime":"","actual_departuretime":"","sch_tripstarttime":"15:10","sch_tripendtime":"15:10","lastlocationid":0,"currentlocationid":22570,"nextlocationid":0,"currentstop":null,"nextstop":null,"laststop":null,"stopCoveredStatus":0,"heading":11,"lastrefreshon":"09-03-2024 14:39:03","lastreceiveddatetimeflag":0,"tripposition":3}]},{"routeid":4887,"stationid":23684,"stationname":"NR Colony","from":"Uttarahalli","to":"Kempegowda Bus Station","routeno":"210-NG","distance_on_station":7.327,"centerlat":12.93789,"centerlong":77.5689,"responsecode":200,"isnotify":0,"vehicleDetails":[{"vehicleid":21809,"vehiclenumber":"KA01F9576","servicetypeid":72,"servicetype":"Non AC/Ordinary","centerlat":12.905005,"centerlong":77.543442,"eta":"2024-03-09 14:52:00","sch_arrivaltime":"15:26","sch_departuretime":"15:26","actual_arrivaltime":"","actual_departuretime":"","sch_tripstarttime":"15:10","sch_tripendtime":"15:10","lastlocationid":0,"currentlocationid":22570,"nextlocationid":0,"currentstop":null,"nextstop":null,"laststop":null,"stopCoveredStatus":0,"heading":11,"lastrefreshon":"09-03-2024 14:39:03","lastreceiveddatetimeflag":0,"tripposition":3}]},{"routeid":4887,"stationid":23685,"stationname":"Nettakallappa Circle","from":"Uttarahalli","to":"Kempegowda Bus Station","routeno":"210-NG","distance_on_station":7.867,"centerlat":12.93949,"centerlong":77.57214,"responsecode":200,"isnotify":0,"vehicleDetails":[{"vehicleid":21809,"vehiclenumber":"KA01F9576","servicetypeid":72,"servicetype":"Non AC/Ordinary","centerlat":12.905005,"centerlong":77.543442,"eta":"2024-03-09 14:53:00","sch_arrivaltime":"15:27","sch_departuretime":"15:27","actual_arrivaltime":"","actual_departuretime":"","sch_tripstarttime":"15:10","sch_tripendtime":"15:10","lastlocationid":0,"currentlocationid":22570,"nextlocationid":0,"currentstop":null,"nextstop":null,"laststop":null,"stopCoveredStatus":0,"heading":11,"lastrefreshon":"09-03-2024 14:39:03","lastreceiveddatetimeflag":0,"tripposition":3}]},{"routeid":4887,"stationid":21722,"stationname":"Basavanagudi Police Station","from":"Uttarahalli","to":"Kempegowda Bus Station","routeno":"210-NG","distance_on_station":8.302,"centerlat":12.94158,"centerlong":77.57374,"responsecode":200,"isnotify":0,"vehicleDetails":[{"vehicleid":21809,"vehiclenumber":"KA01F9576","servicetypeid":72,"servicetype":"Non AC/Ordinary","centerlat":12.905005,"centerlong":77.543442,"eta":"2024-03-09 14:54:00","sch_arrivaltime":"15:28","sch_departuretime":"15:28","actual_arrivaltime":"","actual_departuretime":"","sch_tripstarttime":"15:10","sch_tripendtime":"15:10","lastlocationid":0,"currentlocationid":22570,"nextlocationid":0,"currentstop":null,"nextstop":null,"laststop":null,"stopCoveredStatus":0,"heading":11,"lastrefreshon":"09-03-2024 14:39:03","lastreceiveddatetimeflag":0,"tripposition":3}]},{"routeid":4887,"stationid":35197,"stationname":"Gandhi Bazaar","from":"Uttarahalli","to":"Kempegowda Bus Station","routeno":"210-NG","distance_on_station":9.303,"centerlat":12.94622,"centerlong":77.57014,"responsecode":200,"isnotify":0,"vehicleDetails":[{"vehicleid":21809,"vehiclenumber":"KA01F9576","servicetypeid":72,"servicetype":"Non AC/Ordinary","centerlat":12.905005,"centerlong":77.543442,"eta":"2024-03-09 14:55:00","sch_arrivaltime":"15:32","sch_departuretime":"15:32","actual_arrivaltime":"","actual_departuretime":"","sch_tripstarttime":"15:10","sch_tripendtime":"15:10","lastlocationid":0,"currentlocationid":22570,"nextlocationid":0,"currentstop":null,"nextstop":null,"laststop":null,"stopCoveredStatus":0,"heading":11,"lastrefreshon":"09-03-2024 14:39:03","lastreceiveddatetimeflag":0,"tripposition":3}]},{"routeid":4887,"stationid":21119,"stationname":"Ramakrishna Ashrama","from":"Uttarahalli","to":"Kempegowda Bus Station","routeno":"210-NG","distance_on_station":9.923,"centerlat":12.94898,"centerlong":77.56765,"responsecode":200,"isnotify":0,"vehicleDetails":[{"vehicleid":21809,"vehiclenumber":"KA01F9576","servicetypeid":72,"servicetype":"Non AC/Ordinary","centerlat":12.905005,"centerlong":77.543442,"eta":"2024-03-09 14:56:00","sch_arrivaltime":"15:35","sch_departuretime":"15:35","actual_arrivaltime":"","actual_departuretime":"","sch_tripstarttime":"15:10","sch_tripendtime":"15:10","lastlocationid":0,"currentlocationid":22570,"nextlocationid":0,"currentstop":null,"nextstop":null,"laststop":null,"stopCoveredStatus":0,"heading":11,"lastrefreshon":"09-03-2024 14:39:03","lastreceiveddatetimeflag":0,"tripposition":3}]},{"routeid":4887,"stationid":20644,"stationname":"Bengaluru High School","from":"Uttarahalli","to":"Kempegowda Bus Station","routeno":"210-NG","distance_on_station":10.371,"centerlat":12.95209,"centerlong":77.56749,"responsecode":200,"isnotify":0,"vehicleDetails":[{"vehicleid":21809,"vehiclenumber":"KA01F9576","servicetypeid":72,"servicetype":"Non AC/Ordinary","centerlat":12.905005,"centerlong":77.543442,"eta":"2024-03-09 14:57:00","sch_arrivaltime":"15:36","sch_departuretime":"15:36","actual_arrivaltime":"","actual_departuretime":"","sch_tripstarttime":"15:10","sch_tripendtime":"15:10","lastlocationid":0,"currentlocationid":22570,"nextlocationid":0,"currentstop":null,"nextstop":null,"laststop":null,"stopCoveredStatus":0,"heading":11,"lastrefreshon":"09-03-2024 14:39:03","lastreceiveddatetimeflag":0,"tripposition":3}]},{"routeid":4887,"stationid":22770,"stationname":"Chamarajapet","from":"Uttarahalli","to":"Kempegowda Bus Station","routeno":"210-NG","distance_on_station":11.188,"centerlat":12.95764,"centerlong":77.56736,"responsecode":200,"isnotify":0,"vehicleDetails":[{"vehicleid":21809,"vehiclenumber":"KA01F9576","servicetypeid":72,"servicetype":"Non AC/Ordinary","centerlat":12.905005,"centerlong":77.543442,"eta":"2024-03-09 14:58:00","sch_arrivaltime":"15:38","sch_departuretime":"15:38","actual_arrivaltime":"","actual_departuretime":"","sch_tripstarttime":"15:10","sch_tripendtime":"15:10","lastlocationid":0,"currentlocationid":22570,"nextlocationid":0,"currentstop":null,"nextstop":null,"laststop":null,"stopCoveredStatus":0,"heading":11,"lastrefreshon":"09-03-2024 14:39:03","lastreceiveddatetimeflag":0,"tripposition":3}]},{"routeid":4887,"stationid":20673,"stationname":"Binny MIll","from":"Uttarahalli","to":"Kempegowda Bus Station","routeno":"210-NG","distance_on_station":13.112,"centerlat":12.9653,"centerlong":77.56817,"responsecode":200,"isnotify":0,"vehicleDetails":[{"vehicleid":21809,"vehiclenumber":"KA01F9576","servicetypeid":72,"servicetype":"Non AC/Ordinary","centerlat":12.905005,"centerlong":77.543442,"eta":"2024-03-09 14:59:00","sch_arrivaltime":"15:45","sch_departuretime":"15:45","actual_arrivaltime":"","actual_departuretime":"","sch_tripstarttime":"15:10","sch_tripendtime":"15:10","lastlocationid":0,"currentlocationid":22570,"nextlocationid":0,"currentstop":null,"nextstop":null,"laststop":null,"stopCoveredStatus":0,"heading":11,"lastrefreshon":"09-03-2024 14:39:03","lastreceiveddatetimeflag":0,"tripposition":3}]},{"routeid":4887,"stationid":20922,"stationname":"Kempegowda Bus Station","from":"Uttarahalli","to":"Kempegowda Bus Station","routeno":"210-NG","distance_on_station":15.8,"centerlat":12.97749,"centerlong":77.57327,"responsecode":200,"isnotify":0,"vehicleDetails":[{"vehicleid":21809,"vehiclenumber":"KA01F9576","servicetypeid":72,"servicetype":"Non AC/Ordinary","centerlat":12.905005,"centerlong":77.543442,"eta":"2024-03-09 15:02:00","sch_arrivaltime":"15:54","sch_departuretime":"15:54","actual_arrivaltime":"","actual_departuretime":"","sch_tripstarttime":"15:10","sch_tripendtime":"15:10","lastlocationid":0,"currentlocationid":22570,"nextlocationid":0,"currentstop":null,"nextstop":null,"laststop":null,"stopCoveredStatus":0,"heading":11,"lastrefreshon":"09-03-2024 14:39:03","lastreceiveddatetimeflag":0,"tripposition":1}]}],"mapData":[{"vehicleid":21809,"vehiclenumber":"KA01F9576","servicetypeid":72,"servicetype":"Non AC/Ordinary","centerlat":12.905005,"centerlong":77.543442,"eta":"2024-03-09 15:02:00","sch_arrivaltime":"15:54","sch_departuretime":"15:54","actual_arrivaltime":"","actual_departuretime":"","sch_tripstarttime":"15:10","sch_tripendtime":"15:10","lastlocationid":0,"currentlocationid":22570,"nextlocationid":0,"currentstop":null,"nextstop":null,"laststop":null,"stopCoveredStatus":0,"heading":11,"lastrefreshon":"09-03-2024 14:39:03","lastreceiveddatetimeflag":0,"tripposition":1}]},"message":"Success","issuccess":true,"exception":null,"rowCount":0,"responsecode":200}