{"up":{"data":[],"mapData":[]},"down":{"data":[{"routeid":4382,"stationid":35925,"stationname":"BEML Layout 5th stage","from":"BEML Layout 5th stage","to":"Kempegowda Bus Station","routeno":"210-WA KBS-BEML5","distance_on_station":0,"centerlat":12.90681,"centerlong":77.52108,"responsecode":200,"isnotify":0,"vehicleDetails":[{"vehicleid":12528,"vehiclenumber":"KA57F2943","servicetypeid":72,"servicetype":"Non AC/Ordinary","centerlat":12.909364,"centerlong":77.549622,"eta":"","sch_arrivaltime":"15:26","sch_departuretime":"15:26","actual_arrivaltime":"15:23","actual_departuretime":"15:23","sch_tripstarttime":"15:26","sch_tripendtime":"15:26","lastlocationid":0,"currentlocationid":21842,"nextlocationid":0,"currentstop":null,"nextstop":null,"laststop":null,"stopCoveredStatus":1,"heading":72,"lastrefreshon":"08-02-2024 15:37:54","lastreceiveddatetimeflag":0,"tripposition":1}]},{"routeid":4382,"stationid":35923,"stationname":"Channasandra","from":"BEML Layout 5th stage","to":"Kempegowda Bus Station","routeno":"210-WA KBS-BEML5","distance_on_station":0.44,"centerlat":12.9029,"centerlong":77.52135,"responsecode":200,"isnotify":0,"vehicleDetails":[{"vehicleid":12528,"vehiclenumber":"KA57F2943","servicetypeid":72,"servicetype":"Non AC/Ordinary","centerlat":12.909364,"centerlong":77.549622,"eta":"","sch_arrivaltime":"15:27","sch_departuretime":"15:27","actual_arrivaltime":"15:25","actual_departuretime":"15:25","sch_tripstarttime":"15:26","sch_tripendtime":"15:26","lastlocationid":0,"currentlocationid":21842,"nextlocationid":0,"currentstop":null,"nextstop":null,"laststop":null,"stopCoveredStatus":1,"heading":72,"lastrefreshon":"08-02-2024 15:37:54","lastreceiveddatetimeflag":0,"tripposition":1}]},{"routeid":4382,"stationid":28771,"stationname":"Mantri Alpyne Apartment","from":"BEML Layout 5th stage","to":"Kempegowda Bus Station","routeno":"210-WA KBS-BEML5","distance_on_station":1.076,"centerlat":12.90449,"centerlong":77.5271,"responsecode":200,"isnotify":0,"vehicleDetails":[{"vehicleid":12528,"vehiclenumber":"KA57F2943","servicetypeid":72,"servicetype":"Non AC/Ordinary","centerlat":12.909364,"centerlong":77.549622,"eta":"","sch_arrivaltime":"15:28","sch_departuretime":"15:28","actual_arrivaltime":"15:27","actual_departuretime":"15:27","sch_tripstarttime":"15:26","sch_tripendtime":"15:26","lastlocationid":0,"currentlocationid":21842,"nextlocationid":0,"currentstop":null,"nextstop":null,"laststop":null,"stopCoveredStatus":1,"heading":72,"lastrefreshon":"08-02-2024 15:37:54","lastreceiveddatetimeflag":0,"tripposition":1}]},{"routeid":4382,"stationid":22375,"stationname":"Patalamma Temple","from":"BEML Layout 5th stage","to":"Kempegowda Bus Station","routeno":"210-WA KBS-BEML5","distance_on_station":1.408,"centerlat":12.90483,"centerlong":77.53006,"responsecode":200,"isnotify":0,"vehicleDetails":[{"vehicleid":12528,"vehiclenumber":"KA57F2943","servicetypeid":72,"servicetype":"Non AC/Ordinary","centerlat":12.909364,"centerlong":77.549622,"eta":"","sch_arrivaltime":"15:29","sch_departuretime":"15:29","actual_arrivaltime":"15:28","actual_departuretime":"15:28","sch_tripstarttime":"15:26","sch_tripendtime":"15:26","lastlocationid":0,"currentlocationid":21842,"nextlocationid":0,"currentstop":null,"nextstop":null,"laststop":null,"stopCoveredStatus":1,"heading":72,"lastrefreshon":"08-02-2024 15:37:54","lastreceiveddatetimeflag":0,"tripposition":1}]},{"routeid":4382,"stationid":22572,"stationname":"Uttarahalli Water Tank","from":"BEML Layout 5th stage","to":"Kempegowda Bus Station","routeno":"210-WA KBS-BEML5","distance_on_station":2.122,"centerlat":12.90832,"centerlong":77.5345,"responsecode":200,"isnotify":0,"vehicleDetails":[{"vehicleid":12528,"vehiclenumber":"KA57F2943","servicetypeid":72,"servicetype":"Non AC/Ordinary","centerlat":12.909364,"centerlong":77.549622,"eta":"","sch_arrivaltime":"15:31","sch_departuretime":"15:31","actual_arrivaltime":"15:30","actual_departuretime":"15:31","sch_tripstarttime":"15:26","sch_tripendtime":"15:26","lastlocationid":0,"currentlocationid":21842,"nextlocationid":0,"currentstop":null,"nextstop":null,"laststop":null,"stopCoveredStatus":1,"heading":72,"lastrefreshon":"08-02-2024 15:37:54","lastreceiveddatetimeflag":0,"tripposition":1}]},{"routeid":4382,"stationid":22395,"stationname":"Poornaprajna Layout","from":"BEML Layout 5th stage","to":"Kempegowda Bus Station","routeno":"210-WA KBS-BEML5","distance_on_station":2.288,"centerlat":12.90882,"centerlong":77.53585,"responsecode":200,"isnotify":0,"vehicleDetails":[{"vehicleid":12528,"vehiclenumber":"KA57F2943","servicetypeid":72,"servicetype":"Non AC/Ordinary","centerlat":12.909364,"centerlong":77.549622,"eta":"","sch_arrivaltime":"15:32","sch_departuretime":"15:32","actual_arrivaltime":"15:31","actual_departuretime":"15:31","sch_tripstarttime":"15:26","sch_tripendtime":"15:26","lastlocationid":0,"currentlocationid":21842,"nextlocationid":0,"currentstop":null,"nextstop":null,"laststop":null,"stopCoveredStatus":1,"heading":72,"lastrefreshon":"08-02-2024 15:37:54","lastreceiveddatetimeflag":0,"tripposition":1}]},{"routeid":4382,"stationid":21661,"stationname":"Arehalli","from":"BEML Layout 5th stage","to":"Kempegowda Bus Station","routeno":"210-WA KBS-BEML5","distance_on_station":2.503,"centerlat":12.90857,"centerlong":77.53841,"responsecode":200,"isnotify":0,"vehicleDetails":[{"vehicleid":12528,"vehiclenumber":"KA57F2943","servicetypeid":72,"servicetype":"Non AC/Ordinary","centerlat":12.909364,"centerlong":77.549622,"eta":"","sch_arrivaltime":"15:33","sch_departuretime":"15:33","actual_arrivaltime":"15:32","actual_departuretime":"15:32","sch_tripstarttime":"15:26","sch_tripendtime":"15:26","lastlocationid":0,"currentlocationid":21842,"nextlocationid":0,"currentstop":null,"nextstop":null,"laststop":null,"stopCoveredStatus":1,"heading":72,"lastrefreshon":"08-02-2024 15:37:54","lastreceiveddatetimeflag":0,"tripposition":1}]},{"routeid":4382,"stationid":22568,"stationname":"Uttarahalli","from":"BEML Layout 5th stage","to":"Kempegowda Bus Station","routeno":"210-WA KBS-BEML5","distance_on_station":3.188,"centerlat":12.9059,"centerlong":77.54282,"responsecode":200,"isnotify":0,"vehicleDetails":[{"vehicleid":12528,"vehiclenumber":"KA57F2943","servicetypeid":72,"servicetype":"Non AC/Ordinary","centerlat":12.909364,"centerlong":77.549622,"eta":"","sch_arrivaltime":"15:35","sch_departuretime":"15:35","actual_arrivaltime":"15:34","actual_departuretime":"15:34","sch_tripstarttime":"15:26","sch_tripendtime":"15:26","lastlocationid":0,"currentlocationid":21842,"nextlocationid":0,"currentstop":null,"nextstop":null,"laststop":null,"stopCoveredStatus":1,"heading":72,"lastrefreshon":"08-02-2024 15:37:54","lastreceiveddatetimeflag":0,"tripposition":1}]},{"routeid":4382,"stationid":23736,"stationname":"KR Hospital Uttarahalli","from":"BEML Layout 5th stage","to":"Kempegowda Bus Station","routeno":"210-WA KBS-BEML5","distance_on_station":3.54,"centerlat":12.90695,"centerlong":77.54598,"responsecode":200,"isnotify":0,"vehicleDetails":[{"vehicleid":12528,"vehiclenumber":"KA57F2943","servicetypeid":72,"servicetype":"Non AC/Ordinary","centerlat":12.909364,"centerlong":77.549622,"eta":"","sch_arrivaltime":"15:36","sch_departuretime":"15:36","actual_arrivaltime":"15:35","actual_departuretime":"15:36","sch_tripstarttime":"15:26","sch_tripendtime":"15:26","lastlocationid":0,"currentlocationid":21842,"nextlocationid":0,"currentstop":null,"nextstop":null,"laststop":null,"stopCoveredStatus":1,"heading":72,"lastrefreshon":"08-02-2024 15:37:54","lastreceiveddatetimeflag":0,"tripposition":1}]},{"routeid":4382,"stationid":21842,"stationname":"Chikkallasandra Bank Colony","from":"BEML Layout 5th stage","to":"Kempegowda Bus Station","routeno":"210-WA KBS-BEML5","distance_on_station":3.95,"centerlat":12.90906,"centerlong":77.5491,"responsecode":200,"isnotify":0,"vehicleDetails":[{"vehicleid":12528,"vehiclenumber":"KA57F2943","servicetypeid":72,"servicetype":"Non AC/Ordinary","centerlat":12.909364,"centerlong":77.549622,"eta":"2024-02-08 15:38:00","sch_arrivaltime":"15:37","sch_departuretime":"15:37","actual_arrivaltime":"15:37","actual_departuretime":"15:37","sch_tripstarttime":"15:26","sch_tripendtime":"15:26","lastlocationid":0,"currentlocationid":21842,"nextlocationid":0,"currentstop":null,"nextstop":null,"laststop":null,"stopCoveredStatus":1,"heading":72,"lastrefreshon":"08-02-2024 15:37:54","lastreceiveddatetimeflag":0,"tripposition":1}]},{"routeid":4382,"stationid":21840,"stationname":"Chikkallasandra Aralimara","from":"BEML Layout 5th stage","to":"Kempegowda Bus Station","routeno":"210-WA KBS-BEML5","distance_on_station":4.4,"centerlat":12.91168,"centerlong":77.55226,"responsecode":200,"isnotify":0,"vehicleDetails":[{"vehicleid":12528,"vehiclenumber":"KA57F2943","servicetypeid":72,"servicetype":"Non AC/Ordinary","centerlat":12.909364,"centerlong":77.549622,"eta":"2024-02-08 15:39:00","sch_arrivaltime":"15:38","sch_departuretime":"15:38","actual_arrivaltime":"","actual_departuretime":"","sch_tripstarttime":"15:26","sch_tripendtime":"15:26","lastlocationid":0,"currentlocationid":21842,"nextlocationid":0,"currentstop":null,"nextstop":null,"laststop":null,"stopCoveredStatus":0,"heading":72,"lastrefreshon":"08-02-2024 15:37:54","lastreceiveddatetimeflag":0,"tripposition":1}]}],"mapData":[{"vehicleid":12528,"vehiclenumber":"KA57F2943","servicetypeid":72,"servicetype":"Non AC/Ordinary","centerlat":12.909364,"centerlong":77.549622,"eta":"2024-02-08 15:39:00","sch_arrivaltime":"15:38","sch_departuretime":"15:38","actual_arrivaltime":"","actual_departuretime":"","sch_tripstarttime":"15:26","sch_tripendtime":"15:26","lastlocationid":0,"currentlocationid":21842,"nextlocationid":0,"currentstop":null,"nextstop":null,"laststop":null,"stopCoveredStatus":0,"heading":72,"lastrefreshon":"08-02-2024 15:37:54","lastreceiveddatetimeflag":0,"tripposition":1}]},"message":"Success","issuccess":true,"exception":null,"rowCount":0,"responsecode":200}