{"up":{"data":[],"mapData":[]},"down":{"data":[{"routeid":3438,"stationid":24123,"stationname":"Nettigere","from":"Nettigere","to":"Kempegowda Bus Station","routeno":"213-N","distance_on_station":0,"centerlat":12.75892,"centerlong":77.49446,"responsecode":200,"isnotify":0,"vehicleDetails":[{"vehicleid":21640,"vehiclenumber":"KA53F0201","servicetypeid":72,"servicetype":"Non AC/Ordinary","centerlat":12.760999,"centerlong":77.486748,"eta":"","sch_arrivaltime":"08:15","sch_departuretime":"08:15","actual_arrivaltime":"08:12","actual_departuretime":"08:13","sch_tripstarttime":"08:15","sch_tripendtime":"08:15","lastlocationid":0,"currentlocationid":23626,"nextlocationid":0,"currentstop":null,"nextstop":null,"laststop":null,"stopCoveredStatus":1,"heading":259,"lastrefreshon":"07-02-2024 08:16:55","lastreceiveddatetimeflag":0,"tripposition":1}]},{"routeid":3438,"stationid":23626,"stationname":"Nettigere Cross","from":"Nettigere","to":"Kempegowda Bus Station","routeno":"213-N","distance_on_station":1.75,"centerlat":12.76129,"centerlong":77.48658,"responsecode":200,"isnotify":0,"vehicleDetails":[{"vehicleid":21640,"vehiclenumber":"KA53F0201","servicetypeid":72,"servicetype":"Non AC/Ordinary","centerlat":12.760999,"centerlong":77.486748,"eta":"2024-02-07 08:20:00","sch_arrivaltime":"08:19","sch_departuretime":"08:19","actual_arrivaltime":"","actual_departuretime":"","sch_tripstarttime":"08:15","sch_tripendtime":"08:15","lastlocationid":0,"currentlocationid":23626,"nextlocationid":0,"currentstop":null,"nextstop":null,"laststop":null,"stopCoveredStatus":0,"heading":259,"lastrefreshon":"07-02-2024 08:16:55","lastreceiveddatetimeflag":0,"tripposition":3}]},{"routeid":3438,"stationid":23627,"stationname":"Sadhanapalya Gate","from":"Nettigere","to":"Kempegowda Bus Station","routeno":"213-N","distance_on_station":2.472,"centerlat":12.76801,"centerlong":77.48864,"responsecode":200,"isnotify":0,"vehicleDetails":[{"vehicleid":21640,"vehiclenumber":"KA53F0201","servicetypeid":72,"servicetype":"Non AC/Ordinary","centerlat":12.760999,"centerlong":77.486748,"eta":"2024-02-07 08:22:00","sch_arrivaltime":"08:20","sch_departuretime":"08:20","actual_arrivaltime":"","actual_departuretime":"","sch_tripstarttime":"08:15","sch_tripendtime":"08:15","lastlocationid":0,"currentlocationid":23626,"nextlocationid":0,"currentstop":null,"nextstop":null,"laststop":null,"stopCoveredStatus":0,"heading":259,"lastrefreshon":"07-02-2024 08:16:55","lastreceiveddatetimeflag":0,"tripposition":3}]},{"routeid":3438,"stationid":23628,"stationname":"Hosa Doddy Gate","from":"Nettigere","to":"Kempegowda Bus Station","routeno":"213-N","distance_on_station":3.546,"centerlat":12.76459,"centerlong":77.48742,"responsecode":200,"isnotify":0,"vehicleDetails":[{"vehicleid":21640,"vehiclenumber":"KA53F0201","servicetypeid":72,"servicetype":"Non AC/Ordinary","centerlat":12.760999,"centerlong":77.486748,"eta":"2024-02-07 08:26:00","sch_arrivaltime":"08:22","sch_departuretime":"08:22","actual_arrivaltime":"","actual_departuretime":"","sch_tripstarttime":"08:15","sch_tripendtime":"08:15","lastlocationid":0,"currentlocationid":23626,"nextlocationid":0,"currentstop":null,"nextstop":null,"laststop":null,"stopCoveredStatus":0,"heading":259,"lastrefreshon":"07-02-2024 08:16:55","lastreceiveddatetimeflag":0,"tripposition":3}]},{"routeid":3438,"stationid":23629,"stationname":"Nelagulli Cross","from":"Nettigere","to":"Kempegowda Bus Station","routeno":"213-N","distance_on_station":4.694,"centerlat":12.77409,"centerlong":77.49217,"responsecode":200,"isnotify":0,"vehicleDetails":[{"vehicleid":21640,"vehiclenumber":"KA53F0201","servicetypeid":72,"servicetype":"Non AC/Ordinary","centerlat":12.760999,"centerlong":77.486748,"eta":"2024-02-07 08:29:00","sch_arrivaltime":"08:24","sch_departuretime":"08:24","actual_arrivaltime":"","actual_departuretime":"","sch_tripstarttime":"08:15","sch_tripendtime":"08:15","lastlocationid":0,"currentlocationid":23626,"nextlocationid":0,"currentstop":null,"nextstop":null,"laststop":null,"stopCoveredStatus":0,"heading":259,"lastrefreshon":"07-02-2024 08:16:55","lastreceiveddatetimeflag":0,"tripposition":3}]},{"routeid":3438,"stationid":35187,"stationname":"Somanahalli Gate","from":"Nettigere","to":"Kempegowda Bus Station","routeno":"213-N","distance_on_station":5.536,"centerlat":12.78052,"centerlong":77.49675,"responsecode":200,"isnotify":0,"vehicleDetails":[{"vehicleid":21640,"vehiclenumber":"KA53F0201","servicetypeid":72,"servicetype":"Non AC/Ordinary","centerlat":12.760999,"centerlong":77.486748,"eta":"2024-02-07 08:32:00","sch_arrivaltime":"08:25","sch_departuretime":"08:25","actual_arrivaltime":"","actual_departuretime":"","sch_tripstarttime":"08:15","sch_tripendtime":"08:15","lastlocationid":0,"currentlocationid":23626,"nextlocationid":0,"currentstop":null,"nextstop":null,"laststop":null,"stopCoveredStatus":0,"heading":259,"lastrefreshon":"07-02-2024 08:16:55","lastreceiveddatetimeflag":0,"tripposition":3}]},{"routeid":3438,"stationid":23632,"stationname":"APS College","from":"Nettigere","to":"Kempegowda Bus Station","routeno":"213-N","distance_on_station":5.888,"centerlat":12.78264,"centerlong":77.49949,"responsecode":200,"isnotify":0,"vehicleDetails":[{"vehicleid":21640,"vehiclenumber":"KA53F0201","servicetypeid":72,"servicetype":"Non AC/Ordinary","centerlat":12.760999,"centerlong":77.486748,"eta":"2024-02-07 08:33:00","sch_arrivaltime":"08:26","sch_departuretime":"08:26","actual_arrivaltime":"","actual_departuretime":"","sch_tripstarttime":"08:15","sch_tripendtime":"08:15","lastlocationid":0,"currentlocationid":23626,"nextlocationid":0,"currentstop":null,"nextstop":null,"laststop":null,"stopCoveredStatus":0,"heading":259,"lastrefreshon":"07-02-2024 08:16:55","lastreceiveddatetimeflag":0,"tripposition":3}]},{"routeid":3438,"stationid":23633,"stationname":"Gandhi Nagara","from":"Nettigere","to":"Kempegowda Bus Station","routeno":"213-N","distance_on_station":6.804,"centerlat":12.79003,"centerlong":77.50442,"responsecode":200,"isnotify":0,"vehicleDetails":[{"vehicleid":21640,"vehiclenumber":"KA53F0201","servicetypeid":72,"servicetype":"Non AC/Ordinary","centerlat":12.760999,"centerlong":77.486748,"eta":"2024-02-07 08:36:00","sch_arrivaltime":"08:28","sch_departuretime":"08:28","actual_arrivaltime":"","actual_departuretime":"","sch_tripstarttime":"08:15","sch_tripendtime":"08:15","lastlocationid":0,"currentlocationid":23626,"nextlocationid":0,"currentstop":null,"nextstop":null,"laststop":null,"stopCoveredStatus":0,"heading":259,"lastrefreshon":"07-02-2024 08:16:55","lastreceiveddatetimeflag":0,"tripposition":3}]},{"routeid":3438,"stationid":23634,"stationname":"Pattareddypalya","from":"Nettigere","to":"Kempegowda Bus Station","routeno":"213-N","distance_on_station":7.239,"centerlat":12.79414,"centerlong":77.50535,"responsecode":200,"isnotify":0,"vehicleDetails":[{"vehicleid":21640,"vehiclenumber":"KA53F0201","servicetypeid":72,"servicetype":"Non AC/Ordinary","centerlat":12.760999,"centerlong":77.486748,"eta":"2024-02-07 08:38:00","sch_arrivaltime":"08:29","sch_departuretime":"08:29","actual_arrivaltime":"","actual_departuretime":"","sch_tripstarttime":"08:15","sch_tripendtime":"08:15","lastlocationid":0,"currentlocationid":23626,"nextlocationid":0,"currentstop":null,"nextstop":null,"laststop":null,"stopCoveredStatus":0,"heading":259,"lastrefreshon":"07-02-2024 08:16:55","lastreceiveddatetimeflag":0,"tripposition":3}]},{"routeid":3438,"stationid":22138,"stationname":"Kaggalipura","from":"Nettigere","to":"Kempegowda Bus Station","routeno":"213-N","distance_on_station":7.998,"centerlat":12.80032,"centerlong":77.5084,"responsecode":200,"isnotify":0,"vehicleDetails":[{"vehicleid":21640,"vehiclenumber":"KA53F0201","servicetypeid":72,"servicetype":"Non AC/Ordinary","centerlat":12.760999,"centerlong":77.486748,"eta":"2024-02-07 08:40:00","sch_arrivaltime":"08:30","sch_departuretime":"08:30","actual_arrivaltime":"","actual_departuretime":"","sch_tripstarttime":"08:15","sch_tripendtime":"08:15","lastlocationid":0,"currentlocationid":23626,"nextlocationid":0,"currentstop":null,"nextstop":null,"laststop":null,"stopCoveredStatus":0,"heading":259,"lastrefreshon":"07-02-2024 08:16:55","lastreceiveddatetimeflag":0,"tripposition":3}]},{"routeid":3438,"stationid":23603,"stationname":"Santekatte","from":"Nettigere","to":"Kempegowda Bus Station","routeno":"213-N","distance_on_station":8.739,"centerlat":12.80664,"centerlong":77.51056,"responsecode":200,"isnotify":0,"vehicleDetails":[{"vehicleid":21640,"vehiclenumber":"KA53F0201","servicetypeid":72,"servicetype":"Non AC/Ordinary","centerlat":12.760999,"centerlong":77.486748,"eta":"2024-02-07 08:43:00","sch_arrivaltime":"08:33","sch_departuretime":"08:33","actual_arrivaltime":"","actual_departuretime":"","sch_tripstarttime":"08:15","sch_tripendtime":"08:15","lastlocationid":0,"currentlocationid":23626,"nextlocationid":0,"currentstop":null,"nextstop":null,"laststop":null,"stopCoveredStatus":0,"heading":259,"lastrefreshon":"07-02-2024 08:16:55","lastreceiveddatetimeflag":0,"tripposition":3}]},{"routeid":3438,"stationid":22447,"stationname":"Saluhunase","from":"Nettigere","to":"Kempegowda Bus Station","routeno":"213-N","distance_on_station":9.193,"centerlat":12.81079,"centerlong":77.51148,"responsecode":200,"isnotify":0,"vehicleDetails":[{"vehicleid":21640,"vehiclenumber":"KA53F0201","servicetypeid":72,"servicetype":"Non AC/Ordinary","centerlat":12.760999,"centerlong":77.486748,"eta":"2024-02-07 08:44:00","sch_arrivaltime":"08:34","sch_departuretime":"08:34","actual_arrivaltime":"","actual_departuretime":"","sch_tripstarttime":"08:15","sch_tripendtime":"08:15","lastlocationid":0,"currentlocationid":23626,"nextlocationid":0,"currentstop":null,"nextstop":null,"laststop":null,"stopCoveredStatus":0,"heading":259,"lastrefreshon":"07-02-2024 08:16:55","lastreceiveddatetimeflag":0,"tripposition":3}]},{"routeid":3438,"stationid":22567,"stationname":"Udayapura","from":"Nettigere","to":"Kempegowda Bus Station","routeno":"213-N","distance_on_station":9.433,"centerlat":12.81303,"centerlong":77.51202,"responsecode":200,"isnotify":0,"vehicleDetails":[{"vehicleid":21640,"vehiclenumber":"KA53F0201","servicetypeid":72,"servicetype":"Non AC/Ordinary","centerlat":12.760999,"centerlong":77.486748,"eta":"2024-02-07 08:45:00","sch_arrivaltime":"08:35","sch_departuretime":"08:35","actual_arrivaltime":"","actual_departuretime":"","sch_tripstarttime":"08:15","sch_tripendtime":"08:15","lastlocationid":0,"currentlocationid":23626,"nextlocationid":0,"currentstop":null,"nextstop":null,"laststop":null,"stopCoveredStatus":0,"heading":259,"lastrefreshon":"07-02-2024 08:16:55","lastreceiveddatetimeflag":0,"tripposition":3}]},{"routeid":3438,"stationid":23636,"stationname":"Udipalya","from":"Nettigere","to":"Kempegowda Bus Station","routeno":"213-N","distance_on_station":10.257,"centerlat":12.82017,"centerlong":77.51331,"responsecode":200,"isnotify":0,"vehicleDetails":[{"vehicleid":21640,"vehiclenumber":"KA53F0201","servicetypeid":72,"servicetype":"Non AC/Ordinary","centerlat":12.760999,"centerlong":77.486748,"eta":"2024-02-07 08:48:00","sch_arrivaltime":"08:36","sch_departuretime":"08:36","actual_arrivaltime":"","actual_departuretime":"","sch_tripstarttime":"08:15","sch_tripendtime":"08:15","lastlocationid":0,"currentlocationid":23626,"nextlocationid":0,"currentstop":null,"nextstop":null,"laststop":null,"stopCoveredStatus":0,"heading":259,"lastrefreshon":"07-02-2024 08:16:55","lastreceiveddatetimeflag":0,"tripposition":3}]},{"routeid":3438,"stationid":35674,"stationname":"Art Of Living","from":"Nettigere","to":"Kempegowda Bus Station","routeno":"213-N","distance_on_station":10.591,"centerlat":12.82261,"centerlong":77.5141,"responsecode":200,"isnotify":0,"vehicleDetails":[{"vehicleid":21640,"vehiclenumber":"KA53F0201","servicetypeid":72,"servicetype":"Non AC/Ordinary","centerlat":12.760999,"centerlong":77.486748,"eta":"2024-02-07 08:49:00","sch_arrivaltime":"08:37","sch_departuretime":"08:37","actual_arrivaltime":"","actual_departuretime":"","sch_tripstarttime":"08:15","sch_tripendtime":"08:15","lastlocationid":0,"currentlocationid":23626,"nextlocationid":0,"currentstop":null,"nextstop":null,"laststop":null,"stopCoveredStatus":0,"heading":259,"lastrefreshon":"07-02-2024 08:16:55","lastreceiveddatetimeflag":0,"tripposition":3}]},{"routeid":3438,"stationid":23637,"stationname":"Dayananda Sagar Vidya Samste","from":"Nettigere","to":"Kempegowda Bus Station","routeno":"213-N","distance_on_station":10.822,"centerlat":12.82479,"centerlong":77.51377,"responsecode":200,"isnotify":0,"vehicleDetails":[{"vehicleid":21640,"vehiclenumber":"KA53F0201","servicetypeid":72,"servicetype":"Non AC/Ordinary","centerlat":12.760999,"centerlong":77.486748,"eta":"2024-02-07 08:50:00","sch_arrivaltime":"08:38","sch_departuretime":"08:38","actual_arrivaltime":"","actual_departuretime":"","sch_tripstarttime":"08:15","sch_tripendtime":"08:15","lastlocationid":0,"currentlocationid":23626,"nextlocationid":0,"currentstop":null,"nextstop":null,"laststop":null,"stopCoveredStatus":0,"heading":259,"lastrefreshon":"07-02-2024 08:16:55","lastreceiveddatetimeflag":0,"tripposition":3}]},{"routeid":3438,"stationid":29576,"stationname":"Art Of Living Ravishankar Ashram","from":"Nettigere","to":"Kempegowda Bus Station","routeno":"213-N","distance_on_station":11.229,"centerlat":12.82863,"centerlong":77.51255,"responsecode":200,"isnotify":0,"vehicleDetails":[{"vehicleid":21640,"vehiclenumber":"KA53F0201","servicetypeid":72,"servicetype":"Non AC/Ordinary","centerlat":12.760999,"centerlong":77.486748,"eta":"2024-02-07 08:51:00","sch_arrivaltime":"08:39","sch_departuretime":"08:39","actual_arrivaltime":"","actual_departuretime":"","sch_tripstarttime":"08:15","sch_tripendtime":"08:15","lastlocationid":0,"currentlocationid":23626,"nextlocationid":0,"currentstop":null,"nextstop":null,"laststop":null,"stopCoveredStatus":0,"heading":259,"lastrefreshon":"07-02-2024 08:16:55","lastreceiveddatetimeflag":0,"tripposition":3}]},{"routeid":3438,"stationid":22438,"stationname":"Saalu Doddy","from":"Nettigere","to":"Kempegowda Bus Station","routeno":"213-N","distance_on_station":11.442,"centerlat":12.8306,"centerlong":77.513,"responsecode":200,"isnotify":0,"vehicleDetails":[{"vehicleid":21640,"vehiclenumber":"KA53F0201","servicetypeid":72,"servicetype":"Non AC/Ordinary","centerlat":12.760999,"centerlong":77.486748,"eta":"2024-02-07 08:52:00","sch_arrivaltime":"08:40","sch_departuretime":"08:40","actual_arrivaltime":"","actual_departuretime":"","sch_tripstarttime":"08:15","sch_tripendtime":"08:15","lastlocationid":0,"currentlocationid":23626,"nextlocationid":0,"currentstop":null,"nextstop":null,"laststop":null,"stopCoveredStatus":0,"heading":259,"lastrefreshon":"07-02-2024 08:16:55","lastreceiveddatetimeflag":0,"tripposition":3}]},{"routeid":3438,"stationid":22221,"stationname":"Lakshmipura","from":"Nettigere","to":"Kempegowda Bus Station","routeno":"213-N","distance_on_station":11.701,"centerlat":12.83307,"centerlong":77.51365,"responsecode":200,"isnotify":0,"vehicleDetails":[{"vehicleid":21640,"vehiclenumber":"KA53F0201","servicetypeid":72,"servicetype":"Non AC/Ordinary","centerlat":12.760999,"centerlong":77.486748,"eta":"2024-02-07 08:53:00","sch_arrivaltime":"08:41","sch_departuretime":"08:41","actual_arrivaltime":"","actual_departuretime":"","sch_tripstarttime":"08:15","sch_tripendtime":"08:15","lastlocationid":0,"currentlocationid":23626,"nextlocationid":0,"currentstop":null,"nextstop":null,"laststop":null,"stopCoveredStatus":0,"heading":259,"lastrefreshon":"07-02-2024 08:16:55","lastreceiveddatetimeflag":0,"tripposition":3}]},{"routeid":3438,"stationid":22473,"stationname":"Shanimahathma Temple","from":"Nettigere","to":"Kempegowda Bus Station","routeno":"213-N","distance_on_station":12.183,"centerlat":12.83704,"centerlong":77.51601,"responsecode":200,"isnotify":0,"vehicleDetails":[{"vehicleid":21640,"vehiclenumber":"KA53F0201","servicetypeid":72,"servicetype":"Non AC/Ordinary","centerlat":12.760999,"centerlong":77.486748,"eta":"2024-02-07 08:54:00","sch_arrivaltime":"08:42","sch_departuretime":"08:42","actual_arrivaltime":"","actual_departuretime":"","sch_tripstarttime":"08:15","sch_tripendtime":"08:15","lastlocationid":0,"currentlocationid":23626,"nextlocationid":0,"currentstop":null,"nextstop":null,"laststop":null,"stopCoveredStatus":0,"heading":259,"lastrefreshon":"07-02-2024 08:16:55","lastreceiveddatetimeflag":0,"tripposition":3}]},{"routeid":3438,"stationid":22217,"stationname":"Kuppareddy Kere","from":"Nettigere","to":"Kempegowda Bus Station","routeno":"213-N","distance_on_station":12.794,"centerlat":12.84267,"centerlong":77.5177,"responsecode":200,"isnotify":0,"vehicleDetails":[{"vehicleid":21640,"vehiclenumber":"KA53F0201","servicetypeid":72,"servicetype":"Non AC/Ordinary","centerlat":12.760999,"centerlong":77.486748,"eta":"2024-02-07 08:56:00","sch_arrivaltime":"08:43","sch_departuretime":"08:43","actual_arrivaltime":"","actual_departuretime":"","sch_tripstarttime":"08:15","sch_tripendtime":"08:15","lastlocationid":0,"currentlocationid":23626,"nextlocationid":0,"currentstop":null,"nextstop":null,"laststop":null,"stopCoveredStatus":0,"heading":259,"lastrefreshon":"07-02-2024 08:16:55","lastreceiveddatetimeflag":0,"tripposition":3}]},{"routeid":3438,"stationid":21641,"stationname":"Agara Cross","from":"Nettigere","to":"Kempegowda Bus Station","routeno":"213-N","distance_on_station":13.571,"centerlat":12.84899,"centerlong":77.52207,"responsecode":200,"isnotify":0,"vehicleDetails":[{"vehicleid":21640,"vehiclenumber":"KA53F0201","servicetypeid":72,"servicetype":"Non AC/Ordinary","centerlat":12.760999,"centerlong":77.486748,"eta":"2024-02-07 08:58:00","sch_arrivaltime":"08:45","sch_departuretime":"08:45","actual_arrivaltime":"","actual_departuretime":"","sch_tripstarttime":"08:15","sch_tripendtime":"08:15","lastlocationid":0,"currentlocationid":23626,"nextlocationid":0,"currentstop":null,"nextstop":null,"laststop":null,"stopCoveredStatus":0,"heading":259,"lastrefreshon":"07-02-2024 08:16:55","lastreceiveddatetimeflag":0,"tripposition":3}]},{"routeid":3438,"stationid":21845,"stationname":"Chinnayyanapalya Silk Farm","from":"Nettigere","to":"Kempegowda Bus Station","routeno":"213-N","distance_on_station":14.09,"centerlat":12.85375,"centerlong":77.52338,"responsecode":200,"isnotify":0,"vehicleDetails":[{"vehicleid":21640,"vehiclenumber":"KA53F0201","servicetypeid":72,"servicetype":"Non AC/Ordinary","centerlat":12.760999,"centerlong":77.486748,"eta":"2024-02-07 09:01:00","sch_arrivaltime":"08:46","sch_departuretime":"08:46","actual_arrivaltime":"","actual_departuretime":"","sch_tripstarttime":"08:15","sch_tripendtime":"08:15","lastlocationid":0,"currentlocationid":23626,"nextlocationid":0,"currentstop":null,"nextstop":null,"laststop":null,"stopCoveredStatus":0,"heading":259,"lastrefreshon":"07-02-2024 08:16:55","lastreceiveddatetimeflag":0,"tripposition":3}]},{"routeid":3438,"stationid":22364,"stationname":"NICE Road Kanakapura Road Junction","from":"Nettigere","to":"Kempegowda Bus Station","routeno":"213-N","distance_on_station":14.543,"centerlat":12.85691,"centerlong":77.52659,"responsecode":200,"isnotify":0,"vehicleDetails":[{"vehicleid":21640,"vehiclenumber":"KA53F0201","servicetypeid":72,"servicetype":"Non AC/Ordinary","centerlat":12.760999,"centerlong":77.486748,"eta":"2024-02-07 09:02:00","sch_arrivaltime":"08:47","sch_departuretime":"08:47","actual_arrivaltime":"","actual_departuretime":"","sch_tripstarttime":"08:15","sch_tripendtime":"08:15","lastlocationid":0,"currentlocationid":23626,"nextlocationid":0,"currentstop":null,"nextstop":null,"laststop":null,"stopCoveredStatus":0,"heading":259,"lastrefreshon":"07-02-2024 08:16:55","lastreceiveddatetimeflag":0,"tripposition":3}]},{"routeid":3438,"stationid":23638,"stationname":"Jyothi Farm","from":"Nettigere","to":"Kempegowda Bus Station","routeno":"213-N","distance_on_station":14.923,"centerlat":12.85983,"centerlong":77.52876,"responsecode":200,"isnotify":0,"vehicleDetails":[{"vehicleid":21640,"vehiclenumber":"KA53F0201","servicetypeid":72,"servicetype":"Non AC/Ordinary","centerlat":12.760999,"centerlong":77.486748,"eta":"2024-02-07 09:03:00","sch_arrivaltime":"08:48","sch_departuretime":"08:48","actual_arrivaltime":"","actual_departuretime":"","sch_tripstarttime":"08:15","sch_tripendtime":"08:15","lastlocationid":0,"currentlocationid":23626,"nextlocationid":0,"currentstop":null,"nextstop":null,"laststop":null,"stopCoveredStatus":0,"heading":259,"lastrefreshon":"07-02-2024 08:16:55","lastreceiveddatetimeflag":0,"tripposition":3}]},{"routeid":3438,"stationid":36170,"stationname":"Silk Institute metro station","from":"Nettigere","to":"Kempegowda Bus Station","routeno":"213-N","distance_on_station":15.154,"centerlat":12.86182,"centerlong":77.52985,"responsecode":200,"isnotify":0,"vehicleDetails":[{"vehicleid":21640,"vehiclenumber":"KA53F0201","servicetypeid":72,"servicetype":"Non AC/Ordinary","centerlat":12.760999,"centerlong":77.486748,"eta":"2024-02-07 09:04:00","sch_arrivaltime":"08:49","sch_departuretime":"08:49","actual_arrivaltime":"","actual_departuretime":"","sch_tripstarttime":"08:15","sch_tripendtime":"08:15","lastlocationid":0,"currentlocationid":23626,"nextlocationid":0,"currentstop":null,"nextstop":null,"laststop":null,"stopCoveredStatus":0,"heading":259,"lastrefreshon":"07-02-2024 08:16:55","lastreceiveddatetimeflag":0,"tripposition":3}]},{"routeid":3438,"stationid":22575,"stationname":"Vajramuneshwara Gate","from":"Nettigere","to":"Kempegowda Bus Station","routeno":"213-N","distance_on_station":15.608,"centerlat":12.86483,"centerlong":77.53314,"responsecode":200,"isnotify":0,"vehicleDetails":[{"vehicleid":21640,"vehiclenumber":"KA53F0201","servicetypeid":72,"servicetype":"Non AC/Ordinary","centerlat":12.760999,"centerlong":77.486748,"eta":"2024-02-07 09:05:00","sch_arrivaltime":"08:50","sch_departuretime":"08:50","actual_arrivaltime":"","actual_departuretime":"","sch_tripstarttime":"08:15","sch_tripendtime":"08:15","lastlocationid":0,"currentlocationid":23626,"nextlocationid":0,"currentstop":null,"nextstop":null,"laststop":null,"stopCoveredStatus":0,"heading":259,"lastrefreshon":"07-02-2024 08:16:55","lastreceiveddatetimeflag":0,"tripposition":3}]},{"routeid":3438,"stationid":22539,"stationname":"Thalagattapura","from":"Nettigere","to":"Kempegowda Bus Station","routeno":"213-N","distance_on_station":16.219,"centerlat":12.86958,"centerlong":77.53685,"responsecode":200,"isnotify":0,"vehicleDetails":[{"vehicleid":21640,"vehiclenumber":"KA53F0201","servicetypeid":72,"servicetype":"Non AC/Ordinary","centerlat":12.760999,"centerlong":77.486748,"eta":"2024-02-07 09:07:00","sch_arrivaltime":"08:51","sch_departuretime":"08:51","actual_arrivaltime":"","actual_departuretime":"","sch_tripstarttime":"08:15","sch_tripendtime":"08:15","lastlocationid":0,"currentlocationid":23626,"nextlocationid":0,"currentstop":null,"nextstop":null,"laststop":null,"stopCoveredStatus":0,"heading":259,"lastrefreshon":"07-02-2024 08:16:55","lastreceiveddatetimeflag":0,"tripposition":3}]},{"routeid":3438,"stationid":35890,"stationname":"Thalaghattapura Metro Station","from":"Nettigere","to":"Kempegowda Bus Station","routeno":"213-N","distance_on_station":16.46,"centerlat":12.87143,"centerlong":77.53833,"responsecode":200,"isnotify":0,"vehicleDetails":[{"vehicleid":21640,"vehiclenumber":"KA53F0201","servicetypeid":72,"servicetype":"Non AC/Ordinary","centerlat":12.760999,"centerlong":77.486748,"eta":"2024-02-07 09:08:00","sch_arrivaltime":"08:52","sch_departuretime":"08:52","actual_arrivaltime":"","actual_departuretime":"","sch_tripstarttime":"08:15","sch_tripendtime":"08:15","lastlocationid":0,"currentlocationid":23626,"nextlocationid":0,"currentstop":null,"nextstop":null,"laststop":null,"stopCoveredStatus":0,"heading":259,"lastrefreshon":"07-02-2024 08:16:55","lastreceiveddatetimeflag":0,"tripposition":3}]},{"routeid":3438,"stationid":21724,"stationname":"Bayyanapalya","from":"Nettigere","to":"Kempegowda Bus Station","routeno":"213-N","distance_on_station":17.145,"centerlat":12.87554,"centerlong":77.54355,"responsecode":200,"isnotify":0,"vehicleDetails":[{"vehicleid":21640,"vehiclenumber":"KA53F0201","servicetypeid":72,"servicetype":"Non AC/Ordinary","centerlat":12.760999,"centerlong":77.486748,"eta":"2024-02-07 09:10:00","sch_arrivaltime":"08:53","sch_departuretime":"08:53","actual_arrivaltime":"","actual_departuretime":"","sch_tripstarttime":"08:15","sch_tripendtime":"08:15","lastlocationid":0,"currentlocationid":23626,"nextlocationid":0,"currentstop":null,"nextstop":null,"laststop":null,"stopCoveredStatus":0,"heading":259,"lastrefreshon":"07-02-2024 08:16:55","lastreceiveddatetimeflag":0,"tripposition":3}]},{"routeid":3438,"stationid":38361,"stationname":"Vajarahalli Metro Station","from":"Nettigere","to":"Kempegowda Bus Station","routeno":"213-N","distance_on_station":17.358,"centerlat":12.8773,"centerlong":77.54459,"responsecode":200,"isnotify":0,"vehicleDetails":[{"vehicleid":21640,"vehiclenumber":"KA53F0201","servicetypeid":72,"servicetype":"Non AC/Ordinary","centerlat":12.760999,"centerlong":77.486748,"eta":"2024-02-07 09:11:00","sch_arrivaltime":"08:54","sch_departuretime":"08:54","actual_arrivaltime":"","actual_departuretime":"","sch_tripstarttime":"08:15","sch_tripendtime":"08:15","lastlocationid":0,"currentlocationid":23626,"nextlocationid":0,"currentstop":null,"nextstop":null,"laststop":null,"stopCoveredStatus":0,"heading":259,"lastrefreshon":"07-02-2024 08:16:55","lastreceiveddatetimeflag":0,"tripposition":3}]},{"routeid":3438,"stationid":22409,"stationname":"Raghuvanahalli Cross","from":"Nettigere","to":"Kempegowda Bus Station","routeno":"213-N","distance_on_station":17.737,"centerlat":12.88072,"centerlong":77.54602,"responsecode":200,"isnotify":0,"vehicleDetails":[{"vehicleid":21640,"vehiclenumber":"KA53F0201","servicetypeid":72,"servicetype":"Non AC/Ordinary","centerlat":12.760999,"centerlong":77.486748,"eta":"2024-02-07 09:12:00","sch_arrivaltime":"08:55","sch_departuretime":"08:55","actual_arrivaltime":"","actual_departuretime":"","sch_tripstarttime":"08:15","sch_tripendtime":"08:15","lastlocationid":0,"currentlocationid":23626,"nextlocationid":0,"currentstop":null,"nextstop":null,"laststop":null,"stopCoveredStatus":0,"heading":259,"lastrefreshon":"07-02-2024 08:16:55","lastreceiveddatetimeflag":0,"tripposition":3}]},{"routeid":3438,"stationid":21983,"stationname":"Gubbalala Gate","from":"Nettigere","to":"Kempegowda Bus Station","routeno":"213-N","distance_on_station":18.441,"centerlat":12.88431,"centerlong":77.55134,"responsecode":200,"isnotify":0,"vehicleDetails":[{"vehicleid":21640,"vehiclenumber":"KA53F0201","servicetypeid":72,"servicetype":"Non AC/Ordinary","centerlat":12.760999,"centerlong":77.486748,"eta":"2024-02-07 09:14:00","sch_arrivaltime":"08:58","sch_departuretime":"08:58","actual_arrivaltime":"","actual_departuretime":"","sch_tripstarttime":"08:15","sch_tripendtime":"08:15","lastlocationid":0,"currentlocationid":23626,"nextlocationid":0,"currentstop":null,"nextstop":null,"laststop":null,"stopCoveredStatus":0,"heading":259,"lastrefreshon":"07-02-2024 08:16:55","lastreceiveddatetimeflag":0,"tripposition":3}]},{"routeid":3438,"stationid":38363,"stationname":"Doddakallasandra Metro Station","from":"Nettigere","to":"Kempegowda Bus Station","routeno":"213-N","distance_on_station":18.57,"centerlat":12.88469,"centerlong":77.55255,"responsecode":200,"isnotify":0,"vehicleDetails":[{"vehicleid":21640,"vehiclenumber":"KA53F0201","servicetypeid":72,"servicetype":"Non AC/Ordinary","centerlat":12.760999,"centerlong":77.486748,"eta":"2024-02-07 09:15:00","sch_arrivaltime":"08:59","sch_departuretime":"08:59","actual_arrivaltime":"","actual_departuretime":"","sch_tripstarttime":"08:15","sch_tripendtime":"08:15","lastlocationid":0,"currentlocationid":23626,"nextlocationid":0,"currentstop":null,"nextstop":null,"laststop":null,"stopCoveredStatus":0,"heading":259,"lastrefreshon":"07-02-2024 08:16:55","lastreceiveddatetimeflag":0,"tripposition":3}]},{"routeid":3438,"stationid":21910,"stationname":"Doddakallasandra","from":"Nettigere","to":"Kempegowda Bus Station","routeno":"213-N","distance_on_station":19.015,"centerlat":12.88596,"centerlong":77.55671,"responsecode":200,"isnotify":0,"vehicleDetails":[{"vehicleid":21640,"vehiclenumber":"KA53F0201","servicetypeid":72,"servicetype":"Non AC/Ordinary","centerlat":12.760999,"centerlong":77.486748,"eta":"2024-02-07 09:16:00","sch_arrivaltime":"09:00","sch_departuretime":"09:00","actual_arrivaltime":"","actual_departuretime":"","sch_tripstarttime":"08:15","sch_tripendtime":"08:15","lastlocationid":0,"currentlocationid":23626,"nextlocationid":0,"currentstop":null,"nextstop":null,"laststop":null,"stopCoveredStatus":0,"heading":259,"lastrefreshon":"07-02-2024 08:16:55","lastreceiveddatetimeflag":0,"tripposition":3}]},{"routeid":3438,"stationid":38359,"stationname":"Konanakunte Cross  Metro Station","from":"Nettigere","to":"Kempegowda Bus Station","routeno":"213-N","distance_on_station":19.681,"centerlat":12.8889,"centerlong":77.56257,"responsecode":200,"isnotify":0,"vehicleDetails":[{"vehicleid":21640,"vehiclenumber":"KA53F0201","servicetypeid":72,"servicetype":"Non AC/Ordinary","centerlat":12.760999,"centerlong":77.486748,"eta":"2024-02-07 09:18:00","sch_arrivaltime":"09:02","sch_departuretime":"09:02","actual_arrivaltime":"","actual_departuretime":"","sch_tripstarttime":"08:15","sch_tripendtime":"08:15","lastlocationid":0,"currentlocationid":23626,"nextlocationid":0,"currentstop":null,"nextstop":null,"laststop":null,"stopCoveredStatus":0,"heading":259,"lastrefreshon":"07-02-2024 08:16:55","lastreceiveddatetimeflag":0,"tripposition":3}]},{"routeid":3438,"stationid":22191,"stationname":"Konanakunte Cross","from":"Nettigere","to":"Kempegowda Bus Station","routeno":"213-N","distance_on_station":19.931,"centerlat":12.89058,"centerlong":77.56442,"responsecode":200,"isnotify":0,"vehicleDetails":[{"vehicleid":21640,"vehiclenumber":"KA53F0201","servicetypeid":72,"servicetype":"Non AC/Ordinary","centerlat":12.760999,"centerlong":77.486748,"eta":"2024-02-07 09:19:00","sch_arrivaltime":"09:03","sch_departuretime":"09:03","actual_arrivaltime":"","actual_departuretime":"","sch_tripstarttime":"08:15","sch_tripendtime":"08:15","lastlocationid":0,"currentlocationid":23626,"nextlocationid":0,"currentstop":null,"nextstop":null,"laststop":null,"stopCoveredStatus":0,"heading":259,"lastrefreshon":"07-02-2024 08:16:55","lastreceiveddatetimeflag":0,"tripposition":3}]},{"routeid":3438,"stationid":22285,"stationname":"Metro","from":"Nettigere","to":"Kempegowda Bus Station","routeno":"213-N","distance_on_station":20.311,"centerlat":12.89312,"centerlong":77.56718,"responsecode":200,"isnotify":0,"vehicleDetails":[{"vehicleid":21640,"vehiclenumber":"KA53F0201","servicetypeid":72,"servicetype":"Non AC/Ordinary","centerlat":12.760999,"centerlong":77.486748,"eta":"2024-02-07 09:20:00","sch_arrivaltime":"09:04","sch_departuretime":"09:04","actual_arrivaltime":"","actual_departuretime":"","sch_tripstarttime":"08:15","sch_tripendtime":"08:15","lastlocationid":0,"currentlocationid":23626,"nextlocationid":0,"currentstop":null,"nextstop":null,"laststop":null,"stopCoveredStatus":0,"heading":259,"lastrefreshon":"07-02-2024 08:16:55","lastreceiveddatetimeflag":0,"tripposition":3}]},{"routeid":3438,"stationid":22818,"stationname":"Yalachenahalli Metro Station","from":"Nettigere","to":"Kempegowda Bus Station","routeno":"213-N","distance_on_station":20.737,"centerlat":12.89609,"centerlong":77.5701,"responsecode":200,"isnotify":0,"vehicleDetails":[{"vehicleid":21640,"vehiclenumber":"KA53F0201","servicetypeid":72,"servicetype":"Non AC/Ordinary","centerlat":12.760999,"centerlong":77.486748,"eta":"2024-02-07 09:22:00","sch_arrivaltime":"09:05","sch_departuretime":"09:05","actual_arrivaltime":"","actual_departuretime":"","sch_tripstarttime":"08:15","sch_tripendtime":"08:15","lastlocationid":0,"currentlocationid":23626,"nextlocationid":0,"currentstop":null,"nextstop":null,"laststop":null,"stopCoveredStatus":0,"heading":259,"lastrefreshon":"07-02-2024 08:16:55","lastreceiveddatetimeflag":0,"tripposition":3}]},{"routeid":3438,"stationid":22639,"stationname":"Yalachenahalli","from":"Nettigere","to":"Kempegowda Bus Station","routeno":"213-N","distance_on_station":20.94,"centerlat":12.89768,"centerlong":77.57145,"responsecode":200,"isnotify":0,"vehicleDetails":[{"vehicleid":21640,"vehiclenumber":"KA53F0201","servicetypeid":72,"servicetype":"Non AC/Ordinary","centerlat":12.760999,"centerlong":77.486748,"eta":"2024-02-07 09:23:00","sch_arrivaltime":"09:06","sch_departuretime":"09:06","actual_arrivaltime":"","actual_departuretime":"","sch_tripstarttime":"08:15","sch_tripendtime":"08:15","lastlocationid":0,"currentlocationid":23626,"nextlocationid":0,"currentstop":null,"nextstop":null,"laststop":null,"stopCoveredStatus":0,"heading":259,"lastrefreshon":"07-02-2024 08:16:55","lastreceiveddatetimeflag":0,"tripposition":3}]},{"routeid":3438,"stationid":22102,"stationname":"Jaraganahalli Cross","from":"Nettigere","to":"Kempegowda Bus Station","routeno":"213-N","distance_on_station":21.385,"centerlat":12.90142,"centerlong":77.57331,"responsecode":200,"isnotify":0,"vehicleDetails":[{"vehicleid":21640,"vehiclenumber":"KA53F0201","servicetypeid":72,"servicetype":"Non AC/Ordinary","centerlat":12.760999,"centerlong":77.486748,"eta":"2024-02-07 09:24:00","sch_arrivaltime":"09:08","sch_departuretime":"09:08","actual_arrivaltime":"","actual_departuretime":"","sch_tripstarttime":"08:15","sch_tripendtime":"08:15","lastlocationid":0,"currentlocationid":23626,"nextlocationid":0,"currentstop":null,"nextstop":null,"laststop":null,"stopCoveredStatus":0,"heading":259,"lastrefreshon":"07-02-2024 08:16:55","lastreceiveddatetimeflag":0,"tripposition":3}]},{"routeid":3438,"stationid":22460,"stationname":"Sarakki","from":"Nettigere","to":"Kempegowda Bus Station","routeno":"213-N","distance_on_station":22.236,"centerlat":12.90966,"centerlong":77.57288,"responsecode":200,"isnotify":0,"vehicleDetails":[{"vehicleid":21640,"vehiclenumber":"KA53F0201","servicetypeid":72,"servicetype":"Non AC/Ordinary","centerlat":12.760999,"centerlong":77.486748,"eta":"2024-02-07 09:27:00","sch_arrivaltime":"09:10","sch_departuretime":"09:10","actual_arrivaltime":"","actual_departuretime":"","sch_tripstarttime":"08:15","sch_tripendtime":"08:15","lastlocationid":0,"currentlocationid":23626,"nextlocationid":0,"currentstop":null,"nextstop":null,"laststop":null,"stopCoveredStatus":0,"heading":259,"lastrefreshon":"07-02-2024 08:16:55","lastreceiveddatetimeflag":0,"tripposition":3}]},{"routeid":3438,"stationid":20623,"stationname":"Banashankari Bus Station","from":"Nettigere","to":"Kempegowda Bus Station","routeno":"213-N","distance_on_station":23.162,"centerlat":12.91779,"centerlong":77.57272,"responsecode":200,"isnotify":0,"vehicleDetails":[{"vehicleid":21640,"vehiclenumber":"KA53F0201","servicetypeid":72,"servicetype":"Non AC/Ordinary","centerlat":12.760999,"centerlong":77.486748,"eta":"2024-02-07 09:30:00","sch_arrivaltime":"09:14","sch_departuretime":"09:14","actual_arrivaltime":"","actual_departuretime":"","sch_tripstarttime":"08:15","sch_tripendtime":"08:15","lastlocationid":0,"currentlocationid":23626,"nextlocationid":0,"currentstop":null,"nextstop":null,"laststop":null,"stopCoveredStatus":0,"heading":259,"lastrefreshon":"07-02-2024 08:16:55","lastreceiveddatetimeflag":0,"tripposition":3}]},{"routeid":3438,"stationid":22062,"stationname":"Banashankari Hunasemara","from":"Nettigere","to":"Kempegowda Bus Station","routeno":"213-N","distance_on_station":23.449,"centerlat":12.91966,"centerlong":77.57413,"responsecode":200,"isnotify":0,"vehicleDetails":[{"vehicleid":21640,"vehiclenumber":"KA53F0201","servicetypeid":72,"servicetype":"Non AC/Ordinary","centerlat":12.760999,"centerlong":77.486748,"eta":"2024-02-07 09:31:00","sch_arrivaltime":"09:17","sch_departuretime":"09:17","actual_arrivaltime":"","actual_departuretime":"","sch_tripstarttime":"08:15","sch_tripendtime":"08:15","lastlocationid":0,"currentlocationid":23626,"nextlocationid":0,"currentstop":null,"nextstop":null,"laststop":null,"stopCoveredStatus":0,"heading":259,"lastrefreshon":"07-02-2024 08:16:55","lastreceiveddatetimeflag":0,"tripposition":3}]},{"routeid":3438,"stationid":21879,"stationname":"Deepak Nursing Home","from":"Nettigere","to":"Kempegowda Bus Station","routeno":"213-N","distance_on_station":24.106,"centerlat":12.92518,"centerlong":77.57699,"responsecode":200,"isnotify":0,"vehicleDetails":[{"vehicleid":21640,"vehiclenumber":"KA53F0201","servicetypeid":72,"servicetype":"Non AC/Ordinary","centerlat":12.760999,"centerlong":77.486748,"eta":"2024-02-07 09:33:00","sch_arrivaltime":"09:19","sch_departuretime":"09:19","actual_arrivaltime":"","actual_departuretime":"","sch_tripstarttime":"08:15","sch_tripendtime":"08:15","lastlocationid":0,"currentlocationid":23626,"nextlocationid":0,"currentstop":null,"nextstop":null,"laststop":null,"stopCoveredStatus":0,"heading":259,"lastrefreshon":"07-02-2024 08:16:55","lastreceiveddatetimeflag":0,"tripposition":3}]},{"routeid":3438,"stationid":22635,"stationname":"Yadiyuru","from":"Nettigere","to":"Kempegowda Bus Station","routeno":"213-N","distance_on_station":24.68,"centerlat":12.93067,"centerlong":77.57623,"responsecode":200,"isnotify":0,"vehicleDetails":[{"vehicleid":21640,"vehiclenumber":"KA53F0201","servicetypeid":72,"servicetype":"Non AC/Ordinary","centerlat":12.760999,"centerlong":77.486748,"eta":"2024-02-07 09:34:00","sch_arrivaltime":"09:20","sch_departuretime":"09:20","actual_arrivaltime":"","actual_departuretime":"","sch_tripstarttime":"08:15","sch_tripendtime":"08:15","lastlocationid":0,"currentlocationid":23626,"nextlocationid":0,"currentstop":null,"nextstop":null,"laststop":null,"stopCoveredStatus":0,"heading":259,"lastrefreshon":"07-02-2024 08:16:55","lastreceiveddatetimeflag":0,"tripposition":3}]},{"routeid":3438,"stationid":22342,"stationname":"Nanda Talkies","from":"Nettigere","to":"Kempegowda Bus Station","routeno":"213-N","distance_on_station":25.347,"centerlat":12.93327,"centerlong":77.58007,"responsecode":200,"isnotify":0,"vehicleDetails":[{"vehicleid":21640,"vehiclenumber":"KA53F0201","servicetypeid":72,"servicetype":"Non AC/Ordinary","centerlat":12.760999,"centerlong":77.486748,"eta":"2024-02-07 09:37:00","sch_arrivaltime":"09:22","sch_departuretime":"09:22","actual_arrivaltime":"","actual_departuretime":"","sch_tripstarttime":"08:15","sch_tripendtime":"08:15","lastlocationid":0,"currentlocationid":23626,"nextlocationid":0,"currentstop":null,"nextstop":null,"laststop":null,"stopCoveredStatus":0,"heading":259,"lastrefreshon":"07-02-2024 08:16:55","lastreceiveddatetimeflag":0,"tripposition":3}]},{"routeid":3438,"stationid":22505,"stationname":"South End Circle","from":"Nettigere","to":"Kempegowda Bus Station","routeno":"213-N","distance_on_station":25.764,"centerlat":12.93717,"centerlong":77.57965,"responsecode":200,"isnotify":0,"vehicleDetails":[{"vehicleid":21640,"vehiclenumber":"KA53F0201","servicetypeid":72,"servicetype":"Non AC/Ordinary","centerlat":12.760999,"centerlong":77.486748,"eta":"2024-02-07 09:38:00","sch_arrivaltime":"09:23","sch_departuretime":"09:23","actual_arrivaltime":"","actual_departuretime":"","sch_tripstarttime":"08:15","sch_tripendtime":"08:15","lastlocationid":0,"currentlocationid":23626,"nextlocationid":0,"currentstop":null,"nextstop":null,"laststop":null,"stopCoveredStatus":0,"heading":259,"lastrefreshon":"07-02-2024 08:16:55","lastreceiveddatetimeflag":0,"tripposition":3}]},{"routeid":3438,"stationid":22294,"stationname":"MN Krishna Rao Park","from":"Nettigere","to":"Kempegowda Bus Station","routeno":"213-N","distance_on_station":26.587,"centerlat":12.94405,"centerlong":77.57689,"responsecode":200,"isnotify":0,"vehicleDetails":[{"vehicleid":21640,"vehiclenumber":"KA53F0201","servicetypeid":72,"servicetype":"Non AC/Ordinary","centerlat":12.760999,"centerlong":77.486748,"eta":"2024-02-07 09:41:00","sch_arrivaltime":"09:25","sch_departuretime":"09:25","actual_arrivaltime":"","actual_departuretime":"","sch_tripstarttime":"08:15","sch_tripendtime":"08:15","lastlocationid":0,"currentlocationid":23626,"nextlocationid":0,"currentstop":null,"nextstop":null,"laststop":null,"stopCoveredStatus":0,"heading":259,"lastrefreshon":"07-02-2024 08:16:55","lastreceiveddatetimeflag":0,"tripposition":3}]},{"routeid":3438,"stationid":22445,"stationname":"Sajjan Rao Circle","from":"Nettigere","to":"Kempegowda Bus Station","routeno":"213-N","distance_on_station":27.485,"centerlat":12.95262,"centerlong":77.57653,"responsecode":200,"isnotify":0,"vehicleDetails":[{"vehicleid":21640,"vehiclenumber":"KA53F0201","servicetypeid":72,"servicetype":"Non AC/Ordinary","centerlat":12.760999,"centerlong":77.486748,"eta":"2024-02-07 09:44:00","sch_arrivaltime":"09:28","sch_departuretime":"09:28","actual_arrivaltime":"","actual_departuretime":"","sch_tripstarttime":"08:15","sch_tripendtime":"08:15","lastlocationid":0,"currentlocationid":23626,"nextlocationid":0,"currentstop":null,"nextstop":null,"laststop":null,"stopCoveredStatus":0,"heading":259,"lastrefreshon":"07-02-2024 08:16:55","lastreceiveddatetimeflag":0,"tripposition":3}]},{"routeid":3438,"stationid":21718,"stationname":"Basappa Circle","from":"Nettigere","to":"Kempegowda Bus Station","routeno":"213-N","distance_on_station":27.865,"centerlat":12.95624,"centerlong":77.57721,"responsecode":200,"isnotify":0,"vehicleDetails":[{"vehicleid":21640,"vehiclenumber":"KA53F0201","servicetypeid":72,"servicetype":"Non AC/Ordinary","centerlat":12.760999,"centerlong":77.486748,"eta":"2024-02-07 09:45:00","sch_arrivaltime":"09:29","sch_departuretime":"09:29","actual_arrivaltime":"","actual_departuretime":"","sch_tripstarttime":"08:15","sch_tripendtime":"08:15","lastlocationid":0,"currentlocationid":23626,"nextlocationid":0,"currentstop":null,"nextstop":null,"laststop":null,"stopCoveredStatus":0,"heading":259,"lastrefreshon":"07-02-2024 08:16:55","lastreceiveddatetimeflag":0,"tripposition":3}]},{"routeid":3438,"stationid":20986,"stationname":"Makkala Koota","from":"Nettigere","to":"Kempegowda Bus Station","routeno":"213-N","distance_on_station":28.346,"centerlat":12.95803,"centerlong":77.57385,"responsecode":200,"isnotify":0,"vehicleDetails":[{"vehicleid":21640,"vehiclenumber":"KA53F0201","servicetypeid":72,"servicetype":"Non AC/Ordinary","centerlat":12.760999,"centerlong":77.486748,"eta":"2024-02-07 09:46:00","sch_arrivaltime":"09:31","sch_departuretime":"09:31","actual_arrivaltime":"","actual_departuretime":"","sch_tripstarttime":"08:15","sch_tripendtime":"08:15","lastlocationid":0,"currentlocationid":23626,"nextlocationid":0,"currentstop":null,"nextstop":null,"laststop":null,"stopCoveredStatus":0,"heading":259,"lastrefreshon":"07-02-2024 08:16:55","lastreceiveddatetimeflag":0,"tripposition":3}]},{"routeid":3438,"stationid":21557,"stationname":"KR Market","from":"Nettigere","to":"Kempegowda Bus Station","routeno":"213-N","distance_on_station":28.8,"centerlat":12.96207,"centerlong":77.5756,"responsecode":200,"isnotify":0,"vehicleDetails":[{"vehicleid":21640,"vehiclenumber":"KA53F0201","servicetypeid":72,"servicetype":"Non AC/Ordinary","centerlat":12.760999,"centerlong":77.486748,"eta":"2024-02-07 09:48:00","sch_arrivaltime":"09:32","sch_departuretime":"09:32","actual_arrivaltime":"","actual_departuretime":"","sch_tripstarttime":"08:15","sch_tripendtime":"08:15","lastlocationid":0,"currentlocationid":23626,"nextlocationid":0,"currentstop":null,"nextstop":null,"laststop":null,"stopCoveredStatus":0,"heading":259,"lastrefreshon":"07-02-2024 08:16:55","lastreceiveddatetimeflag":0,"tripposition":1}]}],"mapData":[{"vehicleid":21640,"vehiclenumber":"KA53F0201","servicetypeid":72,"servicetype":"Non AC/Ordinary","centerlat":12.760999,"centerlong":77.486748,"eta":"2024-02-07 09:48:00","sch_arrivaltime":"09:32","sch_departuretime":"09:32","actual_arrivaltime":"","actual_departuretime":"","sch_tripstarttime":"08:15","sch_tripendtime":"08:15","lastlocationid":0,"currentlocationid":23626,"nextlocationid":0,"currentstop":null,"nextstop":null,"laststop":null,"stopCoveredStatus":0,"heading":259,"lastrefreshon":"07-02-2024 08:16:55","lastreceiveddatetimeflag":0,"tripposition":1}]},"message":"Success","issuccess":true,"exception":null,"rowCount":0,"responsecode":200}