{"up":{"data":[{"routeid":4547,"stationid":27263,"stationname":"Vidhana Soudha","from":"Kempegowda Bus Station","to":"Jambu Savari Dinne","routeno":"215-H KBS-VSD-JSD","distance_on_station":0,"centerlat":12.98104,"centerlong":77.58853,"responsecode":200,"isnotify":0,"vehicleDetails":[{"vehicleid":22926,"vehiclenumber":"KA57F4272","servicetypeid":72,"servicetype":"Non AC/Ordinary","centerlat":12.928184,"centerlong":77.583641,"eta":"","sch_arrivaltime":"17:53","sch_departuretime":"17:53","actual_arrivaltime":"","actual_departuretime":"","sch_tripstarttime":"17:45","sch_tripendtime":"17:45","lastlocationid":0,"currentlocationid":21545,"nextlocationid":0,"currentstop":null,"nextstop":null,"laststop":null,"stopCoveredStatus":1,"heading":194,"lastrefreshon":"07-02-2024 18:11:36","lastreceiveddatetimeflag":0,"tripposition":1}]},{"routeid":4547,"stationid":20981,"stationname":"Maharani College","from":"Kempegowda Bus Station","to":"Jambu Savari Dinne","routeno":"215-H KBS-VSD-JSD","distance_on_station":0.983,"centerlat":12.97703,"centerlong":77.5858,"responsecode":200,"isnotify":0,"vehicleDetails":[{"vehicleid":22926,"vehiclenumber":"KA57F4272","servicetypeid":72,"servicetype":"Non AC/Ordinary","centerlat":12.928184,"centerlong":77.583641,"eta":"","sch_arrivaltime":"17:55","sch_departuretime":"17:55","actual_arrivaltime":"","actual_departuretime":"","sch_tripstarttime":"17:45","sch_tripendtime":"17:45","lastlocationid":0,"currentlocationid":21545,"nextlocationid":0,"currentstop":null,"nextstop":null,"laststop":null,"stopCoveredStatus":1,"heading":194,"lastrefreshon":"07-02-2024 18:11:36","lastreceiveddatetimeflag":0,"tripposition":3}]},{"routeid":4547,"stationid":20939,"stationname":"KR Circle","from":"Kempegowda Bus Station","to":"Jambu Savari Dinne","routeno":"215-H KBS-VSD-JSD","distance_on_station":1.446,"centerlat":12.97386,"centerlong":77.58661,"responsecode":200,"isnotify":0,"vehicleDetails":[{"vehicleid":22926,"vehiclenumber":"KA57F4272","servicetypeid":72,"servicetype":"Non AC/Ordinary","centerlat":12.928184,"centerlong":77.583641,"eta":"","sch_arrivaltime":"17:56","sch_departuretime":"17:56","actual_arrivaltime":"17:43","actual_departuretime":"17:43","sch_tripstarttime":"17:45","sch_tripendtime":"17:45","lastlocationid":0,"currentlocationid":21545,"nextlocationid":0,"currentstop":null,"nextstop":null,"laststop":null,"stopCoveredStatus":1,"heading":194,"lastrefreshon":"07-02-2024 18:11:36","lastreceiveddatetimeflag":0,"tripposition":1}]},{"routeid":4547,"stationid":21195,"stationname":"St Marthas Hospital","from":"Kempegowda Bus Station","to":"Jambu Savari Dinne","routeno":"215-H KBS-VSD-JSD","distance_on_station":2.057,"centerlat":12.96945,"centerlong":77.58716,"responsecode":200,"isnotify":0,"vehicleDetails":[{"vehicleid":22926,"vehiclenumber":"KA57F4272","servicetypeid":72,"servicetype":"Non AC/Ordinary","centerlat":12.928184,"centerlong":77.583641,"eta":"","sch_arrivaltime":"17:57","sch_departuretime":"17:57","actual_arrivaltime":"17:43","actual_departuretime":"17:44","sch_tripstarttime":"17:45","sch_tripendtime":"17:45","lastlocationid":0,"currentlocationid":21545,"nextlocationid":0,"currentstop":null,"nextstop":null,"laststop":null,"stopCoveredStatus":1,"heading":194,"lastrefreshon":"07-02-2024 18:11:36","lastreceiveddatetimeflag":0,"tripposition":1}]},{"routeid":4547,"stationid":20728,"stationname":"Corporation","from":"Kempegowda Bus Station","to":"Jambu Savari Dinne","routeno":"215-H KBS-VSD-JSD","distance_on_station":2.87,"centerlat":12.9648,"centerlong":77.58778,"responsecode":200,"isnotify":0,"vehicleDetails":[{"vehicleid":22926,"vehiclenumber":"KA57F4272","servicetypeid":72,"servicetype":"Non AC/Ordinary","centerlat":12.928184,"centerlong":77.583641,"eta":"","sch_arrivaltime":"18:01","sch_departuretime":"18:01","actual_arrivaltime":"17:49","actual_departuretime":"17:50","sch_tripstarttime":"17:45","sch_tripendtime":"17:45","lastlocationid":0,"currentlocationid":21545,"nextlocationid":0,"currentstop":null,"nextstop":null,"laststop":null,"stopCoveredStatus":1,"heading":194,"lastrefreshon":"07-02-2024 18:11:36","lastreceiveddatetimeflag":0,"tripposition":1}]},{"routeid":4547,"stationid":22676,"stationname":"Poornima Talkies","from":"Kempegowda Bus Station","to":"Jambu Savari Dinne","routeno":"215-H KBS-VSD-JSD","distance_on_station":3.526,"centerlat":12.96082,"centerlong":77.58813,"responsecode":200,"isnotify":0,"vehicleDetails":[{"vehicleid":22926,"vehiclenumber":"KA57F4272","servicetypeid":72,"servicetype":"Non AC/Ordinary","centerlat":12.928184,"centerlong":77.583641,"eta":"","sch_arrivaltime":"18:05","sch_departuretime":"18:05","actual_arrivaltime":"17:53","actual_departuretime":"17:53","sch_tripstarttime":"17:45","sch_tripendtime":"17:45","lastlocationid":0,"currentlocationid":21545,"nextlocationid":0,"currentstop":null,"nextstop":null,"laststop":null,"stopCoveredStatus":1,"heading":194,"lastrefreshon":"07-02-2024 18:11:36","lastreceiveddatetimeflag":0,"tripposition":1}]},{"routeid":4547,"stationid":23675,"stationname":"Lalbagh Main Gate","from":"Kempegowda Bus Station","to":"Jambu Savari Dinne","routeno":"215-H KBS-VSD-JSD","distance_on_station":4.814,"centerlat":12.95251,"centerlong":77.58336,"responsecode":200,"isnotify":0,"vehicleDetails":[{"vehicleid":22926,"vehiclenumber":"KA57F4272","servicetypeid":72,"servicetype":"Non AC/Ordinary","centerlat":12.928184,"centerlong":77.583641,"eta":"","sch_arrivaltime":"18:09","sch_departuretime":"18:09","actual_arrivaltime":"17:57","actual_departuretime":"17:57","sch_tripstarttime":"17:45","sch_tripendtime":"17:45","lastlocationid":0,"currentlocationid":21545,"nextlocationid":0,"currentstop":null,"nextstop":null,"laststop":null,"stopCoveredStatus":1,"heading":194,"lastrefreshon":"07-02-2024 18:11:36","lastreceiveddatetimeflag":0,"tripposition":1}]},{"routeid":4547,"stationid":22224,"stationname":"Lalbagh West Gate (Lalbagh Metro Station)","from":"Kempegowda Bus Station","to":"Jambu Savari Dinne","routeno":"215-H KBS-VSD-JSD","distance_on_station":5.594,"centerlat":12.94758,"centerlong":77.58009,"responsecode":200,"isnotify":0,"vehicleDetails":[{"vehicleid":22926,"vehiclenumber":"KA57F4272","servicetypeid":72,"servicetype":"Non AC/Ordinary","centerlat":12.928184,"centerlong":77.583641,"eta":"","sch_arrivaltime":"18:14","sch_departuretime":"18:14","actual_arrivaltime":"18:00","actual_departuretime":"18:00","sch_tripstarttime":"17:45","sch_tripendtime":"17:45","lastlocationid":0,"currentlocationid":21545,"nextlocationid":0,"currentstop":null,"nextstop":null,"laststop":null,"stopCoveredStatus":1,"heading":194,"lastrefreshon":"07-02-2024 18:11:36","lastreceiveddatetimeflag":0,"tripposition":1}]},{"routeid":4547,"stationid":22433,"stationname":"R V Teachers College","from":"Kempegowda Bus Station","to":"Jambu Savari Dinne","routeno":"215-H KBS-VSD-JSD","distance_on_station":5.989,"centerlat":12.94447,"centerlong":77.58012,"responsecode":200,"isnotify":0,"vehicleDetails":[{"vehicleid":22926,"vehiclenumber":"KA57F4272","servicetypeid":72,"servicetype":"Non AC/Ordinary","centerlat":12.928184,"centerlong":77.583641,"eta":"","sch_arrivaltime":"18:15","sch_departuretime":"18:15","actual_arrivaltime":"18:01","actual_departuretime":"18:02","sch_tripstarttime":"17:45","sch_tripendtime":"17:45","lastlocationid":0,"currentlocationid":21545,"nextlocationid":0,"currentstop":null,"nextstop":null,"laststop":null,"stopCoveredStatus":1,"heading":194,"lastrefreshon":"07-02-2024 18:11:36","lastreceiveddatetimeflag":0,"tripposition":1}]},{"routeid":4547,"stationid":27289,"stationname":"Vijaya College","from":"Kempegowda Bus Station","to":"Jambu Savari Dinne","routeno":"215-H KBS-VSD-JSD","distance_on_station":6.475,"centerlat":12.94067,"centerlong":77.58013,"responsecode":200,"isnotify":0,"vehicleDetails":[{"vehicleid":22926,"vehiclenumber":"KA57F4272","servicetypeid":72,"servicetype":"Non AC/Ordinary","centerlat":12.928184,"centerlong":77.583641,"eta":"","sch_arrivaltime":"18:16","sch_departuretime":"18:16","actual_arrivaltime":"","actual_departuretime":"","sch_tripstarttime":"17:45","sch_tripendtime":"17:45","lastlocationid":0,"currentlocationid":21545,"nextlocationid":0,"currentstop":null,"nextstop":null,"laststop":null,"stopCoveredStatus":1,"heading":194,"lastrefreshon":"07-02-2024 18:11:36","lastreceiveddatetimeflag":0,"tripposition":3}]},{"routeid":4547,"stationid":22504,"stationname":"South End Circle","from":"Kempegowda Bus Station","to":"Jambu Savari Dinne","routeno":"215-H KBS-VSD-JSD","distance_on_station":7.029,"centerlat":12.93625,"centerlong":77.58016,"responsecode":200,"isnotify":0,"vehicleDetails":[{"vehicleid":22926,"vehiclenumber":"KA57F4272","servicetypeid":72,"servicetype":"Non AC/Ordinary","centerlat":12.928184,"centerlong":77.583641,"eta":"","sch_arrivaltime":"18:17","sch_departuretime":"18:17","actual_arrivaltime":"18:05","actual_departuretime":"18:06","sch_tripstarttime":"17:45","sch_tripendtime":"17:45","lastlocationid":0,"currentlocationid":21545,"nextlocationid":0,"currentstop":null,"nextstop":null,"laststop":null,"stopCoveredStatus":1,"heading":194,"lastrefreshon":"07-02-2024 18:11:36","lastreceiveddatetimeflag":0,"tripposition":1}]},{"routeid":4547,"stationid":22341,"stationname":"Nanda Talkies","from":"Kempegowda Bus Station","to":"Jambu Savari Dinne","routeno":"215-H KBS-VSD-JSD","distance_on_station":7.537,"centerlat":12.93222,"centerlong":77.58022,"responsecode":200,"isnotify":0,"vehicleDetails":[{"vehicleid":22926,"vehiclenumber":"KA57F4272","servicetypeid":72,"servicetype":"Non AC/Ordinary","centerlat":12.928184,"centerlong":77.583641,"eta":"","sch_arrivaltime":"18:18","sch_departuretime":"18:18","actual_arrivaltime":"18:06","actual_departuretime":"18:08","sch_tripstarttime":"17:45","sch_tripendtime":"17:45","lastlocationid":0,"currentlocationid":21545,"nextlocationid":0,"currentstop":null,"nextstop":null,"laststop":null,"stopCoveredStatus":1,"heading":194,"lastrefreshon":"07-02-2024 18:11:36","lastreceiveddatetimeflag":0,"tripposition":1}]},{"routeid":4547,"stationid":21545,"stationname":"Jayanagara Bus Station","from":"Kempegowda Bus Station","to":"Jambu Savari Dinne","routeno":"215-H KBS-VSD-JSD","distance_on_station":8.498,"centerlat":12.92802,"centerlong":77.58364,"responsecode":200,"isnotify":0,"vehicleDetails":[{"vehicleid":22926,"vehiclenumber":"KA57F4272","servicetypeid":72,"servicetype":"Non AC/Ordinary","centerlat":12.928184,"centerlong":77.583641,"eta":"2024-02-07 18:12:00","sch_arrivaltime":"18:21","sch_departuretime":"18:21","actual_arrivaltime":"18:11","actual_departuretime":"","sch_tripstarttime":"17:45","sch_tripendtime":"17:45","lastlocationid":0,"currentlocationid":21545,"nextlocationid":0,"currentstop":null,"nextstop":null,"laststop":null,"stopCoveredStatus":1,"heading":194,"lastrefreshon":"07-02-2024 18:11:36","lastreceiveddatetimeflag":0,"tripposition":2}]},{"routeid":4547,"stationid":21543,"stationname":"Jayanagara Telephone Exchange","from":"Kempegowda Bus Station","to":"Jambu Savari Dinne","routeno":"215-H KBS-VSD-JSD","distance_on_station":9.04,"centerlat":12.92381,"centerlong":77.58382,"responsecode":200,"isnotify":0,"vehicleDetails":[{"vehicleid":22926,"vehiclenumber":"KA57F4272","servicetypeid":72,"servicetype":"Non AC/Ordinary","centerlat":12.928184,"centerlong":77.583641,"eta":"2024-02-07 18:14:00","sch_arrivaltime":"18:24","sch_departuretime":"18:24","actual_arrivaltime":"","actual_departuretime":"","sch_tripstarttime":"17:45","sch_tripendtime":"17:45","lastlocationid":0,"currentlocationid":21545,"nextlocationid":0,"currentstop":null,"nextstop":null,"laststop":null,"stopCoveredStatus":0,"heading":194,"lastrefreshon":"07-02-2024 18:11:36","lastreceiveddatetimeflag":0,"tripposition":3}]},{"routeid":4547,"stationid":21445,"stationname":"Jayanagara  38th Cross","from":"Kempegowda Bus Station","to":"Jambu Savari Dinne","routeno":"215-H KBS-VSD-JSD","distance_on_station":9.391,"centerlat":12.92101,"centerlong":77.58376,"responsecode":200,"isnotify":0,"vehicleDetails":[{"vehicleid":22926,"vehiclenumber":"KA57F4272","servicetypeid":72,"servicetype":"Non AC/Ordinary","centerlat":12.928184,"centerlong":77.583641,"eta":"2024-02-07 18:15:00","sch_arrivaltime":"18:25","sch_departuretime":"18:25","actual_arrivaltime":"","actual_departuretime":"","sch_tripstarttime":"17:45","sch_tripendtime":"17:45","lastlocationid":0,"currentlocationid":21545,"nextlocationid":0,"currentstop":null,"nextstop":null,"laststop":null,"stopCoveredStatus":0,"heading":194,"lastrefreshon":"07-02-2024 18:11:36","lastreceiveddatetimeflag":0,"tripposition":3}]},{"routeid":4547,"stationid":22921,"stationname":"5th Block Jayanagara","from":"Kempegowda Bus Station","to":"Jambu Savari Dinne","routeno":"215-H KBS-VSD-JSD","distance_on_station":9.854,"centerlat":12.91732,"centerlong":77.58368,"responsecode":200,"isnotify":0,"vehicleDetails":[{"vehicleid":22926,"vehiclenumber":"KA57F4272","servicetypeid":72,"servicetype":"Non AC/Ordinary","centerlat":12.928184,"centerlong":77.583641,"eta":"2024-02-07 18:18:00","sch_arrivaltime":"18:26","sch_departuretime":"18:26","actual_arrivaltime":"","actual_departuretime":"","sch_tripstarttime":"17:45","sch_tripendtime":"17:45","lastlocationid":0,"currentlocationid":21545,"nextlocationid":0,"currentstop":null,"nextstop":null,"laststop":null,"stopCoveredStatus":0,"heading":194,"lastrefreshon":"07-02-2024 18:11:36","lastreceiveddatetimeflag":0,"tripposition":3}]},{"routeid":4547,"stationid":35080,"stationname":"Marenahalli","from":"Kempegowda Bus Station","to":"Jambu Savari Dinne","routeno":"215-H KBS-VSD-JSD","distance_on_station":10.43,"centerlat":12.9149,"centerlong":77.58588,"responsecode":200,"isnotify":0,"vehicleDetails":[{"vehicleid":22926,"vehiclenumber":"KA57F4272","servicetypeid":72,"servicetype":"Non AC/Ordinary","centerlat":12.928184,"centerlong":77.583641,"eta":"2024-02-07 18:20:00","sch_arrivaltime":"18:29","sch_departuretime":"18:29","actual_arrivaltime":"","actual_departuretime":"","sch_tripstarttime":"17:45","sch_tripendtime":"17:45","lastlocationid":0,"currentlocationid":21545,"nextlocationid":0,"currentstop":null,"nextstop":null,"laststop":null,"stopCoveredStatus":0,"heading":194,"lastrefreshon":"07-02-2024 18:11:36","lastreceiveddatetimeflag":0,"tripposition":3}]},{"routeid":4547,"stationid":23450,"stationname":"R V Dental College","from":"Kempegowda Bus Station","to":"Jambu Savari Dinne","routeno":"215-H KBS-VSD-JSD","distance_on_station":11.063,"centerlat":12.90988,"centerlong":77.58579,"responsecode":200,"isnotify":0,"vehicleDetails":[{"vehicleid":22926,"vehiclenumber":"KA57F4272","servicetypeid":72,"servicetype":"Non AC/Ordinary","centerlat":12.928184,"centerlong":77.583641,"eta":"2024-02-07 18:22:00","sch_arrivaltime":"18:31","sch_departuretime":"18:31","actual_arrivaltime":"","actual_departuretime":"","sch_tripstarttime":"17:45","sch_tripendtime":"17:45","lastlocationid":0,"currentlocationid":21545,"nextlocationid":0,"currentstop":null,"nextstop":null,"laststop":null,"stopCoveredStatus":0,"heading":194,"lastrefreshon":"07-02-2024 18:11:36","lastreceiveddatetimeflag":0,"tripposition":3}]},{"routeid":4547,"stationid":33177,"stationname":"JP Nagara 15th Cross","from":"Kempegowda Bus Station","to":"Jambu Savari Dinne","routeno":"215-H KBS-VSD-JSD","distance_on_station":11.47,"centerlat":12.90665,"centerlong":77.58581,"responsecode":200,"isnotify":0,"vehicleDetails":[{"vehicleid":22926,"vehiclenumber":"KA57F4272","servicetypeid":72,"servicetype":"Non AC/Ordinary","centerlat":12.928184,"centerlong":77.583641,"eta":"2024-02-07 18:23:00","sch_arrivaltime":"18:32","sch_departuretime":"18:32","actual_arrivaltime":"","actual_departuretime":"","sch_tripstarttime":"17:45","sch_tripendtime":"17:45","lastlocationid":0,"currentlocationid":21545,"nextlocationid":0,"currentstop":null,"nextstop":null,"laststop":null,"stopCoveredStatus":0,"heading":194,"lastrefreshon":"07-02-2024 18:11:36","lastreceiveddatetimeflag":0,"tripposition":3}]},{"routeid":4547,"stationid":34195,"stationname":"Nandini Hotel JP Nagara","from":"Kempegowda Bus Station","to":"Jambu Savari Dinne","routeno":"215-H KBS-VSD-JSD","distance_on_station":11.662,"centerlat":12.90512,"centerlong":77.58581,"responsecode":200,"isnotify":0,"vehicleDetails":[{"vehicleid":22926,"vehiclenumber":"KA57F4272","servicetypeid":72,"servicetype":"Non AC/Ordinary","centerlat":12.928184,"centerlong":77.583641,"eta":"2024-02-07 18:24:00","sch_arrivaltime":"18:33","sch_departuretime":"18:33","actual_arrivaltime":"","actual_departuretime":"","sch_tripstarttime":"17:45","sch_tripendtime":"17:45","lastlocationid":0,"currentlocationid":21545,"nextlocationid":0,"currentstop":null,"nextstop":null,"laststop":null,"stopCoveredStatus":0,"heading":194,"lastrefreshon":"07-02-2024 18:11:36","lastreceiveddatetimeflag":0,"tripposition":3}]},{"routeid":4547,"stationid":37836,"stationname":"Inchara Hotel JP Nagar","from":"Kempegowda Bus Station","to":"Jambu Savari Dinne","routeno":"215-H KBS-VSD-JSD","distance_on_station":11.967,"centerlat":12.90272,"centerlong":77.5858,"responsecode":200,"isnotify":0,"vehicleDetails":[{"vehicleid":22926,"vehiclenumber":"KA57F4272","servicetypeid":72,"servicetype":"Non AC/Ordinary","centerlat":12.928184,"centerlong":77.583641,"eta":"2024-02-07 18:25:00","sch_arrivaltime":"18:34","sch_departuretime":"18:34","actual_arrivaltime":"","actual_departuretime":"","sch_tripstarttime":"17:45","sch_tripendtime":"17:45","lastlocationid":0,"currentlocationid":21545,"nextlocationid":0,"currentstop":null,"nextstop":null,"laststop":null,"stopCoveredStatus":0,"heading":194,"lastrefreshon":"07-02-2024 18:11:36","lastreceiveddatetimeflag":0,"tripposition":3}]},{"routeid":4547,"stationid":28061,"stationname":"Auto Gas/Royal School","from":"Kempegowda Bus Station","to":"Jambu Savari Dinne","routeno":"215-H KBS-VSD-JSD","distance_on_station":12.25,"centerlat":12.90133,"centerlong":77.58585,"responsecode":200,"isnotify":0,"vehicleDetails":[{"vehicleid":22926,"vehiclenumber":"KA57F4272","servicetypeid":72,"servicetype":"Non AC/Ordinary","centerlat":12.928184,"centerlong":77.583641,"eta":"2024-02-07 18:26:00","sch_arrivaltime":"18:35","sch_departuretime":"18:35","actual_arrivaltime":"","actual_departuretime":"","sch_tripstarttime":"17:45","sch_tripendtime":"17:45","lastlocationid":0,"currentlocationid":21545,"nextlocationid":0,"currentstop":null,"nextstop":null,"laststop":null,"stopCoveredStatus":0,"heading":194,"lastrefreshon":"07-02-2024 18:11:36","lastreceiveddatetimeflag":0,"tripposition":3}]},{"routeid":4547,"stationid":28376,"stationname":"Shobha Tulip JP Nagara","from":"Kempegowda Bus Station","to":"Jambu Savari Dinne","routeno":"215-H KBS-VSD-JSD","distance_on_station":12.566,"centerlat":12.89805,"centerlong":77.58591,"responsecode":200,"isnotify":0,"vehicleDetails":[{"vehicleid":22926,"vehiclenumber":"KA57F4272","servicetypeid":72,"servicetype":"Non AC/Ordinary","centerlat":12.928184,"centerlong":77.583641,"eta":"2024-02-07 18:27:00","sch_arrivaltime":"18:36","sch_departuretime":"18:36","actual_arrivaltime":"","actual_departuretime":"","sch_tripstarttime":"17:45","sch_tripendtime":"17:45","lastlocationid":0,"currentlocationid":21545,"nextlocationid":0,"currentstop":null,"nextstop":null,"laststop":null,"stopCoveredStatus":0,"heading":194,"lastrefreshon":"07-02-2024 18:11:36","lastreceiveddatetimeflag":0,"tripposition":3}]},{"routeid":4547,"stationid":31886,"stationname":"Nayara Petrol Pump Lakshmi Layout","from":"Kempegowda Bus Station","to":"Jambu Savari Dinne","routeno":"215-H KBS-VSD-JSD","distance_on_station":13.595,"centerlat":12.89127,"centerlong":77.58769,"responsecode":200,"isnotify":0,"vehicleDetails":[{"vehicleid":22926,"vehiclenumber":"KA57F4272","servicetypeid":72,"servicetype":"Non AC/Ordinary","centerlat":12.928184,"centerlong":77.583641,"eta":"2024-02-07 18:30:00","sch_arrivaltime":"18:40","sch_departuretime":"18:40","actual_arrivaltime":"","actual_departuretime":"","sch_tripstarttime":"17:45","sch_tripendtime":"17:45","lastlocationid":0,"currentlocationid":21545,"nextlocationid":0,"currentstop":null,"nextstop":null,"laststop":null,"stopCoveredStatus":0,"heading":194,"lastrefreshon":"07-02-2024 18:11:36","lastreceiveddatetimeflag":0,"tripposition":3}]},{"routeid":4547,"stationid":23452,"stationname":"Brigade Millenium","from":"Kempegowda Bus Station","to":"Jambu Savari Dinne","routeno":"215-H KBS-VSD-JSD","distance_on_station":14.352,"centerlat":12.89213,"centerlong":77.58192,"responsecode":200,"isnotify":0,"vehicleDetails":[{"vehicleid":22926,"vehiclenumber":"KA57F4272","servicetypeid":72,"servicetype":"Non AC/Ordinary","centerlat":12.928184,"centerlong":77.583641,"eta":"2024-02-07 18:33:00","sch_arrivaltime":"18:42","sch_departuretime":"18:42","actual_arrivaltime":"","actual_departuretime":"","sch_tripstarttime":"17:45","sch_tripendtime":"17:45","lastlocationid":0,"currentlocationid":21545,"nextlocationid":0,"currentstop":null,"nextstop":null,"laststop":null,"stopCoveredStatus":0,"heading":194,"lastrefreshon":"07-02-2024 18:11:36","lastreceiveddatetimeflag":0,"tripposition":3}]},{"routeid":4547,"stationid":23453,"stationname":"RBI Layout","from":"Kempegowda Bus Station","to":"Jambu Savari Dinne","routeno":"215-H KBS-VSD-JSD","distance_on_station":14.883,"centerlat":12.88801,"centerlong":77.58192,"responsecode":200,"isnotify":0,"vehicleDetails":[{"vehicleid":22926,"vehiclenumber":"KA57F4272","servicetypeid":72,"servicetype":"Non AC/Ordinary","centerlat":12.928184,"centerlong":77.583641,"eta":"2024-02-07 18:34:00","sch_arrivaltime":"18:43","sch_departuretime":"18:43","actual_arrivaltime":"","actual_departuretime":"","sch_tripstarttime":"17:45","sch_tripendtime":"17:45","lastlocationid":0,"currentlocationid":21545,"nextlocationid":0,"currentstop":null,"nextstop":null,"laststop":null,"stopCoveredStatus":0,"heading":194,"lastrefreshon":"07-02-2024 18:11:36","lastreceiveddatetimeflag":0,"tripposition":3}]},{"routeid":4547,"stationid":23454,"stationname":"Gowrava Nagara","from":"Kempegowda Bus Station","to":"Jambu Savari Dinne","routeno":"215-H KBS-VSD-JSD","distance_on_station":15.301,"centerlat":12.88476,"centerlong":77.58266,"responsecode":200,"isnotify":0,"vehicleDetails":[{"vehicleid":22926,"vehiclenumber":"KA57F4272","servicetypeid":72,"servicetype":"Non AC/Ordinary","centerlat":12.928184,"centerlong":77.583641,"eta":"2024-02-07 18:35:00","sch_arrivaltime":"18:44","sch_departuretime":"18:44","actual_arrivaltime":"","actual_departuretime":"","sch_tripstarttime":"17:45","sch_tripendtime":"17:45","lastlocationid":0,"currentlocationid":21545,"nextlocationid":0,"currentstop":null,"nextstop":null,"laststop":null,"stopCoveredStatus":0,"heading":194,"lastrefreshon":"07-02-2024 18:11:36","lastreceiveddatetimeflag":0,"tripposition":3}]},{"routeid":4547,"stationid":23455,"stationname":"Navodaya Nagara","from":"Kempegowda Bus Station","to":"Jambu Savari Dinne","routeno":"215-H KBS-VSD-JSD","distance_on_station":15.753,"centerlat":12.88137,"centerlong":77.58381,"responsecode":200,"isnotify":0,"vehicleDetails":[{"vehicleid":22926,"vehiclenumber":"KA57F4272","servicetypeid":72,"servicetype":"Non AC/Ordinary","centerlat":12.928184,"centerlong":77.583641,"eta":"2024-02-07 18:37:00","sch_arrivaltime":"18:45","sch_departuretime":"18:45","actual_arrivaltime":"","actual_departuretime":"","sch_tripstarttime":"17:45","sch_tripendtime":"17:45","lastlocationid":0,"currentlocationid":21545,"nextlocationid":0,"currentstop":null,"nextstop":null,"laststop":null,"stopCoveredStatus":0,"heading":194,"lastrefreshon":"07-02-2024 18:11:36","lastreceiveddatetimeflag":0,"tripposition":3}]},{"routeid":4547,"stationid":23456,"stationname":"Kothanuru Dinne Ganesha Temple","from":"Kempegowda Bus Station","to":"Jambu Savari Dinne","routeno":"215-H KBS-VSD-JSD","distance_on_station":16.295,"centerlat":12.87711,"centerlong":77.58399,"responsecode":200,"isnotify":0,"vehicleDetails":[{"vehicleid":22926,"vehiclenumber":"KA57F4272","servicetypeid":72,"servicetype":"Non AC/Ordinary","centerlat":12.928184,"centerlong":77.583641,"eta":"2024-02-07 18:38:00","sch_arrivaltime":"18:46","sch_departuretime":"18:46","actual_arrivaltime":"","actual_departuretime":"","sch_tripstarttime":"17:45","sch_tripendtime":"17:45","lastlocationid":0,"currentlocationid":21545,"nextlocationid":0,"currentstop":null,"nextstop":null,"laststop":null,"stopCoveredStatus":0,"heading":194,"lastrefreshon":"07-02-2024 18:11:36","lastreceiveddatetimeflag":0,"tripposition":3}]},{"routeid":4547,"stationid":23457,"stationname":"Water Tank Kothanur Dinne","from":"Kempegowda Bus Station","to":"Jambu Savari Dinne","routeno":"215-H KBS-VSD-JSD","distance_on_station":16.612,"centerlat":12.87455,"centerlong":77.58419,"responsecode":200,"isnotify":0,"vehicleDetails":[{"vehicleid":22926,"vehiclenumber":"KA57F4272","servicetypeid":72,"servicetype":"Non AC/Ordinary","centerlat":12.928184,"centerlong":77.583641,"eta":"2024-02-07 18:39:00","sch_arrivaltime":"18:47","sch_departuretime":"18:47","actual_arrivaltime":"","actual_departuretime":"","sch_tripstarttime":"17:45","sch_tripendtime":"17:45","lastlocationid":0,"currentlocationid":21545,"nextlocationid":0,"currentstop":null,"nextstop":null,"laststop":null,"stopCoveredStatus":0,"heading":194,"lastrefreshon":"07-02-2024 18:11:36","lastreceiveddatetimeflag":0,"tripposition":3}]},{"routeid":4547,"stationid":35060,"stationname":"BK Circle","from":"Kempegowda Bus Station","to":"Jambu Savari Dinne","routeno":"215-H KBS-VSD-JSD","distance_on_station":17.12,"centerlat":12.87056,"centerlong":77.58309,"responsecode":200,"isnotify":0,"vehicleDetails":[{"vehicleid":22926,"vehiclenumber":"KA57F4272","servicetypeid":72,"servicetype":"Non AC/Ordinary","centerlat":12.928184,"centerlong":77.583641,"eta":"2024-02-07 18:41:00","sch_arrivaltime":"18:48","sch_departuretime":"18:48","actual_arrivaltime":"","actual_departuretime":"","sch_tripstarttime":"17:45","sch_tripendtime":"17:45","lastlocationid":0,"currentlocationid":21545,"nextlocationid":0,"currentstop":null,"nextstop":null,"laststop":null,"stopCoveredStatus":0,"heading":194,"lastrefreshon":"07-02-2024 18:11:36","lastreceiveddatetimeflag":0,"tripposition":3}]},{"routeid":4547,"stationid":35114,"stationname":"Surabhi Layout","from":"Kempegowda Bus Station","to":"Jambu Savari Dinne","routeno":"215-H KBS-VSD-JSD","distance_on_station":17.64,"centerlat":12.86746,"centerlong":77.58189,"responsecode":200,"isnotify":0,"vehicleDetails":[{"vehicleid":22926,"vehiclenumber":"KA57F4272","servicetypeid":72,"servicetype":"Non AC/Ordinary","centerlat":12.928184,"centerlong":77.583641,"eta":"2024-02-07 18:42:00","sch_arrivaltime":"18:49","sch_departuretime":"18:49","actual_arrivaltime":"","actual_departuretime":"","sch_tripstarttime":"17:45","sch_tripendtime":"17:45","lastlocationid":0,"currentlocationid":21545,"nextlocationid":0,"currentstop":null,"nextstop":null,"laststop":null,"stopCoveredStatus":0,"heading":194,"lastrefreshon":"07-02-2024 18:11:36","lastreceiveddatetimeflag":0,"tripposition":3}]},{"routeid":4547,"stationid":35343,"stationname":"Jambu Savari Dinne","from":"Kempegowda Bus Station","to":"Jambu Savari Dinne","routeno":"215-H KBS-VSD-JSD","distance_on_station":17.9,"centerlat":12.86587,"centerlong":77.58093,"responsecode":200,"isnotify":0,"vehicleDetails":[{"vehicleid":22926,"vehiclenumber":"KA57F4272","servicetypeid":72,"servicetype":"Non AC/Ordinary","centerlat":12.928184,"centerlong":77.583641,"eta":"2024-02-07 18:43:00","sch_arrivaltime":"18:50","sch_departuretime":"18:50","actual_arrivaltime":"","actual_departuretime":"","sch_tripstarttime":"17:45","sch_tripendtime":"17:45","lastlocationid":0,"currentlocationid":21545,"nextlocationid":0,"currentstop":null,"nextstop":null,"laststop":null,"stopCoveredStatus":0,"heading":194,"lastrefreshon":"07-02-2024 18:11:36","lastreceiveddatetimeflag":0,"tripposition":1}]}],"mapData":[{"vehicleid":22926,"vehiclenumber":"KA57F4272","servicetypeid":72,"servicetype":"Non AC/Ordinary","centerlat":12.928184,"centerlong":77.583641,"eta":"2024-02-07 18:43:00","sch_arrivaltime":"18:50","sch_departuretime":"18:50","actual_arrivaltime":"","actual_departuretime":"","sch_tripstarttime":"17:45","sch_tripendtime":"17:45","lastlocationid":0,"currentlocationid":21545,"nextlocationid":0,"currentstop":null,"nextstop":null,"laststop":null,"stopCoveredStatus":0,"heading":194,"lastrefreshon":"07-02-2024 18:11:36","lastreceiveddatetimeflag":0,"tripposition":1}]},"down":{"data":[],"mapData":[]},"message":"Success","issuccess":true,"exception":null,"rowCount":0,"responsecode":200}