{"up":{"data":[{"routeid":14516,"stationid":20921,"stationname":"Kempegowda Bus Station","from":"Kempegowda Bus Station","to":"Chandra Layout","routeno":"222A-KBS-NDH-CLO","distance_on_station":0,"centerlat":12.97751,"centerlong":77.57141,"responsecode":200,"isnotify":0,"vehicleDetails":[{"vehicleid":11688,"vehiclenumber":"KA57F1848","servicetypeid":72,"servicetype":"Non AC/Ordinary","centerlat":12.959329,"centerlong":77.527077,"eta":"","sch_arrivaltime":"12:35","sch_departuretime":"12:35","actual_arrivaltime":"","actual_departuretime":"","sch_tripstarttime":"12:35","sch_tripendtime":"12:35","lastlocationid":0,"currentlocationid":22776,"nextlocationid":0,"currentstop":null,"nextstop":null,"laststop":null,"stopCoveredStatus":0,"heading":294,"lastrefreshon":"11-10-2024 10:07:41","lastreceiveddatetimeflag":1,"tripposition":3}]},{"routeid":14516,"stationid":20729,"stationname":"Super Talkies (Cottonpet Hospital)","from":"Kempegowda Bus Station","to":"Chandra Layout","routeno":"222A-KBS-NDH-CLO","distance_on_station":0.992,"centerlat":12.96808,"centerlong":77.57023,"responsecode":200,"isnotify":0,"vehicleDetails":[{"vehicleid":11688,"vehiclenumber":"KA57F1848","servicetypeid":72,"servicetype":"Non AC/Ordinary","centerlat":12.959329,"centerlong":77.527077,"eta":"","sch_arrivaltime":"12:40","sch_departuretime":"12:40","actual_arrivaltime":"","actual_departuretime":"","sch_tripstarttime":"12:35","sch_tripendtime":"12:35","lastlocationid":0,"currentlocationid":22776,"nextlocationid":0,"currentstop":null,"nextstop":null,"laststop":null,"stopCoveredStatus":0,"heading":294,"lastrefreshon":"11-10-2024 10:07:41","lastreceiveddatetimeflag":1,"tripposition":3}]},{"routeid":14516,"stationid":35403,"stationname":"Sirsi Circle","from":"Kempegowda Bus Station","to":"Chandra Layout","routeno":"222A-KBS-NDH-CLO","distance_on_station":2.69,"centerlat":12.96022,"centerlong":77.55921,"responsecode":200,"isnotify":0,"vehicleDetails":[{"vehicleid":11688,"vehiclenumber":"KA57F1848","servicetypeid":72,"servicetype":"Non AC/Ordinary","centerlat":12.959329,"centerlong":77.527077,"eta":"","sch_arrivaltime":"12:46","sch_departuretime":"12:46","actual_arrivaltime":"","actual_departuretime":"","sch_tripstarttime":"12:35","sch_tripendtime":"12:35","lastlocationid":0,"currentlocationid":22776,"nextlocationid":0,"currentstop":null,"nextstop":null,"laststop":null,"stopCoveredStatus":0,"heading":294,"lastrefreshon":"11-10-2024 10:07:41","lastreceiveddatetimeflag":1,"tripposition":3}]},{"routeid":14516,"stationid":21057,"stationname":"New Guddadahalli","from":"Kempegowda Bus Station","to":"Chandra Layout","routeno":"222A-KBS-NDH-CLO","distance_on_station":3.923,"centerlat":12.95641,"centerlong":77.54761,"responsecode":200,"isnotify":0,"vehicleDetails":[{"vehicleid":11688,"vehiclenumber":"KA57F1848","servicetypeid":72,"servicetype":"Non AC/Ordinary","centerlat":12.959329,"centerlong":77.527077,"eta":"","sch_arrivaltime":"12:49","sch_departuretime":"12:49","actual_arrivaltime":"","actual_departuretime":"","sch_tripstarttime":"12:35","sch_tripendtime":"12:35","lastlocationid":0,"currentlocationid":22776,"nextlocationid":0,"currentstop":null,"nextstop":null,"laststop":null,"stopCoveredStatus":0,"heading":294,"lastrefreshon":"11-10-2024 10:07:41","lastreceiveddatetimeflag":1,"tripposition":3}]},{"routeid":14516,"stationid":21042,"stationname":"Mysore Road Bus Station","from":"Kempegowda Bus Station","to":"Chandra Layout","routeno":"222A-KBS-NDH-CLO","distance_on_station":4.423,"centerlat":12.95357,"centerlong":77.54374,"responsecode":200,"isnotify":0,"vehicleDetails":[{"vehicleid":11688,"vehiclenumber":"KA57F1848","servicetypeid":72,"servicetype":"Non AC/Ordinary","centerlat":12.959329,"centerlong":77.527077,"eta":"","sch_arrivaltime":"12:51","sch_departuretime":"12:51","actual_arrivaltime":"","actual_departuretime":"","sch_tripstarttime":"12:35","sch_tripendtime":"12:35","lastlocationid":0,"currentlocationid":22776,"nextlocationid":0,"currentstop":null,"nextstop":null,"laststop":null,"stopCoveredStatus":0,"heading":294,"lastrefreshon":"11-10-2024 10:07:41","lastreceiveddatetimeflag":1,"tripposition":3}]},{"routeid":14516,"stationid":34321,"stationname":"Nayandahalli Junction","from":"Kempegowda Bus Station","to":"Chandra Layout","routeno":"222A-KBS-NDH-CLO","distance_on_station":6.282,"centerlat":12.94552,"centerlong":77.52755,"responsecode":200,"isnotify":0,"vehicleDetails":[{"vehicleid":11688,"vehiclenumber":"KA57F1848","servicetypeid":72,"servicetype":"Non AC/Ordinary","centerlat":12.959329,"centerlong":77.527077,"eta":"","sch_arrivaltime":"12:56","sch_departuretime":"12:56","actual_arrivaltime":"","actual_departuretime":"","sch_tripstarttime":"12:35","sch_tripendtime":"12:35","lastlocationid":0,"currentlocationid":22776,"nextlocationid":0,"currentstop":null,"nextstop":null,"laststop":null,"stopCoveredStatus":0,"heading":294,"lastrefreshon":"11-10-2024 10:07:41","lastreceiveddatetimeflag":1,"tripposition":3}]},{"routeid":14516,"stationid":35385,"stationname":"Nagarabhavi Circle","from":"Kempegowda Bus Station","to":"Chandra Layout","routeno":"222A-KBS-NDH-CLO","distance_on_station":8.105,"centerlat":12.95967,"centerlong":77.51985,"responsecode":200,"isnotify":0,"vehicleDetails":[{"vehicleid":11688,"vehiclenumber":"KA57F1848","servicetypeid":72,"servicetype":"Non AC/Ordinary","centerlat":12.959329,"centerlong":77.527077,"eta":"","sch_arrivaltime":"13:01","sch_departuretime":"13:01","actual_arrivaltime":"","actual_departuretime":"","sch_tripstarttime":"12:35","sch_tripendtime":"12:35","lastlocationid":0,"currentlocationid":22776,"nextlocationid":0,"currentstop":null,"nextstop":null,"laststop":null,"stopCoveredStatus":0,"heading":294,"lastrefreshon":"11-10-2024 10:07:41","lastreceiveddatetimeflag":1,"tripposition":3}]},{"routeid":14516,"stationid":20713,"stationname":"Chandra Layout Circle","from":"Kempegowda Bus Station","to":"Chandra Layout","routeno":"222A-KBS-NDH-CLO","distance_on_station":8.784,"centerlat":12.95817,"centerlong":77.52669,"responsecode":200,"isnotify":0,"vehicleDetails":[{"vehicleid":11688,"vehiclenumber":"KA57F1848","servicetypeid":72,"servicetype":"Non AC/Ordinary","centerlat":12.959329,"centerlong":77.527077,"eta":"","sch_arrivaltime":"13:03","sch_departuretime":"13:03","actual_arrivaltime":"","actual_departuretime":"","sch_tripstarttime":"12:35","sch_tripendtime":"12:35","lastlocationid":0,"currentlocationid":22776,"nextlocationid":0,"currentstop":null,"nextstop":null,"laststop":null,"stopCoveredStatus":0,"heading":294,"lastrefreshon":"11-10-2024 10:07:41","lastreceiveddatetimeflag":1,"tripposition":3}]},{"routeid":14516,"stationid":22776,"stationname":"Chandra Layout","from":"Kempegowda Bus Station","to":"Chandra Layout","routeno":"222A-KBS-NDH-CLO","distance_on_station":8.9,"centerlat":12.95925,"centerlong":77.52671,"responsecode":200,"isnotify":0,"vehicleDetails":[{"vehicleid":11688,"vehiclenumber":"KA57F1848","servicetypeid":72,"servicetype":"Non AC/Ordinary","centerlat":12.959329,"centerlong":77.527077,"eta":"","sch_arrivaltime":"13:04","sch_departuretime":"13:04","actual_arrivaltime":"","actual_departuretime":"","sch_tripstarttime":"12:35","sch_tripendtime":"12:35","lastlocationid":0,"currentlocationid":22776,"nextlocationid":0,"currentstop":null,"nextstop":null,"laststop":null,"stopCoveredStatus":0,"heading":294,"lastrefreshon":"11-10-2024 10:07:41","lastreceiveddatetimeflag":1,"tripposition":3}]}],"mapData":[{"vehicleid":11688,"vehiclenumber":"KA57F1848","servicetypeid":72,"servicetype":"Non AC/Ordinary","centerlat":12.959329,"centerlong":77.527077,"eta":"","sch_arrivaltime":"13:04","sch_departuretime":"13:04","actual_arrivaltime":"","actual_departuretime":"","sch_tripstarttime":"12:35","sch_tripendtime":"12:35","lastlocationid":0,"currentlocationid":22776,"nextlocationid":0,"currentstop":null,"nextstop":null,"laststop":null,"stopCoveredStatus":0,"heading":294,"lastrefreshon":"11-10-2024 10:07:41","lastreceiveddatetimeflag":1,"tripposition":3}]},"down":{"data":[],"mapData":[]},"message":"Success","issuccess":true,"exception":null,"rowCount":0,"responsecode":200}