{"up":{"data":[{"routeid":2086,"stationid":20921,"stationname":"Kempegowda Bus Station","from":"Kempegowda Bus Station","to":"Bangarappa Nagara","routeno":"225-G","distance_on_station":0,"centerlat":12.97751,"centerlong":77.57141,"responsecode":200,"isnotify":0,"vehicleDetails":[{"vehicleid":20131,"vehiclenumber":"KA01F4859","servicetypeid":72,"servicetype":"Non AC/Ordinary","centerlat":12.927898,"centerlong":77.512154,"eta":"","sch_arrivaltime":"11:45","sch_departuretime":"11:45","actual_arrivaltime":"12:19","actual_departuretime":"12:19","sch_tripstarttime":"11:45","sch_tripendtime":"11:45","lastlocationid":0,"currentlocationid":28068,"nextlocationid":0,"currentstop":null,"nextstop":null,"laststop":null,"stopCoveredStatus":1,"heading":274,"lastrefreshon":"22-12-2023 12:56:21","lastreceiveddatetimeflag":0,"tripposition":1}]},{"routeid":2086,"stationid":20729,"stationname":"Super Talkies (Cottonpet Hospital)","from":"Kempegowda Bus Station","to":"Bangarappa Nagara","routeno":"225-G","distance_on_station":1.193,"centerlat":12.96808,"centerlong":77.57023,"responsecode":200,"isnotify":0,"vehicleDetails":[{"vehicleid":20131,"vehiclenumber":"KA01F4859","servicetypeid":72,"servicetype":"Non AC/Ordinary","centerlat":12.927898,"centerlong":77.512154,"eta":"","sch_arrivaltime":"11:51","sch_departuretime":"11:51","actual_arrivaltime":"12:24","actual_departuretime":"12:24","sch_tripstarttime":"11:45","sch_tripendtime":"11:45","lastlocationid":0,"currentlocationid":28068,"nextlocationid":0,"currentstop":null,"nextstop":null,"laststop":null,"stopCoveredStatus":1,"heading":274,"lastrefreshon":"22-12-2023 12:56:21","lastreceiveddatetimeflag":0,"tripposition":1}]},{"routeid":2086,"stationid":21123,"stationname":"Rayan Circle","from":"Kempegowda Bus Station","to":"Bangarappa Nagara","routeno":"225-G","distance_on_station":2.224,"centerlat":12.96047,"centerlong":77.5679,"responsecode":200,"isnotify":0,"vehicleDetails":[{"vehicleid":20131,"vehiclenumber":"KA01F4859","servicetypeid":72,"servicetype":"Non AC/Ordinary","centerlat":12.927898,"centerlong":77.512154,"eta":"","sch_arrivaltime":"11:56","sch_departuretime":"11:56","actual_arrivaltime":"12:27","actual_departuretime":"12:27","sch_tripstarttime":"11:45","sch_tripendtime":"11:45","lastlocationid":0,"currentlocationid":28068,"nextlocationid":0,"currentstop":null,"nextstop":null,"laststop":null,"stopCoveredStatus":1,"heading":274,"lastrefreshon":"22-12-2023 12:56:21","lastreceiveddatetimeflag":0,"tripposition":1}]},{"routeid":2086,"stationid":21272,"stationname":"Water Tank Chamarajapet","from":"Kempegowda Bus Station","to":"Bangarappa Nagara","routeno":"225-G","distance_on_station":2.579,"centerlat":12.96038,"centerlong":77.56493,"responsecode":200,"isnotify":0,"vehicleDetails":[{"vehicleid":20131,"vehiclenumber":"KA01F4859","servicetypeid":72,"servicetype":"Non AC/Ordinary","centerlat":12.927898,"centerlong":77.512154,"eta":"","sch_arrivaltime":"11:57","sch_departuretime":"11:57","actual_arrivaltime":"12:28","actual_departuretime":"12:28","sch_tripstarttime":"11:45","sch_tripendtime":"11:45","lastlocationid":0,"currentlocationid":28068,"nextlocationid":0,"currentstop":null,"nextstop":null,"laststop":null,"stopCoveredStatus":1,"heading":274,"lastrefreshon":"22-12-2023 12:56:21","lastreceiveddatetimeflag":0,"tripposition":1}]},{"routeid":2086,"stationid":23479,"stationname":"Chamarajapet","from":"Kempegowda Bus Station","to":"Bangarappa Nagara","routeno":"225-G","distance_on_station":2.847,"centerlat":12.96033,"centerlong":77.56255,"responsecode":200,"isnotify":0,"vehicleDetails":[{"vehicleid":20131,"vehiclenumber":"KA01F4859","servicetypeid":72,"servicetype":"Non AC/Ordinary","centerlat":12.927898,"centerlong":77.512154,"eta":"","sch_arrivaltime":"11:58","sch_departuretime":"11:58","actual_arrivaltime":"12:29","actual_departuretime":"12:29","sch_tripstarttime":"11:45","sch_tripendtime":"11:45","lastlocationid":0,"currentlocationid":28068,"nextlocationid":0,"currentstop":null,"nextstop":null,"laststop":null,"stopCoveredStatus":1,"heading":274,"lastrefreshon":"22-12-2023 12:56:21","lastreceiveddatetimeflag":0,"tripposition":1}]},{"routeid":2086,"stationid":35403,"stationname":"Sirsi Circle","from":"Kempegowda Bus Station","to":"Bangarappa Nagara","routeno":"225-G","distance_on_station":3.234,"centerlat":12.96022,"centerlong":77.55921,"responsecode":200,"isnotify":0,"vehicleDetails":[{"vehicleid":20131,"vehiclenumber":"KA01F4859","servicetypeid":72,"servicetype":"Non AC/Ordinary","centerlat":12.927898,"centerlong":77.512154,"eta":"","sch_arrivaltime":"11:59","sch_departuretime":"11:59","actual_arrivaltime":"12:30","actual_departuretime":"12:31","sch_tripstarttime":"11:45","sch_tripendtime":"11:45","lastlocationid":0,"currentlocationid":28068,"nextlocationid":0,"currentstop":null,"nextstop":null,"laststop":null,"stopCoveredStatus":1,"heading":274,"lastrefreshon":"22-12-2023 12:56:21","lastreceiveddatetimeflag":0,"tripposition":1}]},{"routeid":2086,"stationid":21043,"stationname":"Mysore Road TollGate","from":"Kempegowda Bus Station","to":"Bangarappa Nagara","routeno":"225-G","distance_on_station":4.04,"centerlat":12.95768,"centerlong":77.55319,"responsecode":200,"isnotify":0,"vehicleDetails":[{"vehicleid":20131,"vehiclenumber":"KA01F4859","servicetypeid":72,"servicetype":"Non AC/Ordinary","centerlat":12.927898,"centerlong":77.512154,"eta":"","sch_arrivaltime":"12:01","sch_departuretime":"12:01","actual_arrivaltime":"12:34","actual_departuretime":"12:34","sch_tripstarttime":"11:45","sch_tripendtime":"11:45","lastlocationid":0,"currentlocationid":28068,"nextlocationid":0,"currentstop":null,"nextstop":null,"laststop":null,"stopCoveredStatus":1,"heading":274,"lastrefreshon":"22-12-2023 12:56:21","lastreceiveddatetimeflag":0,"tripposition":1}]},{"routeid":2086,"stationid":21057,"stationname":"New Guddadahalli","from":"Kempegowda Bus Station","to":"Bangarappa Nagara","routeno":"225-G","distance_on_station":4.706,"centerlat":12.95641,"centerlong":77.54761,"responsecode":200,"isnotify":0,"vehicleDetails":[{"vehicleid":20131,"vehiclenumber":"KA01F4859","servicetypeid":72,"servicetype":"Non AC/Ordinary","centerlat":12.927898,"centerlong":77.512154,"eta":"","sch_arrivaltime":"12:03","sch_departuretime":"12:03","actual_arrivaltime":"12:36","actual_departuretime":"12:36","sch_tripstarttime":"11:45","sch_tripendtime":"11:45","lastlocationid":0,"currentlocationid":28068,"nextlocationid":0,"currentstop":null,"nextstop":null,"laststop":null,"stopCoveredStatus":1,"heading":274,"lastrefreshon":"22-12-2023 12:56:21","lastreceiveddatetimeflag":0,"tripposition":1}]},{"routeid":2086,"stationid":21042,"stationname":"Mysore Road Bus Station","from":"Kempegowda Bus Station","to":"Bangarappa Nagara","routeno":"225-G","distance_on_station":5.318,"centerlat":12.95357,"centerlong":77.54374,"responsecode":200,"isnotify":0,"vehicleDetails":[{"vehicleid":20131,"vehiclenumber":"KA01F4859","servicetypeid":72,"servicetype":"Non AC/Ordinary","centerlat":12.927898,"centerlong":77.512154,"eta":"","sch_arrivaltime":"12:07","sch_departuretime":"12:07","actual_arrivaltime":"12:40","actual_departuretime":"12:41","sch_tripstarttime":"11:45","sch_tripendtime":"11:45","lastlocationid":0,"currentlocationid":28068,"nextlocationid":0,"currentstop":null,"nextstop":null,"laststop":null,"stopCoveredStatus":1,"heading":274,"lastrefreshon":"22-12-2023 12:56:21","lastreceiveddatetimeflag":0,"tripposition":1}]},{"routeid":2086,"stationid":20664,"stationname":"BHEL","from":"Kempegowda Bus Station","to":"Bangarappa Nagara","routeno":"225-G","distance_on_station":6.457,"centerlat":12.94872,"centerlong":77.53583,"responsecode":200,"isnotify":0,"vehicleDetails":[{"vehicleid":20131,"vehiclenumber":"KA01F4859","servicetypeid":72,"servicetype":"Non AC/Ordinary","centerlat":12.927898,"centerlong":77.512154,"eta":"","sch_arrivaltime":"12:12","sch_departuretime":"12:12","actual_arrivaltime":"12:44","actual_departuretime":"12:44","sch_tripstarttime":"11:45","sch_tripendtime":"11:45","lastlocationid":0,"currentlocationid":28068,"nextlocationid":0,"currentstop":null,"nextstop":null,"laststop":null,"stopCoveredStatus":1,"heading":274,"lastrefreshon":"22-12-2023 12:56:21","lastreceiveddatetimeflag":0,"tripposition":1}]},{"routeid":2086,"stationid":23370,"stationname":"Mysore Road Metro Station","from":"Kempegowda Bus Station","to":"Bangarappa Nagara","routeno":"225-G","distance_on_station":7.145,"centerlat":12.94636,"centerlong":77.53046,"responsecode":200,"isnotify":0,"vehicleDetails":[{"vehicleid":20131,"vehiclenumber":"KA01F4859","servicetypeid":72,"servicetype":"Non AC/Ordinary","centerlat":12.927898,"centerlong":77.512154,"eta":"","sch_arrivaltime":"12:13","sch_departuretime":"12:13","actual_arrivaltime":"12:46","actual_departuretime":"12:46","sch_tripstarttime":"11:45","sch_tripendtime":"11:45","lastlocationid":0,"currentlocationid":28068,"nextlocationid":0,"currentstop":null,"nextstop":null,"laststop":null,"stopCoveredStatus":1,"heading":274,"lastrefreshon":"22-12-2023 12:56:21","lastreceiveddatetimeflag":0,"tripposition":1}]},{"routeid":2086,"stationid":21052,"stationname":"Nayandahalli","from":"Kempegowda Bus Station","to":"Bangarappa Nagara","routeno":"225-G","distance_on_station":7.886,"centerlat":12.94268,"centerlong":77.52589,"responsecode":200,"isnotify":0,"vehicleDetails":[{"vehicleid":20131,"vehiclenumber":"KA01F4859","servicetypeid":72,"servicetype":"Non AC/Ordinary","centerlat":12.927898,"centerlong":77.512154,"eta":"","sch_arrivaltime":"12:15","sch_departuretime":"12:15","actual_arrivaltime":"12:49","actual_departuretime":"12:49","sch_tripstarttime":"11:45","sch_tripendtime":"11:45","lastlocationid":0,"currentlocationid":28068,"nextlocationid":0,"currentstop":null,"nextstop":null,"laststop":null,"stopCoveredStatus":1,"heading":274,"lastrefreshon":"22-12-2023 12:56:21","lastreceiveddatetimeflag":0,"tripposition":1}]},{"routeid":2086,"stationid":20690,"stationname":"BWSSB Quarters Nayandahalli","from":"Kempegowda Bus Station","to":"Bangarappa Nagara","routeno":"225-G","distance_on_station":8.251,"centerlat":12.94013,"centerlong":77.52412,"responsecode":200,"isnotify":0,"vehicleDetails":[{"vehicleid":20131,"vehiclenumber":"KA01F4859","servicetypeid":72,"servicetype":"Non AC/Ordinary","centerlat":12.927898,"centerlong":77.512154,"eta":"","sch_arrivaltime":"12:16","sch_departuretime":"12:16","actual_arrivaltime":"12:50","actual_departuretime":"12:50","sch_tripstarttime":"11:45","sch_tripendtime":"11:45","lastlocationid":0,"currentlocationid":28068,"nextlocationid":0,"currentstop":null,"nextstop":null,"laststop":null,"stopCoveredStatus":1,"heading":274,"lastrefreshon":"22-12-2023 12:56:21","lastreceiveddatetimeflag":0,"tripposition":1}]},{"routeid":2086,"stationid":37654,"stationname":"Rajarajeshwari nagara Gate","from":"Kempegowda Bus Station","to":"Bangarappa Nagara","routeno":"225-G","distance_on_station":9.175,"centerlat":12.93544,"centerlong":77.51832,"responsecode":200,"isnotify":0,"vehicleDetails":[{"vehicleid":20131,"vehiclenumber":"KA01F4859","servicetypeid":72,"servicetype":"Non AC/Ordinary","centerlat":12.927898,"centerlong":77.512154,"eta":"","sch_arrivaltime":"12:17","sch_departuretime":"12:17","actual_arrivaltime":"12:52","actual_departuretime":"12:52","sch_tripstarttime":"11:45","sch_tripendtime":"11:45","lastlocationid":0,"currentlocationid":28068,"nextlocationid":0,"currentstop":null,"nextstop":null,"laststop":null,"stopCoveredStatus":1,"heading":274,"lastrefreshon":"22-12-2023 12:56:21","lastreceiveddatetimeflag":0,"tripposition":1}]},{"routeid":2086,"stationid":27673,"stationname":"RR Nagara Petrol Bunk","from":"Kempegowda Bus Station","to":"Bangarappa Nagara","routeno":"225-G","distance_on_station":9.573,"centerlat":12.93275,"centerlong":77.51626,"responsecode":200,"isnotify":0,"vehicleDetails":[{"vehicleid":20131,"vehiclenumber":"KA01F4859","servicetypeid":72,"servicetype":"Non AC/Ordinary","centerlat":12.927898,"centerlong":77.512154,"eta":"","sch_arrivaltime":"12:18","sch_departuretime":"12:18","actual_arrivaltime":"12:53","actual_departuretime":"12:54","sch_tripstarttime":"11:45","sch_tripendtime":"11:45","lastlocationid":0,"currentlocationid":28068,"nextlocationid":0,"currentstop":null,"nextstop":null,"laststop":null,"stopCoveredStatus":1,"heading":274,"lastrefreshon":"22-12-2023 12:56:21","lastreceiveddatetimeflag":0,"tripposition":1}]},{"routeid":2086,"stationid":28066,"stationname":"RR School","from":"Kempegowda Bus Station","to":"Bangarappa Nagara","routeno":"225-G","distance_on_station":10.26,"centerlat":12.92776,"centerlong":77.51413,"responsecode":200,"isnotify":0,"vehicleDetails":[{"vehicleid":20131,"vehiclenumber":"KA01F4859","servicetypeid":72,"servicetype":"Non AC/Ordinary","centerlat":12.927898,"centerlong":77.512154,"eta":"2023-12-22 12:56:00","sch_arrivaltime":"12:19","sch_departuretime":"12:19","actual_arrivaltime":"12:55","actual_departuretime":"12:55","sch_tripstarttime":"11:45","sch_tripendtime":"11:45","lastlocationid":0,"currentlocationid":28068,"nextlocationid":0,"currentstop":null,"nextstop":null,"laststop":null,"stopCoveredStatus":1,"heading":274,"lastrefreshon":"22-12-2023 12:56:21","lastreceiveddatetimeflag":0,"tripposition":1}]},{"routeid":2086,"stationid":28068,"stationname":"RR Temple","from":"Kempegowda Bus Station","to":"Bangarappa Nagara","routeno":"225-G","distance_on_station":10.744,"centerlat":12.92681,"centerlong":77.51112,"responsecode":200,"isnotify":0,"vehicleDetails":[{"vehicleid":20131,"vehiclenumber":"KA01F4859","servicetypeid":72,"servicetype":"Non AC/Ordinary","centerlat":12.927898,"centerlong":77.512154,"eta":"2023-12-22 12:57:00","sch_arrivaltime":"12:20","sch_departuretime":"12:20","actual_arrivaltime":"","actual_departuretime":"","sch_tripstarttime":"11:45","sch_tripendtime":"11:45","lastlocationid":0,"currentlocationid":28068,"nextlocationid":0,"currentstop":null,"nextstop":null,"laststop":null,"stopCoveredStatus":0,"heading":274,"lastrefreshon":"22-12-2023 12:56:21","lastreceiveddatetimeflag":0,"tripposition":3}]},{"routeid":2086,"stationid":34234,"stationname":"Pattanagere Jayanna Circle","from":"Kempegowda Bus Station","to":"Bangarappa Nagara","routeno":"225-G","distance_on_station":11.249,"centerlat":12.92644,"centerlong":77.51466,"responsecode":200,"isnotify":0,"vehicleDetails":[{"vehicleid":20131,"vehiclenumber":"KA01F4859","servicetypeid":72,"servicetype":"Non AC/Ordinary","centerlat":12.927898,"centerlong":77.512154,"eta":"2023-12-22 12:59:00","sch_arrivaltime":"12:21","sch_departuretime":"12:21","actual_arrivaltime":"","actual_departuretime":"","sch_tripstarttime":"11:45","sch_tripendtime":"11:45","lastlocationid":0,"currentlocationid":28068,"nextlocationid":0,"currentstop":null,"nextstop":null,"laststop":null,"stopCoveredStatus":0,"heading":274,"lastrefreshon":"22-12-2023 12:56:21","lastreceiveddatetimeflag":0,"tripposition":3}]},{"routeid":2086,"stationid":34164,"stationname":"Nimishamba Temple","from":"Kempegowda Bus Station","to":"Bangarappa Nagara","routeno":"225-G","distance_on_station":11.668,"centerlat":12.92496,"centerlong":77.51778,"responsecode":200,"isnotify":0,"vehicleDetails":[{"vehicleid":20131,"vehiclenumber":"KA01F4859","servicetypeid":72,"servicetype":"Non AC/Ordinary","centerlat":12.927898,"centerlong":77.512154,"eta":"2023-12-22 13:01:00","sch_arrivaltime":"12:22","sch_departuretime":"12:22","actual_arrivaltime":"","actual_departuretime":"","sch_tripstarttime":"11:45","sch_tripendtime":"11:45","lastlocationid":0,"currentlocationid":28068,"nextlocationid":0,"currentstop":null,"nextstop":null,"laststop":null,"stopCoveredStatus":0,"heading":274,"lastrefreshon":"22-12-2023 12:56:21","lastreceiveddatetimeflag":0,"tripposition":3}]},{"routeid":2086,"stationid":24896,"stationname":"Devadiga Soudha","from":"Kempegowda Bus Station","to":"Bangarappa Nagara","routeno":"225-G","distance_on_station":12.183,"centerlat":12.92658,"centerlong":77.52002,"responsecode":200,"isnotify":0,"vehicleDetails":[{"vehicleid":20131,"vehiclenumber":"KA01F4859","servicetypeid":72,"servicetype":"Non AC/Ordinary","centerlat":12.927898,"centerlong":77.512154,"eta":"2023-12-22 13:02:00","sch_arrivaltime":"12:23","sch_departuretime":"12:23","actual_arrivaltime":"","actual_departuretime":"","sch_tripstarttime":"11:45","sch_tripendtime":"11:45","lastlocationid":0,"currentlocationid":28068,"nextlocationid":0,"currentstop":null,"nextstop":null,"laststop":null,"stopCoveredStatus":0,"heading":274,"lastrefreshon":"22-12-2023 12:56:21","lastreceiveddatetimeflag":0,"tripposition":3}]},{"routeid":2086,"stationid":29703,"stationname":"Bangarappa Nagara","from":"Kempegowda Bus Station","to":"Bangarappa Nagara","routeno":"225-G","distance_on_station":13,"centerlat":12.92503,"centerlong":77.52658,"responsecode":200,"isnotify":0,"vehicleDetails":[{"vehicleid":20131,"vehiclenumber":"KA01F4859","servicetypeid":72,"servicetype":"Non AC/Ordinary","centerlat":12.927898,"centerlong":77.512154,"eta":"2023-12-22 13:04:00","sch_arrivaltime":"12:25","sch_departuretime":"12:25","actual_arrivaltime":"","actual_departuretime":"","sch_tripstarttime":"11:45","sch_tripendtime":"11:45","lastlocationid":0,"currentlocationid":28068,"nextlocationid":0,"currentstop":null,"nextstop":null,"laststop":null,"stopCoveredStatus":0,"heading":274,"lastrefreshon":"22-12-2023 12:56:21","lastreceiveddatetimeflag":0,"tripposition":1}]}],"mapData":[{"vehicleid":20131,"vehiclenumber":"KA01F4859","servicetypeid":72,"servicetype":"Non AC/Ordinary","centerlat":12.927898,"centerlong":77.512154,"eta":"2023-12-22 13:04:00","sch_arrivaltime":"12:25","sch_departuretime":"12:25","actual_arrivaltime":"","actual_departuretime":"","sch_tripstarttime":"11:45","sch_tripendtime":"11:45","lastlocationid":0,"currentlocationid":28068,"nextlocationid":0,"currentstop":null,"nextstop":null,"laststop":null,"stopCoveredStatus":0,"heading":274,"lastrefreshon":"22-12-2023 12:56:21","lastreceiveddatetimeflag":0,"tripposition":1}]},"down":{"data":[],"mapData":[]},"message":"Success","issuccess":true,"exception":null,"rowCount":0,"responsecode":200}