{"up":{"data":[],"mapData":[]},"down":{"data":[{"routeid":2562,"stationid":29691,"stationname":"Bande Maramma Bus Station","from":"Bande Maramma Bus Station","to":"Shivajinagara Bus Station","routeno":"237-C","distance_on_station":0,"centerlat":12.96712,"centerlong":77.51591,"responsecode":200,"isnotify":0,"vehicleDetails":[{"vehicleid":11701,"vehiclenumber":"KA57F2050","servicetypeid":72,"servicetype":"Non AC/Ordinary","centerlat":12.982507,"centerlong":77.56797,"eta":"","sch_arrivaltime":"09:35","sch_departuretime":"09:35","actual_arrivaltime":"09:29","actual_departuretime":"09:29","sch_tripstarttime":"09:35","sch_tripendtime":"09:35","lastlocationid":0,"currentlocationid":21071,"nextlocationid":0,"currentstop":null,"nextstop":null,"laststop":null,"stopCoveredStatus":1,"heading":77,"lastrefreshon":"19-12-2023 10:02:50","lastreceiveddatetimeflag":0,"tripposition":1}]},{"routeid":2562,"stationid":31932,"stationname":"BDA Park Bande Maramma Temple","from":"Bande Maramma Bus Station","to":"Shivajinagara Bus Station","routeno":"237-C","distance_on_station":0.407,"centerlat":12.96948,"centerlong":77.5148,"responsecode":200,"isnotify":0,"vehicleDetails":[{"vehicleid":11701,"vehiclenumber":"KA57F2050","servicetypeid":72,"servicetype":"Non AC/Ordinary","centerlat":12.982507,"centerlong":77.56797,"eta":"","sch_arrivaltime":"09:36","sch_departuretime":"09:36","actual_arrivaltime":"09:31","actual_departuretime":"09:32","sch_tripstarttime":"09:35","sch_tripendtime":"09:35","lastlocationid":0,"currentlocationid":21071,"nextlocationid":0,"currentstop":null,"nextstop":null,"laststop":null,"stopCoveredStatus":1,"heading":77,"lastrefreshon":"19-12-2023 10:02:50","lastreceiveddatetimeflag":0,"tripposition":1}]},{"routeid":2562,"stationid":34820,"stationname":"Malagala 1","from":"Bande Maramma Bus Station","to":"Shivajinagara Bus Station","routeno":"237-C","distance_on_station":1.159,"centerlat":12.9754,"centerlong":77.51528,"responsecode":200,"isnotify":0,"vehicleDetails":[{"vehicleid":11701,"vehiclenumber":"KA57F2050","servicetypeid":72,"servicetype":"Non AC/Ordinary","centerlat":12.982507,"centerlong":77.56797,"eta":"","sch_arrivaltime":"09:38","sch_departuretime":"09:38","actual_arrivaltime":"09:35","actual_departuretime":"09:35","sch_tripstarttime":"09:35","sch_tripendtime":"09:35","lastlocationid":0,"currentlocationid":21071,"nextlocationid":0,"currentstop":null,"nextstop":null,"laststop":null,"stopCoveredStatus":1,"heading":77,"lastrefreshon":"19-12-2023 10:02:50","lastreceiveddatetimeflag":0,"tripposition":1}]},{"routeid":2562,"stationid":27951,"stationname":"Ramkrishana Layout","from":"Bande Maramma Bus Station","to":"Shivajinagara Bus Station","routeno":"237-C","distance_on_station":1.482,"centerlat":12.97793,"centerlong":77.51647,"responsecode":200,"isnotify":0,"vehicleDetails":[{"vehicleid":11701,"vehiclenumber":"KA57F2050","servicetypeid":72,"servicetype":"Non AC/Ordinary","centerlat":12.982507,"centerlong":77.56797,"eta":"","sch_arrivaltime":"09:39","sch_departuretime":"09:39","actual_arrivaltime":"09:36","actual_departuretime":"09:36","sch_tripstarttime":"09:35","sch_tripendtime":"09:35","lastlocationid":0,"currentlocationid":21071,"nextlocationid":0,"currentstop":null,"nextstop":null,"laststop":null,"stopCoveredStatus":1,"heading":77,"lastrefreshon":"19-12-2023 10:02:50","lastreceiveddatetimeflag":0,"tripposition":1}]},{"routeid":2562,"stationid":34686,"stationname":"Srinivasa Nagara PattegarPalya","from":"Bande Maramma Bus Station","to":"Shivajinagara Bus Station","routeno":"237-C","distance_on_station":2.307,"centerlat":12.97649,"centerlong":77.52346,"responsecode":200,"isnotify":0,"vehicleDetails":[{"vehicleid":11701,"vehiclenumber":"KA57F2050","servicetypeid":72,"servicetype":"Non AC/Ordinary","centerlat":12.982507,"centerlong":77.56797,"eta":"","sch_arrivaltime":"09:42","sch_departuretime":"09:42","actual_arrivaltime":"09:38","actual_departuretime":"09:39","sch_tripstarttime":"09:35","sch_tripendtime":"09:35","lastlocationid":0,"currentlocationid":21071,"nextlocationid":0,"currentstop":null,"nextstop":null,"laststop":null,"stopCoveredStatus":1,"heading":77,"lastrefreshon":"19-12-2023 10:02:50","lastreceiveddatetimeflag":0,"tripposition":1}]},{"routeid":2562,"stationid":34236,"stationname":"Pattegarpalya Circle","from":"Bande Maramma Bus Station","to":"Shivajinagara Bus Station","routeno":"237-C","distance_on_station":2.578,"centerlat":12.97632,"centerlong":77.52588,"responsecode":200,"isnotify":0,"vehicleDetails":[{"vehicleid":11701,"vehiclenumber":"KA57F2050","servicetypeid":72,"servicetype":"Non AC/Ordinary","centerlat":12.982507,"centerlong":77.56797,"eta":"","sch_arrivaltime":"09:43","sch_departuretime":"09:43","actual_arrivaltime":"09:40","actual_departuretime":"09:40","sch_tripstarttime":"09:35","sch_tripendtime":"09:35","lastlocationid":0,"currentlocationid":21071,"nextlocationid":0,"currentstop":null,"nextstop":null,"laststop":null,"stopCoveredStatus":1,"heading":77,"lastrefreshon":"19-12-2023 10:02:50","lastreceiveddatetimeflag":0,"tripposition":1}]},{"routeid":2562,"stationid":27748,"stationname":"Prashanthnagara","from":"Bande Maramma Bus Station","to":"Shivajinagara Bus Station","routeno":"237-C","distance_on_station":3.142,"centerlat":12.97623,"centerlong":77.5308,"responsecode":200,"isnotify":0,"vehicleDetails":[{"vehicleid":11701,"vehiclenumber":"KA57F2050","servicetypeid":72,"servicetype":"Non AC/Ordinary","centerlat":12.982507,"centerlong":77.56797,"eta":"","sch_arrivaltime":"09:45","sch_departuretime":"09:45","actual_arrivaltime":"09:43","actual_departuretime":"09:43","sch_tripstarttime":"09:35","sch_tripendtime":"09:35","lastlocationid":0,"currentlocationid":21071,"nextlocationid":0,"currentstop":null,"nextstop":null,"laststop":null,"stopCoveredStatus":1,"heading":77,"lastrefreshon":"19-12-2023 10:02:50","lastreceiveddatetimeflag":0,"tripposition":1}]},{"routeid":2562,"stationid":21519,"stationname":"Govindarajanagara","from":"Bande Maramma Bus Station","to":"Shivajinagara Bus Station","routeno":"237-C","distance_on_station":3.789,"centerlat":12.97561,"centerlong":77.53646,"responsecode":200,"isnotify":0,"vehicleDetails":[{"vehicleid":11701,"vehiclenumber":"KA57F2050","servicetypeid":72,"servicetype":"Non AC/Ordinary","centerlat":12.982507,"centerlong":77.56797,"eta":"","sch_arrivaltime":"09:46","sch_departuretime":"09:46","actual_arrivaltime":"09:45","actual_departuretime":"09:45","sch_tripstarttime":"09:35","sch_tripendtime":"09:35","lastlocationid":0,"currentlocationid":21071,"nextlocationid":0,"currentstop":null,"nextstop":null,"laststop":null,"stopCoveredStatus":1,"heading":77,"lastrefreshon":"19-12-2023 10:02:50","lastreceiveddatetimeflag":0,"tripposition":1}]},{"routeid":2562,"stationid":37817,"stationname":"Vijayanagara","from":"Bande Maramma Bus Station","to":"Shivajinagara Bus Station","routeno":"237-C","distance_on_station":4.196,"centerlat":12.97433,"centerlong":77.53843,"responsecode":200,"isnotify":0,"vehicleDetails":[{"vehicleid":11701,"vehiclenumber":"KA57F2050","servicetypeid":72,"servicetype":"Non AC/Ordinary","centerlat":12.982507,"centerlong":77.56797,"eta":"","sch_arrivaltime":"09:47","sch_departuretime":"09:47","actual_arrivaltime":"09:47","actual_departuretime":"09:47","sch_tripstarttime":"09:35","sch_tripendtime":"09:35","lastlocationid":0,"currentlocationid":21071,"nextlocationid":0,"currentstop":null,"nextstop":null,"laststop":null,"stopCoveredStatus":1,"heading":77,"lastrefreshon":"19-12-2023 10:02:50","lastreceiveddatetimeflag":0,"tripposition":1}]},{"routeid":2562,"stationid":20997,"stationname":"Manuvana","from":"Bande Maramma Bus Station","to":"Shivajinagara Bus Station","routeno":"237-C","distance_on_station":5.083,"centerlat":12.97431,"centerlong":77.54454,"responsecode":200,"isnotify":0,"vehicleDetails":[{"vehicleid":11701,"vehiclenumber":"KA57F2050","servicetypeid":72,"servicetype":"Non AC/Ordinary","centerlat":12.982507,"centerlong":77.56797,"eta":"","sch_arrivaltime":"09:51","sch_departuretime":"09:51","actual_arrivaltime":"09:50","actual_departuretime":"09:51","sch_tripstarttime":"09:35","sch_tripendtime":"09:35","lastlocationid":0,"currentlocationid":21071,"nextlocationid":0,"currentstop":null,"nextstop":null,"laststop":null,"stopCoveredStatus":1,"heading":77,"lastrefreshon":"19-12-2023 10:02:50","lastreceiveddatetimeflag":0,"tripposition":1}]},{"routeid":2562,"stationid":20976,"stationname":"Magadi Road TollGate","from":"Bande Maramma Bus Station","to":"Shivajinagara Bus Station","routeno":"237-C","distance_on_station":5.668,"centerlat":12.97459,"centerlong":77.54897,"responsecode":200,"isnotify":0,"vehicleDetails":[{"vehicleid":11701,"vehiclenumber":"KA57F2050","servicetypeid":72,"servicetype":"Non AC/Ordinary","centerlat":12.982507,"centerlong":77.56797,"eta":"","sch_arrivaltime":"09:54","sch_departuretime":"09:54","actual_arrivaltime":"09:52","actual_departuretime":"09:53","sch_tripstarttime":"09:35","sch_tripendtime":"09:35","lastlocationid":0,"currentlocationid":21071,"nextlocationid":0,"currentstop":null,"nextstop":null,"laststop":null,"stopCoveredStatus":1,"heading":77,"lastrefreshon":"19-12-2023 10:02:50","lastreceiveddatetimeflag":0,"tripposition":1}]},{"routeid":2562,"stationid":21102,"stationname":"Prasanna Theatre","from":"Bande Maramma Bus Station","to":"Shivajinagara Bus Station","routeno":"237-C","distance_on_station":6.21,"centerlat":12.97542,"centerlong":77.55288,"responsecode":200,"isnotify":0,"vehicleDetails":[{"vehicleid":11701,"vehiclenumber":"KA57F2050","servicetypeid":72,"servicetype":"Non AC/Ordinary","centerlat":12.982507,"centerlong":77.56797,"eta":"","sch_arrivaltime":"09:55","sch_departuretime":"09:55","actual_arrivaltime":"09:54","actual_departuretime":"09:55","sch_tripstarttime":"09:35","sch_tripendtime":"09:35","lastlocationid":0,"currentlocationid":21071,"nextlocationid":0,"currentstop":null,"nextstop":null,"laststop":null,"stopCoveredStatus":1,"heading":77,"lastrefreshon":"19-12-2023 10:02:50","lastreceiveddatetimeflag":0,"tripposition":1}]},{"routeid":2562,"stationid":20559,"stationname":"10th Cross Magadi Road","from":"Bande Maramma Bus Station","to":"Shivajinagara Bus Station","routeno":"237-C","distance_on_station":6.691,"centerlat":12.97574,"centerlong":77.55706,"responsecode":200,"isnotify":0,"vehicleDetails":[{"vehicleid":11701,"vehiclenumber":"KA57F2050","servicetypeid":72,"servicetype":"Non AC/Ordinary","centerlat":12.982507,"centerlong":77.56797,"eta":"","sch_arrivaltime":"09:56","sch_departuretime":"09:56","actual_arrivaltime":"","actual_departuretime":"","sch_tripstarttime":"09:35","sch_tripendtime":"09:35","lastlocationid":0,"currentlocationid":21071,"nextlocationid":0,"currentstop":null,"nextstop":null,"laststop":null,"stopCoveredStatus":1,"heading":77,"lastrefreshon":"19-12-2023 10:02:50","lastreceiveddatetimeflag":0,"tripposition":3}]},{"routeid":2562,"stationid":20585,"stationname":"5th Cross Magadi Road","from":"Bande Maramma Bus Station","to":"Shivajinagara Bus Station","routeno":"237-C","distance_on_station":7.108,"centerlat":12.97578,"centerlong":77.56071,"responsecode":200,"isnotify":0,"vehicleDetails":[{"vehicleid":11701,"vehiclenumber":"KA57F2050","servicetypeid":72,"servicetype":"Non AC/Ordinary","centerlat":12.982507,"centerlong":77.56797,"eta":"","sch_arrivaltime":"09:57","sch_departuretime":"09:57","actual_arrivaltime":"09:57","actual_departuretime":"09:57","sch_tripstarttime":"09:35","sch_tripendtime":"09:35","lastlocationid":0,"currentlocationid":21071,"nextlocationid":0,"currentstop":null,"nextstop":null,"laststop":null,"stopCoveredStatus":1,"heading":77,"lastrefreshon":"19-12-2023 10:02:50","lastreceiveddatetimeflag":0,"tripposition":1}]},{"routeid":2562,"stationid":20578,"stationname":"1st Cross Magadi Road","from":"Bande Maramma Bus Station","to":"Shivajinagara Bus Station","routeno":"237-C","distance_on_station":7.338,"centerlat":12.97569,"centerlong":77.5628,"responsecode":200,"isnotify":0,"vehicleDetails":[{"vehicleid":11701,"vehiclenumber":"KA57F2050","servicetypeid":72,"servicetype":"Non AC/Ordinary","centerlat":12.982507,"centerlong":77.56797,"eta":"","sch_arrivaltime":"09:58","sch_departuretime":"09:58","actual_arrivaltime":"09:58","actual_departuretime":"09:58","sch_tripstarttime":"09:35","sch_tripendtime":"09:35","lastlocationid":0,"currentlocationid":21071,"nextlocationid":0,"currentstop":null,"nextstop":null,"laststop":null,"stopCoveredStatus":1,"heading":77,"lastrefreshon":"19-12-2023 10:02:50","lastreceiveddatetimeflag":0,"tripposition":1}]},{"routeid":2562,"stationid":21026,"stationname":"Minerva Mill","from":"Bande Maramma Bus Station","to":"Shivajinagara Bus Station","routeno":"237-C","distance_on_station":7.954,"centerlat":12.97945,"centerlong":77.56435,"responsecode":200,"isnotify":0,"vehicleDetails":[{"vehicleid":11701,"vehiclenumber":"KA57F2050","servicetypeid":72,"servicetype":"Non AC/Ordinary","centerlat":12.982507,"centerlong":77.56797,"eta":"","sch_arrivaltime":"09:59","sch_departuretime":"09:59","actual_arrivaltime":"10:00","actual_departuretime":"10:00","sch_tripstarttime":"09:35","sch_tripendtime":"09:35","lastlocationid":0,"currentlocationid":21071,"nextlocationid":0,"currentstop":null,"nextstop":null,"laststop":null,"stopCoveredStatus":1,"heading":77,"lastrefreshon":"19-12-2023 10:02:50","lastreceiveddatetimeflag":0,"tripposition":1}]},{"routeid":2562,"stationid":21071,"stationname":"Okalipura","from":"Bande Maramma Bus Station","to":"Shivajinagara Bus Station","routeno":"237-C","distance_on_station":8.726,"centerlat":12.98267,"centerlong":77.56837,"responsecode":200,"isnotify":0,"vehicleDetails":[{"vehicleid":11701,"vehiclenumber":"KA57F2050","servicetypeid":72,"servicetype":"Non AC/Ordinary","centerlat":12.982507,"centerlong":77.56797,"eta":"2023-12-19 10:03:00","sch_arrivaltime":"10:00","sch_departuretime":"10:00","actual_arrivaltime":"","actual_departuretime":"","sch_tripstarttime":"09:35","sch_tripendtime":"09:35","lastlocationid":0,"currentlocationid":21071,"nextlocationid":0,"currentstop":null,"nextstop":null,"laststop":null,"stopCoveredStatus":0,"heading":77,"lastrefreshon":"19-12-2023 10:02:50","lastreceiveddatetimeflag":0,"tripposition":3}]},{"routeid":2562,"stationid":20921,"stationname":"Kempegowda Bus Station","from":"Bande Maramma Bus Station","to":"Shivajinagara Bus Station","routeno":"237-C","distance_on_station":10.667,"centerlat":12.97751,"centerlong":77.57141,"responsecode":200,"isnotify":0,"vehicleDetails":[{"vehicleid":11701,"vehiclenumber":"KA57F2050","servicetypeid":72,"servicetype":"Non AC/Ordinary","centerlat":12.982507,"centerlong":77.56797,"eta":"2023-12-19 10:08:00","sch_arrivaltime":"10:06","sch_departuretime":"10:06","actual_arrivaltime":"","actual_departuretime":"","sch_tripstarttime":"09:35","sch_tripendtime":"09:35","lastlocationid":0,"currentlocationid":21071,"nextlocationid":0,"currentstop":null,"nextstop":null,"laststop":null,"stopCoveredStatus":0,"heading":77,"lastrefreshon":"19-12-2023 10:02:50","lastreceiveddatetimeflag":0,"tripposition":3}]},{"routeid":2562,"stationid":20981,"stationname":"Maharani College","from":"Bande Maramma Bus Station","to":"Shivajinagara Bus Station","routeno":"237-C","distance_on_station":12.776,"centerlat":12.97703,"centerlong":77.5858,"responsecode":200,"isnotify":0,"vehicleDetails":[{"vehicleid":11701,"vehiclenumber":"KA57F2050","servicetypeid":72,"servicetype":"Non AC/Ordinary","centerlat":12.982507,"centerlong":77.56797,"eta":"2023-12-19 10:14:00","sch_arrivaltime":"10:12","sch_departuretime":"10:12","actual_arrivaltime":"","actual_departuretime":"","sch_tripstarttime":"09:35","sch_tripendtime":"09:35","lastlocationid":0,"currentlocationid":21071,"nextlocationid":0,"currentstop":null,"nextstop":null,"laststop":null,"stopCoveredStatus":0,"heading":77,"lastrefreshon":"19-12-2023 10:02:50","lastreceiveddatetimeflag":0,"tripposition":3}]},{"routeid":2562,"stationid":21259,"stationname":"Vidhana Soudha Karnataka High Court","from":"Bande Maramma Bus Station","to":"Shivajinagara Bus Station","routeno":"237-C","distance_on_station":13.809,"centerlat":12.9802,"centerlong":77.59296,"responsecode":200,"isnotify":0,"vehicleDetails":[{"vehicleid":11701,"vehiclenumber":"KA57F2050","servicetypeid":72,"servicetype":"Non AC/Ordinary","centerlat":12.982507,"centerlong":77.56797,"eta":"2023-12-19 10:17:00","sch_arrivaltime":"10:15","sch_departuretime":"10:15","actual_arrivaltime":"","actual_departuretime":"","sch_tripstarttime":"09:35","sch_tripendtime":"09:35","lastlocationid":0,"currentlocationid":21071,"nextlocationid":0,"currentstop":null,"nextstop":null,"laststop":null,"stopCoveredStatus":0,"heading":77,"lastrefreshon":"19-12-2023 10:02:50","lastreceiveddatetimeflag":0,"tripposition":3}]},{"routeid":2562,"stationid":20855,"stationname":"Indian Express","from":"Bande Maramma Bus Station","to":"Shivajinagara Bus Station","routeno":"237-C","distance_on_station":14.655,"centerlat":12.98408,"centerlong":77.59827,"responsecode":200,"isnotify":0,"vehicleDetails":[{"vehicleid":11701,"vehiclenumber":"KA57F2050","servicetypeid":72,"servicetype":"Non AC/Ordinary","centerlat":12.982507,"centerlong":77.56797,"eta":"2023-12-19 10:20:00","sch_arrivaltime":"10:19","sch_departuretime":"10:19","actual_arrivaltime":"","actual_departuretime":"","sch_tripstarttime":"09:35","sch_tripendtime":"09:35","lastlocationid":0,"currentlocationid":21071,"nextlocationid":0,"currentstop":null,"nextstop":null,"laststop":null,"stopCoveredStatus":0,"heading":77,"lastrefreshon":"19-12-2023 10:02:50","lastreceiveddatetimeflag":0,"tripposition":3}]},{"routeid":2562,"stationid":21173,"stationname":"Shivajinagara Bus Station","from":"Bande Maramma Bus Station","to":"Shivajinagara Bus Station","routeno":"237-C","distance_on_station":15.5,"centerlat":12.98328,"centerlong":77.60304,"responsecode":200,"isnotify":0,"vehicleDetails":[{"vehicleid":11701,"vehiclenumber":"KA57F2050","servicetypeid":72,"servicetype":"Non AC/Ordinary","centerlat":12.982507,"centerlong":77.56797,"eta":"2023-12-19 10:23:00","sch_arrivaltime":"10:23","sch_departuretime":"10:23","actual_arrivaltime":"","actual_departuretime":"","sch_tripstarttime":"09:35","sch_tripendtime":"09:35","lastlocationid":0,"currentlocationid":21071,"nextlocationid":0,"currentstop":null,"nextstop":null,"laststop":null,"stopCoveredStatus":0,"heading":77,"lastrefreshon":"19-12-2023 10:02:50","lastreceiveddatetimeflag":0,"tripposition":1}]}],"mapData":[{"vehicleid":11701,"vehiclenumber":"KA57F2050","servicetypeid":72,"servicetype":"Non AC/Ordinary","centerlat":12.982507,"centerlong":77.56797,"eta":"2023-12-19 10:23:00","sch_arrivaltime":"10:23","sch_departuretime":"10:23","actual_arrivaltime":"","actual_departuretime":"","sch_tripstarttime":"09:35","sch_tripendtime":"09:35","lastlocationid":0,"currentlocationid":21071,"nextlocationid":0,"currentstop":null,"nextstop":null,"laststop":null,"stopCoveredStatus":0,"heading":77,"lastrefreshon":"19-12-2023 10:02:50","lastreceiveddatetimeflag":0,"tripposition":1}]},"message":"Success","issuccess":true,"exception":null,"rowCount":0,"responsecode":200}