{"up":{"data":[{"routeid":6213,"stationid":20944,"stationname":"KR Market (Kalasipalya)","from":"KR Market (Kalasipalya)","to":"Nelamangala Bus Station","routeno":"240-F","distance_on_station":0,"centerlat":12.95916,"centerlong":77.57711,"responsecode":200,"isnotify":0,"vehicleDetails":[{"vehicleid":23016,"vehiclenumber":"KA53F0135","servicetypeid":72,"servicetype":"Non AC/Ordinary","centerlat":13.071684,"centerlong":77.445869,"eta":"","sch_arrivaltime":"10:40","sch_departuretime":"10:40","actual_arrivaltime":"10:19","actual_departuretime":"10:19","sch_tripstarttime":"10:40","sch_tripendtime":"10:40","lastlocationid":0,"currentlocationid":29439,"nextlocationid":0,"currentstop":null,"nextstop":null,"laststop":null,"stopCoveredStatus":1,"heading":64,"lastrefreshon":"09-03-2024 14:18:43","lastreceiveddatetimeflag":0,"tripposition":1}]},{"routeid":6213,"stationid":21123,"stationname":"Rayan Circle","from":"KR Market (Kalasipalya)","to":"Nelamangala Bus Station","routeno":"240-F","distance_on_station":1.02,"centerlat":12.96047,"centerlong":77.5679,"responsecode":200,"isnotify":0,"vehicleDetails":[{"vehicleid":23016,"vehiclenumber":"KA53F0135","servicetypeid":72,"servicetype":"Non AC/Ordinary","centerlat":13.071684,"centerlong":77.445869,"eta":"","sch_arrivaltime":"10:44","sch_departuretime":"10:44","actual_arrivaltime":"10:23","actual_departuretime":"10:24","sch_tripstarttime":"10:40","sch_tripendtime":"10:40","lastlocationid":0,"currentlocationid":29439,"nextlocationid":0,"currentstop":null,"nextstop":null,"laststop":null,"stopCoveredStatus":1,"heading":64,"lastrefreshon":"09-03-2024 14:18:43","lastreceiveddatetimeflag":0,"tripposition":1}]},{"routeid":6213,"stationid":21272,"stationname":"Water Tank Chamarajapet","from":"KR Market (Kalasipalya)","to":"Nelamangala Bus Station","routeno":"240-F","distance_on_station":1.34,"centerlat":12.96038,"centerlong":77.56493,"responsecode":200,"isnotify":0,"vehicleDetails":[{"vehicleid":23016,"vehiclenumber":"KA53F0135","servicetypeid":72,"servicetype":"Non AC/Ordinary","centerlat":13.071684,"centerlong":77.445869,"eta":"","sch_arrivaltime":"10:45","sch_departuretime":"10:45","actual_arrivaltime":"10:25","actual_departuretime":"10:25","sch_tripstarttime":"10:40","sch_tripendtime":"10:40","lastlocationid":0,"currentlocationid":29439,"nextlocationid":0,"currentstop":null,"nextstop":null,"laststop":null,"stopCoveredStatus":1,"heading":64,"lastrefreshon":"09-03-2024 14:18:43","lastreceiveddatetimeflag":0,"tripposition":1}]},{"routeid":6213,"stationid":23479,"stationname":"Chamarajapet","from":"KR Market (Kalasipalya)","to":"Nelamangala Bus Station","routeno":"240-F","distance_on_station":1.601,"centerlat":12.96033,"centerlong":77.56255,"responsecode":200,"isnotify":0,"vehicleDetails":[{"vehicleid":23016,"vehiclenumber":"KA53F0135","servicetypeid":72,"servicetype":"Non AC/Ordinary","centerlat":13.071684,"centerlong":77.445869,"eta":"","sch_arrivaltime":"10:46","sch_departuretime":"10:46","actual_arrivaltime":"10:25","actual_departuretime":"10:26","sch_tripstarttime":"10:40","sch_tripendtime":"10:40","lastlocationid":0,"currentlocationid":29439,"nextlocationid":0,"currentstop":null,"nextstop":null,"laststop":null,"stopCoveredStatus":1,"heading":64,"lastrefreshon":"09-03-2024 14:18:43","lastreceiveddatetimeflag":0,"tripposition":1}]},{"routeid":6213,"stationid":35403,"stationname":"Sirsi Circle","from":"KR Market (Kalasipalya)","to":"Nelamangala Bus Station","routeno":"240-F","distance_on_station":1.961,"centerlat":12.96022,"centerlong":77.55921,"responsecode":200,"isnotify":0,"vehicleDetails":[{"vehicleid":23016,"vehiclenumber":"KA53F0135","servicetypeid":72,"servicetype":"Non AC/Ordinary","centerlat":13.071684,"centerlong":77.445869,"eta":"","sch_arrivaltime":"10:47","sch_departuretime":"10:47","actual_arrivaltime":"10:27","actual_departuretime":"10:27","sch_tripstarttime":"10:40","sch_tripendtime":"10:40","lastlocationid":0,"currentlocationid":29439,"nextlocationid":0,"currentstop":null,"nextstop":null,"laststop":null,"stopCoveredStatus":1,"heading":64,"lastrefreshon":"09-03-2024 14:18:43","lastreceiveddatetimeflag":0,"tripposition":1}]},{"routeid":6213,"stationid":21495,"stationname":"CR Police Ground","from":"KR Market (Kalasipalya)","to":"Nelamangala Bus Station","routeno":"240-F","distance_on_station":2.251,"centerlat":12.96258,"centerlong":77.5601,"responsecode":200,"isnotify":0,"vehicleDetails":[{"vehicleid":23016,"vehiclenumber":"KA53F0135","servicetypeid":72,"servicetype":"Non AC/Ordinary","centerlat":13.071684,"centerlong":77.445869,"eta":"","sch_arrivaltime":"10:48","sch_departuretime":"10:48","actual_arrivaltime":"10:30","actual_departuretime":"10:30","sch_tripstarttime":"10:40","sch_tripendtime":"10:40","lastlocationid":0,"currentlocationid":29439,"nextlocationid":0,"currentstop":null,"nextstop":null,"laststop":null,"stopCoveredStatus":1,"heading":64,"lastrefreshon":"09-03-2024 14:18:43","lastreceiveddatetimeflag":0,"tripposition":1}]},{"routeid":6213,"stationid":21473,"stationname":"Binnypet","from":"KR Market (Kalasipalya)","to":"Nelamangala Bus Station","routeno":"240-F","distance_on_station":2.541,"centerlat":12.96468,"centerlong":77.56176,"responsecode":200,"isnotify":0,"vehicleDetails":[{"vehicleid":23016,"vehiclenumber":"KA53F0135","servicetypeid":72,"servicetype":"Non AC/Ordinary","centerlat":13.071684,"centerlong":77.445869,"eta":"","sch_arrivaltime":"10:49","sch_departuretime":"10:49","actual_arrivaltime":"10:31","actual_departuretime":"10:31","sch_tripstarttime":"10:40","sch_tripendtime":"10:40","lastlocationid":0,"currentlocationid":29439,"nextlocationid":0,"currentstop":null,"nextstop":null,"laststop":null,"stopCoveredStatus":1,"heading":64,"lastrefreshon":"09-03-2024 14:18:43","lastreceiveddatetimeflag":0,"tripposition":1}]},{"routeid":6213,"stationid":21471,"stationname":"Binny Mill","from":"KR Market (Kalasipalya)","to":"Nelamangala Bus Station","routeno":"240-F","distance_on_station":3.361,"centerlat":12.97052,"centerlong":77.56624,"responsecode":200,"isnotify":0,"vehicleDetails":[{"vehicleid":23016,"vehiclenumber":"KA53F0135","servicetypeid":72,"servicetype":"Non AC/Ordinary","centerlat":13.071684,"centerlong":77.445869,"eta":"","sch_arrivaltime":"10:51","sch_departuretime":"10:51","actual_arrivaltime":"10:33","actual_departuretime":"10:33","sch_tripstarttime":"10:40","sch_tripendtime":"10:40","lastlocationid":0,"currentlocationid":29439,"nextlocationid":0,"currentstop":null,"nextstop":null,"laststop":null,"stopCoveredStatus":1,"heading":64,"lastrefreshon":"09-03-2024 14:18:43","lastreceiveddatetimeflag":0,"tripposition":1}]},{"routeid":6213,"stationid":21535,"stationname":"Hunasemara","from":"KR Market (Kalasipalya)","to":"Nelamangala Bus Station","routeno":"240-F","distance_on_station":3.971,"centerlat":12.97528,"centerlong":77.56504,"responsecode":200,"isnotify":0,"vehicleDetails":[{"vehicleid":23016,"vehiclenumber":"KA53F0135","servicetypeid":72,"servicetype":"Non AC/Ordinary","centerlat":13.071684,"centerlong":77.445869,"eta":"","sch_arrivaltime":"10:52","sch_departuretime":"10:52","actual_arrivaltime":"10:34","actual_departuretime":"10:35","sch_tripstarttime":"10:40","sch_tripendtime":"10:40","lastlocationid":0,"currentlocationid":29439,"nextlocationid":0,"currentstop":null,"nextstop":null,"laststop":null,"stopCoveredStatus":1,"heading":64,"lastrefreshon":"09-03-2024 14:18:43","lastreceiveddatetimeflag":0,"tripposition":1}]},{"routeid":6213,"stationid":20577,"stationname":"1st Cross Magadi Road","from":"KR Market (Kalasipalya)","to":"Nelamangala Bus Station","routeno":"240-F","distance_on_station":4.222,"centerlat":12.97569,"centerlong":77.563,"responsecode":200,"isnotify":0,"vehicleDetails":[{"vehicleid":23016,"vehiclenumber":"KA53F0135","servicetypeid":72,"servicetype":"Non AC/Ordinary","centerlat":13.071684,"centerlong":77.445869,"eta":"","sch_arrivaltime":"10:53","sch_departuretime":"10:53","actual_arrivaltime":"","actual_departuretime":"","sch_tripstarttime":"10:40","sch_tripendtime":"10:40","lastlocationid":0,"currentlocationid":29439,"nextlocationid":0,"currentstop":null,"nextstop":null,"laststop":null,"stopCoveredStatus":1,"heading":64,"lastrefreshon":"09-03-2024 14:18:43","lastreceiveddatetimeflag":0,"tripposition":3}]},{"routeid":6213,"stationid":20584,"stationname":"5th Cross Magadi Road","from":"KR Market (Kalasipalya)","to":"Nelamangala Bus Station","routeno":"240-F","distance_on_station":4.462,"centerlat":12.97567,"centerlong":77.56081,"responsecode":200,"isnotify":0,"vehicleDetails":[{"vehicleid":23016,"vehiclenumber":"KA53F0135","servicetypeid":72,"servicetype":"Non AC/Ordinary","centerlat":13.071684,"centerlong":77.445869,"eta":"","sch_arrivaltime":"10:54","sch_departuretime":"10:54","actual_arrivaltime":"10:36","actual_departuretime":"10:36","sch_tripstarttime":"10:40","sch_tripendtime":"10:40","lastlocationid":0,"currentlocationid":29439,"nextlocationid":0,"currentstop":null,"nextstop":null,"laststop":null,"stopCoveredStatus":1,"heading":64,"lastrefreshon":"09-03-2024 14:18:43","lastreceiveddatetimeflag":0,"tripposition":1}]},{"routeid":6213,"stationid":20558,"stationname":"10th Cross Magadi Road","from":"KR Market (Kalasipalya)","to":"Nelamangala Bus Station","routeno":"240-F","distance_on_station":5.022,"centerlat":12.97556,"centerlong":77.55562,"responsecode":200,"isnotify":0,"vehicleDetails":[{"vehicleid":23016,"vehiclenumber":"KA53F0135","servicetypeid":72,"servicetype":"Non AC/Ordinary","centerlat":13.071684,"centerlong":77.445869,"eta":"","sch_arrivaltime":"10:55","sch_departuretime":"10:55","actual_arrivaltime":"10:38","actual_departuretime":"10:38","sch_tripstarttime":"10:40","sch_tripendtime":"10:40","lastlocationid":0,"currentlocationid":29439,"nextlocationid":0,"currentstop":null,"nextstop":null,"laststop":null,"stopCoveredStatus":1,"heading":64,"lastrefreshon":"09-03-2024 14:18:43","lastreceiveddatetimeflag":0,"tripposition":1}]},{"routeid":6213,"stationid":21101,"stationname":"Prasanna Theatre","from":"KR Market (Kalasipalya)","to":"Nelamangala Bus Station","routeno":"240-F","distance_on_station":5.552,"centerlat":12.97401,"centerlong":77.55122,"responsecode":200,"isnotify":0,"vehicleDetails":[{"vehicleid":23016,"vehiclenumber":"KA53F0135","servicetypeid":72,"servicetype":"Non AC/Ordinary","centerlat":13.071684,"centerlong":77.445869,"eta":"","sch_arrivaltime":"10:56","sch_departuretime":"10:56","actual_arrivaltime":"10:39","actual_departuretime":"10:39","sch_tripstarttime":"10:40","sch_tripendtime":"10:40","lastlocationid":0,"currentlocationid":29439,"nextlocationid":0,"currentstop":null,"nextstop":null,"laststop":null,"stopCoveredStatus":1,"heading":64,"lastrefreshon":"09-03-2024 14:18:43","lastreceiveddatetimeflag":0,"tripposition":1}]},{"routeid":6213,"stationid":20975,"stationname":"Magadi Road TollGate","from":"KR Market (Kalasipalya)","to":"Nelamangala Bus Station","routeno":"240-F","distance_on_station":5.822,"centerlat":12.97437,"centerlong":77.54902,"responsecode":200,"isnotify":0,"vehicleDetails":[{"vehicleid":23016,"vehiclenumber":"KA53F0135","servicetypeid":72,"servicetype":"Non AC/Ordinary","centerlat":13.071684,"centerlong":77.445869,"eta":"","sch_arrivaltime":"10:57","sch_departuretime":"10:57","actual_arrivaltime":"10:40","actual_departuretime":"10:42","sch_tripstarttime":"10:40","sch_tripendtime":"10:40","lastlocationid":0,"currentlocationid":29439,"nextlocationid":0,"currentstop":null,"nextstop":null,"laststop":null,"stopCoveredStatus":1,"heading":64,"lastrefreshon":"09-03-2024 14:18:43","lastreceiveddatetimeflag":0,"tripposition":1}]},{"routeid":6213,"stationid":20600,"stationname":"Agrahara Dasarahalli","from":"KR Market (Kalasipalya)","to":"Nelamangala Bus Station","routeno":"240-F","distance_on_station":6.833,"centerlat":12.97874,"centerlong":77.54121,"responsecode":200,"isnotify":0,"vehicleDetails":[{"vehicleid":23016,"vehiclenumber":"KA53F0135","servicetypeid":72,"servicetype":"Non AC/Ordinary","centerlat":13.071684,"centerlong":77.445869,"eta":"","sch_arrivaltime":"11:00","sch_departuretime":"11:00","actual_arrivaltime":"10:46","actual_departuretime":"10:46","sch_tripstarttime":"10:40","sch_tripendtime":"10:40","lastlocationid":0,"currentlocationid":29439,"nextlocationid":0,"currentstop":null,"nextstop":null,"laststop":null,"stopCoveredStatus":1,"heading":64,"lastrefreshon":"09-03-2024 14:18:43","lastreceiveddatetimeflag":0,"tripposition":1}]},{"routeid":6213,"stationid":20930,"stationname":"KHB Colony","from":"KR Market (Kalasipalya)","to":"Nelamangala Bus Station","routeno":"240-F","distance_on_station":7.503,"centerlat":12.98105,"centerlong":77.53549,"responsecode":200,"isnotify":0,"vehicleDetails":[{"vehicleid":23016,"vehiclenumber":"KA53F0135","servicetypeid":72,"servicetype":"Non AC/Ordinary","centerlat":13.071684,"centerlong":77.445869,"eta":"","sch_arrivaltime":"11:01","sch_departuretime":"11:01","actual_arrivaltime":"10:47","actual_departuretime":"10:47","sch_tripstarttime":"10:40","sch_tripendtime":"10:40","lastlocationid":0,"currentlocationid":29439,"nextlocationid":0,"currentstop":null,"nextstop":null,"laststop":null,"stopCoveredStatus":1,"heading":64,"lastrefreshon":"09-03-2024 14:18:43","lastreceiveddatetimeflag":0,"tripposition":1}]},{"routeid":6213,"stationid":20906,"stationname":"Kamakshipalya","from":"KR Market (Kalasipalya)","to":"Nelamangala Bus Station","routeno":"240-F","distance_on_station":8.283,"centerlat":12.98375,"centerlong":77.52917,"responsecode":200,"isnotify":0,"vehicleDetails":[{"vehicleid":23016,"vehiclenumber":"KA53F0135","servicetypeid":72,"servicetype":"Non AC/Ordinary","centerlat":13.071684,"centerlong":77.445869,"eta":"","sch_arrivaltime":"11:03","sch_departuretime":"11:03","actual_arrivaltime":"10:49","actual_departuretime":"10:50","sch_tripstarttime":"10:40","sch_tripendtime":"10:40","lastlocationid":0,"currentlocationid":29439,"nextlocationid":0,"currentstop":null,"nextstop":null,"laststop":null,"stopCoveredStatus":1,"heading":64,"lastrefreshon":"09-03-2024 14:18:43","lastreceiveddatetimeflag":0,"tripposition":1}]},{"routeid":6213,"stationid":21204,"stationname":"Summanahalli","from":"KR Market (Kalasipalya)","to":"Nelamangala Bus Station","routeno":"240-F","distance_on_station":9.564,"centerlat":12.98739,"centerlong":77.51914,"responsecode":200,"isnotify":0,"vehicleDetails":[{"vehicleid":23016,"vehiclenumber":"KA53F0135","servicetypeid":72,"servicetype":"Non AC/Ordinary","centerlat":13.071684,"centerlong":77.445869,"eta":"","sch_arrivaltime":"11:06","sch_departuretime":"11:06","actual_arrivaltime":"10:53","actual_departuretime":"10:55","sch_tripstarttime":"10:40","sch_tripendtime":"10:40","lastlocationid":0,"currentlocationid":29439,"nextlocationid":0,"currentstop":null,"nextstop":null,"laststop":null,"stopCoveredStatus":1,"heading":64,"lastrefreshon":"09-03-2024 14:18:43","lastreceiveddatetimeflag":0,"tripposition":1}]},{"routeid":6213,"stationid":20937,"stationname":"Kottigepalya","from":"KR Market (Kalasipalya)","to":"Nelamangala Bus Station","routeno":"240-F","distance_on_station":10.024,"centerlat":12.98787,"centerlong":77.51509,"responsecode":200,"isnotify":0,"vehicleDetails":[{"vehicleid":23016,"vehiclenumber":"KA53F0135","servicetypeid":72,"servicetype":"Non AC/Ordinary","centerlat":13.071684,"centerlong":77.445869,"eta":"","sch_arrivaltime":"11:07","sch_departuretime":"11:07","actual_arrivaltime":"10:56","actual_departuretime":"10:56","sch_tripstarttime":"10:40","sch_tripendtime":"10:40","lastlocationid":0,"currentlocationid":29439,"nextlocationid":0,"currentstop":null,"nextstop":null,"laststop":null,"stopCoveredStatus":1,"heading":64,"lastrefreshon":"09-03-2024 14:18:43","lastreceiveddatetimeflag":0,"tripposition":1}]},{"routeid":6213,"stationid":21206,"stationname":"Sunkadakatte","from":"KR Market (Kalasipalya)","to":"Nelamangala Bus Station","routeno":"240-F","distance_on_station":11.324,"centerlat":12.99018,"centerlong":77.5038,"responsecode":200,"isnotify":0,"vehicleDetails":[{"vehicleid":23016,"vehiclenumber":"KA53F0135","servicetypeid":72,"servicetype":"Non AC/Ordinary","centerlat":13.071684,"centerlong":77.445869,"eta":"","sch_arrivaltime":"11:10","sch_departuretime":"11:10","actual_arrivaltime":"11:01","actual_departuretime":"11:02","sch_tripstarttime":"10:40","sch_tripendtime":"10:40","lastlocationid":0,"currentlocationid":29439,"nextlocationid":0,"currentstop":null,"nextstop":null,"laststop":null,"stopCoveredStatus":1,"heading":64,"lastrefreshon":"09-03-2024 14:18:43","lastreceiveddatetimeflag":0,"tripposition":1}]},{"routeid":6213,"stationid":26277,"stationname":"Janapriya Apartment","from":"KR Market (Kalasipalya)","to":"Nelamangala Bus Station","routeno":"240-F","distance_on_station":11.814,"centerlat":12.9888,"centerlong":77.49952,"responsecode":200,"isnotify":0,"vehicleDetails":[{"vehicleid":23016,"vehiclenumber":"KA53F0135","servicetypeid":72,"servicetype":"Non AC/Ordinary","centerlat":13.071684,"centerlong":77.445869,"eta":"","sch_arrivaltime":"11:11","sch_departuretime":"11:11","actual_arrivaltime":"11:03","actual_departuretime":"11:03","sch_tripstarttime":"10:40","sch_tripendtime":"10:40","lastlocationid":0,"currentlocationid":29439,"nextlocationid":0,"currentstop":null,"nextstop":null,"laststop":null,"stopCoveredStatus":1,"heading":64,"lastrefreshon":"09-03-2024 14:18:43","lastreceiveddatetimeflag":0,"tripposition":1}]},{"routeid":6213,"stationid":21530,"stationname":"Herohalli Cross","from":"KR Market (Kalasipalya)","to":"Nelamangala Bus Station","routeno":"240-F","distance_on_station":12.595,"centerlat":12.98726,"centerlong":77.4925,"responsecode":200,"isnotify":0,"vehicleDetails":[{"vehicleid":23016,"vehiclenumber":"KA53F0135","servicetypeid":72,"servicetype":"Non AC/Ordinary","centerlat":13.071684,"centerlong":77.445869,"eta":"","sch_arrivaltime":"11:12","sch_departuretime":"11:12","actual_arrivaltime":"11:05","actual_departuretime":"11:05","sch_tripstarttime":"10:40","sch_tripendtime":"10:40","lastlocationid":0,"currentlocationid":29439,"nextlocationid":0,"currentstop":null,"nextstop":null,"laststop":null,"stopCoveredStatus":1,"heading":64,"lastrefreshon":"09-03-2024 14:18:43","lastreceiveddatetimeflag":0,"tripposition":1}]},{"routeid":6213,"stationid":21456,"stationname":"Anjananagara","from":"KR Market (Kalasipalya)","to":"Nelamangala Bus Station","routeno":"240-F","distance_on_station":13.045,"centerlat":12.98614,"centerlong":77.48847,"responsecode":200,"isnotify":0,"vehicleDetails":[{"vehicleid":23016,"vehiclenumber":"KA53F0135","servicetypeid":72,"servicetype":"Non AC/Ordinary","centerlat":13.071684,"centerlong":77.445869,"eta":"","sch_arrivaltime":"11:13","sch_departuretime":"11:13","actual_arrivaltime":"11:06","actual_departuretime":"11:07","sch_tripstarttime":"10:40","sch_tripendtime":"10:40","lastlocationid":0,"currentlocationid":29439,"nextlocationid":0,"currentstop":null,"nextstop":null,"laststop":null,"stopCoveredStatus":1,"heading":64,"lastrefreshon":"09-03-2024 14:18:43","lastreceiveddatetimeflag":0,"tripposition":1}]},{"routeid":6213,"stationid":21508,"stationname":"East West College Cross","from":"KR Market (Kalasipalya)","to":"Nelamangala Bus Station","routeno":"240-F","distance_on_station":13.285,"centerlat":12.98559,"centerlong":77.48632,"responsecode":200,"isnotify":0,"vehicleDetails":[{"vehicleid":23016,"vehiclenumber":"KA53F0135","servicetypeid":72,"servicetype":"Non AC/Ordinary","centerlat":13.071684,"centerlong":77.445869,"eta":"","sch_arrivaltime":"11:14","sch_departuretime":"11:14","actual_arrivaltime":"11:07","actual_departuretime":"11:07","sch_tripstarttime":"10:40","sch_tripendtime":"10:40","lastlocationid":0,"currentlocationid":29439,"nextlocationid":0,"currentstop":null,"nextstop":null,"laststop":null,"stopCoveredStatus":1,"heading":64,"lastrefreshon":"09-03-2024 14:18:43","lastreceiveddatetimeflag":0,"tripposition":1}]},{"routeid":6213,"stationid":21475,"stationname":"Byadarahalli","from":"KR Market (Kalasipalya)","to":"Nelamangala Bus Station","routeno":"240-F","distance_on_station":13.745,"centerlat":12.98504,"centerlong":77.48214,"responsecode":200,"isnotify":0,"vehicleDetails":[{"vehicleid":23016,"vehiclenumber":"KA53F0135","servicetypeid":72,"servicetype":"Non AC/Ordinary","centerlat":13.071684,"centerlong":77.445869,"eta":"","sch_arrivaltime":"11:15","sch_departuretime":"11:15","actual_arrivaltime":"11:08","actual_departuretime":"11:09","sch_tripstarttime":"10:40","sch_tripendtime":"10:40","lastlocationid":0,"currentlocationid":29439,"nextlocationid":0,"currentstop":null,"nextstop":null,"laststop":null,"stopCoveredStatus":1,"heading":64,"lastrefreshon":"09-03-2024 14:18:43","lastreceiveddatetimeflag":0,"tripposition":1}]},{"routeid":6213,"stationid":21493,"stationname":"College Cross Byadarahalli","from":"KR Market (Kalasipalya)","to":"Nelamangala Bus Station","routeno":"240-F","distance_on_station":14.025,"centerlat":12.98552,"centerlong":77.47964,"responsecode":200,"isnotify":0,"vehicleDetails":[{"vehicleid":23016,"vehiclenumber":"KA53F0135","servicetypeid":72,"servicetype":"Non AC/Ordinary","centerlat":13.071684,"centerlong":77.445869,"eta":"","sch_arrivaltime":"11:16","sch_departuretime":"11:16","actual_arrivaltime":"11:09","actual_departuretime":"11:09","sch_tripstarttime":"10:40","sch_tripendtime":"10:40","lastlocationid":0,"currentlocationid":29439,"nextlocationid":0,"currentstop":null,"nextstop":null,"laststop":null,"stopCoveredStatus":1,"heading":64,"lastrefreshon":"09-03-2024 14:18:43","lastreceiveddatetimeflag":0,"tripposition":1}]},{"routeid":6213,"stationid":21516,"stationname":"Gollarahatti","from":"KR Market (Kalasipalya)","to":"Nelamangala Bus Station","routeno":"240-F","distance_on_station":14.835,"centerlat":12.98849,"centerlong":77.47281,"responsecode":200,"isnotify":0,"vehicleDetails":[{"vehicleid":23016,"vehiclenumber":"KA53F0135","servicetypeid":72,"servicetype":"Non AC/Ordinary","centerlat":13.071684,"centerlong":77.445869,"eta":"","sch_arrivaltime":"11:17","sch_departuretime":"11:17","actual_arrivaltime":"11:12","actual_departuretime":"11:12","sch_tripstarttime":"10:40","sch_tripendtime":"10:40","lastlocationid":0,"currentlocationid":29439,"nextlocationid":0,"currentstop":null,"nextstop":null,"laststop":null,"stopCoveredStatus":1,"heading":64,"lastrefreshon":"09-03-2024 14:18:43","lastreceiveddatetimeflag":0,"tripposition":1}]},{"routeid":6213,"stationid":21547,"stationname":"Kachohalli Gate","from":"KR Market (Kalasipalya)","to":"Nelamangala Bus Station","routeno":"240-F","distance_on_station":15.316,"centerlat":12.99042,"centerlong":77.4688,"responsecode":200,"isnotify":0,"vehicleDetails":[{"vehicleid":23016,"vehiclenumber":"KA53F0135","servicetypeid":72,"servicetype":"Non AC/Ordinary","centerlat":13.071684,"centerlong":77.445869,"eta":"","sch_arrivaltime":"11:18","sch_departuretime":"11:18","actual_arrivaltime":"11:13","actual_departuretime":"11:14","sch_tripstarttime":"10:40","sch_tripendtime":"10:40","lastlocationid":0,"currentlocationid":29439,"nextlocationid":0,"currentstop":null,"nextstop":null,"laststop":null,"stopCoveredStatus":1,"heading":64,"lastrefreshon":"09-03-2024 14:18:43","lastreceiveddatetimeflag":0,"tripposition":1}]},{"routeid":6213,"stationid":30538,"stationname":"Kachohalli","from":"KR Market (Kalasipalya)","to":"Nelamangala Bus Station","routeno":"240-F","distance_on_station":16.546,"centerlat":13.00016,"centerlong":77.47058,"responsecode":200,"isnotify":0,"vehicleDetails":[{"vehicleid":23016,"vehiclenumber":"KA53F0135","servicetypeid":72,"servicetype":"Non AC/Ordinary","centerlat":13.071684,"centerlong":77.445869,"eta":"","sch_arrivaltime":"11:24","sch_departuretime":"11:24","actual_arrivaltime":"11:17","actual_departuretime":"11:17","sch_tripstarttime":"10:40","sch_tripendtime":"10:40","lastlocationid":0,"currentlocationid":29439,"nextlocationid":0,"currentstop":null,"nextstop":null,"laststop":null,"stopCoveredStatus":1,"heading":64,"lastrefreshon":"09-03-2024 14:18:43","lastreceiveddatetimeflag":0,"tripposition":1}]},{"routeid":6213,"stationid":32643,"stationname":"Gangondanahalli","from":"KR Market (Kalasipalya)","to":"Nelamangala Bus Station","routeno":"240-F","distance_on_station":19.077,"centerlat":13.02164,"centerlong":77.46773,"responsecode":200,"isnotify":0,"vehicleDetails":[{"vehicleid":23016,"vehiclenumber":"KA53F0135","servicetypeid":72,"servicetype":"Non AC/Ordinary","centerlat":13.071684,"centerlong":77.445869,"eta":"","sch_arrivaltime":"11:33","sch_departuretime":"11:33","actual_arrivaltime":"11:23","actual_departuretime":"11:23","sch_tripstarttime":"10:40","sch_tripendtime":"10:40","lastlocationid":0,"currentlocationid":29439,"nextlocationid":0,"currentstop":null,"nextstop":null,"laststop":null,"stopCoveredStatus":1,"heading":64,"lastrefreshon":"09-03-2024 14:18:43","lastreceiveddatetimeflag":0,"tripposition":1}]},{"routeid":6213,"stationid":25328,"stationname":"Gangondanahalli Cross","from":"KR Market (Kalasipalya)","to":"Nelamangala Bus Station","routeno":"240-F","distance_on_station":19.987,"centerlat":13.02898,"centerlong":77.46448,"responsecode":200,"isnotify":0,"vehicleDetails":[{"vehicleid":23016,"vehiclenumber":"KA53F0135","servicetypeid":72,"servicetype":"Non AC/Ordinary","centerlat":13.071684,"centerlong":77.445869,"eta":"","sch_arrivaltime":"11:35","sch_departuretime":"11:35","actual_arrivaltime":"11:26","actual_departuretime":"11:26","sch_tripstarttime":"10:40","sch_tripendtime":"10:40","lastlocationid":0,"currentlocationid":29439,"nextlocationid":0,"currentstop":null,"nextstop":null,"laststop":null,"stopCoveredStatus":1,"heading":64,"lastrefreshon":"09-03-2024 14:18:43","lastreceiveddatetimeflag":0,"tripposition":1}]},{"routeid":6213,"stationid":33674,"stationname":"Lakshmipura","from":"KR Market (Kalasipalya)","to":"Nelamangala Bus Station","routeno":"240-F","distance_on_station":21.078,"centerlat":13.03742,"centerlong":77.46118,"responsecode":200,"isnotify":0,"vehicleDetails":[{"vehicleid":23016,"vehiclenumber":"KA53F0135","servicetypeid":72,"servicetype":"Non AC/Ordinary","centerlat":13.071684,"centerlong":77.445869,"eta":"","sch_arrivaltime":"11:37","sch_departuretime":"11:37","actual_arrivaltime":"11:37","actual_departuretime":"11:37","sch_tripstarttime":"10:40","sch_tripendtime":"10:40","lastlocationid":0,"currentlocationid":29439,"nextlocationid":0,"currentstop":null,"nextstop":null,"laststop":null,"stopCoveredStatus":1,"heading":64,"lastrefreshon":"09-03-2024 14:18:43","lastreceiveddatetimeflag":0,"tripposition":1}]},{"routeid":6213,"stationid":34342,"stationname":"Rajeshwarinagara","from":"KR Market (Kalasipalya)","to":"Nelamangala Bus Station","routeno":"240-F","distance_on_station":22.008,"centerlat":13.04526,"centerlong":77.46132,"responsecode":200,"isnotify":0,"vehicleDetails":[{"vehicleid":23016,"vehiclenumber":"KA53F0135","servicetypeid":72,"servicetype":"Non AC/Ordinary","centerlat":13.071684,"centerlong":77.445869,"eta":"","sch_arrivaltime":"11:39","sch_departuretime":"11:39","actual_arrivaltime":"11:39","actual_departuretime":"11:40","sch_tripstarttime":"10:40","sch_tripendtime":"10:40","lastlocationid":0,"currentlocationid":29439,"nextlocationid":0,"currentstop":null,"nextstop":null,"laststop":null,"stopCoveredStatus":1,"heading":64,"lastrefreshon":"09-03-2024 14:18:43","lastreceiveddatetimeflag":0,"tripposition":1}]},{"routeid":6213,"stationid":25132,"stationname":"Dombarahalli","from":"KR Market (Kalasipalya)","to":"Nelamangala Bus Station","routeno":"240-F","distance_on_station":22.468,"centerlat":13.0491,"centerlong":77.45981,"responsecode":200,"isnotify":0,"vehicleDetails":[{"vehicleid":23016,"vehiclenumber":"KA53F0135","servicetypeid":72,"servicetype":"Non AC/Ordinary","centerlat":13.071684,"centerlong":77.445869,"eta":"","sch_arrivaltime":"11:40","sch_departuretime":"11:40","actual_arrivaltime":"11:41","actual_departuretime":"11:41","sch_tripstarttime":"10:40","sch_tripendtime":"10:40","lastlocationid":0,"currentlocationid":29439,"nextlocationid":0,"currentstop":null,"nextstop":null,"laststop":null,"stopCoveredStatus":1,"heading":64,"lastrefreshon":"09-03-2024 14:18:43","lastreceiveddatetimeflag":0,"tripposition":1}]},{"routeid":6213,"stationid":34586,"stationname":"Siddana Hosahalli","from":"KR Market (Kalasipalya)","to":"Nelamangala Bus Station","routeno":"240-F","distance_on_station":23.349,"centerlat":13.05682,"centerlong":77.46014,"responsecode":200,"isnotify":0,"vehicleDetails":[{"vehicleid":23016,"vehiclenumber":"KA53F0135","servicetypeid":72,"servicetype":"Non AC/Ordinary","centerlat":13.071684,"centerlong":77.445869,"eta":"","sch_arrivaltime":"11:42","sch_departuretime":"11:42","actual_arrivaltime":"11:43","actual_departuretime":"11:43","sch_tripstarttime":"10:40","sch_tripendtime":"10:40","lastlocationid":0,"currentlocationid":29439,"nextlocationid":0,"currentstop":null,"nextstop":null,"laststop":null,"stopCoveredStatus":1,"heading":64,"lastrefreshon":"09-03-2024 14:18:43","lastreceiveddatetimeflag":0,"tripposition":1}]},{"routeid":6213,"stationid":33724,"stationname":"Madanayakanahalli","from":"KR Market (Kalasipalya)","to":"Nelamangala Bus Station","routeno":"240-F","distance_on_station":23.859,"centerlat":13.06102,"centerlong":77.46102,"responsecode":200,"isnotify":0,"vehicleDetails":[{"vehicleid":23016,"vehiclenumber":"KA53F0135","servicetypeid":72,"servicetype":"Non AC/Ordinary","centerlat":13.071684,"centerlong":77.445869,"eta":"","sch_arrivaltime":"11:43","sch_departuretime":"11:43","actual_arrivaltime":"11:45","actual_departuretime":"11:46","sch_tripstarttime":"10:40","sch_tripendtime":"10:40","lastlocationid":0,"currentlocationid":29439,"nextlocationid":0,"currentstop":null,"nextstop":null,"laststop":null,"stopCoveredStatus":1,"heading":64,"lastrefreshon":"09-03-2024 14:18:43","lastreceiveddatetimeflag":0,"tripposition":1}]},{"routeid":6213,"stationid":33748,"stationname":"Makali","from":"KR Market (Kalasipalya)","to":"Nelamangala Bus Station","routeno":"240-F","distance_on_station":24.849,"centerlat":13.06564,"centerlong":77.45325,"responsecode":200,"isnotify":0,"vehicleDetails":[{"vehicleid":23016,"vehiclenumber":"KA53F0135","servicetypeid":72,"servicetype":"Non AC/Ordinary","centerlat":13.071684,"centerlong":77.445869,"eta":"","sch_arrivaltime":"11:44","sch_departuretime":"11:44","actual_arrivaltime":"11:48","actual_departuretime":"11:48","sch_tripstarttime":"10:40","sch_tripendtime":"10:40","lastlocationid":0,"currentlocationid":29439,"nextlocationid":0,"currentstop":null,"nextstop":null,"laststop":null,"stopCoveredStatus":1,"heading":64,"lastrefreshon":"09-03-2024 14:18:43","lastreceiveddatetimeflag":0,"tripposition":1}]},{"routeid":6213,"stationid":22973,"stationname":"Depot-40 Gate","from":"KR Market (Kalasipalya)","to":"Nelamangala Bus Station","routeno":"240-F","distance_on_station":25.549,"centerlat":13.06872,"centerlong":77.44766,"responsecode":200,"isnotify":0,"vehicleDetails":[{"vehicleid":23016,"vehiclenumber":"KA53F0135","servicetypeid":72,"servicetype":"Non AC/Ordinary","centerlat":13.071684,"centerlong":77.445869,"eta":"2024-03-09 14:19:00","sch_arrivaltime":"11:45","sch_departuretime":"11:45","actual_arrivaltime":"","actual_departuretime":"","sch_tripstarttime":"10:40","sch_tripendtime":"10:40","lastlocationid":0,"currentlocationid":29439,"nextlocationid":0,"currentstop":null,"nextstop":null,"laststop":null,"stopCoveredStatus":0,"heading":64,"lastrefreshon":"09-03-2024 14:18:43","lastreceiveddatetimeflag":0,"tripposition":3}]},{"routeid":6213,"stationid":29439,"stationname":"Adakimaranahalli","from":"KR Market (Kalasipalya)","to":"Nelamangala Bus Station","routeno":"240-F","distance_on_station":25.9,"centerlat":13.07028,"centerlong":77.44482,"responsecode":200,"isnotify":0,"vehicleDetails":[{"vehicleid":23016,"vehiclenumber":"KA53F0135","servicetypeid":72,"servicetype":"Non AC/Ordinary","centerlat":13.071684,"centerlong":77.445869,"eta":"2024-03-09 14:20:00","sch_arrivaltime":"11:46","sch_departuretime":"11:46","actual_arrivaltime":"","actual_departuretime":"","sch_tripstarttime":"10:40","sch_tripendtime":"10:40","lastlocationid":0,"currentlocationid":29439,"nextlocationid":0,"currentstop":null,"nextstop":null,"laststop":null,"stopCoveredStatus":0,"heading":64,"lastrefreshon":"09-03-2024 14:18:43","lastreceiveddatetimeflag":0,"tripposition":3}]},{"routeid":6213,"stationid":38537,"stationname":"Ravuthanahalli Cross","from":"KR Market (Kalasipalya)","to":"Nelamangala Bus Station","routeno":"240-F","distance_on_station":26.58,"centerlat":13.07334,"centerlong":77.43938,"responsecode":200,"isnotify":0,"vehicleDetails":[{"vehicleid":23016,"vehiclenumber":"KA53F0135","servicetypeid":72,"servicetype":"Non AC/Ordinary","centerlat":13.071684,"centerlong":77.445869,"eta":"2024-03-09 14:21:00","sch_arrivaltime":"11:47","sch_departuretime":"11:47","actual_arrivaltime":"","actual_departuretime":"","sch_tripstarttime":"10:40","sch_tripendtime":"10:40","lastlocationid":0,"currentlocationid":29439,"nextlocationid":0,"currentstop":null,"nextstop":null,"laststop":null,"stopCoveredStatus":0,"heading":64,"lastrefreshon":"09-03-2024 14:18:43","lastreceiveddatetimeflag":0,"tripposition":3}]},{"routeid":6213,"stationid":24788,"stationname":"Dasanapura","from":"KR Market (Kalasipalya)","to":"Nelamangala Bus Station","routeno":"240-F","distance_on_station":27,"centerlat":13.07523,"centerlong":77.43599,"responsecode":200,"isnotify":0,"vehicleDetails":[{"vehicleid":23016,"vehiclenumber":"KA53F0135","servicetypeid":72,"servicetype":"Non AC/Ordinary","centerlat":13.071684,"centerlong":77.445869,"eta":"2024-03-09 14:22:00","sch_arrivaltime":"11:48","sch_departuretime":"11:48","actual_arrivaltime":"","actual_departuretime":"","sch_tripstarttime":"10:40","sch_tripendtime":"10:40","lastlocationid":0,"currentlocationid":29439,"nextlocationid":0,"currentstop":null,"nextstop":null,"laststop":null,"stopCoveredStatus":0,"heading":64,"lastrefreshon":"09-03-2024 14:18:43","lastreceiveddatetimeflag":0,"tripposition":1}]}],"mapData":[{"vehicleid":23016,"vehiclenumber":"KA53F0135","servicetypeid":72,"servicetype":"Non AC/Ordinary","centerlat":13.071684,"centerlong":77.445869,"eta":"2024-03-09 14:22:00","sch_arrivaltime":"11:48","sch_departuretime":"11:48","actual_arrivaltime":"","actual_departuretime":"","sch_tripstarttime":"10:40","sch_tripendtime":"10:40","lastlocationid":0,"currentlocationid":29439,"nextlocationid":0,"currentstop":null,"nextstop":null,"laststop":null,"stopCoveredStatus":0,"heading":64,"lastrefreshon":"09-03-2024 14:18:43","lastreceiveddatetimeflag":0,"tripposition":1}]},"down":{"data":[{"routeid":6218,"stationid":22353,"stationname":"Nelamangala Bus Station","from":"Nelamangala Bus Station","to":"KR Market (Kalasipalya)","routeno":"240-F","distance_on_station":0,"centerlat":13.09796,"centerlong":77.39438,"responsecode":200,"isnotify":0,"vehicleDetails":[{"vehicleid":20784,"vehiclenumber":"KA57F3150","servicetypeid":72,"servicetype":"Non AC/Ordinary","centerlat":13.066259,"centerlong":77.452255,"eta":"","sch_arrivaltime":"14:20","sch_departuretime":"14:20","actual_arrivaltime":"14:04","actual_departuretime":"14:04","sch_tripstarttime":"14:20","sch_tripendtime":"14:20","lastlocationid":0,"currentlocationid":22241,"nextlocationid":0,"currentstop":null,"nextstop":null,"laststop":null,"stopCoveredStatus":1,"heading":120,"lastrefreshon":"09-03-2024 14:18:29","lastreceiveddatetimeflag":0,"tripposition":1}]},{"routeid":6218,"stationid":21647,"stationname":"Anjaneya Temple Nelamangala","from":"Nelamangala Bus Station","to":"KR Market (Kalasipalya)","routeno":"240-F","distance_on_station":0.413,"centerlat":13.09737,"centerlong":77.39777,"responsecode":200,"isnotify":0,"vehicleDetails":[{"vehicleid":20784,"vehiclenumber":"KA57F3150","servicetypeid":72,"servicetype":"Non AC/Ordinary","centerlat":13.066259,"centerlong":77.452255,"eta":"","sch_arrivaltime":"14:23","sch_departuretime":"14:23","actual_arrivaltime":"14:05","actual_departuretime":"14:05","sch_tripstarttime":"14:20","sch_tripendtime":"14:20","lastlocationid":0,"currentlocationid":22241,"nextlocationid":0,"currentstop":null,"nextstop":null,"laststop":null,"stopCoveredStatus":1,"heading":120,"lastrefreshon":"09-03-2024 14:18:29","lastreceiveddatetimeflag":0,"tripposition":1}]},{"routeid":6218,"stationid":22534,"stationname":"TB Nelamangala","from":"Nelamangala Bus Station","to":"KR Market (Kalasipalya)","routeno":"240-F","distance_on_station":0.836,"centerlat":13.09718,"centerlong":77.40144,"responsecode":200,"isnotify":0,"vehicleDetails":[{"vehicleid":20784,"vehiclenumber":"KA57F3150","servicetypeid":72,"servicetype":"Non AC/Ordinary","centerlat":13.066259,"centerlong":77.452255,"eta":"","sch_arrivaltime":"14:24","sch_departuretime":"14:24","actual_arrivaltime":"14:06","actual_departuretime":"14:06","sch_tripstarttime":"14:20","sch_tripendtime":"14:20","lastlocationid":0,"currentlocationid":22241,"nextlocationid":0,"currentstop":null,"nextstop":null,"laststop":null,"stopCoveredStatus":1,"heading":120,"lastrefreshon":"09-03-2024 14:18:29","lastreceiveddatetimeflag":0,"tripposition":1}]},{"routeid":6218,"stationid":22618,"stationname":"Weavers Colony Nelamangala","from":"Nelamangala Bus Station","to":"KR Market (Kalasipalya)","routeno":"240-F","distance_on_station":1.396,"centerlat":13.09416,"centerlong":77.40559,"responsecode":200,"isnotify":0,"vehicleDetails":[{"vehicleid":20784,"vehiclenumber":"KA57F3150","servicetypeid":72,"servicetype":"Non AC/Ordinary","centerlat":13.066259,"centerlong":77.452255,"eta":"","sch_arrivaltime":"14:25","sch_departuretime":"14:25","actual_arrivaltime":"14:07","actual_departuretime":"14:07","sch_tripstarttime":"14:20","sch_tripendtime":"14:20","lastlocationid":0,"currentlocationid":22241,"nextlocationid":0,"currentstop":null,"nextstop":null,"laststop":null,"stopCoveredStatus":1,"heading":120,"lastrefreshon":"09-03-2024 14:18:29","lastreceiveddatetimeflag":0,"tripposition":1}]},{"routeid":6218,"stationid":22367,"stationname":"Nursery Nelamangala","from":"Nelamangala Bus Station","to":"KR Market (Kalasipalya)","routeno":"240-F","distance_on_station":2.006,"centerlat":13.09008,"centerlong":77.40945,"responsecode":200,"isnotify":0,"vehicleDetails":[{"vehicleid":20784,"vehiclenumber":"KA57F3150","servicetypeid":72,"servicetype":"Non AC/Ordinary","centerlat":13.066259,"centerlong":77.452255,"eta":"","sch_arrivaltime":"14:26","sch_departuretime":"14:26","actual_arrivaltime":"14:08","actual_departuretime":"14:08","sch_tripstarttime":"14:20","sch_tripendtime":"14:20","lastlocationid":0,"currentlocationid":22241,"nextlocationid":0,"currentstop":null,"nextstop":null,"laststop":null,"stopCoveredStatus":1,"heading":120,"lastrefreshon":"09-03-2024 14:18:29","lastreceiveddatetimeflag":0,"tripposition":1}]},{"routeid":6218,"stationid":21774,"stationname":"Binnamangala","from":"Nelamangala Bus Station","to":"KR Market (Kalasipalya)","routeno":"240-F","distance_on_station":2.448,"centerlat":13.08745,"centerlong":77.41256,"responsecode":200,"isnotify":0,"vehicleDetails":[{"vehicleid":20784,"vehiclenumber":"KA57F3150","servicetypeid":72,"servicetype":"Non AC/Ordinary","centerlat":13.066259,"centerlong":77.452255,"eta":"","sch_arrivaltime":"14:27","sch_departuretime":"14:27","actual_arrivaltime":"14:09","actual_departuretime":"14:09","sch_tripstarttime":"14:20","sch_tripendtime":"14:20","lastlocationid":0,"currentlocationid":22241,"nextlocationid":0,"currentstop":null,"nextstop":null,"laststop":null,"stopCoveredStatus":1,"heading":120,"lastrefreshon":"09-03-2024 14:18:29","lastreceiveddatetimeflag":0,"tripposition":1}]},{"routeid":6218,"stationid":22613,"stationname":"Vishwa Shanti Ashrama","from":"Nelamangala Bus Station","to":"KR Market (Kalasipalya)","routeno":"240-F","distance_on_station":3.136,"centerlat":13.08378,"centerlong":77.41777,"responsecode":200,"isnotify":0,"vehicleDetails":[{"vehicleid":20784,"vehiclenumber":"KA57F3150","servicetypeid":72,"servicetype":"Non AC/Ordinary","centerlat":13.066259,"centerlong":77.452255,"eta":"","sch_arrivaltime":"14:28","sch_departuretime":"14:28","actual_arrivaltime":"14:10","actual_departuretime":"14:10","sch_tripstarttime":"14:20","sch_tripendtime":"14:20","lastlocationid":0,"currentlocationid":22241,"nextlocationid":0,"currentstop":null,"nextstop":null,"laststop":null,"stopCoveredStatus":1,"heading":120,"lastrefreshon":"09-03-2024 14:18:29","lastreceiveddatetimeflag":0,"tripposition":1}]},{"routeid":6218,"stationid":21664,"stationname":"Arishinakunte","from":"Nelamangala Bus Station","to":"KR Market (Kalasipalya)","routeno":"240-F","distance_on_station":3.942,"centerlat":13.08026,"centerlong":77.42417,"responsecode":200,"isnotify":0,"vehicleDetails":[{"vehicleid":20784,"vehiclenumber":"KA57F3150","servicetypeid":72,"servicetype":"Non AC/Ordinary","centerlat":13.066259,"centerlong":77.452255,"eta":"","sch_arrivaltime":"14:29","sch_departuretime":"14:29","actual_arrivaltime":"14:12","actual_departuretime":"14:12","sch_tripstarttime":"14:20","sch_tripendtime":"14:20","lastlocationid":0,"currentlocationid":22241,"nextlocationid":0,"currentstop":null,"nextstop":null,"laststop":null,"stopCoveredStatus":1,"heading":120,"lastrefreshon":"09-03-2024 14:18:29","lastreceiveddatetimeflag":0,"tripposition":1}]},{"routeid":6218,"stationid":21889,"stationname":"Devannanapalya","from":"Nelamangala Bus Station","to":"KR Market (Kalasipalya)","routeno":"240-F","distance_on_station":4.758,"centerlat":13.07769,"centerlong":77.43139,"responsecode":200,"isnotify":0,"vehicleDetails":[{"vehicleid":20784,"vehiclenumber":"KA57F3150","servicetypeid":72,"servicetype":"Non AC/Ordinary","centerlat":13.066259,"centerlong":77.452255,"eta":"","sch_arrivaltime":"14:30","sch_departuretime":"14:30","actual_arrivaltime":"","actual_departuretime":"","sch_tripstarttime":"14:20","sch_tripendtime":"14:20","lastlocationid":0,"currentlocationid":22241,"nextlocationid":0,"currentstop":null,"nextstop":null,"laststop":null,"stopCoveredStatus":1,"heading":120,"lastrefreshon":"09-03-2024 14:18:29","lastreceiveddatetimeflag":0,"tripposition":3}]},{"routeid":6218,"stationid":21873,"stationname":"Dasanapura","from":"Nelamangala Bus Station","to":"KR Market (Kalasipalya)","routeno":"240-F","distance_on_station":5.348,"centerlat":13.07542,"centerlong":77.43636,"responsecode":200,"isnotify":0,"vehicleDetails":[{"vehicleid":20784,"vehiclenumber":"KA57F3150","servicetypeid":72,"servicetype":"Non AC/Ordinary","centerlat":13.066259,"centerlong":77.452255,"eta":"","sch_arrivaltime":"14:31","sch_departuretime":"14:31","actual_arrivaltime":"14:14","actual_departuretime":"14:14","sch_tripstarttime":"14:20","sch_tripendtime":"14:20","lastlocationid":0,"currentlocationid":22241,"nextlocationid":0,"currentstop":null,"nextstop":null,"laststop":null,"stopCoveredStatus":1,"heading":120,"lastrefreshon":"09-03-2024 14:18:29","lastreceiveddatetimeflag":0,"tripposition":1}]},{"routeid":6218,"stationid":38538,"stationname":"Ravuthanahalli Cross","from":"Nelamangala Bus Station","to":"KR Market (Kalasipalya)","routeno":"240-F","distance_on_station":5.741,"centerlat":13.07362,"centerlong":77.43959,"responsecode":200,"isnotify":0,"vehicleDetails":[{"vehicleid":20784,"vehiclenumber":"KA57F3150","servicetypeid":72,"servicetype":"Non AC/Ordinary","centerlat":13.066259,"centerlong":77.452255,"eta":"","sch_arrivaltime":"14:32","sch_departuretime":"14:32","actual_arrivaltime":"14:15","actual_departuretime":"14:15","sch_tripstarttime":"14:20","sch_tripendtime":"14:20","lastlocationid":0,"currentlocationid":22241,"nextlocationid":0,"currentstop":null,"nextstop":null,"laststop":null,"stopCoveredStatus":1,"heading":120,"lastrefreshon":"09-03-2024 14:18:29","lastreceiveddatetimeflag":0,"tripposition":1}]},{"routeid":6218,"stationid":21639,"stationname":"Adakimaranahalli","from":"Nelamangala Bus Station","to":"KR Market (Kalasipalya)","routeno":"240-F","distance_on_station":6.39,"centerlat":13.07065,"centerlong":77.4449,"responsecode":200,"isnotify":0,"vehicleDetails":[{"vehicleid":20784,"vehiclenumber":"KA57F3150","servicetypeid":72,"servicetype":"Non AC/Ordinary","centerlat":13.066259,"centerlong":77.452255,"eta":"2024-03-09 14:19:00","sch_arrivaltime":"14:33","sch_departuretime":"14:33","actual_arrivaltime":"","actual_departuretime":"","sch_tripstarttime":"14:20","sch_tripendtime":"14:20","lastlocationid":0,"currentlocationid":22241,"nextlocationid":0,"currentstop":null,"nextstop":null,"laststop":null,"stopCoveredStatus":0,"heading":120,"lastrefreshon":"09-03-2024 14:18:29","lastreceiveddatetimeflag":0,"tripposition":3}]},{"routeid":6218,"stationid":22241,"stationname":"Makali","from":"Nelamangala Bus Station","to":"KR Market (Kalasipalya)","routeno":"240-F","distance_on_station":7.462,"centerlat":13.0658,"centerlong":77.45363,"responsecode":200,"isnotify":0,"vehicleDetails":[{"vehicleid":20784,"vehiclenumber":"KA57F3150","servicetypeid":72,"servicetype":"Non AC/Ordinary","centerlat":13.066259,"centerlong":77.452255,"eta":"2024-03-09 14:20:00","sch_arrivaltime":"14:35","sch_departuretime":"14:35","actual_arrivaltime":"","actual_departuretime":"","sch_tripstarttime":"14:20","sch_tripendtime":"14:20","lastlocationid":0,"currentlocationid":22241,"nextlocationid":0,"currentstop":null,"nextstop":null,"laststop":null,"stopCoveredStatus":0,"heading":120,"lastrefreshon":"09-03-2024 14:18:29","lastreceiveddatetimeflag":0,"tripposition":3}]},{"routeid":6218,"stationid":22232,"stationname":"Madanayakanahalli","from":"Nelamangala Bus Station","to":"KR Market (Kalasipalya)","routeno":"240-F","distance_on_station":8.386,"centerlat":13.06146,"centerlong":77.46102,"responsecode":200,"isnotify":0,"vehicleDetails":[{"vehicleid":20784,"vehiclenumber":"KA57F3150","servicetypeid":72,"servicetype":"Non AC/Ordinary","centerlat":13.066259,"centerlong":77.452255,"eta":"2024-03-09 14:21:00","sch_arrivaltime":"14:37","sch_departuretime":"14:37","actual_arrivaltime":"","actual_departuretime":"","sch_tripstarttime":"14:20","sch_tripendtime":"14:20","lastlocationid":0,"currentlocationid":22241,"nextlocationid":0,"currentstop":null,"nextstop":null,"laststop":null,"stopCoveredStatus":0,"heading":120,"lastrefreshon":"09-03-2024 14:18:29","lastreceiveddatetimeflag":0,"tripposition":3}]},{"routeid":6218,"stationid":22537,"stationname":"TCI","from":"Nelamangala Bus Station","to":"KR Market (Kalasipalya)","routeno":"240-F","distance_on_station":8.907,"centerlat":13.05924,"centerlong":77.46527,"responsecode":200,"isnotify":0,"vehicleDetails":[{"vehicleid":20784,"vehiclenumber":"KA57F3150","servicetypeid":72,"servicetype":"Non AC/Ordinary","centerlat":13.066259,"centerlong":77.452255,"eta":"2024-03-09 14:22:00","sch_arrivaltime":"14:38","sch_departuretime":"14:38","actual_arrivaltime":"","actual_departuretime":"","sch_tripstarttime":"14:20","sch_tripendtime":"14:20","lastlocationid":0,"currentlocationid":22241,"nextlocationid":0,"currentstop":null,"nextstop":null,"laststop":null,"stopCoveredStatus":0,"heading":120,"lastrefreshon":"09-03-2024 14:18:29","lastreceiveddatetimeflag":0,"tripposition":3}]},{"routeid":6218,"stationid":33723,"stationname":"Madanayakanahalli","from":"Nelamangala Bus Station","to":"KR Market (Kalasipalya)","routeno":"240-F","distance_on_station":9.723,"centerlat":13.06067,"centerlong":77.46125,"responsecode":200,"isnotify":0,"vehicleDetails":[{"vehicleid":20784,"vehiclenumber":"KA57F3150","servicetypeid":72,"servicetype":"Non AC/Ordinary","centerlat":13.066259,"centerlong":77.452255,"eta":"2024-03-09 14:23:00","sch_arrivaltime":"14:40","sch_departuretime":"14:40","actual_arrivaltime":"","actual_departuretime":"","sch_tripstarttime":"14:20","sch_tripendtime":"14:20","lastlocationid":0,"currentlocationid":22241,"nextlocationid":0,"currentstop":null,"nextstop":null,"laststop":null,"stopCoveredStatus":0,"heading":120,"lastrefreshon":"09-03-2024 14:18:29","lastreceiveddatetimeflag":0,"tripposition":3}]},{"routeid":6218,"stationid":26426,"stationname":"Siddana Hosahalli","from":"Nelamangala Bus Station","to":"KR Market (Kalasipalya)","routeno":"240-F","distance_on_station":10.156,"centerlat":13.05685,"centerlong":77.46017,"responsecode":200,"isnotify":0,"vehicleDetails":[{"vehicleid":20784,"vehiclenumber":"KA57F3150","servicetypeid":72,"servicetype":"Non AC/Ordinary","centerlat":13.066259,"centerlong":77.452255,"eta":"2024-03-09 14:24:00","sch_arrivaltime":"14:41","sch_departuretime":"14:41","actual_arrivaltime":"","actual_departuretime":"","sch_tripstarttime":"14:20","sch_tripendtime":"14:20","lastlocationid":0,"currentlocationid":22241,"nextlocationid":0,"currentstop":null,"nextstop":null,"laststop":null,"stopCoveredStatus":0,"heading":120,"lastrefreshon":"09-03-2024 14:18:29","lastreceiveddatetimeflag":0,"tripposition":3}]},{"routeid":6218,"stationid":32558,"stationname":"Dombarahalli","from":"Nelamangala Bus Station","to":"KR Market (Kalasipalya)","routeno":"240-F","distance_on_station":11.031,"centerlat":13.04914,"centerlong":77.45984,"responsecode":200,"isnotify":0,"vehicleDetails":[{"vehicleid":20784,"vehiclenumber":"KA57F3150","servicetypeid":72,"servicetype":"Non AC/Ordinary","centerlat":13.066259,"centerlong":77.452255,"eta":"2024-03-09 14:26:00","sch_arrivaltime":"14:43","sch_departuretime":"14:43","actual_arrivaltime":"","actual_departuretime":"","sch_tripstarttime":"14:20","sch_tripendtime":"14:20","lastlocationid":0,"currentlocationid":22241,"nextlocationid":0,"currentstop":null,"nextstop":null,"laststop":null,"stopCoveredStatus":0,"heading":120,"lastrefreshon":"09-03-2024 14:18:29","lastreceiveddatetimeflag":0,"tripposition":3}]},{"routeid":6218,"stationid":27878,"stationname":"Rajeshwarinagara","from":"Nelamangala Bus Station","to":"KR Market (Kalasipalya)","routeno":"240-F","distance_on_station":11.483,"centerlat":13.04531,"centerlong":77.46131,"responsecode":200,"isnotify":0,"vehicleDetails":[{"vehicleid":20784,"vehiclenumber":"KA57F3150","servicetypeid":72,"servicetype":"Non AC/Ordinary","centerlat":13.066259,"centerlong":77.452255,"eta":"2024-03-09 14:27:00","sch_arrivaltime":"14:44","sch_departuretime":"14:44","actual_arrivaltime":"","actual_departuretime":"","sch_tripstarttime":"14:20","sch_tripendtime":"14:20","lastlocationid":0,"currentlocationid":22241,"nextlocationid":0,"currentstop":null,"nextstop":null,"laststop":null,"stopCoveredStatus":0,"heading":120,"lastrefreshon":"09-03-2024 14:18:29","lastreceiveddatetimeflag":0,"tripposition":3}]},{"routeid":6218,"stationid":33675,"stationname":"Lakshmipura","from":"Nelamangala Bus Station","to":"KR Market (Kalasipalya)","routeno":"240-F","distance_on_station":12.397,"centerlat":13.03747,"centerlong":77.4612,"responsecode":200,"isnotify":0,"vehicleDetails":[{"vehicleid":20784,"vehiclenumber":"KA57F3150","servicetypeid":72,"servicetype":"Non AC/Ordinary","centerlat":13.066259,"centerlong":77.452255,"eta":"2024-03-09 14:29:00","sch_arrivaltime":"14:45","sch_departuretime":"14:45","actual_arrivaltime":"","actual_departuretime":"","sch_tripstarttime":"14:20","sch_tripendtime":"14:20","lastlocationid":0,"currentlocationid":22241,"nextlocationid":0,"currentstop":null,"nextstop":null,"laststop":null,"stopCoveredStatus":0,"heading":120,"lastrefreshon":"09-03-2024 14:18:29","lastreceiveddatetimeflag":0,"tripposition":3}]},{"routeid":6218,"stationid":32644,"stationname":"Gangondanahalli Cross","from":"Nelamangala Bus Station","to":"KR Market (Kalasipalya)","routeno":"240-F","distance_on_station":13.479,"centerlat":13.029,"centerlong":77.46453,"responsecode":200,"isnotify":0,"vehicleDetails":[{"vehicleid":20784,"vehiclenumber":"KA57F3150","servicetypeid":72,"servicetype":"Non AC/Ordinary","centerlat":13.066259,"centerlong":77.452255,"eta":"2024-03-09 14:31:00","sch_arrivaltime":"14:46","sch_departuretime":"14:46","actual_arrivaltime":"","actual_departuretime":"","sch_tripstarttime":"14:20","sch_tripendtime":"14:20","lastlocationid":0,"currentlocationid":22241,"nextlocationid":0,"currentstop":null,"nextstop":null,"laststop":null,"stopCoveredStatus":0,"heading":120,"lastrefreshon":"09-03-2024 14:18:29","lastreceiveddatetimeflag":0,"tripposition":3}]},{"routeid":6218,"stationid":25326,"stationname":"Gangondanahalli","from":"Nelamangala Bus Station","to":"KR Market (Kalasipalya)","routeno":"240-F","distance_on_station":14.373,"centerlat":13.02162,"centerlong":77.46776,"responsecode":200,"isnotify":0,"vehicleDetails":[{"vehicleid":20784,"vehiclenumber":"KA57F3150","servicetypeid":72,"servicetype":"Non AC/Ordinary","centerlat":13.066259,"centerlong":77.452255,"eta":"2024-03-09 14:33:00","sch_arrivaltime":"14:48","sch_departuretime":"14:48","actual_arrivaltime":"","actual_departuretime":"","sch_tripstarttime":"14:20","sch_tripendtime":"14:20","lastlocationid":0,"currentlocationid":22241,"nextlocationid":0,"currentstop":null,"nextstop":null,"laststop":null,"stopCoveredStatus":0,"heading":120,"lastrefreshon":"09-03-2024 14:18:29","lastreceiveddatetimeflag":0,"tripposition":3}]},{"routeid":6218,"stationid":33213,"stationname":"Kachohalli","from":"Nelamangala Bus Station","to":"KR Market (Kalasipalya)","routeno":"240-F","distance_on_station":16.851,"centerlat":13.00022,"centerlong":77.47062,"responsecode":200,"isnotify":0,"vehicleDetails":[{"vehicleid":20784,"vehiclenumber":"KA57F3150","servicetypeid":72,"servicetype":"Non AC/Ordinary","centerlat":13.066259,"centerlong":77.452255,"eta":"2024-03-09 14:38:00","sch_arrivaltime":"14:54","sch_departuretime":"14:54","actual_arrivaltime":"","actual_departuretime":"","sch_tripstarttime":"14:20","sch_tripendtime":"14:20","lastlocationid":0,"currentlocationid":22241,"nextlocationid":0,"currentstop":null,"nextstop":null,"laststop":null,"stopCoveredStatus":0,"heading":120,"lastrefreshon":"09-03-2024 14:18:29","lastreceiveddatetimeflag":0,"tripposition":3}]},{"routeid":6218,"stationid":21546,"stationname":"Kachohalli Gate","from":"Nelamangala Bus Station","to":"KR Market (Kalasipalya)","routeno":"240-F","distance_on_station":18.04,"centerlat":12.99056,"centerlong":77.46871,"responsecode":200,"isnotify":0,"vehicleDetails":[{"vehicleid":20784,"vehiclenumber":"KA57F3150","servicetypeid":72,"servicetype":"Non AC/Ordinary","centerlat":13.066259,"centerlong":77.452255,"eta":"2024-03-09 14:40:00","sch_arrivaltime":"14:57","sch_departuretime":"14:57","actual_arrivaltime":"","actual_departuretime":"","sch_tripstarttime":"14:20","sch_tripendtime":"14:20","lastlocationid":0,"currentlocationid":22241,"nextlocationid":0,"currentstop":null,"nextstop":null,"laststop":null,"stopCoveredStatus":0,"heading":120,"lastrefreshon":"09-03-2024 14:18:29","lastreceiveddatetimeflag":0,"tripposition":3}]},{"routeid":6218,"stationid":21515,"stationname":"Gollarahatti","from":"Nelamangala Bus Station","to":"KR Market (Kalasipalya)","routeno":"240-F","distance_on_station":18.522,"centerlat":12.98862,"centerlong":77.47274,"responsecode":200,"isnotify":0,"vehicleDetails":[{"vehicleid":20784,"vehiclenumber":"KA57F3150","servicetypeid":72,"servicetype":"Non AC/Ordinary","centerlat":13.066259,"centerlong":77.452255,"eta":"2024-03-09 14:41:00","sch_arrivaltime":"14:58","sch_departuretime":"14:58","actual_arrivaltime":"","actual_departuretime":"","sch_tripstarttime":"14:20","sch_tripendtime":"14:20","lastlocationid":0,"currentlocationid":22241,"nextlocationid":0,"currentstop":null,"nextstop":null,"laststop":null,"stopCoveredStatus":0,"heading":120,"lastrefreshon":"09-03-2024 14:18:29","lastreceiveddatetimeflag":0,"tripposition":3}]},{"routeid":6218,"stationid":21492,"stationname":"College Cross Byadarahalli","from":"Nelamangala Bus Station","to":"KR Market (Kalasipalya)","routeno":"240-F","distance_on_station":19.309,"centerlat":12.98569,"centerlong":77.47952,"responsecode":200,"isnotify":0,"vehicleDetails":[{"vehicleid":20784,"vehiclenumber":"KA57F3150","servicetypeid":72,"servicetype":"Non AC/Ordinary","centerlat":13.066259,"centerlong":77.452255,"eta":"2024-03-09 14:43:00","sch_arrivaltime":"15:00","sch_departuretime":"15:00","actual_arrivaltime":"","actual_departuretime":"","sch_tripstarttime":"14:20","sch_tripendtime":"14:20","lastlocationid":0,"currentlocationid":22241,"nextlocationid":0,"currentstop":null,"nextstop":null,"laststop":null,"stopCoveredStatus":0,"heading":120,"lastrefreshon":"09-03-2024 14:18:29","lastreceiveddatetimeflag":0,"tripposition":3}]},{"routeid":6218,"stationid":21474,"stationname":"Byadarahalli","from":"Nelamangala Bus Station","to":"KR Market (Kalasipalya)","routeno":"240-F","distance_on_station":19.574,"centerlat":12.9852,"centerlong":77.48196,"responsecode":200,"isnotify":0,"vehicleDetails":[{"vehicleid":20784,"vehiclenumber":"KA57F3150","servicetypeid":72,"servicetype":"Non AC/Ordinary","centerlat":13.066259,"centerlong":77.452255,"eta":"2024-03-09 14:44:00","sch_arrivaltime":"15:01","sch_departuretime":"15:01","actual_arrivaltime":"","actual_departuretime":"","sch_tripstarttime":"14:20","sch_tripendtime":"14:20","lastlocationid":0,"currentlocationid":22241,"nextlocationid":0,"currentstop":null,"nextstop":null,"laststop":null,"stopCoveredStatus":0,"heading":120,"lastrefreshon":"09-03-2024 14:18:29","lastreceiveddatetimeflag":0,"tripposition":3}]},{"routeid":6218,"stationid":24294,"stationname":"East West College Cross","from":"Nelamangala Bus Station","to":"KR Market (Kalasipalya)","routeno":"240-F","distance_on_station":20.046,"centerlat":12.98568,"centerlong":77.48629,"responsecode":200,"isnotify":0,"vehicleDetails":[{"vehicleid":20784,"vehiclenumber":"KA57F3150","servicetypeid":72,"servicetype":"Non AC/Ordinary","centerlat":13.066259,"centerlong":77.452255,"eta":"2024-03-09 14:45:00","sch_arrivaltime":"15:02","sch_departuretime":"15:02","actual_arrivaltime":"","actual_departuretime":"","sch_tripstarttime":"14:20","sch_tripendtime":"14:20","lastlocationid":0,"currentlocationid":22241,"nextlocationid":0,"currentstop":null,"nextstop":null,"laststop":null,"stopCoveredStatus":0,"heading":120,"lastrefreshon":"09-03-2024 14:18:29","lastreceiveddatetimeflag":0,"tripposition":3}]},{"routeid":6218,"stationid":21455,"stationname":"Anjananagara","from":"Nelamangala Bus Station","to":"KR Market (Kalasipalya)","routeno":"240-F","distance_on_station":20.252,"centerlat":12.98617,"centerlong":77.48817,"responsecode":200,"isnotify":0,"vehicleDetails":[{"vehicleid":20784,"vehiclenumber":"KA57F3150","servicetypeid":72,"servicetype":"Non AC/Ordinary","centerlat":13.066259,"centerlong":77.452255,"eta":"2024-03-09 14:46:00","sch_arrivaltime":"15:03","sch_departuretime":"15:03","actual_arrivaltime":"","actual_departuretime":"","sch_tripstarttime":"14:20","sch_tripendtime":"14:20","lastlocationid":0,"currentlocationid":22241,"nextlocationid":0,"currentstop":null,"nextstop":null,"laststop":null,"stopCoveredStatus":0,"heading":120,"lastrefreshon":"09-03-2024 14:18:29","lastreceiveddatetimeflag":0,"tripposition":3}]},{"routeid":6218,"stationid":21523,"stationname":"Herohalli Cross1","from":"Nelamangala Bus Station","to":"KR Market (Kalasipalya)","routeno":"240-F","distance_on_station":20.724,"centerlat":12.98736,"centerlong":77.4924,"responsecode":200,"isnotify":0,"vehicleDetails":[{"vehicleid":20784,"vehiclenumber":"KA57F3150","servicetypeid":72,"servicetype":"Non AC/Ordinary","centerlat":13.066259,"centerlong":77.452255,"eta":"2024-03-09 14:47:00","sch_arrivaltime":"15:04","sch_departuretime":"15:04","actual_arrivaltime":"","actual_departuretime":"","sch_tripstarttime":"14:20","sch_tripendtime":"14:20","lastlocationid":0,"currentlocationid":22241,"nextlocationid":0,"currentstop":null,"nextstop":null,"laststop":null,"stopCoveredStatus":0,"heading":120,"lastrefreshon":"09-03-2024 14:18:29","lastreceiveddatetimeflag":0,"tripposition":3}]},{"routeid":6218,"stationid":20874,"stationname":"Janapriya Apartment","from":"Nelamangala Bus Station","to":"KR Market (Kalasipalya)","routeno":"240-F","distance_on_station":21.491,"centerlat":12.98895,"centerlong":77.49938,"responsecode":200,"isnotify":0,"vehicleDetails":[{"vehicleid":20784,"vehiclenumber":"KA57F3150","servicetypeid":72,"servicetype":"Non AC/Ordinary","centerlat":13.066259,"centerlong":77.452255,"eta":"2024-03-09 14:49:00","sch_arrivaltime":"15:05","sch_departuretime":"15:05","actual_arrivaltime":"","actual_departuretime":"","sch_tripstarttime":"14:20","sch_tripendtime":"14:20","lastlocationid":0,"currentlocationid":22241,"nextlocationid":0,"currentstop":null,"nextstop":null,"laststop":null,"stopCoveredStatus":0,"heading":120,"lastrefreshon":"09-03-2024 14:18:29","lastreceiveddatetimeflag":0,"tripposition":3}]},{"routeid":6218,"stationid":21205,"stationname":"Sunkadakatte","from":"Nelamangala Bus Station","to":"KR Market (Kalasipalya)","routeno":"240-F","distance_on_station":22.278,"centerlat":12.98946,"centerlong":77.50638,"responsecode":200,"isnotify":0,"vehicleDetails":[{"vehicleid":20784,"vehiclenumber":"KA57F3150","servicetypeid":72,"servicetype":"Non AC/Ordinary","centerlat":13.066259,"centerlong":77.452255,"eta":"2024-03-09 14:51:00","sch_arrivaltime":"15:07","sch_departuretime":"15:07","actual_arrivaltime":"","actual_departuretime":"","sch_tripstarttime":"14:20","sch_tripendtime":"14:20","lastlocationid":0,"currentlocationid":22241,"nextlocationid":0,"currentstop":null,"nextstop":null,"laststop":null,"stopCoveredStatus":0,"heading":120,"lastrefreshon":"09-03-2024 14:18:29","lastreceiveddatetimeflag":0,"tripposition":3}]},{"routeid":6218,"stationid":20936,"stationname":"Kottigepalya","from":"Nelamangala Bus Station","to":"KR Market (Kalasipalya)","routeno":"240-F","distance_on_station":23.143,"centerlat":12.98786,"centerlong":77.51405,"responsecode":200,"isnotify":0,"vehicleDetails":[{"vehicleid":20784,"vehiclenumber":"KA57F3150","servicetypeid":72,"servicetype":"Non AC/Ordinary","centerlat":13.066259,"centerlong":77.452255,"eta":"2024-03-09 14:54:00","sch_arrivaltime":"15:09","sch_departuretime":"15:09","actual_arrivaltime":"","actual_departuretime":"","sch_tripstarttime":"14:20","sch_tripendtime":"14:20","lastlocationid":0,"currentlocationid":22241,"nextlocationid":0,"currentstop":null,"nextstop":null,"laststop":null,"stopCoveredStatus":0,"heading":120,"lastrefreshon":"09-03-2024 14:18:29","lastreceiveddatetimeflag":0,"tripposition":3}]},{"routeid":6218,"stationid":21203,"stationname":"Summanahalli","from":"Nelamangala Bus Station","to":"KR Market (Kalasipalya)","routeno":"240-F","distance_on_station":23.9,"centerlat":12.98682,"centerlong":77.52077,"responsecode":200,"isnotify":0,"vehicleDetails":[{"vehicleid":20784,"vehiclenumber":"KA57F3150","servicetypeid":72,"servicetype":"Non AC/Ordinary","centerlat":13.066259,"centerlong":77.452255,"eta":"2024-03-09 14:56:00","sch_arrivaltime":"15:10","sch_departuretime":"15:10","actual_arrivaltime":"","actual_departuretime":"","sch_tripstarttime":"14:20","sch_tripendtime":"14:20","lastlocationid":0,"currentlocationid":22241,"nextlocationid":0,"currentstop":null,"nextstop":null,"laststop":null,"stopCoveredStatus":0,"heading":120,"lastrefreshon":"09-03-2024 14:18:29","lastreceiveddatetimeflag":0,"tripposition":3}]},{"routeid":6218,"stationid":20905,"stationname":"Kamakshipalya","from":"Nelamangala Bus Station","to":"KR Market (Kalasipalya)","routeno":"240-F","distance_on_station":24.981,"centerlat":12.98385,"centerlong":77.52924,"responsecode":200,"isnotify":0,"vehicleDetails":[{"vehicleid":20784,"vehiclenumber":"KA57F3150","servicetypeid":72,"servicetype":"Non AC/Ordinary","centerlat":13.066259,"centerlong":77.452255,"eta":"2024-03-09 14:59:00","sch_arrivaltime":"15:13","sch_departuretime":"15:13","actual_arrivaltime":"","actual_departuretime":"","sch_tripstarttime":"14:20","sch_tripendtime":"14:20","lastlocationid":0,"currentlocationid":22241,"nextlocationid":0,"currentstop":null,"nextstop":null,"laststop":null,"stopCoveredStatus":0,"heading":120,"lastrefreshon":"09-03-2024 14:18:29","lastreceiveddatetimeflag":0,"tripposition":3}]},{"routeid":6218,"stationid":20929,"stationname":"KHB Colony","from":"Nelamangala Bus Station","to":"KR Market (Kalasipalya)","routeno":"240-F","distance_on_station":25.709,"centerlat":12.98142,"centerlong":77.53525,"responsecode":200,"isnotify":0,"vehicleDetails":[{"vehicleid":20784,"vehiclenumber":"KA57F3150","servicetypeid":72,"servicetype":"Non AC/Ordinary","centerlat":13.066259,"centerlong":77.452255,"eta":"2024-03-09 15:01:00","sch_arrivaltime":"15:14","sch_departuretime":"15:14","actual_arrivaltime":"","actual_departuretime":"","sch_tripstarttime":"14:20","sch_tripendtime":"14:20","lastlocationid":0,"currentlocationid":22241,"nextlocationid":0,"currentstop":null,"nextstop":null,"laststop":null,"stopCoveredStatus":0,"heading":120,"lastrefreshon":"09-03-2024 14:18:29","lastreceiveddatetimeflag":0,"tripposition":3}]},{"routeid":6218,"stationid":20599,"stationname":"Agrahara Dasarahalli","from":"Nelamangala Bus Station","to":"KR Market (Kalasipalya)","routeno":"240-F","distance_on_station":26.584,"centerlat":12.97853,"centerlong":77.54293,"responsecode":200,"isnotify":0,"vehicleDetails":[{"vehicleid":20784,"vehiclenumber":"KA57F3150","servicetypeid":72,"servicetype":"Non AC/Ordinary","centerlat":13.066259,"centerlong":77.452255,"eta":"2024-03-09 15:04:00","sch_arrivaltime":"15:16","sch_departuretime":"15:16","actual_arrivaltime":"","actual_departuretime":"","sch_tripstarttime":"14:20","sch_tripendtime":"14:20","lastlocationid":0,"currentlocationid":22241,"nextlocationid":0,"currentstop":null,"nextstop":null,"laststop":null,"stopCoveredStatus":0,"heading":120,"lastrefreshon":"09-03-2024 14:18:29","lastreceiveddatetimeflag":0,"tripposition":3}]},{"routeid":6218,"stationid":20976,"stationname":"Magadi Road TollGate","from":"Nelamangala Bus Station","to":"KR Market (Kalasipalya)","routeno":"240-F","distance_on_station":27.39,"centerlat":12.97459,"centerlong":77.54897,"responsecode":200,"isnotify":0,"vehicleDetails":[{"vehicleid":20784,"vehiclenumber":"KA57F3150","servicetypeid":72,"servicetype":"Non AC/Ordinary","centerlat":13.066259,"centerlong":77.452255,"eta":"2024-03-09 15:07:00","sch_arrivaltime":"15:18","sch_departuretime":"15:18","actual_arrivaltime":"","actual_departuretime":"","sch_tripstarttime":"14:20","sch_tripendtime":"14:20","lastlocationid":0,"currentlocationid":22241,"nextlocationid":0,"currentstop":null,"nextstop":null,"laststop":null,"stopCoveredStatus":0,"heading":120,"lastrefreshon":"09-03-2024 14:18:29","lastreceiveddatetimeflag":0,"tripposition":3}]},{"routeid":6218,"stationid":21102,"stationname":"Prasanna Theatre","from":"Nelamangala Bus Station","to":"KR Market (Kalasipalya)","routeno":"240-F","distance_on_station":27.901,"centerlat":12.97542,"centerlong":77.55288,"responsecode":200,"isnotify":0,"vehicleDetails":[{"vehicleid":20784,"vehiclenumber":"KA57F3150","servicetypeid":72,"servicetype":"Non AC/Ordinary","centerlat":13.066259,"centerlong":77.452255,"eta":"2024-03-09 15:08:00","sch_arrivaltime":"15:19","sch_departuretime":"15:19","actual_arrivaltime":"","actual_departuretime":"","sch_tripstarttime":"14:20","sch_tripendtime":"14:20","lastlocationid":0,"currentlocationid":22241,"nextlocationid":0,"currentstop":null,"nextstop":null,"laststop":null,"stopCoveredStatus":0,"heading":120,"lastrefreshon":"09-03-2024 14:18:29","lastreceiveddatetimeflag":0,"tripposition":3}]},{"routeid":6218,"stationid":20559,"stationname":"10th Cross Magadi Road","from":"Nelamangala Bus Station","to":"KR Market (Kalasipalya)","routeno":"240-F","distance_on_station":28.353,"centerlat":12.97574,"centerlong":77.55706,"responsecode":200,"isnotify":0,"vehicleDetails":[{"vehicleid":20784,"vehiclenumber":"KA57F3150","servicetypeid":72,"servicetype":"Non AC/Ordinary","centerlat":13.066259,"centerlong":77.452255,"eta":"2024-03-09 15:09:00","sch_arrivaltime":"15:20","sch_departuretime":"15:20","actual_arrivaltime":"","actual_departuretime":"","sch_tripstarttime":"14:20","sch_tripendtime":"14:20","lastlocationid":0,"currentlocationid":22241,"nextlocationid":0,"currentstop":null,"nextstop":null,"laststop":null,"stopCoveredStatus":0,"heading":120,"lastrefreshon":"09-03-2024 14:18:29","lastreceiveddatetimeflag":0,"tripposition":3}]},{"routeid":6218,"stationid":20585,"stationname":"5th Cross Magadi Road","from":"Nelamangala Bus Station","to":"KR Market (Kalasipalya)","routeno":"240-F","distance_on_station":28.747,"centerlat":12.97578,"centerlong":77.56071,"responsecode":200,"isnotify":0,"vehicleDetails":[{"vehicleid":20784,"vehiclenumber":"KA57F3150","servicetypeid":72,"servicetype":"Non AC/Ordinary","centerlat":13.066259,"centerlong":77.452255,"eta":"2024-03-09 15:11:00","sch_arrivaltime":"15:21","sch_departuretime":"15:21","actual_arrivaltime":"","actual_departuretime":"","sch_tripstarttime":"14:20","sch_tripendtime":"14:20","lastlocationid":0,"currentlocationid":22241,"nextlocationid":0,"currentstop":null,"nextstop":null,"laststop":null,"stopCoveredStatus":0,"heading":120,"lastrefreshon":"09-03-2024 14:18:29","lastreceiveddatetimeflag":0,"tripposition":3}]},{"routeid":6218,"stationid":20578,"stationname":"1st Cross Magadi Road","from":"Nelamangala Bus Station","to":"KR Market (Kalasipalya)","routeno":"240-F","distance_on_station":28.963,"centerlat":12.97569,"centerlong":77.5628,"responsecode":200,"isnotify":0,"vehicleDetails":[{"vehicleid":20784,"vehiclenumber":"KA57F3150","servicetypeid":72,"servicetype":"Non AC/Ordinary","centerlat":13.066259,"centerlong":77.452255,"eta":"2024-03-09 15:12:00","sch_arrivaltime":"15:22","sch_departuretime":"15:22","actual_arrivaltime":"","actual_departuretime":"","sch_tripstarttime":"14:20","sch_tripendtime":"14:20","lastlocationid":0,"currentlocationid":22241,"nextlocationid":0,"currentstop":null,"nextstop":null,"laststop":null,"stopCoveredStatus":0,"heading":120,"lastrefreshon":"09-03-2024 14:18:29","lastreceiveddatetimeflag":0,"tripposition":3}]},{"routeid":6218,"stationid":21534,"stationname":"Hunasemara","from":"Nelamangala Bus Station","to":"KR Market (Kalasipalya)","routeno":"240-F","distance_on_station":29.258,"centerlat":12.97532,"centerlong":77.56521,"responsecode":200,"isnotify":0,"vehicleDetails":[{"vehicleid":20784,"vehiclenumber":"KA57F3150","servicetypeid":72,"servicetype":"Non AC/Ordinary","centerlat":13.066259,"centerlong":77.452255,"eta":"2024-03-09 15:13:00","sch_arrivaltime":"15:23","sch_departuretime":"15:23","actual_arrivaltime":"","actual_departuretime":"","sch_tripstarttime":"14:20","sch_tripendtime":"14:20","lastlocationid":0,"currentlocationid":22241,"nextlocationid":0,"currentstop":null,"nextstop":null,"laststop":null,"stopCoveredStatus":0,"heading":120,"lastrefreshon":"09-03-2024 14:18:29","lastreceiveddatetimeflag":0,"tripposition":3}]},{"routeid":6218,"stationid":21470,"stationname":"Binny Mill","from":"Nelamangala Bus Station","to":"KR Market (Kalasipalya)","routeno":"240-F","distance_on_station":29.887,"centerlat":12.97036,"centerlong":77.56621,"responsecode":200,"isnotify":0,"vehicleDetails":[{"vehicleid":20784,"vehiclenumber":"KA57F3150","servicetypeid":72,"servicetype":"Non AC/Ordinary","centerlat":13.066259,"centerlong":77.452255,"eta":"2024-03-09 15:14:00","sch_arrivaltime":"15:24","sch_departuretime":"15:24","actual_arrivaltime":"","actual_departuretime":"","sch_tripstarttime":"14:20","sch_tripendtime":"14:20","lastlocationid":0,"currentlocationid":22241,"nextlocationid":0,"currentstop":null,"nextstop":null,"laststop":null,"stopCoveredStatus":0,"heading":120,"lastrefreshon":"09-03-2024 14:18:29","lastreceiveddatetimeflag":0,"tripposition":3}]},{"routeid":6218,"stationid":21472,"stationname":"Binnypet","from":"Nelamangala Bus Station","to":"KR Market (Kalasipalya)","routeno":"240-F","distance_on_station":30.693,"centerlat":12.96448,"centerlong":77.56171,"responsecode":200,"isnotify":0,"vehicleDetails":[{"vehicleid":20784,"vehiclenumber":"KA57F3150","servicetypeid":72,"servicetype":"Non AC/Ordinary","centerlat":13.066259,"centerlong":77.452255,"eta":"2024-03-09 15:17:00","sch_arrivaltime":"15:25","sch_departuretime":"15:25","actual_arrivaltime":"","actual_departuretime":"","sch_tripstarttime":"14:20","sch_tripendtime":"14:20","lastlocationid":0,"currentlocationid":22241,"nextlocationid":0,"currentstop":null,"nextstop":null,"laststop":null,"stopCoveredStatus":0,"heading":120,"lastrefreshon":"09-03-2024 14:18:29","lastreceiveddatetimeflag":0,"tripposition":3}]},{"routeid":6218,"stationid":21605,"stationname":"Sirsi Circle","from":"Nelamangala Bus Station","to":"KR Market (Kalasipalya)","routeno":"240-F","distance_on_station":31.008,"centerlat":12.96223,"centerlong":77.55995,"responsecode":200,"isnotify":0,"vehicleDetails":[{"vehicleid":20784,"vehiclenumber":"KA57F3150","servicetypeid":72,"servicetype":"Non AC/Ordinary","centerlat":13.066259,"centerlong":77.452255,"eta":"2024-03-09 15:18:00","sch_arrivaltime":"15:26","sch_departuretime":"15:26","actual_arrivaltime":"","actual_departuretime":"","sch_tripstarttime":"14:20","sch_tripendtime":"14:20","lastlocationid":0,"currentlocationid":22241,"nextlocationid":0,"currentstop":null,"nextstop":null,"laststop":null,"stopCoveredStatus":0,"heading":120,"lastrefreshon":"09-03-2024 14:18:29","lastreceiveddatetimeflag":0,"tripposition":3}]},{"routeid":6218,"stationid":35396,"stationname":"Vinayaka Talkies","from":"Nelamangala Bus Station","to":"KR Market (Kalasipalya)","routeno":"240-F","distance_on_station":32.07,"centerlat":12.96381,"centerlong":77.56838,"responsecode":200,"isnotify":0,"vehicleDetails":[{"vehicleid":20784,"vehiclenumber":"KA57F3150","servicetypeid":72,"servicetype":"Non AC/Ordinary","centerlat":13.066259,"centerlong":77.452255,"eta":"2024-03-09 15:21:00","sch_arrivaltime":"15:28","sch_departuretime":"15:28","actual_arrivaltime":"","actual_departuretime":"","sch_tripstarttime":"14:20","sch_tripendtime":"14:20","lastlocationid":0,"currentlocationid":22241,"nextlocationid":0,"currentstop":null,"nextstop":null,"laststop":null,"stopCoveredStatus":0,"heading":120,"lastrefreshon":"09-03-2024 14:18:29","lastreceiveddatetimeflag":0,"tripposition":3}]},{"routeid":6218,"stationid":21124,"stationname":"Rayan Circle","from":"Nelamangala Bus Station","to":"KR Market (Kalasipalya)","routeno":"240-F","distance_on_station":32.591,"centerlat":12.96136,"centerlong":77.56889,"responsecode":200,"isnotify":0,"vehicleDetails":[{"vehicleid":20784,"vehiclenumber":"KA57F3150","servicetypeid":72,"servicetype":"Non AC/Ordinary","centerlat":13.066259,"centerlong":77.452255,"eta":"2024-03-09 15:22:00","sch_arrivaltime":"15:29","sch_departuretime":"15:29","actual_arrivaltime":"","actual_departuretime":"","sch_tripstarttime":"14:20","sch_tripendtime":"14:20","lastlocationid":0,"currentlocationid":22241,"nextlocationid":0,"currentstop":null,"nextstop":null,"laststop":null,"stopCoveredStatus":0,"heading":120,"lastrefreshon":"09-03-2024 14:18:29","lastreceiveddatetimeflag":0,"tripposition":3}]},{"routeid":6218,"stationid":20945,"stationname":"KR Market (Kalasipalya)","from":"Nelamangala Bus Station","to":"KR Market (Kalasipalya)","routeno":"240-F","distance_on_station":33.8,"centerlat":12.96154,"centerlong":77.57736,"responsecode":200,"isnotify":0,"vehicleDetails":[{"vehicleid":20784,"vehiclenumber":"KA57F3150","servicetypeid":72,"servicetype":"Non AC/Ordinary","centerlat":13.066259,"centerlong":77.452255,"eta":"2024-03-09 15:26:00","sch_arrivaltime":"15:32","sch_departuretime":"15:32","actual_arrivaltime":"","actual_departuretime":"","sch_tripstarttime":"14:20","sch_tripendtime":"14:20","lastlocationid":0,"currentlocationid":22241,"nextlocationid":0,"currentstop":null,"nextstop":null,"laststop":null,"stopCoveredStatus":0,"heading":120,"lastrefreshon":"09-03-2024 14:18:29","lastreceiveddatetimeflag":0,"tripposition":1}]}],"mapData":[{"vehicleid":20784,"vehiclenumber":"KA57F3150","servicetypeid":72,"servicetype":"Non AC/Ordinary","centerlat":13.066259,"centerlong":77.452255,"eta":"2024-03-09 15:26:00","sch_arrivaltime":"15:32","sch_departuretime":"15:32","actual_arrivaltime":"","actual_departuretime":"","sch_tripstarttime":"14:20","sch_tripendtime":"14:20","lastlocationid":0,"currentlocationid":22241,"nextlocationid":0,"currentstop":null,"nextstop":null,"laststop":null,"stopCoveredStatus":0,"heading":120,"lastrefreshon":"09-03-2024 14:18:29","lastreceiveddatetimeflag":0,"tripposition":1}]},"message":"Success","issuccess":true,"exception":null,"rowCount":0,"responsecode":200}