{"up":{"data":[{"routeid":2783,"stationid":20921,"stationname":"Kempegowda Bus Station","from":"Kempegowda Bus Station","to":"Thigalarapalya","routeno":"243-D","distance_on_station":0,"centerlat":12.97751,"centerlong":77.57141,"responsecode":200,"isnotify":0,"vehicleDetails":[{"vehicleid":12265,"vehiclenumber":"KA57F1871","servicetypeid":72,"servicetype":"Non AC/Ordinary","centerlat":12.986066,"centerlong":77.522179,"eta":"","sch_arrivaltime":"16:40","sch_departuretime":"16:40","actual_arrivaltime":"16:34","actual_departuretime":"16:35","sch_tripstarttime":"16:40","sch_tripendtime":"16:40","lastlocationid":0,"currentlocationid":21204,"nextlocationid":0,"currentstop":null,"nextstop":null,"laststop":null,"stopCoveredStatus":1,"heading":290,"lastrefreshon":"19-12-2023 16:59:32","lastreceiveddatetimeflag":0,"tripposition":1}]},{"routeid":2783,"stationid":35387,"stationname":"Okalipura","from":"Kempegowda Bus Station","to":"Thigalarapalya","routeno":"243-D","distance_on_station":0.8,"centerlat":12.98229,"centerlong":77.56783,"responsecode":200,"isnotify":0,"vehicleDetails":[{"vehicleid":12265,"vehiclenumber":"KA57F1871","servicetypeid":72,"servicetype":"Non AC/Ordinary","centerlat":12.986066,"centerlong":77.522179,"eta":"","sch_arrivaltime":"16:42","sch_departuretime":"16:42","actual_arrivaltime":"16:37","actual_departuretime":"16:37","sch_tripstarttime":"16:40","sch_tripendtime":"16:40","lastlocationid":0,"currentlocationid":21204,"nextlocationid":0,"currentstop":null,"nextstop":null,"laststop":null,"stopCoveredStatus":1,"heading":290,"lastrefreshon":"19-12-2023 16:59:32","lastreceiveddatetimeflag":0,"tripposition":1}]},{"routeid":2783,"stationid":21025,"stationname":"Minerva Mill","from":"Kempegowda Bus Station","to":"Thigalarapalya","routeno":"243-D","distance_on_station":1.4,"centerlat":12.9795,"centerlong":77.56445,"responsecode":200,"isnotify":0,"vehicleDetails":[{"vehicleid":12265,"vehiclenumber":"KA57F1871","servicetypeid":72,"servicetype":"Non AC/Ordinary","centerlat":12.986066,"centerlong":77.522179,"eta":"","sch_arrivaltime":"16:43","sch_departuretime":"16:43","actual_arrivaltime":"16:38","actual_departuretime":"16:39","sch_tripstarttime":"16:40","sch_tripendtime":"16:40","lastlocationid":0,"currentlocationid":21204,"nextlocationid":0,"currentstop":null,"nextstop":null,"laststop":null,"stopCoveredStatus":1,"heading":290,"lastrefreshon":"19-12-2023 16:59:32","lastreceiveddatetimeflag":0,"tripposition":1}]},{"routeid":2783,"stationid":20577,"stationname":"1st Cross Magadi Road","from":"Kempegowda Bus Station","to":"Thigalarapalya","routeno":"243-D","distance_on_station":1.963,"centerlat":12.97569,"centerlong":77.563,"responsecode":200,"isnotify":0,"vehicleDetails":[{"vehicleid":12265,"vehiclenumber":"KA57F1871","servicetypeid":72,"servicetype":"Non AC/Ordinary","centerlat":12.986066,"centerlong":77.522179,"eta":"","sch_arrivaltime":"16:44","sch_departuretime":"16:44","actual_arrivaltime":"","actual_departuretime":"","sch_tripstarttime":"16:40","sch_tripendtime":"16:40","lastlocationid":0,"currentlocationid":21204,"nextlocationid":0,"currentstop":null,"nextstop":null,"laststop":null,"stopCoveredStatus":1,"heading":290,"lastrefreshon":"19-12-2023 16:59:32","lastreceiveddatetimeflag":0,"tripposition":3}]},{"routeid":2783,"stationid":20584,"stationname":"5th Cross Magadi Road","from":"Kempegowda Bus Station","to":"Thigalarapalya","routeno":"243-D","distance_on_station":2.182,"centerlat":12.97567,"centerlong":77.56081,"responsecode":200,"isnotify":0,"vehicleDetails":[{"vehicleid":12265,"vehiclenumber":"KA57F1871","servicetypeid":72,"servicetype":"Non AC/Ordinary","centerlat":12.986066,"centerlong":77.522179,"eta":"","sch_arrivaltime":"16:45","sch_departuretime":"16:45","actual_arrivaltime":"16:43","actual_departuretime":"16:43","sch_tripstarttime":"16:40","sch_tripendtime":"16:40","lastlocationid":0,"currentlocationid":21204,"nextlocationid":0,"currentstop":null,"nextstop":null,"laststop":null,"stopCoveredStatus":1,"heading":290,"lastrefreshon":"19-12-2023 16:59:32","lastreceiveddatetimeflag":0,"tripposition":1}]},{"routeid":2783,"stationid":20558,"stationname":"10th Cross Magadi Road","from":"Kempegowda Bus Station","to":"Thigalarapalya","routeno":"243-D","distance_on_station":2.715,"centerlat":12.97556,"centerlong":77.55562,"responsecode":200,"isnotify":0,"vehicleDetails":[{"vehicleid":12265,"vehiclenumber":"KA57F1871","servicetypeid":72,"servicetype":"Non AC/Ordinary","centerlat":12.986066,"centerlong":77.522179,"eta":"","sch_arrivaltime":"16:46","sch_departuretime":"16:46","actual_arrivaltime":"16:44","actual_departuretime":"16:45","sch_tripstarttime":"16:40","sch_tripendtime":"16:40","lastlocationid":0,"currentlocationid":21204,"nextlocationid":0,"currentstop":null,"nextstop":null,"laststop":null,"stopCoveredStatus":1,"heading":290,"lastrefreshon":"19-12-2023 16:59:32","lastreceiveddatetimeflag":0,"tripposition":1}]},{"routeid":2783,"stationid":21101,"stationname":"Prasanna Theatre","from":"Kempegowda Bus Station","to":"Thigalarapalya","routeno":"243-D","distance_on_station":3.163,"centerlat":12.97401,"centerlong":77.55122,"responsecode":200,"isnotify":0,"vehicleDetails":[{"vehicleid":12265,"vehiclenumber":"KA57F1871","servicetypeid":72,"servicetype":"Non AC/Ordinary","centerlat":12.986066,"centerlong":77.522179,"eta":"","sch_arrivaltime":"16:47","sch_departuretime":"16:47","actual_arrivaltime":"16:47","actual_departuretime":"16:47","sch_tripstarttime":"16:40","sch_tripendtime":"16:40","lastlocationid":0,"currentlocationid":21204,"nextlocationid":0,"currentstop":null,"nextstop":null,"laststop":null,"stopCoveredStatus":1,"heading":290,"lastrefreshon":"19-12-2023 16:59:32","lastreceiveddatetimeflag":0,"tripposition":1}]},{"routeid":2783,"stationid":28613,"stationname":"Magadi Road Tollgate","from":"Kempegowda Bus Station","to":"Thigalarapalya","routeno":"243-D","distance_on_station":3.611,"centerlat":12.9752,"centerlong":77.54818,"responsecode":200,"isnotify":0,"vehicleDetails":[{"vehicleid":12265,"vehiclenumber":"KA57F1871","servicetypeid":72,"servicetype":"Non AC/Ordinary","centerlat":12.986066,"centerlong":77.522179,"eta":"","sch_arrivaltime":"16:49","sch_departuretime":"16:49","actual_arrivaltime":"16:49","actual_departuretime":"16:50","sch_tripstarttime":"16:40","sch_tripendtime":"16:40","lastlocationid":0,"currentlocationid":21204,"nextlocationid":0,"currentstop":null,"nextstop":null,"laststop":null,"stopCoveredStatus":1,"heading":290,"lastrefreshon":"19-12-2023 16:59:32","lastreceiveddatetimeflag":0,"tripposition":1}]},{"routeid":2783,"stationid":20600,"stationname":"Agrahara Dasarahalli","from":"Kempegowda Bus Station","to":"Thigalarapalya","routeno":"243-D","distance_on_station":4.449,"centerlat":12.97874,"centerlong":77.54121,"responsecode":200,"isnotify":0,"vehicleDetails":[{"vehicleid":12265,"vehiclenumber":"KA57F1871","servicetypeid":72,"servicetype":"Non AC/Ordinary","centerlat":12.986066,"centerlong":77.522179,"eta":"","sch_arrivaltime":"16:51","sch_departuretime":"16:51","actual_arrivaltime":"16:52","actual_departuretime":"16:53","sch_tripstarttime":"16:40","sch_tripendtime":"16:40","lastlocationid":0,"currentlocationid":21204,"nextlocationid":0,"currentstop":null,"nextstop":null,"laststop":null,"stopCoveredStatus":1,"heading":290,"lastrefreshon":"19-12-2023 16:59:32","lastreceiveddatetimeflag":0,"tripposition":1}]},{"routeid":2783,"stationid":20930,"stationname":"KHB Colony","from":"Kempegowda Bus Station","to":"Thigalarapalya","routeno":"243-D","distance_on_station":5.087,"centerlat":12.98105,"centerlong":77.53549,"responsecode":200,"isnotify":0,"vehicleDetails":[{"vehicleid":12265,"vehiclenumber":"KA57F1871","servicetypeid":72,"servicetype":"Non AC/Ordinary","centerlat":12.986066,"centerlong":77.522179,"eta":"","sch_arrivaltime":"16:52","sch_departuretime":"16:52","actual_arrivaltime":"16:54","actual_departuretime":"16:54","sch_tripstarttime":"16:40","sch_tripendtime":"16:40","lastlocationid":0,"currentlocationid":21204,"nextlocationid":0,"currentstop":null,"nextstop":null,"laststop":null,"stopCoveredStatus":1,"heading":290,"lastrefreshon":"19-12-2023 16:59:32","lastreceiveddatetimeflag":0,"tripposition":1}]},{"routeid":2783,"stationid":20906,"stationname":"Kamakshipalya","from":"Kempegowda Bus Station","to":"Thigalarapalya","routeno":"243-D","distance_on_station":5.84,"centerlat":12.98375,"centerlong":77.52917,"responsecode":200,"isnotify":0,"vehicleDetails":[{"vehicleid":12265,"vehiclenumber":"KA57F1871","servicetypeid":72,"servicetype":"Non AC/Ordinary","centerlat":12.986066,"centerlong":77.522179,"eta":"","sch_arrivaltime":"16:53","sch_departuretime":"16:53","actual_arrivaltime":"16:56","actual_departuretime":"16:57","sch_tripstarttime":"16:40","sch_tripendtime":"16:40","lastlocationid":0,"currentlocationid":21204,"nextlocationid":0,"currentstop":null,"nextstop":null,"laststop":null,"stopCoveredStatus":1,"heading":290,"lastrefreshon":"19-12-2023 16:59:32","lastreceiveddatetimeflag":0,"tripposition":1}]},{"routeid":2783,"stationid":21204,"stationname":"Summanahalli","from":"Kempegowda Bus Station","to":"Thigalarapalya","routeno":"243-D","distance_on_station":7.069,"centerlat":12.98739,"centerlong":77.51914,"responsecode":200,"isnotify":0,"vehicleDetails":[{"vehicleid":12265,"vehiclenumber":"KA57F1871","servicetypeid":72,"servicetype":"Non AC/Ordinary","centerlat":12.986066,"centerlong":77.522179,"eta":"2023-12-19 17:01:00","sch_arrivaltime":"16:56","sch_departuretime":"16:56","actual_arrivaltime":"","actual_departuretime":"","sch_tripstarttime":"16:40","sch_tripendtime":"16:40","lastlocationid":0,"currentlocationid":21204,"nextlocationid":0,"currentstop":null,"nextstop":null,"laststop":null,"stopCoveredStatus":0,"heading":290,"lastrefreshon":"19-12-2023 16:59:32","lastreceiveddatetimeflag":0,"tripposition":3}]},{"routeid":2783,"stationid":20937,"stationname":"Kottigepalya","from":"Kempegowda Bus Station","to":"Thigalarapalya","routeno":"243-D","distance_on_station":7.498,"centerlat":12.98787,"centerlong":77.51509,"responsecode":200,"isnotify":0,"vehicleDetails":[{"vehicleid":12265,"vehiclenumber":"KA57F1871","servicetypeid":72,"servicetype":"Non AC/Ordinary","centerlat":12.986066,"centerlong":77.522179,"eta":"2023-12-19 17:02:00","sch_arrivaltime":"16:57","sch_departuretime":"16:57","actual_arrivaltime":"","actual_departuretime":"","sch_tripstarttime":"16:40","sch_tripendtime":"16:40","lastlocationid":0,"currentlocationid":21204,"nextlocationid":0,"currentstop":null,"nextstop":null,"laststop":null,"stopCoveredStatus":0,"heading":290,"lastrefreshon":"19-12-2023 16:59:32","lastreceiveddatetimeflag":0,"tripposition":3}]},{"routeid":2783,"stationid":21206,"stationname":"Sunkadakatte","from":"Kempegowda Bus Station","to":"Thigalarapalya","routeno":"243-D","distance_on_station":8.726,"centerlat":12.99018,"centerlong":77.5038,"responsecode":200,"isnotify":0,"vehicleDetails":[{"vehicleid":12265,"vehiclenumber":"KA57F1871","servicetypeid":72,"servicetype":"Non AC/Ordinary","centerlat":12.986066,"centerlong":77.522179,"eta":"2023-12-19 17:06:00","sch_arrivaltime":"17:00","sch_departuretime":"17:00","actual_arrivaltime":"","actual_departuretime":"","sch_tripstarttime":"16:40","sch_tripendtime":"16:40","lastlocationid":0,"currentlocationid":21204,"nextlocationid":0,"currentstop":null,"nextstop":null,"laststop":null,"stopCoveredStatus":0,"heading":290,"lastrefreshon":"19-12-2023 16:59:32","lastreceiveddatetimeflag":0,"tripposition":3}]},{"routeid":2783,"stationid":21530,"stationname":"Herohalli Cross","from":"Kempegowda Bus Station","to":"Thigalarapalya","routeno":"243-D","distance_on_station":9.965,"centerlat":12.98726,"centerlong":77.4925,"responsecode":200,"isnotify":0,"vehicleDetails":[{"vehicleid":12265,"vehiclenumber":"KA57F1871","servicetypeid":72,"servicetype":"Non AC/Ordinary","centerlat":12.986066,"centerlong":77.522179,"eta":"2023-12-19 17:10:00","sch_arrivaltime":"17:02","sch_departuretime":"17:02","actual_arrivaltime":"","actual_departuretime":"","sch_tripstarttime":"16:40","sch_tripendtime":"16:40","lastlocationid":0,"currentlocationid":21204,"nextlocationid":0,"currentstop":null,"nextstop":null,"laststop":null,"stopCoveredStatus":0,"heading":290,"lastrefreshon":"19-12-2023 16:59:32","lastreceiveddatetimeflag":0,"tripposition":3}]},{"routeid":2783,"stationid":21456,"stationname":"Anjananagara","from":"Kempegowda Bus Station","to":"Thigalarapalya","routeno":"243-D","distance_on_station":10.394,"centerlat":12.98614,"centerlong":77.48847,"responsecode":200,"isnotify":0,"vehicleDetails":[{"vehicleid":12265,"vehiclenumber":"KA57F1871","servicetypeid":72,"servicetype":"Non AC/Ordinary","centerlat":12.986066,"centerlong":77.522179,"eta":"2023-12-19 17:11:00","sch_arrivaltime":"17:03","sch_departuretime":"17:03","actual_arrivaltime":"","actual_departuretime":"","sch_tripstarttime":"16:40","sch_tripendtime":"16:40","lastlocationid":0,"currentlocationid":21204,"nextlocationid":0,"currentstop":null,"nextstop":null,"laststop":null,"stopCoveredStatus":0,"heading":290,"lastrefreshon":"19-12-2023 16:59:32","lastreceiveddatetimeflag":0,"tripposition":3}]},{"routeid":2783,"stationid":21508,"stationname":"East West College Cross","from":"Kempegowda Bus Station","to":"Thigalarapalya","routeno":"243-D","distance_on_station":10.632,"centerlat":12.98559,"centerlong":77.48632,"responsecode":200,"isnotify":0,"vehicleDetails":[{"vehicleid":12265,"vehiclenumber":"KA57F1871","servicetypeid":72,"servicetype":"Non AC/Ordinary","centerlat":12.986066,"centerlong":77.522179,"eta":"2023-12-19 17:12:00","sch_arrivaltime":"17:04","sch_departuretime":"17:04","actual_arrivaltime":"","actual_departuretime":"","sch_tripstarttime":"16:40","sch_tripendtime":"16:40","lastlocationid":0,"currentlocationid":21204,"nextlocationid":0,"currentstop":null,"nextstop":null,"laststop":null,"stopCoveredStatus":0,"heading":290,"lastrefreshon":"19-12-2023 16:59:32","lastreceiveddatetimeflag":0,"tripposition":3}]},{"routeid":2783,"stationid":31500,"stationname":"Thunganagara Cross","from":"Kempegowda Bus Station","to":"Thigalarapalya","routeno":"243-D","distance_on_station":10.984,"centerlat":12.98551,"centerlong":77.48501,"responsecode":200,"isnotify":0,"vehicleDetails":[{"vehicleid":12265,"vehiclenumber":"KA57F1871","servicetypeid":72,"servicetype":"Non AC/Ordinary","centerlat":12.986066,"centerlong":77.522179,"eta":"2023-12-19 17:13:00","sch_arrivaltime":"17:05","sch_departuretime":"17:05","actual_arrivaltime":"","actual_departuretime":"","sch_tripstarttime":"16:40","sch_tripendtime":"16:40","lastlocationid":0,"currentlocationid":21204,"nextlocationid":0,"currentstop":null,"nextstop":null,"laststop":null,"stopCoveredStatus":0,"heading":290,"lastrefreshon":"19-12-2023 16:59:32","lastreceiveddatetimeflag":0,"tripposition":3}]},{"routeid":2783,"stationid":31490,"stationname":"Thunga Nagara","from":"Kempegowda Bus Station","to":"Thigalarapalya","routeno":"243-D","distance_on_station":11.661,"centerlat":12.99192,"centerlong":77.48526,"responsecode":200,"isnotify":0,"vehicleDetails":[{"vehicleid":12265,"vehiclenumber":"KA57F1871","servicetypeid":72,"servicetype":"Non AC/Ordinary","centerlat":12.986066,"centerlong":77.522179,"eta":"2023-12-19 17:15:00","sch_arrivaltime":"17:06","sch_departuretime":"17:06","actual_arrivaltime":"","actual_departuretime":"","sch_tripstarttime":"16:40","sch_tripendtime":"16:40","lastlocationid":0,"currentlocationid":21204,"nextlocationid":0,"currentstop":null,"nextstop":null,"laststop":null,"stopCoveredStatus":0,"heading":290,"lastrefreshon":"19-12-2023 16:59:32","lastreceiveddatetimeflag":0,"tripposition":3}]},{"routeid":2783,"stationid":34893,"stationname":"Venkateshwara Layout","from":"Kempegowda Bus Station","to":"Thigalarapalya","routeno":"243-D","distance_on_station":12.147,"centerlat":12.99331,"centerlong":77.48856,"responsecode":200,"isnotify":0,"vehicleDetails":[{"vehicleid":12265,"vehiclenumber":"KA57F1871","servicetypeid":72,"servicetype":"Non AC/Ordinary","centerlat":12.986066,"centerlong":77.522179,"eta":"2023-12-19 17:17:00","sch_arrivaltime":"17:07","sch_departuretime":"17:07","actual_arrivaltime":"","actual_departuretime":"","sch_tripstarttime":"16:40","sch_tripendtime":"16:40","lastlocationid":0,"currentlocationid":21204,"nextlocationid":0,"currentstop":null,"nextstop":null,"laststop":null,"stopCoveredStatus":0,"heading":290,"lastrefreshon":"19-12-2023 16:59:32","lastreceiveddatetimeflag":0,"tripposition":3}]},{"routeid":2783,"stationid":34741,"stationname":"Syndicate Bank Layout","from":"Kempegowda Bus Station","to":"Thigalarapalya","routeno":"243-D","distance_on_station":12.671,"centerlat":12.99801,"centerlong":77.4894,"responsecode":200,"isnotify":0,"vehicleDetails":[{"vehicleid":12265,"vehiclenumber":"KA57F1871","servicetypeid":72,"servicetype":"Non AC/Ordinary","centerlat":12.986066,"centerlong":77.522179,"eta":"2023-12-19 17:18:00","sch_arrivaltime":"17:08","sch_departuretime":"17:08","actual_arrivaltime":"","actual_departuretime":"","sch_tripstarttime":"16:40","sch_tripendtime":"16:40","lastlocationid":0,"currentlocationid":21204,"nextlocationid":0,"currentstop":null,"nextstop":null,"laststop":null,"stopCoveredStatus":0,"heading":290,"lastrefreshon":"19-12-2023 16:59:32","lastreceiveddatetimeflag":0,"tripposition":3}]},{"routeid":2783,"stationid":22965,"stationname":"Acharya College","from":"Kempegowda Bus Station","to":"Thigalarapalya","routeno":"243-D","distance_on_station":13.147,"centerlat":13.00234,"centerlong":77.48822,"responsecode":200,"isnotify":0,"vehicleDetails":[{"vehicleid":12265,"vehiclenumber":"KA57F1871","servicetypeid":72,"servicetype":"Non AC/Ordinary","centerlat":12.986066,"centerlong":77.522179,"eta":"2023-12-19 17:20:00","sch_arrivaltime":"17:09","sch_departuretime":"17:09","actual_arrivaltime":"","actual_departuretime":"","sch_tripstarttime":"16:40","sch_tripendtime":"16:40","lastlocationid":0,"currentlocationid":21204,"nextlocationid":0,"currentstop":null,"nextstop":null,"laststop":null,"stopCoveredStatus":0,"heading":290,"lastrefreshon":"19-12-2023 16:59:32","lastreceiveddatetimeflag":0,"tripposition":3}]},{"routeid":2783,"stationid":34888,"stationname":"Vidyamanyanagara","from":"Kempegowda Bus Station","to":"Thigalarapalya","routeno":"243-D","distance_on_station":13.385,"centerlat":13.00461,"centerlong":77.48742,"responsecode":200,"isnotify":0,"vehicleDetails":[{"vehicleid":12265,"vehiclenumber":"KA57F1871","servicetypeid":72,"servicetype":"Non AC/Ordinary","centerlat":12.986066,"centerlong":77.522179,"eta":"2023-12-19 17:21:00","sch_arrivaltime":"17:10","sch_departuretime":"17:10","actual_arrivaltime":"","actual_departuretime":"","sch_tripstarttime":"16:40","sch_tripendtime":"16:40","lastlocationid":0,"currentlocationid":21204,"nextlocationid":0,"currentstop":null,"nextstop":null,"laststop":null,"stopCoveredStatus":0,"heading":290,"lastrefreshon":"19-12-2023 16:59:32","lastreceiveddatetimeflag":0,"tripposition":3}]},{"routeid":2783,"stationid":35482,"stationname":"Andhrahalli","from":"Kempegowda Bus Station","to":"Thigalarapalya","routeno":"243-D","distance_on_station":14.214,"centerlat":13.00802,"centerlong":77.48484,"responsecode":200,"isnotify":0,"vehicleDetails":[{"vehicleid":12265,"vehiclenumber":"KA57F1871","servicetypeid":72,"servicetype":"Non AC/Ordinary","centerlat":12.986066,"centerlong":77.522179,"eta":"2023-12-19 17:23:00","sch_arrivaltime":"17:13","sch_departuretime":"17:13","actual_arrivaltime":"","actual_departuretime":"","sch_tripstarttime":"16:40","sch_tripendtime":"16:40","lastlocationid":0,"currentlocationid":21204,"nextlocationid":0,"currentstop":null,"nextstop":null,"laststop":null,"stopCoveredStatus":0,"heading":290,"lastrefreshon":"19-12-2023 16:59:32","lastreceiveddatetimeflag":0,"tripposition":3}]},{"routeid":2783,"stationid":35480,"stationname":"Andhrahalli Govt School","from":"Kempegowda Bus Station","to":"Thigalarapalya","routeno":"243-D","distance_on_station":14.481,"centerlat":13.00952,"centerlong":77.48294,"responsecode":200,"isnotify":0,"vehicleDetails":[{"vehicleid":12265,"vehiclenumber":"KA57F1871","servicetypeid":72,"servicetype":"Non AC/Ordinary","centerlat":12.986066,"centerlong":77.522179,"eta":"2023-12-19 17:24:00","sch_arrivaltime":"17:14","sch_departuretime":"17:14","actual_arrivaltime":"","actual_departuretime":"","sch_tripstarttime":"16:40","sch_tripendtime":"16:40","lastlocationid":0,"currentlocationid":21204,"nextlocationid":0,"currentstop":null,"nextstop":null,"laststop":null,"stopCoveredStatus":0,"heading":290,"lastrefreshon":"19-12-2023 16:59:32","lastreceiveddatetimeflag":0,"tripposition":3}]},{"routeid":2783,"stationid":29534,"stationname":"Anjaneya Temple Thigalarapalya","from":"Kempegowda Bus Station","to":"Thigalarapalya","routeno":"243-D","distance_on_station":15.119,"centerlat":13.01371,"centerlong":77.48343,"responsecode":200,"isnotify":0,"vehicleDetails":[{"vehicleid":12265,"vehiclenumber":"KA57F1871","servicetypeid":72,"servicetype":"Non AC/Ordinary","centerlat":12.986066,"centerlong":77.522179,"eta":"2023-12-19 17:26:00","sch_arrivaltime":"17:16","sch_departuretime":"17:16","actual_arrivaltime":"","actual_departuretime":"","sch_tripstarttime":"16:40","sch_tripendtime":"16:40","lastlocationid":0,"currentlocationid":21204,"nextlocationid":0,"currentstop":null,"nextstop":null,"laststop":null,"stopCoveredStatus":0,"heading":290,"lastrefreshon":"19-12-2023 16:59:32","lastreceiveddatetimeflag":0,"tripposition":3}]},{"routeid":2783,"stationid":25345,"stationname":"Garudappa Circle Thigalarapalya","from":"Kempegowda Bus Station","to":"Thigalarapalya","routeno":"243-D","distance_on_station":15.338,"centerlat":13.01568,"centerlong":77.48413,"responsecode":200,"isnotify":0,"vehicleDetails":[{"vehicleid":12265,"vehiclenumber":"KA57F1871","servicetypeid":72,"servicetype":"Non AC/Ordinary","centerlat":12.986066,"centerlong":77.522179,"eta":"2023-12-19 17:27:00","sch_arrivaltime":"17:17","sch_departuretime":"17:17","actual_arrivaltime":"","actual_departuretime":"","sch_tripstarttime":"16:40","sch_tripendtime":"16:40","lastlocationid":0,"currentlocationid":21204,"nextlocationid":0,"currentstop":null,"nextstop":null,"laststop":null,"stopCoveredStatus":0,"heading":290,"lastrefreshon":"19-12-2023 16:59:32","lastreceiveddatetimeflag":0,"tripposition":3}]},{"routeid":2783,"stationid":31425,"stationname":"Thigalarapalya","from":"Kempegowda Bus Station","to":"Thigalarapalya","routeno":"243-D","distance_on_station":15.5,"centerlat":13.01683,"centerlong":77.48306,"responsecode":200,"isnotify":0,"vehicleDetails":[{"vehicleid":12265,"vehiclenumber":"KA57F1871","servicetypeid":72,"servicetype":"Non AC/Ordinary","centerlat":12.986066,"centerlong":77.522179,"eta":"2023-12-19 17:28:00","sch_arrivaltime":"17:18","sch_departuretime":"17:18","actual_arrivaltime":"","actual_departuretime":"","sch_tripstarttime":"16:40","sch_tripendtime":"16:40","lastlocationid":0,"currentlocationid":21204,"nextlocationid":0,"currentstop":null,"nextstop":null,"laststop":null,"stopCoveredStatus":0,"heading":290,"lastrefreshon":"19-12-2023 16:59:32","lastreceiveddatetimeflag":0,"tripposition":1}]}],"mapData":[{"vehicleid":12265,"vehiclenumber":"KA57F1871","servicetypeid":72,"servicetype":"Non AC/Ordinary","centerlat":12.986066,"centerlong":77.522179,"eta":"2023-12-19 17:28:00","sch_arrivaltime":"17:18","sch_departuretime":"17:18","actual_arrivaltime":"","actual_departuretime":"","sch_tripstarttime":"16:40","sch_tripendtime":"16:40","lastlocationid":0,"currentlocationid":21204,"nextlocationid":0,"currentstop":null,"nextstop":null,"laststop":null,"stopCoveredStatus":0,"heading":290,"lastrefreshon":"19-12-2023 16:59:32","lastreceiveddatetimeflag":0,"tripposition":1}]},"down":{"data":[{"routeid":2784,"stationid":31588,"stationname":"Vidyamanyanagara","from":"Thigalarapalya","to":"Kempegowda Bus Station","routeno":"243-D","distance_on_station":0,"centerlat":13.0046,"centerlong":77.48746,"responsecode":200,"isnotify":0,"vehicleDetails":[{"vehicleid":20388,"vehiclenumber":"KA57F4285","servicetypeid":72,"servicetype":"Non AC/Ordinary","centerlat":12.994615,"centerlong":77.489189,"eta":"","sch_arrivaltime":"16:26","sch_departuretime":"16:26","actual_arrivaltime":"","actual_departuretime":"","sch_tripstarttime":"16:20","sch_tripendtime":"16:20","lastlocationid":0,"currentlocationid":31583,"nextlocationid":0,"currentstop":null,"nextstop":null,"laststop":null,"stopCoveredStatus":1,"heading":204,"lastrefreshon":"19-12-2023 16:59:33","lastreceiveddatetimeflag":0,"tripposition":1}]},{"routeid":2784,"stationid":22966,"stationname":"Acharya College","from":"Thigalarapalya","to":"Kempegowda Bus Station","routeno":"243-D","distance_on_station":0.258,"centerlat":13.00238,"centerlong":77.48823,"responsecode":200,"isnotify":0,"vehicleDetails":[{"vehicleid":20388,"vehiclenumber":"KA57F4285","servicetypeid":72,"servicetype":"Non AC/Ordinary","centerlat":12.994615,"centerlong":77.489189,"eta":"","sch_arrivaltime":"16:27","sch_departuretime":"16:27","actual_arrivaltime":"16:48","actual_departuretime":"16:49","sch_tripstarttime":"16:20","sch_tripendtime":"16:20","lastlocationid":0,"currentlocationid":31583,"nextlocationid":0,"currentstop":null,"nextstop":null,"laststop":null,"stopCoveredStatus":1,"heading":204,"lastrefreshon":"19-12-2023 16:59:33","lastreceiveddatetimeflag":0,"tripposition":1}]},{"routeid":2784,"stationid":35437,"stationname":"Arch Lingadeeranahalli","from":"Thigalarapalya","to":"Kempegowda Bus Station","routeno":"243-D","distance_on_station":0.554,"centerlat":12.99961,"centerlong":77.48872,"responsecode":200,"isnotify":0,"vehicleDetails":[{"vehicleid":20388,"vehiclenumber":"KA57F4285","servicetypeid":72,"servicetype":"Non AC/Ordinary","centerlat":12.994615,"centerlong":77.489189,"eta":"","sch_arrivaltime":"16:28","sch_departuretime":"16:28","actual_arrivaltime":"16:49","actual_departuretime":"16:50","sch_tripstarttime":"16:20","sch_tripendtime":"16:20","lastlocationid":0,"currentlocationid":31583,"nextlocationid":0,"currentstop":null,"nextstop":null,"laststop":null,"stopCoveredStatus":1,"heading":204,"lastrefreshon":"19-12-2023 16:59:33","lastreceiveddatetimeflag":0,"tripposition":1}]},{"routeid":2784,"stationid":26786,"stationname":"Syndicate Bank Layout","from":"Thigalarapalya","to":"Kempegowda Bus Station","routeno":"243-D","distance_on_station":0.745,"centerlat":12.99796,"centerlong":77.48947,"responsecode":200,"isnotify":0,"vehicleDetails":[{"vehicleid":20388,"vehiclenumber":"KA57F4285","servicetypeid":72,"servicetype":"Non AC/Ordinary","centerlat":12.994615,"centerlong":77.489189,"eta":"","sch_arrivaltime":"16:29","sch_departuretime":"16:29","actual_arrivaltime":"16:50","actual_departuretime":"16:50","sch_tripstarttime":"16:20","sch_tripendtime":"16:20","lastlocationid":0,"currentlocationid":31583,"nextlocationid":0,"currentstop":null,"nextstop":null,"laststop":null,"stopCoveredStatus":1,"heading":204,"lastrefreshon":"19-12-2023 16:59:33","lastreceiveddatetimeflag":0,"tripposition":1}]},{"routeid":2784,"stationid":31583,"stationname":"Venkateshwara Layout","from":"Thigalarapalya","to":"Kempegowda Bus Station","routeno":"243-D","distance_on_station":1.261,"centerlat":12.99335,"centerlong":77.4886,"responsecode":200,"isnotify":0,"vehicleDetails":[{"vehicleid":20388,"vehiclenumber":"KA57F4285","servicetypeid":72,"servicetype":"Non AC/Ordinary","centerlat":12.994615,"centerlong":77.489189,"eta":"2023-12-19 17:00:00","sch_arrivaltime":"16:30","sch_departuretime":"16:30","actual_arrivaltime":"","actual_departuretime":"","sch_tripstarttime":"16:20","sch_tripendtime":"16:20","lastlocationid":0,"currentlocationid":31583,"nextlocationid":0,"currentstop":null,"nextstop":null,"laststop":null,"stopCoveredStatus":0,"heading":204,"lastrefreshon":"19-12-2023 16:59:33","lastreceiveddatetimeflag":0,"tripposition":3}]},{"routeid":2784,"stationid":34966,"stationname":"Thunga Nagara","from":"Thigalarapalya","to":"Kempegowda Bus Station","routeno":"243-D","distance_on_station":1.739,"centerlat":12.99195,"centerlong":77.4853,"responsecode":200,"isnotify":0,"vehicleDetails":[{"vehicleid":20388,"vehiclenumber":"KA57F4285","servicetypeid":72,"servicetype":"Non AC/Ordinary","centerlat":12.994615,"centerlong":77.489189,"eta":"2023-12-19 17:02:00","sch_arrivaltime":"16:31","sch_departuretime":"16:31","actual_arrivaltime":"","actual_departuretime":"","sch_tripstarttime":"16:20","sch_tripendtime":"16:20","lastlocationid":0,"currentlocationid":31583,"nextlocationid":0,"currentstop":null,"nextstop":null,"laststop":null,"stopCoveredStatus":0,"heading":204,"lastrefreshon":"19-12-2023 16:59:33","lastreceiveddatetimeflag":0,"tripposition":3}]},{"routeid":2784,"stationid":34956,"stationname":"Thunganagara Cross","from":"Thigalarapalya","to":"Kempegowda Bus Station","routeno":"243-D","distance_on_station":2.417,"centerlat":12.9856,"centerlong":77.485,"responsecode":200,"isnotify":0,"vehicleDetails":[{"vehicleid":20388,"vehiclenumber":"KA57F4285","servicetypeid":72,"servicetype":"Non AC/Ordinary","centerlat":12.994615,"centerlong":77.489189,"eta":"2023-12-19 17:04:00","sch_arrivaltime":"16:32","sch_departuretime":"16:32","actual_arrivaltime":"","actual_departuretime":"","sch_tripstarttime":"16:20","sch_tripendtime":"16:20","lastlocationid":0,"currentlocationid":31583,"nextlocationid":0,"currentstop":null,"nextstop":null,"laststop":null,"stopCoveredStatus":0,"heading":204,"lastrefreshon":"19-12-2023 16:59:33","lastreceiveddatetimeflag":0,"tripposition":3}]},{"routeid":2784,"stationid":24294,"stationname":"East West College Cross","from":"Thigalarapalya","to":"Kempegowda Bus Station","routeno":"243-D","distance_on_station":2.551,"centerlat":12.98568,"centerlong":77.48629,"responsecode":200,"isnotify":0,"vehicleDetails":[{"vehicleid":20388,"vehiclenumber":"KA57F4285","servicetypeid":72,"servicetype":"Non AC/Ordinary","centerlat":12.994615,"centerlong":77.489189,"eta":"2023-12-19 17:05:00","sch_arrivaltime":"16:33","sch_departuretime":"16:33","actual_arrivaltime":"","actual_departuretime":"","sch_tripstarttime":"16:20","sch_tripendtime":"16:20","lastlocationid":0,"currentlocationid":31583,"nextlocationid":0,"currentstop":null,"nextstop":null,"laststop":null,"stopCoveredStatus":0,"heading":204,"lastrefreshon":"19-12-2023 16:59:33","lastreceiveddatetimeflag":0,"tripposition":3}]},{"routeid":2784,"stationid":21455,"stationname":"Anjananagara","from":"Thigalarapalya","to":"Kempegowda Bus Station","routeno":"243-D","distance_on_station":2.77,"centerlat":12.98617,"centerlong":77.48817,"responsecode":200,"isnotify":0,"vehicleDetails":[{"vehicleid":20388,"vehiclenumber":"KA57F4285","servicetypeid":72,"servicetype":"Non AC/Ordinary","centerlat":12.994615,"centerlong":77.489189,"eta":"2023-12-19 17:06:00","sch_arrivaltime":"16:34","sch_departuretime":"16:34","actual_arrivaltime":"","actual_departuretime":"","sch_tripstarttime":"16:20","sch_tripendtime":"16:20","lastlocationid":0,"currentlocationid":31583,"nextlocationid":0,"currentstop":null,"nextstop":null,"laststop":null,"stopCoveredStatus":0,"heading":204,"lastrefreshon":"19-12-2023 16:59:33","lastreceiveddatetimeflag":0,"tripposition":3}]},{"routeid":2784,"stationid":21523,"stationname":"Herohalli Cross1","from":"Thigalarapalya","to":"Kempegowda Bus Station","routeno":"243-D","distance_on_station":3.229,"centerlat":12.98736,"centerlong":77.4924,"responsecode":200,"isnotify":0,"vehicleDetails":[{"vehicleid":20388,"vehiclenumber":"KA57F4285","servicetypeid":72,"servicetype":"Non AC/Ordinary","centerlat":12.994615,"centerlong":77.489189,"eta":"2023-12-19 17:07:00","sch_arrivaltime":"16:35","sch_departuretime":"16:35","actual_arrivaltime":"","actual_departuretime":"","sch_tripstarttime":"16:20","sch_tripendtime":"16:20","lastlocationid":0,"currentlocationid":31583,"nextlocationid":0,"currentstop":null,"nextstop":null,"laststop":null,"stopCoveredStatus":0,"heading":204,"lastrefreshon":"19-12-2023 16:59:33","lastreceiveddatetimeflag":0,"tripposition":3}]},{"routeid":2784,"stationid":20874,"stationname":"Janapriya Apartment","from":"Thigalarapalya","to":"Kempegowda Bus Station","routeno":"243-D","distance_on_station":3.984,"centerlat":12.98895,"centerlong":77.49938,"responsecode":200,"isnotify":0,"vehicleDetails":[{"vehicleid":20388,"vehiclenumber":"KA57F4285","servicetypeid":72,"servicetype":"Non AC/Ordinary","centerlat":12.994615,"centerlong":77.489189,"eta":"2023-12-19 17:08:00","sch_arrivaltime":"16:36","sch_departuretime":"16:36","actual_arrivaltime":"","actual_departuretime":"","sch_tripstarttime":"16:20","sch_tripendtime":"16:20","lastlocationid":0,"currentlocationid":31583,"nextlocationid":0,"currentstop":null,"nextstop":null,"laststop":null,"stopCoveredStatus":0,"heading":204,"lastrefreshon":"19-12-2023 16:59:33","lastreceiveddatetimeflag":0,"tripposition":3}]},{"routeid":2784,"stationid":21205,"stationname":"Sunkadakatte","from":"Thigalarapalya","to":"Kempegowda Bus Station","routeno":"243-D","distance_on_station":4.748,"centerlat":12.98946,"centerlong":77.50638,"responsecode":200,"isnotify":0,"vehicleDetails":[{"vehicleid":20388,"vehiclenumber":"KA57F4285","servicetypeid":72,"servicetype":"Non AC/Ordinary","centerlat":12.994615,"centerlong":77.489189,"eta":"2023-12-19 17:09:00","sch_arrivaltime":"16:38","sch_departuretime":"16:38","actual_arrivaltime":"","actual_departuretime":"","sch_tripstarttime":"16:20","sch_tripendtime":"16:20","lastlocationid":0,"currentlocationid":31583,"nextlocationid":0,"currentstop":null,"nextstop":null,"laststop":null,"stopCoveredStatus":0,"heading":204,"lastrefreshon":"19-12-2023 16:59:33","lastreceiveddatetimeflag":0,"tripposition":3}]},{"routeid":2784,"stationid":20936,"stationname":"Kottigepalya","from":"Thigalarapalya","to":"Kempegowda Bus Station","routeno":"243-D","distance_on_station":5.588,"centerlat":12.98786,"centerlong":77.51405,"responsecode":200,"isnotify":0,"vehicleDetails":[{"vehicleid":20388,"vehiclenumber":"KA57F4285","servicetypeid":72,"servicetype":"Non AC/Ordinary","centerlat":12.994615,"centerlong":77.489189,"eta":"2023-12-19 17:10:00","sch_arrivaltime":"16:40","sch_departuretime":"16:40","actual_arrivaltime":"","actual_departuretime":"","sch_tripstarttime":"16:20","sch_tripendtime":"16:20","lastlocationid":0,"currentlocationid":31583,"nextlocationid":0,"currentstop":null,"nextstop":null,"laststop":null,"stopCoveredStatus":0,"heading":204,"lastrefreshon":"19-12-2023 16:59:33","lastreceiveddatetimeflag":0,"tripposition":3}]},{"routeid":2784,"stationid":21203,"stationname":"Summanahalli","from":"Thigalarapalya","to":"Kempegowda Bus Station","routeno":"243-D","distance_on_station":6.324,"centerlat":12.98682,"centerlong":77.52077,"responsecode":200,"isnotify":0,"vehicleDetails":[{"vehicleid":20388,"vehiclenumber":"KA57F4285","servicetypeid":72,"servicetype":"Non AC/Ordinary","centerlat":12.994615,"centerlong":77.489189,"eta":"2023-12-19 17:11:00","sch_arrivaltime":"16:41","sch_departuretime":"16:41","actual_arrivaltime":"","actual_departuretime":"","sch_tripstarttime":"16:20","sch_tripendtime":"16:20","lastlocationid":0,"currentlocationid":31583,"nextlocationid":0,"currentstop":null,"nextstop":null,"laststop":null,"stopCoveredStatus":0,"heading":204,"lastrefreshon":"19-12-2023 16:59:33","lastreceiveddatetimeflag":0,"tripposition":3}]},{"routeid":2784,"stationid":20905,"stationname":"Kamakshipalya","from":"Thigalarapalya","to":"Kempegowda Bus Station","routeno":"243-D","distance_on_station":7.375,"centerlat":12.98385,"centerlong":77.52924,"responsecode":200,"isnotify":0,"vehicleDetails":[{"vehicleid":20388,"vehiclenumber":"KA57F4285","servicetypeid":72,"servicetype":"Non AC/Ordinary","centerlat":12.994615,"centerlong":77.489189,"eta":"2023-12-19 17:15:00","sch_arrivaltime":"16:45","sch_departuretime":"16:45","actual_arrivaltime":"","actual_departuretime":"","sch_tripstarttime":"16:20","sch_tripendtime":"16:20","lastlocationid":0,"currentlocationid":31583,"nextlocationid":0,"currentstop":null,"nextstop":null,"laststop":null,"stopCoveredStatus":0,"heading":204,"lastrefreshon":"19-12-2023 16:59:33","lastreceiveddatetimeflag":0,"tripposition":3}]},{"routeid":2784,"stationid":20929,"stationname":"KHB Colony","from":"Thigalarapalya","to":"Kempegowda Bus Station","routeno":"243-D","distance_on_station":8.082,"centerlat":12.98142,"centerlong":77.53525,"responsecode":200,"isnotify":0,"vehicleDetails":[{"vehicleid":20388,"vehiclenumber":"KA57F4285","servicetypeid":72,"servicetype":"Non AC/Ordinary","centerlat":12.994615,"centerlong":77.489189,"eta":"2023-12-19 17:17:00","sch_arrivaltime":"16:46","sch_departuretime":"16:46","actual_arrivaltime":"","actual_departuretime":"","sch_tripstarttime":"16:20","sch_tripendtime":"16:20","lastlocationid":0,"currentlocationid":31583,"nextlocationid":0,"currentstop":null,"nextstop":null,"laststop":null,"stopCoveredStatus":0,"heading":204,"lastrefreshon":"19-12-2023 16:59:33","lastreceiveddatetimeflag":0,"tripposition":3}]},{"routeid":2784,"stationid":20599,"stationname":"Agrahara Dasarahalli","from":"Thigalarapalya","to":"Kempegowda Bus Station","routeno":"243-D","distance_on_station":8.932,"centerlat":12.97853,"centerlong":77.54293,"responsecode":200,"isnotify":0,"vehicleDetails":[{"vehicleid":20388,"vehiclenumber":"KA57F4285","servicetypeid":72,"servicetype":"Non AC/Ordinary","centerlat":12.994615,"centerlong":77.489189,"eta":"2023-12-19 17:19:00","sch_arrivaltime":"16:48","sch_departuretime":"16:48","actual_arrivaltime":"","actual_departuretime":"","sch_tripstarttime":"16:20","sch_tripendtime":"16:20","lastlocationid":0,"currentlocationid":31583,"nextlocationid":0,"currentstop":null,"nextstop":null,"laststop":null,"stopCoveredStatus":0,"heading":204,"lastrefreshon":"19-12-2023 16:59:33","lastreceiveddatetimeflag":0,"tripposition":3}]},{"routeid":2784,"stationid":20976,"stationname":"Magadi Road TollGate","from":"Thigalarapalya","to":"Kempegowda Bus Station","routeno":"243-D","distance_on_station":9.687,"centerlat":12.97459,"centerlong":77.54897,"responsecode":200,"isnotify":0,"vehicleDetails":[{"vehicleid":20388,"vehiclenumber":"KA57F4285","servicetypeid":72,"servicetype":"Non AC/Ordinary","centerlat":12.994615,"centerlong":77.489189,"eta":"2023-12-19 17:22:00","sch_arrivaltime":"16:51","sch_departuretime":"16:51","actual_arrivaltime":"","actual_departuretime":"","sch_tripstarttime":"16:20","sch_tripendtime":"16:20","lastlocationid":0,"currentlocationid":31583,"nextlocationid":0,"currentstop":null,"nextstop":null,"laststop":null,"stopCoveredStatus":0,"heading":204,"lastrefreshon":"19-12-2023 16:59:33","lastreceiveddatetimeflag":0,"tripposition":3}]},{"routeid":2784,"stationid":21102,"stationname":"Prasanna Theatre","from":"Thigalarapalya","to":"Kempegowda Bus Station","routeno":"243-D","distance_on_station":10.26,"centerlat":12.97542,"centerlong":77.55288,"responsecode":200,"isnotify":0,"vehicleDetails":[{"vehicleid":20388,"vehiclenumber":"KA57F4285","servicetypeid":72,"servicetype":"Non AC/Ordinary","centerlat":12.994615,"centerlong":77.489189,"eta":"2023-12-19 17:24:00","sch_arrivaltime":"16:53","sch_departuretime":"16:53","actual_arrivaltime":"","actual_departuretime":"","sch_tripstarttime":"16:20","sch_tripendtime":"16:20","lastlocationid":0,"currentlocationid":31583,"nextlocationid":0,"currentstop":null,"nextstop":null,"laststop":null,"stopCoveredStatus":0,"heading":204,"lastrefreshon":"19-12-2023 16:59:33","lastreceiveddatetimeflag":0,"tripposition":3}]},{"routeid":2784,"stationid":20559,"stationname":"10th Cross Magadi Road","from":"Thigalarapalya","to":"Kempegowda Bus Station","routeno":"243-D","distance_on_station":10.699,"centerlat":12.97574,"centerlong":77.55706,"responsecode":200,"isnotify":0,"vehicleDetails":[{"vehicleid":20388,"vehiclenumber":"KA57F4285","servicetypeid":72,"servicetype":"Non AC/Ordinary","centerlat":12.994615,"centerlong":77.489189,"eta":"2023-12-19 17:25:00","sch_arrivaltime":"16:54","sch_departuretime":"16:54","actual_arrivaltime":"","actual_departuretime":"","sch_tripstarttime":"16:20","sch_tripendtime":"16:20","lastlocationid":0,"currentlocationid":31583,"nextlocationid":0,"currentstop":null,"nextstop":null,"laststop":null,"stopCoveredStatus":0,"heading":204,"lastrefreshon":"19-12-2023 16:59:33","lastreceiveddatetimeflag":0,"tripposition":3}]},{"routeid":2784,"stationid":20585,"stationname":"5th Cross Magadi Road","from":"Thigalarapalya","to":"Kempegowda Bus Station","routeno":"243-D","distance_on_station":11.072,"centerlat":12.97578,"centerlong":77.56071,"responsecode":200,"isnotify":0,"vehicleDetails":[{"vehicleid":20388,"vehiclenumber":"KA57F4285","servicetypeid":72,"servicetype":"Non AC/Ordinary","centerlat":12.994615,"centerlong":77.489189,"eta":"2023-12-19 17:26:00","sch_arrivaltime":"16:55","sch_departuretime":"16:55","actual_arrivaltime":"","actual_departuretime":"","sch_tripstarttime":"16:20","sch_tripendtime":"16:20","lastlocationid":0,"currentlocationid":31583,"nextlocationid":0,"currentstop":null,"nextstop":null,"laststop":null,"stopCoveredStatus":0,"heading":204,"lastrefreshon":"19-12-2023 16:59:33","lastreceiveddatetimeflag":0,"tripposition":3}]},{"routeid":2784,"stationid":20578,"stationname":"1st Cross Magadi Road","from":"Thigalarapalya","to":"Kempegowda Bus Station","routeno":"243-D","distance_on_station":11.282,"centerlat":12.97569,"centerlong":77.5628,"responsecode":200,"isnotify":0,"vehicleDetails":[{"vehicleid":20388,"vehiclenumber":"KA57F4285","servicetypeid":72,"servicetype":"Non AC/Ordinary","centerlat":12.994615,"centerlong":77.489189,"eta":"2023-12-19 17:27:00","sch_arrivaltime":"16:56","sch_departuretime":"16:56","actual_arrivaltime":"","actual_departuretime":"","sch_tripstarttime":"16:20","sch_tripendtime":"16:20","lastlocationid":0,"currentlocationid":31583,"nextlocationid":0,"currentstop":null,"nextstop":null,"laststop":null,"stopCoveredStatus":0,"heading":204,"lastrefreshon":"19-12-2023 16:59:33","lastreceiveddatetimeflag":0,"tripposition":3}]},{"routeid":2784,"stationid":21026,"stationname":"Minerva Mill","from":"Thigalarapalya","to":"Kempegowda Bus Station","routeno":"243-D","distance_on_station":11.846,"centerlat":12.97945,"centerlong":77.56435,"responsecode":200,"isnotify":0,"vehicleDetails":[{"vehicleid":20388,"vehiclenumber":"KA57F4285","servicetypeid":72,"servicetype":"Non AC/Ordinary","centerlat":12.994615,"centerlong":77.489189,"eta":"2023-12-19 17:29:00","sch_arrivaltime":"16:57","sch_departuretime":"16:57","actual_arrivaltime":"","actual_departuretime":"","sch_tripstarttime":"16:20","sch_tripendtime":"16:20","lastlocationid":0,"currentlocationid":31583,"nextlocationid":0,"currentstop":null,"nextstop":null,"laststop":null,"stopCoveredStatus":0,"heading":204,"lastrefreshon":"19-12-2023 16:59:33","lastreceiveddatetimeflag":0,"tripposition":3}]},{"routeid":2784,"stationid":21071,"stationname":"Okalipura","from":"Thigalarapalya","to":"Kempegowda Bus Station","routeno":"243-D","distance_on_station":12.533,"centerlat":12.98267,"centerlong":77.56837,"responsecode":200,"isnotify":0,"vehicleDetails":[{"vehicleid":20388,"vehiclenumber":"KA57F4285","servicetypeid":72,"servicetype":"Non AC/Ordinary","centerlat":12.994615,"centerlong":77.489189,"eta":"2023-12-19 17:31:00","sch_arrivaltime":"16:59","sch_departuretime":"16:59","actual_arrivaltime":"","actual_departuretime":"","sch_tripstarttime":"16:20","sch_tripendtime":"16:20","lastlocationid":0,"currentlocationid":31583,"nextlocationid":0,"currentstop":null,"nextstop":null,"laststop":null,"stopCoveredStatus":0,"heading":204,"lastrefreshon":"19-12-2023 16:59:33","lastreceiveddatetimeflag":0,"tripposition":3}]},{"routeid":2784,"stationid":20922,"stationname":"Kempegowda Bus Station","from":"Thigalarapalya","to":"Kempegowda Bus Station","routeno":"243-D","distance_on_station":14.1,"centerlat":12.97749,"centerlong":77.57327,"responsecode":200,"isnotify":0,"vehicleDetails":[{"vehicleid":20388,"vehiclenumber":"KA57F4285","servicetypeid":72,"servicetype":"Non AC/Ordinary","centerlat":12.994615,"centerlong":77.489189,"eta":"2023-12-19 17:36:00","sch_arrivaltime":"17:05","sch_departuretime":"17:05","actual_arrivaltime":"","actual_departuretime":"","sch_tripstarttime":"16:20","sch_tripendtime":"16:20","lastlocationid":0,"currentlocationid":31583,"nextlocationid":0,"currentstop":null,"nextstop":null,"laststop":null,"stopCoveredStatus":0,"heading":204,"lastrefreshon":"19-12-2023 16:59:33","lastreceiveddatetimeflag":0,"tripposition":1}]}],"mapData":[{"vehicleid":20388,"vehiclenumber":"KA57F4285","servicetypeid":72,"servicetype":"Non AC/Ordinary","centerlat":12.994615,"centerlong":77.489189,"eta":"2023-12-19 17:36:00","sch_arrivaltime":"17:05","sch_departuretime":"17:05","actual_arrivaltime":"","actual_departuretime":"","sch_tripstarttime":"16:20","sch_tripendtime":"16:20","lastlocationid":0,"currentlocationid":31583,"nextlocationid":0,"currentstop":null,"nextstop":null,"laststop":null,"stopCoveredStatus":0,"heading":204,"lastrefreshon":"19-12-2023 16:59:33","lastreceiveddatetimeflag":0,"tripposition":1}]},"message":"Success","issuccess":true,"exception":null,"rowCount":0,"responsecode":200}