{"up":{"data":[{"routeid":2818,"stationid":20921,"stationname":"Kempegowda Bus Station","from":"Kempegowda Bus Station","to":"Laggere New Bus Stand","routeno":"252-E","distance_on_station":0,"centerlat":12.97751,"centerlong":77.57141,"responsecode":200,"isnotify":0,"vehicleDetails":[{"vehicleid":20954,"vehiclenumber":"KA57F5089","servicetypeid":72,"servicetype":"Non AC/Ordinary","centerlat":13.008262,"centerlong":77.571124,"eta":"","sch_arrivaltime":"21:15","sch_departuretime":"21:15","actual_arrivaltime":"","actual_departuretime":"","sch_tripstarttime":"21:15","sch_tripendtime":"21:15","lastlocationid":0,"currentlocationid":20570,"nextlocationid":0,"currentstop":null,"nextstop":null,"laststop":null,"stopCoveredStatus":1,"heading":9,"lastrefreshon":"06-04-2025 21:05:43","lastreceiveddatetimeflag":1,"tripposition":1}]},{"routeid":2818,"stationid":20702,"stationname":"Central","from":"Kempegowda Bus Station","to":"Laggere New Bus Stand","routeno":"252-E","distance_on_station":2.145,"centerlat":12.99006,"centerlong":77.57199,"responsecode":200,"isnotify":0,"vehicleDetails":[{"vehicleid":20954,"vehiclenumber":"KA57F5089","servicetypeid":72,"servicetype":"Non AC/Ordinary","centerlat":13.008262,"centerlong":77.571124,"eta":"","sch_arrivaltime":"21:22","sch_departuretime":"21:22","actual_arrivaltime":"","actual_departuretime":"","sch_tripstarttime":"21:15","sch_tripendtime":"21:15","lastlocationid":0,"currentlocationid":20570,"nextlocationid":0,"currentstop":null,"nextstop":null,"laststop":null,"stopCoveredStatus":1,"heading":9,"lastrefreshon":"06-04-2025 21:05:43","lastreceiveddatetimeflag":1,"tripposition":3}]},{"routeid":2818,"stationid":20988,"stationname":"Malleshwara Circle","from":"Kempegowda Bus Station","to":"Laggere New Bus Stand","routeno":"252-E","distance_on_station":3.043,"centerlat":12.99782,"centerlong":77.5714,"responsecode":200,"isnotify":0,"vehicleDetails":[{"vehicleid":20954,"vehiclenumber":"KA57F5089","servicetypeid":72,"servicetype":"Non AC/Ordinary","centerlat":13.008262,"centerlong":77.571124,"eta":"","sch_arrivaltime":"21:25","sch_departuretime":"21:25","actual_arrivaltime":"20:57","actual_departuretime":"20:58","sch_tripstarttime":"21:15","sch_tripendtime":"21:15","lastlocationid":0,"currentlocationid":20570,"nextlocationid":0,"currentstop":null,"nextstop":null,"laststop":null,"stopCoveredStatus":1,"heading":9,"lastrefreshon":"06-04-2025 21:05:43","lastreceiveddatetimeflag":1,"tripposition":1}]},{"routeid":2818,"stationid":20590,"stationname":"Malleshwara 8th Cross (Sampige Road)","from":"Kempegowda Bus Station","to":"Laggere New Bus Stand","routeno":"252-E","distance_on_station":3.298,"centerlat":13.00009,"centerlong":77.57131,"responsecode":200,"isnotify":0,"vehicleDetails":[{"vehicleid":20954,"vehiclenumber":"KA57F5089","servicetypeid":72,"servicetype":"Non AC/Ordinary","centerlat":13.008262,"centerlong":77.571124,"eta":"","sch_arrivaltime":"21:26","sch_departuretime":"21:26","actual_arrivaltime":"20:59","actual_departuretime":"20:59","sch_tripstarttime":"21:15","sch_tripendtime":"21:15","lastlocationid":0,"currentlocationid":20570,"nextlocationid":0,"currentstop":null,"nextstop":null,"laststop":null,"stopCoveredStatus":1,"heading":9,"lastrefreshon":"06-04-2025 21:05:43","lastreceiveddatetimeflag":1,"tripposition":1}]},{"routeid":2818,"stationid":20561,"stationname":"Malleshwara 11th Cross","from":"Kempegowda Bus Station","to":"Laggere New Bus Stand","routeno":"252-E","distance_on_station":3.564,"centerlat":13.00233,"centerlong":77.57133,"responsecode":200,"isnotify":0,"vehicleDetails":[{"vehicleid":20954,"vehiclenumber":"KA57F5089","servicetypeid":72,"servicetype":"Non AC/Ordinary","centerlat":13.008262,"centerlong":77.571124,"eta":"","sch_arrivaltime":"21:27","sch_departuretime":"21:27","actual_arrivaltime":"21:00","actual_departuretime":"21:00","sch_tripstarttime":"21:15","sch_tripendtime":"21:15","lastlocationid":0,"currentlocationid":20570,"nextlocationid":0,"currentstop":null,"nextstop":null,"laststop":null,"stopCoveredStatus":1,"heading":9,"lastrefreshon":"06-04-2025 21:05:43","lastreceiveddatetimeflag":1,"tripposition":1}]},{"routeid":2818,"stationid":20570,"stationname":"Malleshwara 15th Cross","from":"Kempegowda Bus Station","to":"Laggere New Bus Stand","routeno":"252-E","distance_on_station":3.891,"centerlat":13.00541,"centerlong":77.57119,"responsecode":200,"isnotify":0,"vehicleDetails":[{"vehicleid":20954,"vehiclenumber":"KA57F5089","servicetypeid":72,"servicetype":"Non AC/Ordinary","centerlat":13.008262,"centerlong":77.571124,"eta":"","sch_arrivaltime":"21:28","sch_departuretime":"21:28","actual_arrivaltime":"21:02","actual_departuretime":"21:02","sch_tripstarttime":"21:15","sch_tripendtime":"21:15","lastlocationid":0,"currentlocationid":20570,"nextlocationid":0,"currentstop":null,"nextstop":null,"laststop":null,"stopCoveredStatus":0,"heading":9,"lastrefreshon":"06-04-2025 21:05:43","lastreceiveddatetimeflag":1,"tripposition":1}]},{"routeid":2818,"stationid":20574,"stationname":"Malleshwara 18th Cross","from":"Kempegowda Bus Station","to":"Laggere New Bus Stand","routeno":"252-E","distance_on_station":4.309,"centerlat":13.00906,"centerlong":77.57112,"responsecode":200,"isnotify":0,"vehicleDetails":[{"vehicleid":20954,"vehiclenumber":"KA57F5089","servicetypeid":72,"servicetype":"Non AC/Ordinary","centerlat":13.008262,"centerlong":77.571124,"eta":"","sch_arrivaltime":"21:29","sch_departuretime":"21:29","actual_arrivaltime":"","actual_departuretime":"","sch_tripstarttime":"21:15","sch_tripendtime":"21:15","lastlocationid":0,"currentlocationid":20570,"nextlocationid":0,"currentstop":null,"nextstop":null,"laststop":null,"stopCoveredStatus":0,"heading":9,"lastrefreshon":"06-04-2025 21:05:43","lastreceiveddatetimeflag":1,"tripposition":3}]},{"routeid":2818,"stationid":21213,"stationname":"Tata Institute","from":"Kempegowda Bus Station","to":"Laggere New Bus Stand","routeno":"252-E","distance_on_station":5.433,"centerlat":13.01514,"centerlong":77.56382,"responsecode":200,"isnotify":0,"vehicleDetails":[{"vehicleid":20954,"vehiclenumber":"KA57F5089","servicetypeid":72,"servicetype":"Non AC/Ordinary","centerlat":13.008262,"centerlong":77.571124,"eta":"","sch_arrivaltime":"21:32","sch_departuretime":"21:32","actual_arrivaltime":"","actual_departuretime":"","sch_tripstarttime":"21:15","sch_tripendtime":"21:15","lastlocationid":0,"currentlocationid":20570,"nextlocationid":0,"currentstop":null,"nextstop":null,"laststop":null,"stopCoveredStatus":0,"heading":9,"lastrefreshon":"06-04-2025 21:05:43","lastreceiveddatetimeflag":1,"tripposition":3}]},{"routeid":2818,"stationid":21288,"stationname":"Yeshawanthapura Bus Station","from":"Kempegowda Bus Station","to":"Laggere New Bus Stand","routeno":"252-E","distance_on_station":6.342,"centerlat":13.01801,"centerlong":77.55662,"responsecode":200,"isnotify":0,"vehicleDetails":[{"vehicleid":20954,"vehiclenumber":"KA57F5089","servicetypeid":72,"servicetype":"Non AC/Ordinary","centerlat":13.008262,"centerlong":77.571124,"eta":"","sch_arrivaltime":"21:36","sch_departuretime":"21:36","actual_arrivaltime":"","actual_departuretime":"","sch_tripstarttime":"21:15","sch_tripendtime":"21:15","lastlocationid":0,"currentlocationid":20570,"nextlocationid":0,"currentstop":null,"nextstop":null,"laststop":null,"stopCoveredStatus":0,"heading":9,"lastrefreshon":"06-04-2025 21:05:43","lastreceiveddatetimeflag":1,"tripposition":3}]},{"routeid":2818,"stationid":20791,"stationname":"Govardhan Talkies","from":"Kempegowda Bus Station","to":"Laggere New Bus Stand","routeno":"252-E","distance_on_station":7.414,"centerlat":13.02,"centerlong":77.55274,"responsecode":200,"isnotify":0,"vehicleDetails":[{"vehicleid":20954,"vehiclenumber":"KA57F5089","servicetypeid":72,"servicetype":"Non AC/Ordinary","centerlat":13.008262,"centerlong":77.571124,"eta":"","sch_arrivaltime":"21:41","sch_departuretime":"21:41","actual_arrivaltime":"","actual_departuretime":"","sch_tripstarttime":"21:15","sch_tripendtime":"21:15","lastlocationid":0,"currentlocationid":20570,"nextlocationid":0,"currentstop":null,"nextstop":null,"laststop":null,"stopCoveredStatus":0,"heading":9,"lastrefreshon":"06-04-2025 21:05:43","lastreceiveddatetimeflag":1,"tripposition":3}]},{"routeid":2818,"stationid":21131,"stationname":"RMC Yard (Yeshawanthapura New Railway Station)","from":"Kempegowda Bus Station","to":"Laggere New Bus Stand","routeno":"252-E","distance_on_station":8.037,"centerlat":13.02366,"centerlong":77.54877,"responsecode":200,"isnotify":0,"vehicleDetails":[{"vehicleid":20954,"vehiclenumber":"KA57F5089","servicetypeid":72,"servicetype":"Non AC/Ordinary","centerlat":13.008262,"centerlong":77.571124,"eta":"","sch_arrivaltime":"21:42","sch_departuretime":"21:42","actual_arrivaltime":"","actual_departuretime":"","sch_tripstarttime":"21:15","sch_tripendtime":"21:15","lastlocationid":0,"currentlocationid":20570,"nextlocationid":0,"currentstop":null,"nextstop":null,"laststop":null,"stopCoveredStatus":0,"heading":9,"lastrefreshon":"06-04-2025 21:05:43","lastreceiveddatetimeflag":1,"tripposition":3}]},{"routeid":2818,"stationid":21016,"stationname":"MEI Factory","from":"Kempegowda Bus Station","to":"Laggere New Bus Stand","routeno":"252-E","distance_on_station":8.65,"centerlat":13.0264,"centerlong":77.54402,"responsecode":200,"isnotify":0,"vehicleDetails":[{"vehicleid":20954,"vehiclenumber":"KA57F5089","servicetypeid":72,"servicetype":"Non AC/Ordinary","centerlat":13.008262,"centerlong":77.571124,"eta":"","sch_arrivaltime":"21:44","sch_departuretime":"21:44","actual_arrivaltime":"","actual_departuretime":"","sch_tripstarttime":"21:15","sch_tripendtime":"21:15","lastlocationid":0,"currentlocationid":20570,"nextlocationid":0,"currentstop":null,"nextstop":null,"laststop":null,"stopCoveredStatus":0,"heading":9,"lastrefreshon":"06-04-2025 21:05:43","lastreceiveddatetimeflag":1,"tripposition":3}]},{"routeid":2818,"stationid":20790,"stationname":"Goraguntepalya","from":"Kempegowda Bus Station","to":"Laggere New Bus Stand","routeno":"252-E","distance_on_station":9.211,"centerlat":13.02895,"centerlong":77.5395,"responsecode":200,"isnotify":0,"vehicleDetails":[{"vehicleid":20954,"vehiclenumber":"KA57F5089","servicetypeid":72,"servicetype":"Non AC/Ordinary","centerlat":13.008262,"centerlong":77.571124,"eta":"","sch_arrivaltime":"21:45","sch_departuretime":"21:45","actual_arrivaltime":"","actual_departuretime":"","sch_tripstarttime":"21:15","sch_tripendtime":"21:15","lastlocationid":0,"currentlocationid":20570,"nextlocationid":0,"currentstop":null,"nextstop":null,"laststop":null,"stopCoveredStatus":0,"heading":9,"lastrefreshon":"06-04-2025 21:05:43","lastreceiveddatetimeflag":1,"tripposition":3}]},{"routeid":2818,"stationid":20723,"stationname":"CMTI","from":"Kempegowda Bus Station","to":"Laggere New Bus Stand","routeno":"252-E","distance_on_station":9.62,"centerlat":13.0307,"centerlong":77.53641,"responsecode":200,"isnotify":0,"vehicleDetails":[{"vehicleid":20954,"vehiclenumber":"KA57F5089","servicetypeid":72,"servicetype":"Non AC/Ordinary","centerlat":13.008262,"centerlong":77.571124,"eta":"","sch_arrivaltime":"21:47","sch_departuretime":"21:47","actual_arrivaltime":"","actual_departuretime":"","sch_tripstarttime":"21:15","sch_tripendtime":"21:15","lastlocationid":0,"currentlocationid":20570,"nextlocationid":0,"currentstop":null,"nextstop":null,"laststop":null,"stopCoveredStatus":0,"heading":9,"lastrefreshon":"06-04-2025 21:05:43","lastreceiveddatetimeflag":1,"tripposition":3}]},{"routeid":2818,"stationid":21189,"stationname":"SRS Peenya","from":"Kempegowda Bus Station","to":"Laggere New Bus Stand","routeno":"252-E","distance_on_station":10.406,"centerlat":13.03428,"centerlong":77.53032,"responsecode":200,"isnotify":0,"vehicleDetails":[{"vehicleid":20954,"vehiclenumber":"KA57F5089","servicetypeid":72,"servicetype":"Non AC/Ordinary","centerlat":13.008262,"centerlong":77.571124,"eta":"2025-04-06 21:38:00","sch_arrivaltime":"21:49","sch_departuretime":"21:49","actual_arrivaltime":"","actual_departuretime":"","sch_tripstarttime":"21:15","sch_tripendtime":"21:15","lastlocationid":0,"currentlocationid":20570,"nextlocationid":0,"currentstop":null,"nextstop":null,"laststop":null,"stopCoveredStatus":0,"heading":9,"lastrefreshon":"06-04-2025 21:05:43","lastreceiveddatetimeflag":1,"tripposition":3}]},{"routeid":2818,"stationid":21082,"stationname":"Peenya Industry Metro Station","from":"Kempegowda Bus Station","to":"Laggere New Bus Stand","routeno":"252-E","distance_on_station":10.835,"centerlat":13.03556,"centerlong":77.52613,"responsecode":200,"isnotify":0,"vehicleDetails":[{"vehicleid":20954,"vehiclenumber":"KA57F5089","servicetypeid":72,"servicetype":"Non AC/Ordinary","centerlat":13.008262,"centerlong":77.571124,"eta":"2025-04-06 21:40:00","sch_arrivaltime":"21:50","sch_departuretime":"21:50","actual_arrivaltime":"","actual_departuretime":"","sch_tripstarttime":"21:15","sch_tripendtime":"21:15","lastlocationid":0,"currentlocationid":20570,"nextlocationid":0,"currentstop":null,"nextstop":null,"laststop":null,"stopCoveredStatus":0,"heading":9,"lastrefreshon":"06-04-2025 21:05:43","lastreceiveddatetimeflag":1,"tripposition":3}]},{"routeid":2818,"stationid":20870,"stationname":"Jalahalli Cross","from":"Kempegowda Bus Station","to":"Laggere New Bus Stand","routeno":"252-E","distance_on_station":11.887,"centerlat":13.03949,"centerlong":77.51843,"responsecode":200,"isnotify":0,"vehicleDetails":[{"vehicleid":20954,"vehiclenumber":"KA57F5089","servicetypeid":72,"servicetype":"Non AC/Ordinary","centerlat":13.008262,"centerlong":77.571124,"eta":"2025-04-06 21:42:00","sch_arrivaltime":"21:53","sch_departuretime":"21:53","actual_arrivaltime":"","actual_departuretime":"","sch_tripstarttime":"21:15","sch_tripendtime":"21:15","lastlocationid":0,"currentlocationid":20570,"nextlocationid":0,"currentstop":null,"nextstop":null,"laststop":null,"stopCoveredStatus":0,"heading":9,"lastrefreshon":"06-04-2025 21:05:43","lastreceiveddatetimeflag":1,"tripposition":3}]},{"routeid":2818,"stationid":21210,"stationname":"Systems Peenya","from":"Kempegowda Bus Station","to":"Laggere New Bus Stand","routeno":"252-E","distance_on_station":12.397,"centerlat":13.03506,"centerlong":77.51806,"responsecode":200,"isnotify":0,"vehicleDetails":[{"vehicleid":20954,"vehiclenumber":"KA57F5089","servicetypeid":72,"servicetype":"Non AC/Ordinary","centerlat":13.008262,"centerlong":77.571124,"eta":"2025-04-06 21:44:00","sch_arrivaltime":"21:54","sch_departuretime":"21:54","actual_arrivaltime":"","actual_departuretime":"","sch_tripstarttime":"21:15","sch_tripendtime":"21:15","lastlocationid":0,"currentlocationid":20570,"nextlocationid":0,"currentstop":null,"nextstop":null,"laststop":null,"stopCoveredStatus":0,"heading":9,"lastrefreshon":"06-04-2025 21:05:43","lastreceiveddatetimeflag":1,"tripposition":3}]},{"routeid":2818,"stationid":27085,"stationname":"TVS Cross Peenya","from":"Kempegowda Bus Station","to":"Laggere New Bus Stand","routeno":"252-E","distance_on_station":13.204,"centerlat":13.02837,"centerlong":77.51984,"responsecode":200,"isnotify":0,"vehicleDetails":[{"vehicleid":20954,"vehiclenumber":"KA57F5089","servicetypeid":72,"servicetype":"Non AC/Ordinary","centerlat":13.008262,"centerlong":77.571124,"eta":"2025-04-06 21:46:00","sch_arrivaltime":"21:56","sch_departuretime":"21:56","actual_arrivaltime":"","actual_departuretime":"","sch_tripstarttime":"21:15","sch_tripendtime":"21:15","lastlocationid":0,"currentlocationid":20570,"nextlocationid":0,"currentstop":null,"nextstop":null,"laststop":null,"stopCoveredStatus":0,"heading":9,"lastrefreshon":"06-04-2025 21:05:43","lastreceiveddatetimeflag":1,"tripposition":3}]},{"routeid":2818,"stationid":34264,"stationname":"Rajagopala Nagara Police Station","from":"Kempegowda Bus Station","to":"Laggere New Bus Stand","routeno":"252-E","distance_on_station":13.796,"centerlat":13.02361,"centerlong":77.52192,"responsecode":200,"isnotify":0,"vehicleDetails":[{"vehicleid":20954,"vehiclenumber":"KA57F5089","servicetypeid":72,"servicetype":"Non AC/Ordinary","centerlat":13.008262,"centerlong":77.571124,"eta":"2025-04-06 21:47:00","sch_arrivaltime":"21:57","sch_departuretime":"21:57","actual_arrivaltime":"","actual_departuretime":"","sch_tripstarttime":"21:15","sch_tripendtime":"21:15","lastlocationid":0,"currentlocationid":20570,"nextlocationid":0,"currentstop":null,"nextstop":null,"laststop":null,"stopCoveredStatus":0,"heading":9,"lastrefreshon":"06-04-2025 21:05:43","lastreceiveddatetimeflag":1,"tripposition":3}]},{"routeid":2818,"stationid":28442,"stationname":"Laggere Cross","from":"Kempegowda Bus Station","to":"Laggere New Bus Stand","routeno":"252-E","distance_on_station":14.041,"centerlat":13.02245,"centerlong":77.5234,"responsecode":200,"isnotify":0,"vehicleDetails":[{"vehicleid":20954,"vehiclenumber":"KA57F5089","servicetypeid":72,"servicetype":"Non AC/Ordinary","centerlat":13.008262,"centerlong":77.571124,"eta":"2025-04-06 21:48:00","sch_arrivaltime":"21:58","sch_departuretime":"21:58","actual_arrivaltime":"","actual_departuretime":"","sch_tripstarttime":"21:15","sch_tripendtime":"21:15","lastlocationid":0,"currentlocationid":20570,"nextlocationid":0,"currentstop":null,"nextstop":null,"laststop":null,"stopCoveredStatus":0,"heading":9,"lastrefreshon":"06-04-2025 21:05:43","lastreceiveddatetimeflag":1,"tripposition":3}]},{"routeid":2818,"stationid":28964,"stationname":"MEI Colony Laggere","from":"Kempegowda Bus Station","to":"Laggere New Bus Stand","routeno":"252-E","distance_on_station":14.46,"centerlat":13.01998,"centerlong":77.52075,"responsecode":200,"isnotify":0,"vehicleDetails":[{"vehicleid":20954,"vehiclenumber":"KA57F5089","servicetypeid":72,"servicetype":"Non AC/Ordinary","centerlat":13.008262,"centerlong":77.571124,"eta":"2025-04-06 21:49:00","sch_arrivaltime":"21:59","sch_departuretime":"21:59","actual_arrivaltime":"","actual_departuretime":"","sch_tripstarttime":"21:15","sch_tripendtime":"21:15","lastlocationid":0,"currentlocationid":20570,"nextlocationid":0,"currentstop":null,"nextstop":null,"laststop":null,"stopCoveredStatus":0,"heading":9,"lastrefreshon":"06-04-2025 21:05:43","lastreceiveddatetimeflag":1,"tripposition":3}]},{"routeid":2818,"stationid":34226,"stationname":"Parvathi Nagara","from":"Kempegowda Bus Station","to":"Laggere New Bus Stand","routeno":"252-E","distance_on_station":14.889,"centerlat":13.01629,"centerlong":77.52032,"responsecode":200,"isnotify":0,"vehicleDetails":[{"vehicleid":20954,"vehiclenumber":"KA57F5089","servicetypeid":72,"servicetype":"Non AC/Ordinary","centerlat":13.008262,"centerlong":77.571124,"eta":"2025-04-06 21:50:00","sch_arrivaltime":"22:00","sch_departuretime":"22:00","actual_arrivaltime":"","actual_departuretime":"","sch_tripstarttime":"21:15","sch_tripendtime":"21:15","lastlocationid":0,"currentlocationid":20570,"nextlocationid":0,"currentstop":null,"nextstop":null,"laststop":null,"stopCoveredStatus":0,"heading":9,"lastrefreshon":"06-04-2025 21:05:43","lastreceiveddatetimeflag":1,"tripposition":3}]},{"routeid":2818,"stationid":35519,"stationname":"Aladamara Laggere","from":"Kempegowda Bus Station","to":"Laggere New Bus Stand","routeno":"252-E","distance_on_station":15.236,"centerlat":13.0133,"centerlong":77.521,"responsecode":200,"isnotify":0,"vehicleDetails":[{"vehicleid":20954,"vehiclenumber":"KA57F5089","servicetypeid":72,"servicetype":"Non AC/Ordinary","centerlat":13.008262,"centerlong":77.571124,"eta":"2025-04-06 21:51:00","sch_arrivaltime":"22:01","sch_departuretime":"22:01","actual_arrivaltime":"","actual_departuretime":"","sch_tripstarttime":"21:15","sch_tripendtime":"21:15","lastlocationid":0,"currentlocationid":20570,"nextlocationid":0,"currentstop":null,"nextstop":null,"laststop":null,"stopCoveredStatus":0,"heading":9,"lastrefreshon":"06-04-2025 21:05:43","lastreceiveddatetimeflag":1,"tripposition":3}]},{"routeid":2818,"stationid":28443,"stationname":"Laggere New Bus Stand","from":"Kempegowda Bus Station","to":"Laggere New Bus Stand","routeno":"252-E","distance_on_station":15.9,"centerlat":13.01054,"centerlong":77.52504,"responsecode":200,"isnotify":0,"vehicleDetails":[{"vehicleid":20954,"vehiclenumber":"KA57F5089","servicetypeid":72,"servicetype":"Non AC/Ordinary","centerlat":13.008262,"centerlong":77.571124,"eta":"2025-04-06 21:53:00","sch_arrivaltime":"22:03","sch_departuretime":"22:03","actual_arrivaltime":"","actual_departuretime":"","sch_tripstarttime":"21:15","sch_tripendtime":"21:15","lastlocationid":0,"currentlocationid":20570,"nextlocationid":0,"currentstop":null,"nextstop":null,"laststop":null,"stopCoveredStatus":0,"heading":9,"lastrefreshon":"06-04-2025 21:05:43","lastreceiveddatetimeflag":1,"tripposition":1}]}],"mapData":[{"vehicleid":20954,"vehiclenumber":"KA57F5089","servicetypeid":72,"servicetype":"Non AC/Ordinary","centerlat":13.008262,"centerlong":77.571124,"eta":"2025-04-06 21:53:00","sch_arrivaltime":"22:03","sch_departuretime":"22:03","actual_arrivaltime":"","actual_departuretime":"","sch_tripstarttime":"21:15","sch_tripendtime":"21:15","lastlocationid":0,"currentlocationid":20570,"nextlocationid":0,"currentstop":null,"nextstop":null,"laststop":null,"stopCoveredStatus":0,"heading":9,"lastrefreshon":"06-04-2025 21:05:43","lastreceiveddatetimeflag":1,"tripposition":1}]},"down":{"data":[{"routeid":2819,"stationid":28443,"stationname":"Laggere New Bus Stand","from":"Laggere New Bus Stand","to":"Kempegowda Bus Station","routeno":"252-E","distance_on_station":0,"centerlat":13.01054,"centerlong":77.52504,"responsecode":200,"isnotify":0,"vehicleDetails":[{"vehicleid":21271,"vehiclenumber":"KA57F2155","servicetypeid":72,"servicetype":"Non AC/Ordinary","centerlat":13.020898,"centerlong":77.552353,"eta":"","sch_arrivaltime":"21:15","sch_departuretime":"21:15","actual_arrivaltime":"","actual_departuretime":"","sch_tripstarttime":"21:15","sch_tripendtime":"21:15","lastlocationid":0,"currentlocationid":21132,"nextlocationid":0,"currentstop":null,"nextstop":null,"laststop":null,"stopCoveredStatus":1,"heading":152,"lastrefreshon":"06-04-2025 21:36:26","lastreceiveddatetimeflag":0,"tripposition":1}]},{"routeid":2819,"stationid":29476,"stationname":"Aladamara Laggere","from":"Laggere New Bus Stand","to":"Kempegowda Bus Station","routeno":"252-E","distance_on_station":0.616,"centerlat":13.01324,"centerlong":77.52099,"responsecode":200,"isnotify":0,"vehicleDetails":[{"vehicleid":21271,"vehiclenumber":"KA57F2155","servicetypeid":72,"servicetype":"Non AC/Ordinary","centerlat":13.020898,"centerlong":77.552353,"eta":"","sch_arrivaltime":"21:17","sch_departuretime":"21:17","actual_arrivaltime":"21:11","actual_departuretime":"21:11","sch_tripstarttime":"21:15","sch_tripendtime":"21:15","lastlocationid":0,"currentlocationid":21132,"nextlocationid":0,"currentstop":null,"nextstop":null,"laststop":null,"stopCoveredStatus":1,"heading":152,"lastrefreshon":"06-04-2025 21:36:26","lastreceiveddatetimeflag":0,"tripposition":1}]},{"routeid":2819,"stationid":34225,"stationname":"Parvathi Nagara","from":"Laggere New Bus Stand","to":"Kempegowda Bus Station","routeno":"252-E","distance_on_station":0.928,"centerlat":13.01623,"centerlong":77.5203,"responsecode":200,"isnotify":0,"vehicleDetails":[{"vehicleid":21271,"vehiclenumber":"KA57F2155","servicetypeid":72,"servicetype":"Non AC/Ordinary","centerlat":13.020898,"centerlong":77.552353,"eta":"","sch_arrivaltime":"21:18","sch_departuretime":"21:18","actual_arrivaltime":"21:12","actual_departuretime":"21:13","sch_tripstarttime":"21:15","sch_tripendtime":"21:15","lastlocationid":0,"currentlocationid":21132,"nextlocationid":0,"currentstop":null,"nextstop":null,"laststop":null,"stopCoveredStatus":1,"heading":152,"lastrefreshon":"06-04-2025 21:36:26","lastreceiveddatetimeflag":0,"tripposition":1}]},{"routeid":2819,"stationid":33916,"stationname":"MEI Colony Laggere","from":"Laggere New Bus Stand","to":"Kempegowda Bus Station","routeno":"252-E","distance_on_station":1.314,"centerlat":13.01996,"centerlong":77.5207,"responsecode":200,"isnotify":0,"vehicleDetails":[{"vehicleid":21271,"vehiclenumber":"KA57F2155","servicetypeid":72,"servicetype":"Non AC/Ordinary","centerlat":13.020898,"centerlong":77.552353,"eta":"","sch_arrivaltime":"21:19","sch_departuretime":"21:19","actual_arrivaltime":"21:15","actual_departuretime":"21:15","sch_tripstarttime":"21:15","sch_tripendtime":"21:15","lastlocationid":0,"currentlocationid":21132,"nextlocationid":0,"currentstop":null,"nextstop":null,"laststop":null,"stopCoveredStatus":1,"heading":152,"lastrefreshon":"06-04-2025 21:36:26","lastreceiveddatetimeflag":0,"tripposition":1}]},{"routeid":2819,"stationid":33651,"stationname":"Laggere Cross","from":"Laggere New Bus Stand","to":"Kempegowda Bus Station","routeno":"252-E","distance_on_station":1.718,"centerlat":13.02265,"centerlong":77.52336,"responsecode":200,"isnotify":0,"vehicleDetails":[{"vehicleid":21271,"vehiclenumber":"KA57F2155","servicetypeid":72,"servicetype":"Non AC/Ordinary","centerlat":13.020898,"centerlong":77.552353,"eta":"","sch_arrivaltime":"21:20","sch_departuretime":"21:20","actual_arrivaltime":"21:16","actual_departuretime":"21:17","sch_tripstarttime":"21:15","sch_tripendtime":"21:15","lastlocationid":0,"currentlocationid":21132,"nextlocationid":0,"currentstop":null,"nextstop":null,"laststop":null,"stopCoveredStatus":1,"heading":152,"lastrefreshon":"06-04-2025 21:36:26","lastreceiveddatetimeflag":0,"tripposition":1}]},{"routeid":2819,"stationid":27712,"stationname":"Rajagopala Nagara Police Station","from":"Laggere New Bus Stand","to":"Kempegowda Bus Station","routeno":"252-E","distance_on_station":1.902,"centerlat":13.0236,"centerlong":77.52178,"responsecode":200,"isnotify":0,"vehicleDetails":[{"vehicleid":21271,"vehiclenumber":"KA57F2155","servicetypeid":72,"servicetype":"Non AC/Ordinary","centerlat":13.020898,"centerlong":77.552353,"eta":"","sch_arrivaltime":"21:21","sch_departuretime":"21:21","actual_arrivaltime":"21:17","actual_departuretime":"21:17","sch_tripstarttime":"21:15","sch_tripendtime":"21:15","lastlocationid":0,"currentlocationid":21132,"nextlocationid":0,"currentstop":null,"nextstop":null,"laststop":null,"stopCoveredStatus":1,"heading":152,"lastrefreshon":"06-04-2025 21:36:26","lastreceiveddatetimeflag":0,"tripposition":1}]},{"routeid":2819,"stationid":21236,"stationname":"TVS Cross Peenya","from":"Laggere New Bus Stand","to":"Kempegowda Bus Station","routeno":"252-E","distance_on_station":2.462,"centerlat":13.02868,"centerlong":77.51957,"responsecode":200,"isnotify":0,"vehicleDetails":[{"vehicleid":21271,"vehiclenumber":"KA57F2155","servicetypeid":72,"servicetype":"Non AC/Ordinary","centerlat":13.020898,"centerlong":77.552353,"eta":"","sch_arrivaltime":"21:24","sch_departuretime":"21:24","actual_arrivaltime":"21:20","actual_departuretime":"21:20","sch_tripstarttime":"21:15","sch_tripendtime":"21:15","lastlocationid":0,"currentlocationid":21132,"nextlocationid":0,"currentstop":null,"nextstop":null,"laststop":null,"stopCoveredStatus":1,"heading":152,"lastrefreshon":"06-04-2025 21:36:26","lastreceiveddatetimeflag":0,"tripposition":1}]},{"routeid":2819,"stationid":21209,"stationname":"Systems Peenya","from":"Laggere New Bus Stand","to":"Kempegowda Bus Station","routeno":"252-E","distance_on_station":3.142,"centerlat":13.03497,"centerlong":77.51794,"responsecode":200,"isnotify":0,"vehicleDetails":[{"vehicleid":21271,"vehiclenumber":"KA57F2155","servicetypeid":72,"servicetype":"Non AC/Ordinary","centerlat":13.020898,"centerlong":77.552353,"eta":"","sch_arrivaltime":"21:25","sch_departuretime":"21:25","actual_arrivaltime":"","actual_departuretime":"","sch_tripstarttime":"21:15","sch_tripendtime":"21:15","lastlocationid":0,"currentlocationid":21132,"nextlocationid":0,"currentstop":null,"nextstop":null,"laststop":null,"stopCoveredStatus":1,"heading":152,"lastrefreshon":"06-04-2025 21:36:26","lastreceiveddatetimeflag":0,"tripposition":3}]},{"routeid":2819,"stationid":20869,"stationname":"Jalahalli Cross","from":"Laggere New Bus Stand","to":"Kempegowda Bus Station","routeno":"252-E","distance_on_station":3.721,"centerlat":13.0399,"centerlong":77.51879,"responsecode":200,"isnotify":0,"vehicleDetails":[{"vehicleid":21271,"vehiclenumber":"KA57F2155","servicetypeid":72,"servicetype":"Non AC/Ordinary","centerlat":13.020898,"centerlong":77.552353,"eta":"","sch_arrivaltime":"21:28","sch_departuretime":"21:28","actual_arrivaltime":"","actual_departuretime":"","sch_tripstarttime":"21:15","sch_tripendtime":"21:15","lastlocationid":0,"currentlocationid":21132,"nextlocationid":0,"currentstop":null,"nextstop":null,"laststop":null,"stopCoveredStatus":1,"heading":152,"lastrefreshon":"06-04-2025 21:36:26","lastreceiveddatetimeflag":0,"tripposition":3}]},{"routeid":2819,"stationid":21083,"stationname":"Peenya Industry Metro Station","from":"Laggere New Bus Stand","to":"Kempegowda Bus Station","routeno":"252-E","distance_on_station":4.539,"centerlat":13.03599,"centerlong":77.52579,"responsecode":200,"isnotify":0,"vehicleDetails":[{"vehicleid":21271,"vehiclenumber":"KA57F2155","servicetypeid":72,"servicetype":"Non AC/Ordinary","centerlat":13.020898,"centerlong":77.552353,"eta":"","sch_arrivaltime":"21:31","sch_departuretime":"21:31","actual_arrivaltime":"21:25","actual_departuretime":"21:26","sch_tripstarttime":"21:15","sch_tripendtime":"21:15","lastlocationid":0,"currentlocationid":21132,"nextlocationid":0,"currentstop":null,"nextstop":null,"laststop":null,"stopCoveredStatus":1,"heading":152,"lastrefreshon":"06-04-2025 21:36:26","lastreceiveddatetimeflag":0,"tripposition":1}]},{"routeid":2819,"stationid":21190,"stationname":"SRS Peenya","from":"Laggere New Bus Stand","to":"Kempegowda Bus Station","routeno":"252-E","distance_on_station":4.971,"centerlat":13.03471,"centerlong":77.52987,"responsecode":200,"isnotify":0,"vehicleDetails":[{"vehicleid":21271,"vehiclenumber":"KA57F2155","servicetypeid":72,"servicetype":"Non AC/Ordinary","centerlat":13.020898,"centerlong":77.552353,"eta":"","sch_arrivaltime":"21:32","sch_departuretime":"21:32","actual_arrivaltime":"21:26","actual_departuretime":"21:27","sch_tripstarttime":"21:15","sch_tripendtime":"21:15","lastlocationid":0,"currentlocationid":21132,"nextlocationid":0,"currentstop":null,"nextstop":null,"laststop":null,"stopCoveredStatus":1,"heading":152,"lastrefreshon":"06-04-2025 21:36:26","lastreceiveddatetimeflag":0,"tripposition":1}]},{"routeid":2819,"stationid":38803,"stationname":"Peenya Metro Station","from":"Laggere New Bus Stand","to":"Kempegowda Bus Station","routeno":"252-E","distance_on_station":5.329,"centerlat":13.03299,"centerlong":77.53297,"responsecode":200,"isnotify":0,"vehicleDetails":[{"vehicleid":21271,"vehiclenumber":"KA57F2155","servicetypeid":72,"servicetype":"Non AC/Ordinary","centerlat":13.020898,"centerlong":77.552353,"eta":"","sch_arrivaltime":"21:33","sch_departuretime":"21:33","actual_arrivaltime":"21:27","actual_departuretime":"21:27","sch_tripstarttime":"21:15","sch_tripendtime":"21:15","lastlocationid":0,"currentlocationid":21132,"nextlocationid":0,"currentstop":null,"nextstop":null,"laststop":null,"stopCoveredStatus":1,"heading":152,"lastrefreshon":"06-04-2025 21:36:26","lastreceiveddatetimeflag":0,"tripposition":1}]},{"routeid":2819,"stationid":20724,"stationname":"CMTI","from":"Laggere New Bus Stand","to":"Kempegowda Bus Station","routeno":"252-E","distance_on_station":5.641,"centerlat":13.03143,"centerlong":77.53561,"responsecode":200,"isnotify":0,"vehicleDetails":[{"vehicleid":21271,"vehiclenumber":"KA57F2155","servicetypeid":72,"servicetype":"Non AC/Ordinary","centerlat":13.020898,"centerlong":77.552353,"eta":"","sch_arrivaltime":"21:34","sch_departuretime":"21:34","actual_arrivaltime":"","actual_departuretime":"","sch_tripstarttime":"21:15","sch_tripendtime":"21:15","lastlocationid":0,"currentlocationid":21132,"nextlocationid":0,"currentstop":null,"nextstop":null,"laststop":null,"stopCoveredStatus":1,"heading":152,"lastrefreshon":"06-04-2025 21:36:26","lastreceiveddatetimeflag":0,"tripposition":3}]},{"routeid":2819,"stationid":20789,"stationname":"Goraguntepalya","from":"Laggere New Bus Stand","to":"Kempegowda Bus Station","routeno":"252-E","distance_on_station":6.285,"centerlat":13.02835,"centerlong":77.54123,"responsecode":200,"isnotify":0,"vehicleDetails":[{"vehicleid":21271,"vehiclenumber":"KA57F2155","servicetypeid":72,"servicetype":"Non AC/Ordinary","centerlat":13.020898,"centerlong":77.552353,"eta":"","sch_arrivaltime":"21:36","sch_departuretime":"21:36","actual_arrivaltime":"21:33","actual_departuretime":"21:33","sch_tripstarttime":"21:15","sch_tripendtime":"21:15","lastlocationid":0,"currentlocationid":21132,"nextlocationid":0,"currentstop":null,"nextstop":null,"laststop":null,"stopCoveredStatus":1,"heading":152,"lastrefreshon":"06-04-2025 21:36:26","lastreceiveddatetimeflag":0,"tripposition":1}]},{"routeid":2819,"stationid":21017,"stationname":"MEI Factory","from":"Laggere New Bus Stand","to":"Kempegowda Bus Station","routeno":"252-E","distance_on_station":6.643,"centerlat":13.02652,"centerlong":77.54439,"responsecode":200,"isnotify":0,"vehicleDetails":[{"vehicleid":21271,"vehiclenumber":"KA57F2155","servicetypeid":72,"servicetype":"Non AC/Ordinary","centerlat":13.020898,"centerlong":77.552353,"eta":"","sch_arrivaltime":"21:37","sch_departuretime":"21:37","actual_arrivaltime":"21:34","actual_departuretime":"21:34","sch_tripstarttime":"21:15","sch_tripendtime":"21:15","lastlocationid":0,"currentlocationid":21132,"nextlocationid":0,"currentstop":null,"nextstop":null,"laststop":null,"stopCoveredStatus":1,"heading":152,"lastrefreshon":"06-04-2025 21:36:26","lastreceiveddatetimeflag":0,"tripposition":1}]},{"routeid":2819,"stationid":21132,"stationname":"RMC Yard (Yeshawanthapura New Railway Station)","from":"Laggere New Bus Stand","to":"Kempegowda Bus Station","routeno":"252-E","distance_on_station":7.038,"centerlat":13.02462,"centerlong":77.54776,"responsecode":200,"isnotify":0,"vehicleDetails":[{"vehicleid":21271,"vehiclenumber":"KA57F2155","servicetypeid":72,"servicetype":"Non AC/Ordinary","centerlat":13.020898,"centerlong":77.552353,"eta":"2025-04-06 21:37:00","sch_arrivaltime":"21:38","sch_departuretime":"21:38","actual_arrivaltime":"21:34","actual_departuretime":"21:35","sch_tripstarttime":"21:15","sch_tripendtime":"21:15","lastlocationid":0,"currentlocationid":21132,"nextlocationid":0,"currentstop":null,"nextstop":null,"laststop":null,"stopCoveredStatus":1,"heading":152,"lastrefreshon":"06-04-2025 21:36:26","lastreceiveddatetimeflag":0,"tripposition":1}]},{"routeid":2819,"stationid":20792,"stationname":"Govardhan Talkies","from":"Laggere New Bus Stand","to":"Kempegowda Bus Station","routeno":"252-E","distance_on_station":7.911,"centerlat":13.01853,"centerlong":77.55339,"responsecode":200,"isnotify":0,"vehicleDetails":[{"vehicleid":21271,"vehiclenumber":"KA57F2155","servicetypeid":72,"servicetype":"Non AC/Ordinary","centerlat":13.020898,"centerlong":77.552353,"eta":"2025-04-06 21:38:00","sch_arrivaltime":"21:39","sch_departuretime":"21:39","actual_arrivaltime":"","actual_departuretime":"","sch_tripstarttime":"21:15","sch_tripendtime":"21:15","lastlocationid":0,"currentlocationid":21132,"nextlocationid":0,"currentstop":null,"nextstop":null,"laststop":null,"stopCoveredStatus":0,"heading":152,"lastrefreshon":"06-04-2025 21:36:26","lastreceiveddatetimeflag":0,"tripposition":3}]},{"routeid":2819,"stationid":24016,"stationname":"Yeshawanthapura Bus Station","from":"Laggere New Bus Stand","to":"Kempegowda Bus Station","routeno":"252-E","distance_on_station":8.6,"centerlat":13.01771,"centerlong":77.55657,"responsecode":200,"isnotify":0,"vehicleDetails":[{"vehicleid":21271,"vehiclenumber":"KA57F2155","servicetypeid":72,"servicetype":"Non AC/Ordinary","centerlat":13.020898,"centerlong":77.552353,"eta":"2025-04-06 21:40:00","sch_arrivaltime":"21:40","sch_departuretime":"21:40","actual_arrivaltime":"","actual_departuretime":"","sch_tripstarttime":"21:15","sch_tripendtime":"21:15","lastlocationid":0,"currentlocationid":21132,"nextlocationid":0,"currentstop":null,"nextstop":null,"laststop":null,"stopCoveredStatus":0,"heading":152,"lastrefreshon":"06-04-2025 21:36:26","lastreceiveddatetimeflag":0,"tripposition":1}]},{"routeid":2819,"stationid":21214,"stationname":"Tata Institute","from":"Laggere New Bus Stand","to":"Kempegowda Bus Station","routeno":"252-E","distance_on_station":0,"centerlat":13.01313,"centerlong":77.56755,"responsecode":200,"isnotify":0,"vehicleDetails":[{"vehicleid":21271,"vehiclenumber":"KA57F2155","servicetypeid":72,"servicetype":"Non AC/Ordinary","centerlat":13.020898,"centerlong":77.552353,"eta":"","sch_arrivaltime":"","sch_departuretime":"","actual_arrivaltime":"","actual_departuretime":"","sch_tripstarttime":"21:15","sch_tripendtime":"21:15","lastlocationid":0,"currentlocationid":21132,"nextlocationid":0,"currentstop":null,"nextstop":null,"laststop":null,"stopCoveredStatus":0,"heading":152,"lastrefreshon":"06-04-2025 21:36:26","lastreceiveddatetimeflag":0,"tripposition":3}]},{"routeid":2819,"stationid":20573,"stationname":"Malleshwara 18th Cross","from":"Laggere New Bus Stand","to":"Kempegowda Bus Station","routeno":"252-E","distance_on_station":0,"centerlat":13.00894,"centerlong":77.56918,"responsecode":200,"isnotify":0,"vehicleDetails":[{"vehicleid":21271,"vehiclenumber":"KA57F2155","servicetypeid":72,"servicetype":"Non AC/Ordinary","centerlat":13.020898,"centerlong":77.552353,"eta":"","sch_arrivaltime":"","sch_departuretime":"","actual_arrivaltime":"","actual_departuretime":"","sch_tripstarttime":"21:15","sch_tripendtime":"21:15","lastlocationid":0,"currentlocationid":21132,"nextlocationid":0,"currentstop":null,"nextstop":null,"laststop":null,"stopCoveredStatus":0,"heading":152,"lastrefreshon":"06-04-2025 21:36:26","lastreceiveddatetimeflag":0,"tripposition":3}]},{"routeid":2819,"stationid":20564,"stationname":"Malleshwara 13th Cross","from":"Laggere New Bus Stand","to":"Kempegowda Bus Station","routeno":"252-E","distance_on_station":0,"centerlat":13.00408,"centerlong":77.56923,"responsecode":200,"isnotify":0,"vehicleDetails":[{"vehicleid":21271,"vehiclenumber":"KA57F2155","servicetypeid":72,"servicetype":"Non AC/Ordinary","centerlat":13.020898,"centerlong":77.552353,"eta":"","sch_arrivaltime":"","sch_departuretime":"","actual_arrivaltime":"","actual_departuretime":"","sch_tripstarttime":"21:15","sch_tripendtime":"21:15","lastlocationid":0,"currentlocationid":21132,"nextlocationid":0,"currentstop":null,"nextstop":null,"laststop":null,"stopCoveredStatus":0,"heading":152,"lastrefreshon":"06-04-2025 21:36:26","lastreceiveddatetimeflag":0,"tripposition":3}]},{"routeid":2819,"stationid":20562,"stationname":"Malleshwara 11th Cross","from":"Laggere New Bus Stand","to":"Kempegowda Bus Station","routeno":"252-E","distance_on_station":0,"centerlat":13.00238,"centerlong":77.5693,"responsecode":200,"isnotify":0,"vehicleDetails":[{"vehicleid":21271,"vehiclenumber":"KA57F2155","servicetypeid":72,"servicetype":"Non AC/Ordinary","centerlat":13.020898,"centerlong":77.552353,"eta":"","sch_arrivaltime":"","sch_departuretime":"","actual_arrivaltime":"","actual_departuretime":"","sch_tripstarttime":"21:15","sch_tripendtime":"21:15","lastlocationid":0,"currentlocationid":21132,"nextlocationid":0,"currentstop":null,"nextstop":null,"laststop":null,"stopCoveredStatus":0,"heading":152,"lastrefreshon":"06-04-2025 21:36:26","lastreceiveddatetimeflag":0,"tripposition":3}]},{"routeid":2819,"stationid":20589,"stationname":"Malleshwara 8th Cross","from":"Laggere New Bus Stand","to":"Kempegowda Bus Station","routeno":"252-E","distance_on_station":0,"centerlat":12.99969,"centerlong":77.56933,"responsecode":200,"isnotify":0,"vehicleDetails":[{"vehicleid":21271,"vehiclenumber":"KA57F2155","servicetypeid":72,"servicetype":"Non AC/Ordinary","centerlat":13.020898,"centerlong":77.552353,"eta":"","sch_arrivaltime":"","sch_departuretime":"","actual_arrivaltime":"","actual_departuretime":"","sch_tripstarttime":"21:15","sch_tripendtime":"21:15","lastlocationid":0,"currentlocationid":21132,"nextlocationid":0,"currentstop":null,"nextstop":null,"laststop":null,"stopCoveredStatus":0,"heading":152,"lastrefreshon":"06-04-2025 21:36:26","lastreceiveddatetimeflag":0,"tripposition":3}]},{"routeid":2819,"stationid":20989,"stationname":"Malleshwara Circle","from":"Laggere New Bus Stand","to":"Kempegowda Bus Station","routeno":"252-E","distance_on_station":0,"centerlat":12.99727,"centerlong":77.56945,"responsecode":200,"isnotify":0,"vehicleDetails":[{"vehicleid":21271,"vehiclenumber":"KA57F2155","servicetypeid":72,"servicetype":"Non AC/Ordinary","centerlat":13.020898,"centerlong":77.552353,"eta":"","sch_arrivaltime":"","sch_departuretime":"","actual_arrivaltime":"","actual_departuretime":"","sch_tripstarttime":"21:15","sch_tripendtime":"21:15","lastlocationid":0,"currentlocationid":21132,"nextlocationid":0,"currentstop":null,"nextstop":null,"laststop":null,"stopCoveredStatus":0,"heading":152,"lastrefreshon":"06-04-2025 21:36:26","lastreceiveddatetimeflag":0,"tripposition":3}]},{"routeid":2819,"stationid":20971,"stationname":"Link Road","from":"Laggere New Bus Stand","to":"Kempegowda Bus Station","routeno":"252-E","distance_on_station":0,"centerlat":12.99426,"centerlong":77.57388,"responsecode":200,"isnotify":0,"vehicleDetails":[{"vehicleid":21271,"vehiclenumber":"KA57F2155","servicetypeid":72,"servicetype":"Non AC/Ordinary","centerlat":13.020898,"centerlong":77.552353,"eta":"","sch_arrivaltime":"","sch_departuretime":"","actual_arrivaltime":"","actual_departuretime":"","sch_tripstarttime":"21:15","sch_tripendtime":"21:15","lastlocationid":0,"currentlocationid":21132,"nextlocationid":0,"currentstop":null,"nextstop":null,"laststop":null,"stopCoveredStatus":0,"heading":152,"lastrefreshon":"06-04-2025 21:36:26","lastreceiveddatetimeflag":0,"tripposition":3}]},{"routeid":2819,"stationid":20703,"stationname":"Central","from":"Laggere New Bus Stand","to":"Kempegowda Bus Station","routeno":"252-E","distance_on_station":0,"centerlat":12.9898,"centerlong":77.57204,"responsecode":200,"isnotify":0,"vehicleDetails":[{"vehicleid":21271,"vehiclenumber":"KA57F2155","servicetypeid":72,"servicetype":"Non AC/Ordinary","centerlat":13.020898,"centerlong":77.552353,"eta":"","sch_arrivaltime":"","sch_departuretime":"","actual_arrivaltime":"","actual_departuretime":"","sch_tripstarttime":"21:15","sch_tripendtime":"21:15","lastlocationid":0,"currentlocationid":21132,"nextlocationid":0,"currentstop":null,"nextstop":null,"laststop":null,"stopCoveredStatus":0,"heading":152,"lastrefreshon":"06-04-2025 21:36:26","lastreceiveddatetimeflag":0,"tripposition":3}]},{"routeid":2819,"stationid":20922,"stationname":"Kempegowda Bus Station","from":"Laggere New Bus Stand","to":"Kempegowda Bus Station","routeno":"252-E","distance_on_station":0,"centerlat":12.97749,"centerlong":77.57327,"responsecode":200,"isnotify":0,"vehicleDetails":[{"vehicleid":21271,"vehiclenumber":"KA57F2155","servicetypeid":72,"servicetype":"Non AC/Ordinary","centerlat":13.020898,"centerlong":77.552353,"eta":"","sch_arrivaltime":"","sch_departuretime":"","actual_arrivaltime":"","actual_departuretime":"","sch_tripstarttime":"21:15","sch_tripendtime":"21:15","lastlocationid":0,"currentlocationid":21132,"nextlocationid":0,"currentstop":null,"nextstop":null,"laststop":null,"stopCoveredStatus":0,"heading":152,"lastrefreshon":"06-04-2025 21:36:26","lastreceiveddatetimeflag":0,"tripposition":3}]}],"mapData":[{"vehicleid":21271,"vehiclenumber":"KA57F2155","servicetypeid":72,"servicetype":"Non AC/Ordinary","centerlat":13.020898,"centerlong":77.552353,"eta":"","sch_arrivaltime":"","sch_departuretime":"","actual_arrivaltime":"","actual_departuretime":"","sch_tripstarttime":"21:15","sch_tripendtime":"21:15","lastlocationid":0,"currentlocationid":21132,"nextlocationid":0,"currentstop":null,"nextstop":null,"laststop":null,"stopCoveredStatus":0,"heading":152,"lastrefreshon":"06-04-2025 21:36:26","lastreceiveddatetimeflag":0,"tripposition":3}]},"message":"Success","issuccess":true,"exception":null,"rowCount":0,"responsecode":200}