{"up":{"data":[{"routeid":13262,"stationid":20921,"stationname":"Kempegowda Bus Station","from":"Kempegowda Bus Station","to":"Kempapura","routeno":"254-E KBS-KMP","distance_on_station":0,"centerlat":12.97751,"centerlong":77.57141,"responsecode":200,"isnotify":0,"vehicleDetails":[{"vehicleid":15414,"vehiclenumber":"KA57F4762","servicetypeid":72,"servicetype":"Non AC/Ordinary","centerlat":13.03981,"centerlong":77.518827,"eta":"","sch_arrivaltime":"16:20","sch_departuretime":"16:20","actual_arrivaltime":"","actual_departuretime":"","sch_tripstarttime":"16:20","sch_tripendtime":"16:20","lastlocationid":0,"currentlocationid":20867,"nextlocationid":0,"currentstop":null,"nextstop":null,"laststop":null,"stopCoveredStatus":0,"heading":125,"lastrefreshon":"05-10-2023 17:06:40","lastreceiveddatetimeflag":1,"tripposition":3}]},{"routeid":13262,"stationid":20603,"stationname":"Ananda Rao Circle","from":"Kempegowda Bus Station","to":"Kempapura","routeno":"254-E KBS-KMP","distance_on_station":0.5,"centerlat":12.98115,"centerlong":77.57466,"responsecode":200,"isnotify":0,"vehicleDetails":[{"vehicleid":15414,"vehiclenumber":"KA57F4762","servicetypeid":72,"servicetype":"Non AC/Ordinary","centerlat":13.03981,"centerlong":77.518827,"eta":"","sch_arrivaltime":"16:21","sch_departuretime":"16:21","actual_arrivaltime":"","actual_departuretime":"","sch_tripstarttime":"16:20","sch_tripendtime":"16:20","lastlocationid":0,"currentlocationid":20867,"nextlocationid":0,"currentstop":null,"nextstop":null,"laststop":null,"stopCoveredStatus":0,"heading":125,"lastrefreshon":"05-10-2023 17:06:40","lastreceiveddatetimeflag":1,"tripposition":3}]},{"routeid":13262,"stationid":23426,"stationname":"Central","from":"Kempegowda Bus Station","to":"Kempapura","routeno":"254-E KBS-KMP","distance_on_station":1.435,"centerlat":12.98984,"centerlong":77.57181,"responsecode":200,"isnotify":0,"vehicleDetails":[{"vehicleid":15414,"vehiclenumber":"KA57F4762","servicetypeid":72,"servicetype":"Non AC/Ordinary","centerlat":13.03981,"centerlong":77.518827,"eta":"","sch_arrivaltime":"16:24","sch_departuretime":"16:24","actual_arrivaltime":"","actual_departuretime":"","sch_tripstarttime":"16:20","sch_tripendtime":"16:20","lastlocationid":0,"currentlocationid":20867,"nextlocationid":0,"currentstop":null,"nextstop":null,"laststop":null,"stopCoveredStatus":0,"heading":125,"lastrefreshon":"05-10-2023 17:06:40","lastreceiveddatetimeflag":1,"tripposition":3}]},{"routeid":13262,"stationid":20988,"stationname":"Malleshwara Circle","from":"Kempegowda Bus Station","to":"Kempapura","routeno":"254-E KBS-KMP","distance_on_station":2.428,"centerlat":12.99782,"centerlong":77.5714,"responsecode":200,"isnotify":0,"vehicleDetails":[{"vehicleid":15414,"vehiclenumber":"KA57F4762","servicetypeid":72,"servicetype":"Non AC/Ordinary","centerlat":13.03981,"centerlong":77.518827,"eta":"","sch_arrivaltime":"16:29","sch_departuretime":"16:29","actual_arrivaltime":"","actual_departuretime":"","sch_tripstarttime":"16:20","sch_tripendtime":"16:20","lastlocationid":0,"currentlocationid":20867,"nextlocationid":0,"currentstop":null,"nextstop":null,"laststop":null,"stopCoveredStatus":0,"heading":125,"lastrefreshon":"05-10-2023 17:06:40","lastreceiveddatetimeflag":1,"tripposition":3}]},{"routeid":13262,"stationid":20590,"stationname":"Malleshwara 8th Cross (Sampige Road)","from":"Kempegowda Bus Station","to":"Kempapura","routeno":"254-E KBS-KMP","distance_on_station":2.633,"centerlat":13.00009,"centerlong":77.57131,"responsecode":200,"isnotify":0,"vehicleDetails":[{"vehicleid":15414,"vehiclenumber":"KA57F4762","servicetypeid":72,"servicetype":"Non AC/Ordinary","centerlat":13.03981,"centerlong":77.518827,"eta":"","sch_arrivaltime":"16:30","sch_departuretime":"16:30","actual_arrivaltime":"","actual_departuretime":"","sch_tripstarttime":"16:20","sch_tripendtime":"16:20","lastlocationid":0,"currentlocationid":20867,"nextlocationid":0,"currentstop":null,"nextstop":null,"laststop":null,"stopCoveredStatus":0,"heading":125,"lastrefreshon":"05-10-2023 17:06:40","lastreceiveddatetimeflag":1,"tripposition":3}]},{"routeid":13262,"stationid":20561,"stationname":"Malleshwara 11th Cross","from":"Kempegowda Bus Station","to":"Kempapura","routeno":"254-E KBS-KMP","distance_on_station":2.838,"centerlat":13.00233,"centerlong":77.57133,"responsecode":200,"isnotify":0,"vehicleDetails":[{"vehicleid":15414,"vehiclenumber":"KA57F4762","servicetypeid":72,"servicetype":"Non AC/Ordinary","centerlat":13.03981,"centerlong":77.518827,"eta":"","sch_arrivaltime":"16:31","sch_departuretime":"16:31","actual_arrivaltime":"","actual_departuretime":"","sch_tripstarttime":"16:20","sch_tripendtime":"16:20","lastlocationid":0,"currentlocationid":20867,"nextlocationid":0,"currentstop":null,"nextstop":null,"laststop":null,"stopCoveredStatus":0,"heading":125,"lastrefreshon":"05-10-2023 17:06:40","lastreceiveddatetimeflag":1,"tripposition":3}]},{"routeid":13262,"stationid":20570,"stationname":"Malleshwara 15th Cross","from":"Kempegowda Bus Station","to":"Kempapura","routeno":"254-E KBS-KMP","distance_on_station":3.117,"centerlat":13.00541,"centerlong":77.57119,"responsecode":200,"isnotify":0,"vehicleDetails":[{"vehicleid":15414,"vehiclenumber":"KA57F4762","servicetypeid":72,"servicetype":"Non AC/Ordinary","centerlat":13.03981,"centerlong":77.518827,"eta":"","sch_arrivaltime":"16:32","sch_departuretime":"16:32","actual_arrivaltime":"","actual_departuretime":"","sch_tripstarttime":"16:20","sch_tripendtime":"16:20","lastlocationid":0,"currentlocationid":20867,"nextlocationid":0,"currentstop":null,"nextstop":null,"laststop":null,"stopCoveredStatus":0,"heading":125,"lastrefreshon":"05-10-2023 17:06:40","lastreceiveddatetimeflag":1,"tripposition":3}]},{"routeid":13262,"stationid":20574,"stationname":"Malleshwara 18th Cross","from":"Kempegowda Bus Station","to":"Kempapura","routeno":"254-E KBS-KMP","distance_on_station":3.453,"centerlat":13.00906,"centerlong":77.57112,"responsecode":200,"isnotify":0,"vehicleDetails":[{"vehicleid":15414,"vehiclenumber":"KA57F4762","servicetypeid":72,"servicetype":"Non AC/Ordinary","centerlat":13.03981,"centerlong":77.518827,"eta":"","sch_arrivaltime":"16:33","sch_departuretime":"16:33","actual_arrivaltime":"","actual_departuretime":"","sch_tripstarttime":"16:20","sch_tripendtime":"16:20","lastlocationid":0,"currentlocationid":20867,"nextlocationid":0,"currentstop":null,"nextstop":null,"laststop":null,"stopCoveredStatus":0,"heading":125,"lastrefreshon":"05-10-2023 17:06:40","lastreceiveddatetimeflag":1,"tripposition":3}]},{"routeid":13262,"stationid":21213,"stationname":"Tata Institute","from":"Kempegowda Bus Station","to":"Kempapura","routeno":"254-E KBS-KMP","distance_on_station":4.331,"centerlat":13.01514,"centerlong":77.56382,"responsecode":200,"isnotify":0,"vehicleDetails":[{"vehicleid":15414,"vehiclenumber":"KA57F4762","servicetypeid":72,"servicetype":"Non AC/Ordinary","centerlat":13.03981,"centerlong":77.518827,"eta":"","sch_arrivaltime":"16:35","sch_departuretime":"16:35","actual_arrivaltime":"","actual_departuretime":"","sch_tripstarttime":"16:20","sch_tripendtime":"16:20","lastlocationid":0,"currentlocationid":20867,"nextlocationid":0,"currentstop":null,"nextstop":null,"laststop":null,"stopCoveredStatus":0,"heading":125,"lastrefreshon":"05-10-2023 17:06:40","lastreceiveddatetimeflag":1,"tripposition":3}]},{"routeid":13262,"stationid":21288,"stationname":"Yeshawanthapura Bus Station","from":"Kempegowda Bus Station","to":"Kempapura","routeno":"254-E KBS-KMP","distance_on_station":5.085,"centerlat":13.01801,"centerlong":77.55662,"responsecode":200,"isnotify":0,"vehicleDetails":[{"vehicleid":15414,"vehiclenumber":"KA57F4762","servicetypeid":72,"servicetype":"Non AC/Ordinary","centerlat":13.03981,"centerlong":77.518827,"eta":"","sch_arrivaltime":"16:39","sch_departuretime":"16:39","actual_arrivaltime":"","actual_departuretime":"","sch_tripstarttime":"16:20","sch_tripendtime":"16:20","lastlocationid":0,"currentlocationid":20867,"nextlocationid":0,"currentstop":null,"nextstop":null,"laststop":null,"stopCoveredStatus":0,"heading":125,"lastrefreshon":"05-10-2023 17:06:40","lastreceiveddatetimeflag":1,"tripposition":3}]},{"routeid":13262,"stationid":20791,"stationname":"Govardhan Talkies","from":"Kempegowda Bus Station","to":"Kempapura","routeno":"254-E KBS-KMP","distance_on_station":5.938,"centerlat":13.02,"centerlong":77.55274,"responsecode":200,"isnotify":0,"vehicleDetails":[{"vehicleid":15414,"vehiclenumber":"KA57F4762","servicetypeid":72,"servicetype":"Non AC/Ordinary","centerlat":13.03981,"centerlong":77.518827,"eta":"","sch_arrivaltime":"16:43","sch_departuretime":"16:43","actual_arrivaltime":"","actual_departuretime":"","sch_tripstarttime":"16:20","sch_tripendtime":"16:20","lastlocationid":0,"currentlocationid":20867,"nextlocationid":0,"currentstop":null,"nextstop":null,"laststop":null,"stopCoveredStatus":0,"heading":125,"lastrefreshon":"05-10-2023 17:06:40","lastreceiveddatetimeflag":1,"tripposition":3}]},{"routeid":13262,"stationid":21131,"stationname":"RMC Yard (Yashawanthapura New Railway Station)","from":"Kempegowda Bus Station","to":"Kempapura","routeno":"254-E KBS-KMP","distance_on_station":6.438,"centerlat":13.02366,"centerlong":77.54877,"responsecode":200,"isnotify":0,"vehicleDetails":[{"vehicleid":15414,"vehiclenumber":"KA57F4762","servicetypeid":72,"servicetype":"Non AC/Ordinary","centerlat":13.03981,"centerlong":77.518827,"eta":"","sch_arrivaltime":"16:44","sch_departuretime":"16:44","actual_arrivaltime":"","actual_departuretime":"","sch_tripstarttime":"16:20","sch_tripendtime":"16:20","lastlocationid":0,"currentlocationid":20867,"nextlocationid":0,"currentstop":null,"nextstop":null,"laststop":null,"stopCoveredStatus":0,"heading":125,"lastrefreshon":"05-10-2023 17:06:40","lastreceiveddatetimeflag":1,"tripposition":3}]},{"routeid":13262,"stationid":21016,"stationname":"MEI Factory","from":"Kempegowda Bus Station","to":"Kempapura","routeno":"254-E KBS-KMP","distance_on_station":6.931,"centerlat":13.0264,"centerlong":77.54402,"responsecode":200,"isnotify":0,"vehicleDetails":[{"vehicleid":15414,"vehiclenumber":"KA57F4762","servicetypeid":72,"servicetype":"Non AC/Ordinary","centerlat":13.03981,"centerlong":77.518827,"eta":"","sch_arrivaltime":"16:46","sch_departuretime":"16:46","actual_arrivaltime":"","actual_departuretime":"","sch_tripstarttime":"16:20","sch_tripendtime":"16:20","lastlocationid":0,"currentlocationid":20867,"nextlocationid":0,"currentstop":null,"nextstop":null,"laststop":null,"stopCoveredStatus":0,"heading":125,"lastrefreshon":"05-10-2023 17:06:40","lastreceiveddatetimeflag":1,"tripposition":3}]},{"routeid":13262,"stationid":20790,"stationname":"Goraguntepalya","from":"Kempegowda Bus Station","to":"Kempapura","routeno":"254-E KBS-KMP","distance_on_station":7.39,"centerlat":13.02895,"centerlong":77.5395,"responsecode":200,"isnotify":0,"vehicleDetails":[{"vehicleid":15414,"vehiclenumber":"KA57F4762","servicetypeid":72,"servicetype":"Non AC/Ordinary","centerlat":13.03981,"centerlong":77.518827,"eta":"","sch_arrivaltime":"16:47","sch_departuretime":"16:47","actual_arrivaltime":"","actual_departuretime":"","sch_tripstarttime":"16:20","sch_tripendtime":"16:20","lastlocationid":0,"currentlocationid":20867,"nextlocationid":0,"currentstop":null,"nextstop":null,"laststop":null,"stopCoveredStatus":0,"heading":125,"lastrefreshon":"05-10-2023 17:06:40","lastreceiveddatetimeflag":1,"tripposition":3}]},{"routeid":13262,"stationid":20723,"stationname":"CMTI","from":"Kempegowda Bus Station","to":"Kempapura","routeno":"254-E KBS-KMP","distance_on_station":7.71,"centerlat":13.0307,"centerlong":77.53641,"responsecode":200,"isnotify":0,"vehicleDetails":[{"vehicleid":15414,"vehiclenumber":"KA57F4762","servicetypeid":72,"servicetype":"Non AC/Ordinary","centerlat":13.03981,"centerlong":77.518827,"eta":"","sch_arrivaltime":"16:48","sch_departuretime":"16:48","actual_arrivaltime":"","actual_departuretime":"","sch_tripstarttime":"16:20","sch_tripendtime":"16:20","lastlocationid":0,"currentlocationid":20867,"nextlocationid":0,"currentstop":null,"nextstop":null,"laststop":null,"stopCoveredStatus":0,"heading":125,"lastrefreshon":"05-10-2023 17:06:40","lastreceiveddatetimeflag":1,"tripposition":3}]},{"routeid":13262,"stationid":21189,"stationname":"SRS Peenya","from":"Kempegowda Bus Station","to":"Kempapura","routeno":"254-E KBS-KMP","distance_on_station":8.341,"centerlat":13.03428,"centerlong":77.53032,"responsecode":200,"isnotify":0,"vehicleDetails":[{"vehicleid":15414,"vehiclenumber":"KA57F4762","servicetypeid":72,"servicetype":"Non AC/Ordinary","centerlat":13.03981,"centerlong":77.518827,"eta":"","sch_arrivaltime":"16:49","sch_departuretime":"16:49","actual_arrivaltime":"","actual_departuretime":"","sch_tripstarttime":"16:20","sch_tripendtime":"16:20","lastlocationid":0,"currentlocationid":20867,"nextlocationid":0,"currentstop":null,"nextstop":null,"laststop":null,"stopCoveredStatus":0,"heading":125,"lastrefreshon":"05-10-2023 17:06:40","lastreceiveddatetimeflag":1,"tripposition":3}]},{"routeid":13262,"stationid":21082,"stationname":"Peenya Industry Metro Station","from":"Kempegowda Bus Station","to":"Kempapura","routeno":"254-E KBS-KMP","distance_on_station":8.686,"centerlat":13.03556,"centerlong":77.52613,"responsecode":200,"isnotify":0,"vehicleDetails":[{"vehicleid":15414,"vehiclenumber":"KA57F4762","servicetypeid":72,"servicetype":"Non AC/Ordinary","centerlat":13.03981,"centerlong":77.518827,"eta":"","sch_arrivaltime":"16:50","sch_departuretime":"16:50","actual_arrivaltime":"","actual_departuretime":"","sch_tripstarttime":"16:20","sch_tripendtime":"16:20","lastlocationid":0,"currentlocationid":20867,"nextlocationid":0,"currentstop":null,"nextstop":null,"laststop":null,"stopCoveredStatus":0,"heading":125,"lastrefreshon":"05-10-2023 17:06:40","lastreceiveddatetimeflag":1,"tripposition":3}]},{"routeid":13262,"stationid":20867,"stationname":"Jalahalli Cross","from":"Kempegowda Bus Station","to":"Kempapura","routeno":"254-E KBS-KMP","distance_on_station":9.539,"centerlat":13.03991,"centerlong":77.51823,"responsecode":200,"isnotify":0,"vehicleDetails":[{"vehicleid":15414,"vehiclenumber":"KA57F4762","servicetypeid":72,"servicetype":"Non AC/Ordinary","centerlat":13.03981,"centerlong":77.518827,"eta":"","sch_arrivaltime":"16:53","sch_departuretime":"16:53","actual_arrivaltime":"","actual_departuretime":"","sch_tripstarttime":"16:20","sch_tripendtime":"16:20","lastlocationid":0,"currentlocationid":20867,"nextlocationid":0,"currentstop":null,"nextstop":null,"laststop":null,"stopCoveredStatus":0,"heading":125,"lastrefreshon":"05-10-2023 17:06:40","lastreceiveddatetimeflag":1,"tripposition":3}]},{"routeid":13262,"stationid":21211,"stationname":"T Dasarahalli","from":"Kempegowda Bus Station","to":"Kempapura","routeno":"254-E KBS-KMP","distance_on_station":10.105,"centerlat":13.04283,"centerlong":77.51276,"responsecode":200,"isnotify":0,"vehicleDetails":[{"vehicleid":15414,"vehiclenumber":"KA57F4762","servicetypeid":72,"servicetype":"Non AC/Ordinary","centerlat":13.03981,"centerlong":77.518827,"eta":"","sch_arrivaltime":"16:55","sch_departuretime":"16:55","actual_arrivaltime":"","actual_departuretime":"","sch_tripstarttime":"16:20","sch_tripendtime":"16:20","lastlocationid":0,"currentlocationid":20867,"nextlocationid":0,"currentstop":null,"nextstop":null,"laststop":null,"stopCoveredStatus":0,"heading":125,"lastrefreshon":"05-10-2023 17:06:40","lastreceiveddatetimeflag":1,"tripposition":3}]},{"routeid":13262,"stationid":20593,"stationname":"8th Mile Dasarahalli","from":"Kempegowda Bus Station","to":"Kempapura","routeno":"254-E KBS-KMP","distance_on_station":10.753,"centerlat":13.04622,"centerlong":77.50755,"responsecode":200,"isnotify":0,"vehicleDetails":[{"vehicleid":15414,"vehiclenumber":"KA57F4762","servicetypeid":72,"servicetype":"Non AC/Ordinary","centerlat":13.03981,"centerlong":77.518827,"eta":"","sch_arrivaltime":"16:57","sch_departuretime":"16:57","actual_arrivaltime":"","actual_departuretime":"","sch_tripstarttime":"16:20","sch_tripendtime":"16:20","lastlocationid":0,"currentlocationid":20867,"nextlocationid":0,"currentstop":null,"nextstop":null,"laststop":null,"stopCoveredStatus":0,"heading":125,"lastrefreshon":"05-10-2023 17:06:40","lastreceiveddatetimeflag":1,"tripposition":3}]},{"routeid":13262,"stationid":21278,"stationname":"Widia School","from":"Kempegowda Bus Station","to":"Kempapura","routeno":"254-E KBS-KMP","distance_on_station":11.212,"centerlat":13.0511,"centerlong":77.50773,"responsecode":200,"isnotify":0,"vehicleDetails":[{"vehicleid":15414,"vehiclenumber":"KA57F4762","servicetypeid":72,"servicetype":"Non AC/Ordinary","centerlat":13.03981,"centerlong":77.518827,"eta":"","sch_arrivaltime":"16:58","sch_departuretime":"16:58","actual_arrivaltime":"","actual_departuretime":"","sch_tripstarttime":"16:20","sch_tripendtime":"16:20","lastlocationid":0,"currentlocationid":20867,"nextlocationid":0,"currentstop":null,"nextstop":null,"laststop":null,"stopCoveredStatus":0,"heading":125,"lastrefreshon":"05-10-2023 17:06:40","lastreceiveddatetimeflag":1,"tripposition":3}]},{"routeid":13262,"stationid":20620,"stationname":"Bagalagunte","from":"Kempegowda Bus Station","to":"Kempapura","routeno":"254-E KBS-KMP","distance_on_station":11.712,"centerlat":13.05657,"centerlong":77.50728,"responsecode":200,"isnotify":0,"vehicleDetails":[{"vehicleid":15414,"vehiclenumber":"KA57F4762","servicetypeid":72,"servicetype":"Non AC/Ordinary","centerlat":13.03981,"centerlong":77.518827,"eta":"","sch_arrivaltime":"17:00","sch_departuretime":"17:00","actual_arrivaltime":"","actual_departuretime":"","sch_tripstarttime":"16:20","sch_tripendtime":"16:20","lastlocationid":0,"currentlocationid":20867,"nextlocationid":0,"currentstop":null,"nextstop":null,"laststop":null,"stopCoveredStatus":0,"heading":125,"lastrefreshon":"05-10-2023 17:06:40","lastreceiveddatetimeflag":1,"tripposition":3}]},{"routeid":13262,"stationid":20678,"stationname":"Bone Mill","from":"Kempegowda Bus Station","to":"Kempapura","routeno":"254-E KBS-KMP","distance_on_station":12.418,"centerlat":13.06385,"centerlong":77.50503,"responsecode":200,"isnotify":0,"vehicleDetails":[{"vehicleid":15414,"vehiclenumber":"KA57F4762","servicetypeid":72,"servicetype":"Non AC/Ordinary","centerlat":13.03981,"centerlong":77.518827,"eta":"","sch_arrivaltime":"17:02","sch_departuretime":"17:02","actual_arrivaltime":"","actual_departuretime":"","sch_tripstarttime":"16:20","sch_tripendtime":"16:20","lastlocationid":0,"currentlocationid":20867,"nextlocationid":0,"currentstop":null,"nextstop":null,"laststop":null,"stopCoveredStatus":0,"heading":125,"lastrefreshon":"05-10-2023 17:06:40","lastreceiveddatetimeflag":1,"tripposition":3}]},{"routeid":13262,"stationid":21154,"stationname":"Sapthagiri College","from":"Kempegowda Bus Station","to":"Kempapura","routeno":"254-E KBS-KMP","distance_on_station":12.738,"centerlat":13.06685,"centerlong":77.50328,"responsecode":200,"isnotify":0,"vehicleDetails":[{"vehicleid":15414,"vehiclenumber":"KA57F4762","servicetypeid":72,"servicetype":"Non AC/Ordinary","centerlat":13.03981,"centerlong":77.518827,"eta":"","sch_arrivaltime":"17:03","sch_departuretime":"17:03","actual_arrivaltime":"","actual_departuretime":"","sch_tripstarttime":"16:20","sch_tripendtime":"16:20","lastlocationid":0,"currentlocationid":20867,"nextlocationid":0,"currentstop":null,"nextstop":null,"laststop":null,"stopCoveredStatus":0,"heading":125,"lastrefreshon":"05-10-2023 17:06:40","lastreceiveddatetimeflag":1,"tripposition":3}]},{"routeid":13262,"stationid":21156,"stationname":"Sapthagiri Hospital","from":"Kempegowda Bus Station","to":"Kempapura","routeno":"254-E KBS-KMP","distance_on_station":13.09,"centerlat":13.07067,"centerlong":77.50387,"responsecode":200,"isnotify":0,"vehicleDetails":[{"vehicleid":15414,"vehiclenumber":"KA57F4762","servicetypeid":72,"servicetype":"Non AC/Ordinary","centerlat":13.03981,"centerlong":77.518827,"eta":"","sch_arrivaltime":"17:04","sch_departuretime":"17:04","actual_arrivaltime":"","actual_departuretime":"","sch_tripstarttime":"16:20","sch_tripendtime":"16:20","lastlocationid":0,"currentlocationid":20867,"nextlocationid":0,"currentstop":null,"nextstop":null,"laststop":null,"stopCoveredStatus":0,"heading":125,"lastrefreshon":"05-10-2023 17:06:40","lastreceiveddatetimeflag":1,"tripposition":3}]},{"routeid":13262,"stationid":20872,"stationname":"Janapriya Apartment","from":"Kempegowda Bus Station","to":"Kempapura","routeno":"254-E KBS-KMP","distance_on_station":13.361,"centerlat":13.07349,"centerlong":77.50307,"responsecode":200,"isnotify":0,"vehicleDetails":[{"vehicleid":15414,"vehiclenumber":"KA57F4762","servicetypeid":72,"servicetype":"Non AC/Ordinary","centerlat":13.03981,"centerlong":77.518827,"eta":"","sch_arrivaltime":"17:05","sch_departuretime":"17:05","actual_arrivaltime":"","actual_departuretime":"","sch_tripstarttime":"16:20","sch_tripendtime":"16:20","lastlocationid":0,"currentlocationid":20867,"nextlocationid":0,"currentstop":null,"nextstop":null,"laststop":null,"stopCoveredStatus":0,"heading":125,"lastrefreshon":"05-10-2023 17:06:40","lastreceiveddatetimeflag":1,"tripposition":3}]},{"routeid":13262,"stationid":21108,"stationname":"Chikkabanavara Railway Station","from":"Kempegowda Bus Station","to":"Kempapura","routeno":"254-E KBS-KMP","distance_on_station":13.607,"centerlat":13.07562,"centerlong":77.50465,"responsecode":200,"isnotify":0,"vehicleDetails":[{"vehicleid":15414,"vehiclenumber":"KA57F4762","servicetypeid":72,"servicetype":"Non AC/Ordinary","centerlat":13.03981,"centerlong":77.518827,"eta":"","sch_arrivaltime":"17:06","sch_departuretime":"17:06","actual_arrivaltime":"","actual_departuretime":"","sch_tripstarttime":"16:20","sch_tripendtime":"16:20","lastlocationid":0,"currentlocationid":20867,"nextlocationid":0,"currentstop":null,"nextstop":null,"laststop":null,"stopCoveredStatus":0,"heading":125,"lastrefreshon":"05-10-2023 17:06:40","lastreceiveddatetimeflag":1,"tripposition":3}]},{"routeid":13262,"stationid":20718,"stationname":"Chikka Banavara","from":"Kempegowda Bus Station","to":"Kempapura","routeno":"254-E KBS-KMP","distance_on_station":14.197,"centerlat":13.08053,"centerlong":77.50255,"responsecode":200,"isnotify":0,"vehicleDetails":[{"vehicleid":15414,"vehiclenumber":"KA57F4762","servicetypeid":72,"servicetype":"Non AC/Ordinary","centerlat":13.03981,"centerlong":77.518827,"eta":"","sch_arrivaltime":"17:07","sch_departuretime":"17:07","actual_arrivaltime":"","actual_departuretime":"","sch_tripstarttime":"16:20","sch_tripendtime":"16:20","lastlocationid":0,"currentlocationid":20867,"nextlocationid":0,"currentstop":null,"nextstop":null,"laststop":null,"stopCoveredStatus":0,"heading":125,"lastrefreshon":"05-10-2023 17:06:40","lastreceiveddatetimeflag":1,"tripposition":3}]},{"routeid":13262,"stationid":33620,"stationname":"Kumbarahalli Cross","from":"Kempegowda Bus Station","to":"Kempapura","routeno":"254-E KBS-KMP","distance_on_station":18.134,"centerlat":13.10666,"centerlong":77.49016,"responsecode":200,"isnotify":0,"vehicleDetails":[{"vehicleid":15414,"vehiclenumber":"KA57F4762","servicetypeid":72,"servicetype":"Non AC/Ordinary","centerlat":13.03981,"centerlong":77.518827,"eta":"","sch_arrivaltime":"17:17","sch_departuretime":"17:17","actual_arrivaltime":"","actual_departuretime":"","sch_tripstarttime":"16:20","sch_tripendtime":"16:20","lastlocationid":0,"currentlocationid":20867,"nextlocationid":0,"currentstop":null,"nextstop":null,"laststop":null,"stopCoveredStatus":0,"heading":125,"lastrefreshon":"05-10-2023 17:06:40","lastreceiveddatetimeflag":1,"tripposition":3}]},{"routeid":13262,"stationid":33429,"stationname":"Kempapura","from":"Kempegowda Bus Station","to":"Kempapura","routeno":"254-E KBS-KMP","distance_on_station":20.8,"centerlat":13.09465,"centerlong":77.49964,"responsecode":200,"isnotify":0,"vehicleDetails":[{"vehicleid":15414,"vehiclenumber":"KA57F4762","servicetypeid":72,"servicetype":"Non AC/Ordinary","centerlat":13.03981,"centerlong":77.518827,"eta":"","sch_arrivaltime":"17:25","sch_departuretime":"17:25","actual_arrivaltime":"","actual_departuretime":"","sch_tripstarttime":"16:20","sch_tripendtime":"16:20","lastlocationid":0,"currentlocationid":20867,"nextlocationid":0,"currentstop":null,"nextstop":null,"laststop":null,"stopCoveredStatus":0,"heading":125,"lastrefreshon":"05-10-2023 17:06:40","lastreceiveddatetimeflag":1,"tripposition":3}]}],"mapData":[{"vehicleid":15414,"vehiclenumber":"KA57F4762","servicetypeid":72,"servicetype":"Non AC/Ordinary","centerlat":13.03981,"centerlong":77.518827,"eta":"","sch_arrivaltime":"17:25","sch_departuretime":"17:25","actual_arrivaltime":"","actual_departuretime":"","sch_tripstarttime":"16:20","sch_tripendtime":"16:20","lastlocationid":0,"currentlocationid":20867,"nextlocationid":0,"currentstop":null,"nextstop":null,"laststop":null,"stopCoveredStatus":0,"heading":125,"lastrefreshon":"05-10-2023 17:06:40","lastreceiveddatetimeflag":1,"tripposition":3}]},"down":{"data":[],"mapData":[]},"message":"Success","issuccess":true,"exception":null,"rowCount":0,"responsecode":200}