{"up":{"data":[],"mapData":[]},"down":{"data":[{"routeid":6715,"stationid":35015,"stationname":"Thigalarapalya","from":"Thigalarapalya","to":"Kempegowda Bus Station","routeno":"265-B","distance_on_station":0,"centerlat":13.01687,"centerlong":77.48307,"responsecode":200,"isnotify":0,"vehicleDetails":[{"vehicleid":20345,"vehiclenumber":"KA57F2753","servicetypeid":72,"servicetype":"Non AC/Ordinary","centerlat":12.976006,"centerlong":77.557518,"eta":"","sch_arrivaltime":"16:30","sch_departuretime":"16:30","actual_arrivaltime":"","actual_departuretime":"","sch_tripstarttime":"16:30","sch_tripendtime":"16:30","lastlocationid":0,"currentlocationid":20559,"nextlocationid":0,"currentstop":null,"nextstop":null,"laststop":null,"stopCoveredStatus":1,"heading":97,"lastrefreshon":"09-03-2024 16:54:45","lastreceiveddatetimeflag":0,"tripposition":1}]},{"routeid":6715,"stationid":32651,"stationname":"Garudappa Circle Thigalarapalya","from":"Thigalarapalya","to":"Kempegowda Bus Station","routeno":"265-B","distance_on_station":0.178,"centerlat":13.01572,"centerlong":77.48414,"responsecode":200,"isnotify":0,"vehicleDetails":[{"vehicleid":20345,"vehiclenumber":"KA57F2753","servicetypeid":72,"servicetype":"Non AC/Ordinary","centerlat":12.976006,"centerlong":77.557518,"eta":"","sch_arrivaltime":"16:31","sch_departuretime":"16:31","actual_arrivaltime":"","actual_departuretime":"","sch_tripstarttime":"16:30","sch_tripendtime":"16:30","lastlocationid":0,"currentlocationid":20559,"nextlocationid":0,"currentstop":null,"nextstop":null,"laststop":null,"stopCoveredStatus":1,"heading":97,"lastrefreshon":"09-03-2024 16:54:45","lastreceiveddatetimeflag":0,"tripposition":3}]},{"routeid":6715,"stationid":35468,"stationname":"Anjaneya Temple Thigalarapalya","from":"Thigalarapalya","to":"Kempegowda Bus Station","routeno":"265-B","distance_on_station":0.395,"centerlat":13.01372,"centerlong":77.48347,"responsecode":200,"isnotify":0,"vehicleDetails":[{"vehicleid":20345,"vehiclenumber":"KA57F2753","servicetypeid":72,"servicetype":"Non AC/Ordinary","centerlat":12.976006,"centerlong":77.557518,"eta":"","sch_arrivaltime":"16:32","sch_departuretime":"16:32","actual_arrivaltime":"","actual_departuretime":"","sch_tripstarttime":"16:30","sch_tripendtime":"16:30","lastlocationid":0,"currentlocationid":20559,"nextlocationid":0,"currentstop":null,"nextstop":null,"laststop":null,"stopCoveredStatus":1,"heading":97,"lastrefreshon":"09-03-2024 16:54:45","lastreceiveddatetimeflag":0,"tripposition":3}]},{"routeid":6715,"stationid":29520,"stationname":"Andhrahalli Govt School","from":"Thigalarapalya","to":"Kempegowda Bus Station","routeno":"265-B","distance_on_station":0.87,"centerlat":13.00956,"centerlong":77.48295,"responsecode":200,"isnotify":0,"vehicleDetails":[{"vehicleid":20345,"vehiclenumber":"KA57F2753","servicetypeid":72,"servicetype":"Non AC/Ordinary","centerlat":12.976006,"centerlong":77.557518,"eta":"","sch_arrivaltime":"16:33","sch_departuretime":"16:33","actual_arrivaltime":"","actual_departuretime":"","sch_tripstarttime":"16:30","sch_tripendtime":"16:30","lastlocationid":0,"currentlocationid":20559,"nextlocationid":0,"currentstop":null,"nextstop":null,"laststop":null,"stopCoveredStatus":1,"heading":97,"lastrefreshon":"09-03-2024 16:54:45","lastreceiveddatetimeflag":0,"tripposition":3}]},{"routeid":6715,"stationid":29518,"stationname":"Andhrahalli","from":"Thigalarapalya","to":"Kempegowda Bus Station","routeno":"265-B","distance_on_station":1.147,"centerlat":13.00805,"centerlong":77.48484,"responsecode":200,"isnotify":0,"vehicleDetails":[{"vehicleid":20345,"vehiclenumber":"KA57F2753","servicetypeid":72,"servicetype":"Non AC/Ordinary","centerlat":12.976006,"centerlong":77.557518,"eta":"","sch_arrivaltime":"16:34","sch_departuretime":"16:34","actual_arrivaltime":"","actual_departuretime":"","sch_tripstarttime":"16:30","sch_tripendtime":"16:30","lastlocationid":0,"currentlocationid":20559,"nextlocationid":0,"currentstop":null,"nextstop":null,"laststop":null,"stopCoveredStatus":1,"heading":97,"lastrefreshon":"09-03-2024 16:54:45","lastreceiveddatetimeflag":0,"tripposition":3}]},{"routeid":6715,"stationid":30639,"stationname":"Kalikanagara Shiva Temple","from":"Thigalarapalya","to":"Kempegowda Bus Station","routeno":"265-B","distance_on_station":1.759,"centerlat":13.00892,"centerlong":77.49024,"responsecode":200,"isnotify":0,"vehicleDetails":[{"vehicleid":20345,"vehiclenumber":"KA57F2753","servicetypeid":72,"servicetype":"Non AC/Ordinary","centerlat":12.976006,"centerlong":77.557518,"eta":"","sch_arrivaltime":"16:36","sch_departuretime":"16:36","actual_arrivaltime":"","actual_departuretime":"","sch_tripstarttime":"16:30","sch_tripendtime":"16:30","lastlocationid":0,"currentlocationid":20559,"nextlocationid":0,"currentstop":null,"nextstop":null,"laststop":null,"stopCoveredStatus":1,"heading":97,"lastrefreshon":"09-03-2024 16:54:45","lastreceiveddatetimeflag":0,"tripposition":3}]},{"routeid":6715,"stationid":21081,"stationname":"Peenya 2nd stage","from":"Thigalarapalya","to":"Kempegowda Bus Station","routeno":"265-B","distance_on_station":3.904,"centerlat":13.01094,"centerlong":77.50694,"responsecode":200,"isnotify":0,"vehicleDetails":[{"vehicleid":20345,"vehiclenumber":"KA57F2753","servicetypeid":72,"servicetype":"Non AC/Ordinary","centerlat":12.976006,"centerlong":77.557518,"eta":"","sch_arrivaltime":"16:43","sch_departuretime":"16:43","actual_arrivaltime":"","actual_departuretime":"","sch_tripstarttime":"16:30","sch_tripendtime":"16:30","lastlocationid":0,"currentlocationid":20559,"nextlocationid":0,"currentstop":null,"nextstop":null,"laststop":null,"stopCoveredStatus":1,"heading":97,"lastrefreshon":"09-03-2024 16:54:45","lastreceiveddatetimeflag":0,"tripposition":3}]},{"routeid":6715,"stationid":21023,"stationname":"Milk Dairy Hegganahalli","from":"Thigalarapalya","to":"Kempegowda Bus Station","routeno":"265-B","distance_on_station":4.32,"centerlat":13.00745,"centerlong":77.50553,"responsecode":200,"isnotify":0,"vehicleDetails":[{"vehicleid":20345,"vehiclenumber":"KA57F2753","servicetypeid":72,"servicetype":"Non AC/Ordinary","centerlat":12.976006,"centerlong":77.557518,"eta":"","sch_arrivaltime":"16:44","sch_departuretime":"16:44","actual_arrivaltime":"","actual_departuretime":"","sch_tripstarttime":"16:30","sch_tripendtime":"16:30","lastlocationid":0,"currentlocationid":20559,"nextlocationid":0,"currentstop":null,"nextstop":null,"laststop":null,"stopCoveredStatus":1,"heading":97,"lastrefreshon":"09-03-2024 16:54:45","lastreceiveddatetimeflag":0,"tripposition":3}]},{"routeid":6715,"stationid":20825,"stationname":"Hegganahalli","from":"Thigalarapalya","to":"Kempegowda Bus Station","routeno":"265-B","distance_on_station":4.745,"centerlat":13.0037,"centerlong":77.5046,"responsecode":200,"isnotify":0,"vehicleDetails":[{"vehicleid":20345,"vehiclenumber":"KA57F2753","servicetypeid":72,"servicetype":"Non AC/Ordinary","centerlat":12.976006,"centerlong":77.557518,"eta":"","sch_arrivaltime":"16:45","sch_departuretime":"16:45","actual_arrivaltime":"16:20","actual_departuretime":"16:21","sch_tripstarttime":"16:30","sch_tripendtime":"16:30","lastlocationid":0,"currentlocationid":20559,"nextlocationid":0,"currentstop":null,"nextstop":null,"laststop":null,"stopCoveredStatus":1,"heading":97,"lastrefreshon":"09-03-2024 16:54:45","lastreceiveddatetimeflag":0,"tripposition":1}]},{"routeid":6715,"stationid":20826,"stationname":"Hegganahalli Cross","from":"Thigalarapalya","to":"Kempegowda Bus Station","routeno":"265-B","distance_on_station":5.209,"centerlat":12.99974,"centerlong":77.50404,"responsecode":200,"isnotify":0,"vehicleDetails":[{"vehicleid":20345,"vehiclenumber":"KA57F2753","servicetypeid":72,"servicetype":"Non AC/Ordinary","centerlat":12.976006,"centerlong":77.557518,"eta":"","sch_arrivaltime":"16:46","sch_departuretime":"16:46","actual_arrivaltime":"16:22","actual_departuretime":"16:23","sch_tripstarttime":"16:30","sch_tripendtime":"16:30","lastlocationid":0,"currentlocationid":20559,"nextlocationid":0,"currentstop":null,"nextstop":null,"laststop":null,"stopCoveredStatus":1,"heading":97,"lastrefreshon":"09-03-2024 16:54:45","lastreceiveddatetimeflag":0,"tripposition":1}]},{"routeid":6715,"stationid":21054,"stationname":"Neelagiri Thopu","from":"Thigalarapalya","to":"Kempegowda Bus Station","routeno":"265-B","distance_on_station":5.733,"centerlat":12.99578,"centerlong":77.50253,"responsecode":200,"isnotify":0,"vehicleDetails":[{"vehicleid":20345,"vehiclenumber":"KA57F2753","servicetypeid":72,"servicetype":"Non AC/Ordinary","centerlat":12.976006,"centerlong":77.557518,"eta":"","sch_arrivaltime":"16:48","sch_departuretime":"16:48","actual_arrivaltime":"16:24","actual_departuretime":"16:24","sch_tripstarttime":"16:30","sch_tripendtime":"16:30","lastlocationid":0,"currentlocationid":20559,"nextlocationid":0,"currentstop":null,"nextstop":null,"laststop":null,"stopCoveredStatus":1,"heading":97,"lastrefreshon":"09-03-2024 16:54:45","lastreceiveddatetimeflag":0,"tripposition":1}]},{"routeid":6715,"stationid":21000,"stationname":"Maramma Temple Hegganahalli","from":"Thigalarapalya","to":"Kempegowda Bus Station","routeno":"265-B","distance_on_station":6,"centerlat":12.99462,"centerlong":77.5043,"responsecode":200,"isnotify":0,"vehicleDetails":[{"vehicleid":20345,"vehiclenumber":"KA57F2753","servicetypeid":72,"servicetype":"Non AC/Ordinary","centerlat":12.976006,"centerlong":77.557518,"eta":"","sch_arrivaltime":"16:49","sch_departuretime":"16:49","actual_arrivaltime":"","actual_departuretime":"","sch_tripstarttime":"16:30","sch_tripendtime":"16:30","lastlocationid":0,"currentlocationid":20559,"nextlocationid":0,"currentstop":null,"nextstop":null,"laststop":null,"stopCoveredStatus":1,"heading":97,"lastrefreshon":"09-03-2024 16:54:45","lastreceiveddatetimeflag":0,"tripposition":3}]},{"routeid":6715,"stationid":20609,"stationname":"Aralimara Sunkadakatte","from":"Thigalarapalya","to":"Kempegowda Bus Station","routeno":"265-B","distance_on_station":6.297,"centerlat":12.99209,"centerlong":77.50467,"responsecode":200,"isnotify":0,"vehicleDetails":[{"vehicleid":20345,"vehiclenumber":"KA57F2753","servicetypeid":72,"servicetype":"Non AC/Ordinary","centerlat":12.976006,"centerlong":77.557518,"eta":"","sch_arrivaltime":"16:50","sch_departuretime":"16:50","actual_arrivaltime":"","actual_departuretime":"","sch_tripstarttime":"16:30","sch_tripendtime":"16:30","lastlocationid":0,"currentlocationid":20559,"nextlocationid":0,"currentstop":null,"nextstop":null,"laststop":null,"stopCoveredStatus":1,"heading":97,"lastrefreshon":"09-03-2024 16:54:45","lastreceiveddatetimeflag":0,"tripposition":3}]},{"routeid":6715,"stationid":21205,"stationname":"Sunkadakatte","from":"Thigalarapalya","to":"Kempegowda Bus Station","routeno":"265-B","distance_on_station":6.662,"centerlat":12.98946,"centerlong":77.50638,"responsecode":200,"isnotify":0,"vehicleDetails":[{"vehicleid":20345,"vehiclenumber":"KA57F2753","servicetypeid":72,"servicetype":"Non AC/Ordinary","centerlat":12.976006,"centerlong":77.557518,"eta":"","sch_arrivaltime":"16:51","sch_departuretime":"16:51","actual_arrivaltime":"16:32","actual_departuretime":"16:32","sch_tripstarttime":"16:30","sch_tripendtime":"16:30","lastlocationid":0,"currentlocationid":20559,"nextlocationid":0,"currentstop":null,"nextstop":null,"laststop":null,"stopCoveredStatus":1,"heading":97,"lastrefreshon":"09-03-2024 16:54:45","lastreceiveddatetimeflag":0,"tripposition":1}]},{"routeid":6715,"stationid":20936,"stationname":"Kottigepalya","from":"Thigalarapalya","to":"Kempegowda Bus Station","routeno":"265-B","distance_on_station":7.532,"centerlat":12.98786,"centerlong":77.51405,"responsecode":200,"isnotify":0,"vehicleDetails":[{"vehicleid":20345,"vehiclenumber":"KA57F2753","servicetypeid":72,"servicetype":"Non AC/Ordinary","centerlat":12.976006,"centerlong":77.557518,"eta":"","sch_arrivaltime":"16:53","sch_departuretime":"16:53","actual_arrivaltime":"16:34","actual_departuretime":"16:34","sch_tripstarttime":"16:30","sch_tripendtime":"16:30","lastlocationid":0,"currentlocationid":20559,"nextlocationid":0,"currentstop":null,"nextstop":null,"laststop":null,"stopCoveredStatus":1,"heading":97,"lastrefreshon":"09-03-2024 16:54:45","lastreceiveddatetimeflag":0,"tripposition":1}]},{"routeid":6715,"stationid":21203,"stationname":"Summanahalli","from":"Thigalarapalya","to":"Kempegowda Bus Station","routeno":"265-B","distance_on_station":8.293,"centerlat":12.98682,"centerlong":77.52077,"responsecode":200,"isnotify":0,"vehicleDetails":[{"vehicleid":20345,"vehiclenumber":"KA57F2753","servicetypeid":72,"servicetype":"Non AC/Ordinary","centerlat":12.976006,"centerlong":77.557518,"eta":"","sch_arrivaltime":"16:54","sch_departuretime":"16:54","actual_arrivaltime":"16:36","actual_departuretime":"16:36","sch_tripstarttime":"16:30","sch_tripendtime":"16:30","lastlocationid":0,"currentlocationid":20559,"nextlocationid":0,"currentstop":null,"nextstop":null,"laststop":null,"stopCoveredStatus":1,"heading":97,"lastrefreshon":"09-03-2024 16:54:45","lastreceiveddatetimeflag":0,"tripposition":1}]},{"routeid":6715,"stationid":20905,"stationname":"Kamakshipalya","from":"Thigalarapalya","to":"Kempegowda Bus Station","routeno":"265-B","distance_on_station":9.381,"centerlat":12.98385,"centerlong":77.52924,"responsecode":200,"isnotify":0,"vehicleDetails":[{"vehicleid":20345,"vehiclenumber":"KA57F2753","servicetypeid":72,"servicetype":"Non AC/Ordinary","centerlat":12.976006,"centerlong":77.557518,"eta":"","sch_arrivaltime":"16:56","sch_departuretime":"16:56","actual_arrivaltime":"16:39","actual_departuretime":"16:39","sch_tripstarttime":"16:30","sch_tripendtime":"16:30","lastlocationid":0,"currentlocationid":20559,"nextlocationid":0,"currentstop":null,"nextstop":null,"laststop":null,"stopCoveredStatus":1,"heading":97,"lastrefreshon":"09-03-2024 16:54:45","lastreceiveddatetimeflag":0,"tripposition":1}]},{"routeid":6715,"stationid":20929,"stationname":"KHB Colony","from":"Thigalarapalya","to":"Kempegowda Bus Station","routeno":"265-B","distance_on_station":10.112,"centerlat":12.98142,"centerlong":77.53525,"responsecode":200,"isnotify":0,"vehicleDetails":[{"vehicleid":20345,"vehiclenumber":"KA57F2753","servicetypeid":72,"servicetype":"Non AC/Ordinary","centerlat":12.976006,"centerlong":77.557518,"eta":"","sch_arrivaltime":"16:57","sch_departuretime":"16:57","actual_arrivaltime":"","actual_departuretime":"","sch_tripstarttime":"16:30","sch_tripendtime":"16:30","lastlocationid":0,"currentlocationid":20559,"nextlocationid":0,"currentstop":null,"nextstop":null,"laststop":null,"stopCoveredStatus":1,"heading":97,"lastrefreshon":"09-03-2024 16:54:45","lastreceiveddatetimeflag":0,"tripposition":3}]},{"routeid":6715,"stationid":20599,"stationname":"Agrahara Dasarahalli","from":"Thigalarapalya","to":"Kempegowda Bus Station","routeno":"265-B","distance_on_station":10.992,"centerlat":12.97853,"centerlong":77.54293,"responsecode":200,"isnotify":0,"vehicleDetails":[{"vehicleid":20345,"vehiclenumber":"KA57F2753","servicetypeid":72,"servicetype":"Non AC/Ordinary","centerlat":12.976006,"centerlong":77.557518,"eta":"","sch_arrivaltime":"16:58","sch_departuretime":"16:58","actual_arrivaltime":"","actual_departuretime":"","sch_tripstarttime":"16:30","sch_tripendtime":"16:30","lastlocationid":0,"currentlocationid":20559,"nextlocationid":0,"currentstop":null,"nextstop":null,"laststop":null,"stopCoveredStatus":1,"heading":97,"lastrefreshon":"09-03-2024 16:54:45","lastreceiveddatetimeflag":0,"tripposition":3}]},{"routeid":6715,"stationid":20976,"stationname":"Magadi Road TollGate","from":"Thigalarapalya","to":"Kempegowda Bus Station","routeno":"265-B","distance_on_station":11.783,"centerlat":12.97459,"centerlong":77.54897,"responsecode":200,"isnotify":0,"vehicleDetails":[{"vehicleid":20345,"vehiclenumber":"KA57F2753","servicetypeid":72,"servicetype":"Non AC/Ordinary","centerlat":12.976006,"centerlong":77.557518,"eta":"","sch_arrivaltime":"17:00","sch_departuretime":"17:00","actual_arrivaltime":"16:50","actual_departuretime":"16:51","sch_tripstarttime":"16:30","sch_tripendtime":"16:30","lastlocationid":0,"currentlocationid":20559,"nextlocationid":0,"currentstop":null,"nextstop":null,"laststop":null,"stopCoveredStatus":1,"heading":97,"lastrefreshon":"09-03-2024 16:54:45","lastreceiveddatetimeflag":0,"tripposition":1}]},{"routeid":6715,"stationid":21102,"stationname":"Prasanna Theatre","from":"Thigalarapalya","to":"Kempegowda Bus Station","routeno":"265-B","distance_on_station":12.316,"centerlat":12.97542,"centerlong":77.55288,"responsecode":200,"isnotify":0,"vehicleDetails":[{"vehicleid":20345,"vehiclenumber":"KA57F2753","servicetypeid":72,"servicetype":"Non AC/Ordinary","centerlat":12.976006,"centerlong":77.557518,"eta":"","sch_arrivaltime":"17:02","sch_departuretime":"17:02","actual_arrivaltime":"16:53","actual_departuretime":"16:53","sch_tripstarttime":"16:30","sch_tripendtime":"16:30","lastlocationid":0,"currentlocationid":20559,"nextlocationid":0,"currentstop":null,"nextstop":null,"laststop":null,"stopCoveredStatus":1,"heading":97,"lastrefreshon":"09-03-2024 16:54:45","lastreceiveddatetimeflag":0,"tripposition":1}]},{"routeid":6715,"stationid":20559,"stationname":"10th Cross Magadi Road","from":"Thigalarapalya","to":"Kempegowda Bus Station","routeno":"265-B","distance_on_station":12.771,"centerlat":12.97574,"centerlong":77.55706,"responsecode":200,"isnotify":0,"vehicleDetails":[{"vehicleid":20345,"vehiclenumber":"KA57F2753","servicetypeid":72,"servicetype":"Non AC/Ordinary","centerlat":12.976006,"centerlong":77.557518,"eta":"2024-03-09 16:55:00","sch_arrivaltime":"17:03","sch_departuretime":"17:03","actual_arrivaltime":"","actual_departuretime":"","sch_tripstarttime":"16:30","sch_tripendtime":"16:30","lastlocationid":0,"currentlocationid":20559,"nextlocationid":0,"currentstop":null,"nextstop":null,"laststop":null,"stopCoveredStatus":0,"heading":97,"lastrefreshon":"09-03-2024 16:54:45","lastreceiveddatetimeflag":0,"tripposition":3}]},{"routeid":6715,"stationid":20585,"stationname":"5th Cross Magadi Road","from":"Thigalarapalya","to":"Kempegowda Bus Station","routeno":"265-B","distance_on_station":13.157,"centerlat":12.97578,"centerlong":77.56071,"responsecode":200,"isnotify":0,"vehicleDetails":[{"vehicleid":20345,"vehiclenumber":"KA57F2753","servicetypeid":72,"servicetype":"Non AC/Ordinary","centerlat":12.976006,"centerlong":77.557518,"eta":"2024-03-09 16:56:00","sch_arrivaltime":"17:04","sch_departuretime":"17:04","actual_arrivaltime":"","actual_departuretime":"","sch_tripstarttime":"16:30","sch_tripendtime":"16:30","lastlocationid":0,"currentlocationid":20559,"nextlocationid":0,"currentstop":null,"nextstop":null,"laststop":null,"stopCoveredStatus":0,"heading":97,"lastrefreshon":"09-03-2024 16:54:45","lastreceiveddatetimeflag":0,"tripposition":3}]},{"routeid":6715,"stationid":20578,"stationname":"1st Cross Magadi Road","from":"Thigalarapalya","to":"Kempegowda Bus Station","routeno":"265-B","distance_on_station":13.374,"centerlat":12.97569,"centerlong":77.5628,"responsecode":200,"isnotify":0,"vehicleDetails":[{"vehicleid":20345,"vehiclenumber":"KA57F2753","servicetypeid":72,"servicetype":"Non AC/Ordinary","centerlat":12.976006,"centerlong":77.557518,"eta":"2024-03-09 16:57:00","sch_arrivaltime":"17:05","sch_departuretime":"17:05","actual_arrivaltime":"","actual_departuretime":"","sch_tripstarttime":"16:30","sch_tripendtime":"16:30","lastlocationid":0,"currentlocationid":20559,"nextlocationid":0,"currentstop":null,"nextstop":null,"laststop":null,"stopCoveredStatus":0,"heading":97,"lastrefreshon":"09-03-2024 16:54:45","lastreceiveddatetimeflag":0,"tripposition":3}]},{"routeid":6715,"stationid":21026,"stationname":"Minerva Mill","from":"Thigalarapalya","to":"Kempegowda Bus Station","routeno":"265-B","distance_on_station":13.957,"centerlat":12.97945,"centerlong":77.56435,"responsecode":200,"isnotify":0,"vehicleDetails":[{"vehicleid":20345,"vehiclenumber":"KA57F2753","servicetypeid":72,"servicetype":"Non AC/Ordinary","centerlat":12.976006,"centerlong":77.557518,"eta":"2024-03-09 16:58:00","sch_arrivaltime":"17:06","sch_departuretime":"17:06","actual_arrivaltime":"","actual_departuretime":"","sch_tripstarttime":"16:30","sch_tripendtime":"16:30","lastlocationid":0,"currentlocationid":20559,"nextlocationid":0,"currentstop":null,"nextstop":null,"laststop":null,"stopCoveredStatus":0,"heading":97,"lastrefreshon":"09-03-2024 16:54:45","lastreceiveddatetimeflag":0,"tripposition":3}]},{"routeid":6715,"stationid":21071,"stationname":"Okalipura","from":"Thigalarapalya","to":"Kempegowda Bus Station","routeno":"265-B","distance_on_station":14.689,"centerlat":12.98267,"centerlong":77.56837,"responsecode":200,"isnotify":0,"vehicleDetails":[{"vehicleid":20345,"vehiclenumber":"KA57F2753","servicetypeid":72,"servicetype":"Non AC/Ordinary","centerlat":12.976006,"centerlong":77.557518,"eta":"2024-03-09 17:01:00","sch_arrivaltime":"17:07","sch_departuretime":"17:07","actual_arrivaltime":"","actual_departuretime":"","sch_tripstarttime":"16:30","sch_tripendtime":"16:30","lastlocationid":0,"currentlocationid":20559,"nextlocationid":0,"currentstop":null,"nextstop":null,"laststop":null,"stopCoveredStatus":0,"heading":97,"lastrefreshon":"09-03-2024 16:54:45","lastreceiveddatetimeflag":0,"tripposition":3}]},{"routeid":6715,"stationid":20922,"stationname":"Kempegowda Bus Station","from":"Thigalarapalya","to":"Kempegowda Bus Station","routeno":"265-B","distance_on_station":16.3,"centerlat":12.97749,"centerlong":77.57327,"responsecode":200,"isnotify":0,"vehicleDetails":[{"vehicleid":20345,"vehiclenumber":"KA57F2753","servicetypeid":72,"servicetype":"Non AC/Ordinary","centerlat":12.976006,"centerlong":77.557518,"eta":"2024-03-09 17:07:00","sch_arrivaltime":"17:13","sch_departuretime":"17:13","actual_arrivaltime":"","actual_departuretime":"","sch_tripstarttime":"16:30","sch_tripendtime":"16:30","lastlocationid":0,"currentlocationid":20559,"nextlocationid":0,"currentstop":null,"nextstop":null,"laststop":null,"stopCoveredStatus":0,"heading":97,"lastrefreshon":"09-03-2024 16:54:45","lastreceiveddatetimeflag":0,"tripposition":1}]}],"mapData":[{"vehicleid":20345,"vehiclenumber":"KA57F2753","servicetypeid":72,"servicetype":"Non AC/Ordinary","centerlat":12.976006,"centerlong":77.557518,"eta":"2024-03-09 17:07:00","sch_arrivaltime":"17:13","sch_departuretime":"17:13","actual_arrivaltime":"","actual_departuretime":"","sch_tripstarttime":"16:30","sch_tripendtime":"16:30","lastlocationid":0,"currentlocationid":20559,"nextlocationid":0,"currentstop":null,"nextstop":null,"laststop":null,"stopCoveredStatus":0,"heading":97,"lastrefreshon":"09-03-2024 16:54:45","lastreceiveddatetimeflag":0,"tripposition":1}]},"message":"Success","issuccess":true,"exception":null,"rowCount":0,"responsecode":200}