{"up":{"data":[{"routeid":4705,"stationid":35044,"stationname":"Depot-45 Gate","from":"Depot-45 Gate","to":"Hebbala","routeno":"279-E BPS-HBL-D45G","distance_on_station":0,"centerlat":13.08298,"centerlong":77.55066,"responsecode":200,"isnotify":0,"vehicleDetails":[{"vehicleid":22740,"vehiclenumber":"KA57F1942","servicetypeid":72,"servicetype":"Non AC/Ordinary","centerlat":13.064236,"centerlong":77.544159,"eta":"","sch_arrivaltime":"13:41","sch_departuretime":"13:41","actual_arrivaltime":"","actual_departuretime":"","sch_tripstarttime":"13:41","sch_tripendtime":"13:41","lastlocationid":0,"currentlocationid":22163,"nextlocationid":0,"currentstop":null,"nextstop":null,"laststop":null,"stopCoveredStatus":1,"heading":184,"lastrefreshon":"14-03-2024 13:46:03","lastreceiveddatetimeflag":0,"tripposition":1}]},{"routeid":4705,"stationid":33957,"stationname":"MS Palya","from":"Depot-45 Gate","to":"Hebbala","routeno":"279-E BPS-HBL-D45G","distance_on_station":0.316,"centerlat":13.08145,"centerlong":77.54831,"responsecode":200,"isnotify":0,"vehicleDetails":[{"vehicleid":22740,"vehiclenumber":"KA57F1942","servicetypeid":72,"servicetype":"Non AC/Ordinary","centerlat":13.064236,"centerlong":77.544159,"eta":"","sch_arrivaltime":"13:42","sch_departuretime":"13:42","actual_arrivaltime":"13:41","actual_departuretime":"13:41","sch_tripstarttime":"13:41","sch_tripendtime":"13:41","lastlocationid":0,"currentlocationid":22163,"nextlocationid":0,"currentstop":null,"nextstop":null,"laststop":null,"stopCoveredStatus":1,"heading":184,"lastrefreshon":"14-03-2024 13:46:03","lastreceiveddatetimeflag":0,"tripposition":1}]},{"routeid":4705,"stationid":26259,"stationname":"Jalahalli East 7th Camp","from":"Depot-45 Gate","to":"Hebbala","routeno":"279-E BPS-HBL-D45G","distance_on_station":1.151,"centerlat":13.07354,"centerlong":77.5465,"responsecode":200,"isnotify":0,"vehicleDetails":[{"vehicleid":22740,"vehiclenumber":"KA57F1942","servicetypeid":72,"servicetype":"Non AC/Ordinary","centerlat":13.064236,"centerlong":77.544159,"eta":"","sch_arrivaltime":"13:43","sch_departuretime":"13:43","actual_arrivaltime":"13:43","actual_departuretime":"13:43","sch_tripstarttime":"13:41","sch_tripendtime":"13:41","lastlocationid":0,"currentlocationid":22163,"nextlocationid":0,"currentstop":null,"nextstop":null,"laststop":null,"stopCoveredStatus":1,"heading":184,"lastrefreshon":"14-03-2024 13:46:03","lastreceiveddatetimeflag":0,"tripposition":1}]},{"routeid":4705,"stationid":22467,"stationname":"SBI Bank","from":"Depot-45 Gate","to":"Hebbala","routeno":"279-E BPS-HBL-D45G","distance_on_station":1.271,"centerlat":13.07239,"centerlong":77.54625,"responsecode":200,"isnotify":0,"vehicleDetails":[{"vehicleid":22740,"vehiclenumber":"KA57F1942","servicetypeid":72,"servicetype":"Non AC/Ordinary","centerlat":13.064236,"centerlong":77.544159,"eta":"","sch_arrivaltime":"13:44","sch_departuretime":"13:44","actual_arrivaltime":"13:43","actual_departuretime":"13:44","sch_tripstarttime":"13:41","sch_tripendtime":"13:41","lastlocationid":0,"currentlocationid":22163,"nextlocationid":0,"currentstop":null,"nextstop":null,"laststop":null,"stopCoveredStatus":1,"heading":184,"lastrefreshon":"14-03-2024 13:46:03","lastreceiveddatetimeflag":0,"tripposition":1}]},{"routeid":4705,"stationid":22092,"stationname":"Jalahalli East","from":"Depot-45 Gate","to":"Hebbala","routeno":"279-E BPS-HBL-D45G","distance_on_station":1.809,"centerlat":13.06759,"centerlong":77.54464,"responsecode":200,"isnotify":0,"vehicleDetails":[{"vehicleid":22740,"vehiclenumber":"KA57F1942","servicetypeid":72,"servicetype":"Non AC/Ordinary","centerlat":13.064236,"centerlong":77.544159,"eta":"2024-03-14 13:46:00","sch_arrivaltime":"13:45","sch_departuretime":"13:45","actual_arrivaltime":"13:45","actual_departuretime":"13:45","sch_tripstarttime":"13:41","sch_tripendtime":"13:41","lastlocationid":0,"currentlocationid":22163,"nextlocationid":0,"currentstop":null,"nextstop":null,"laststop":null,"stopCoveredStatus":1,"heading":184,"lastrefreshon":"14-03-2024 13:46:03","lastreceiveddatetimeflag":0,"tripposition":1}]},{"routeid":4705,"stationid":22163,"stationname":"Kendriya Vidyalaya","from":"Depot-45 Gate","to":"Hebbala","routeno":"279-E BPS-HBL-D45G","distance_on_station":2.023,"centerlat":13.06556,"centerlong":77.54428,"responsecode":200,"isnotify":0,"vehicleDetails":[{"vehicleid":22740,"vehiclenumber":"KA57F1942","servicetypeid":72,"servicetype":"Non AC/Ordinary","centerlat":13.064236,"centerlong":77.544159,"eta":"2024-03-14 13:47:00","sch_arrivaltime":"13:46","sch_departuretime":"13:46","actual_arrivaltime":"13:45","actual_departuretime":"13:45","sch_tripstarttime":"13:41","sch_tripendtime":"13:41","lastlocationid":0,"currentlocationid":22163,"nextlocationid":0,"currentstop":null,"nextstop":null,"laststop":null,"stopCoveredStatus":1,"heading":184,"lastrefreshon":"14-03-2024 13:46:03","lastreceiveddatetimeflag":0,"tripposition":1}]},{"routeid":4705,"stationid":25311,"stationname":"Gangamma Circle","from":"Depot-45 Gate","to":"Hebbala","routeno":"279-E BPS-HBL-D45G","distance_on_station":2.867,"centerlat":13.05776,"centerlong":77.54635,"responsecode":200,"isnotify":0,"vehicleDetails":[{"vehicleid":22740,"vehiclenumber":"KA57F1942","servicetypeid":72,"servicetype":"Non AC/Ordinary","centerlat":13.064236,"centerlong":77.544159,"eta":"2024-03-14 13:48:00","sch_arrivaltime":"13:48","sch_departuretime":"13:48","actual_arrivaltime":"","actual_departuretime":"","sch_tripstarttime":"13:41","sch_tripendtime":"13:41","lastlocationid":0,"currentlocationid":22163,"nextlocationid":0,"currentstop":null,"nextstop":null,"laststop":null,"stopCoveredStatus":0,"heading":184,"lastrefreshon":"14-03-2024 13:46:03","lastreceiveddatetimeflag":0,"tripposition":3}]},{"routeid":4705,"stationid":35215,"stationname":"HMT Club House","from":"Depot-45 Gate","to":"Hebbala","routeno":"279-E BPS-HBL-D45G","distance_on_station":3.498,"centerlat":13.0535,"centerlong":77.55068,"responsecode":200,"isnotify":0,"vehicleDetails":[{"vehicleid":22740,"vehiclenumber":"KA57F1942","servicetypeid":72,"servicetype":"Non AC/Ordinary","centerlat":13.064236,"centerlong":77.544159,"eta":"2024-03-14 13:50:00","sch_arrivaltime":"13:51","sch_departuretime":"13:51","actual_arrivaltime":"","actual_departuretime":"","sch_tripstarttime":"13:41","sch_tripendtime":"13:41","lastlocationid":0,"currentlocationid":22163,"nextlocationid":0,"currentstop":null,"nextstop":null,"laststop":null,"stopCoveredStatus":0,"heading":184,"lastrefreshon":"14-03-2024 13:46:03","lastreceiveddatetimeflag":0,"tripposition":3}]},{"routeid":4705,"stationid":35683,"stationname":"BEL Market 1","from":"Depot-45 Gate","to":"Hebbala","routeno":"279-E BPS-HBL-D45G","distance_on_station":3.703,"centerlat":13.05192,"centerlong":77.55193,"responsecode":200,"isnotify":0,"vehicleDetails":[{"vehicleid":22740,"vehiclenumber":"KA57F1942","servicetypeid":72,"servicetype":"Non AC/Ordinary","centerlat":13.064236,"centerlong":77.544159,"eta":"2024-03-14 13:51:00","sch_arrivaltime":"13:52","sch_departuretime":"13:52","actual_arrivaltime":"","actual_departuretime":"","sch_tripstarttime":"13:41","sch_tripendtime":"13:41","lastlocationid":0,"currentlocationid":22163,"nextlocationid":0,"currentstop":null,"nextstop":null,"laststop":null,"stopCoveredStatus":0,"heading":184,"lastrefreshon":"14-03-2024 13:46:03","lastreceiveddatetimeflag":0,"tripposition":3}]},{"routeid":4705,"stationid":22705,"stationname":"State Bank of India","from":"Depot-45 Gate","to":"Hebbala","routeno":"279-E BPS-HBL-D45G","distance_on_station":3.953,"centerlat":13.05051,"centerlong":77.55309,"responsecode":200,"isnotify":0,"vehicleDetails":[{"vehicleid":22740,"vehiclenumber":"KA57F1942","servicetypeid":72,"servicetype":"Non AC/Ordinary","centerlat":13.064236,"centerlong":77.544159,"eta":"2024-03-14 13:55:00","sch_arrivaltime":"13:54","sch_departuretime":"13:54","actual_arrivaltime":"","actual_departuretime":"","sch_tripstarttime":"13:41","sch_tripendtime":"13:41","lastlocationid":0,"currentlocationid":22163,"nextlocationid":0,"currentstop":null,"nextstop":null,"laststop":null,"stopCoveredStatus":0,"heading":184,"lastrefreshon":"14-03-2024 13:46:03","lastreceiveddatetimeflag":0,"tripposition":3}]},{"routeid":4705,"stationid":20637,"stationname":"BEL Circle","from":"Depot-45 Gate","to":"Hebbala","routeno":"279-E BPS-HBL-D45G","distance_on_station":4.538,"centerlat":13.0452,"centerlong":77.55669,"responsecode":200,"isnotify":0,"vehicleDetails":[{"vehicleid":22740,"vehiclenumber":"KA57F1942","servicetypeid":72,"servicetype":"Non AC/Ordinary","centerlat":13.064236,"centerlong":77.544159,"eta":"2024-03-14 13:54:00","sch_arrivaltime":"13:55","sch_departuretime":"13:55","actual_arrivaltime":"","actual_departuretime":"","sch_tripstarttime":"13:41","sch_tripendtime":"13:41","lastlocationid":0,"currentlocationid":22163,"nextlocationid":0,"currentstop":null,"nextstop":null,"laststop":null,"stopCoveredStatus":0,"heading":184,"lastrefreshon":"14-03-2024 13:46:03","lastreceiveddatetimeflag":0,"tripposition":3}]},{"routeid":4705,"stationid":20961,"stationname":"Kuvempu Circle","from":"Depot-45 Gate","to":"Hebbala","routeno":"279-E BPS-HBL-D45G","distance_on_station":5.234,"centerlat":13.04465,"centerlong":77.56263,"responsecode":200,"isnotify":0,"vehicleDetails":[{"vehicleid":22740,"vehiclenumber":"KA57F1942","servicetypeid":72,"servicetype":"Non AC/Ordinary","centerlat":13.064236,"centerlong":77.544159,"eta":"2024-03-14 13:56:00","sch_arrivaltime":"13:57","sch_departuretime":"13:57","actual_arrivaltime":"","actual_departuretime":"","sch_tripstarttime":"13:41","sch_tripendtime":"13:41","lastlocationid":0,"currentlocationid":22163,"nextlocationid":0,"currentstop":null,"nextstop":null,"laststop":null,"stopCoveredStatus":0,"heading":184,"lastrefreshon":"14-03-2024 13:46:03","lastreceiveddatetimeflag":0,"tripposition":3}]},{"routeid":4705,"stationid":20757,"stationname":"Devinagara Cross","from":"Depot-45 Gate","to":"Hebbala","routeno":"279-E BPS-HBL-D45G","distance_on_station":5.948,"centerlat":13.047,"centerlong":77.56904,"responsecode":200,"isnotify":0,"vehicleDetails":[{"vehicleid":22740,"vehiclenumber":"KA57F1942","servicetypeid":72,"servicetype":"Non AC/Ordinary","centerlat":13.064236,"centerlong":77.544159,"eta":"2024-03-14 13:58:00","sch_arrivaltime":"13:58","sch_departuretime":"13:58","actual_arrivaltime":"","actual_departuretime":"","sch_tripstarttime":"13:41","sch_tripendtime":"13:41","lastlocationid":0,"currentlocationid":22163,"nextlocationid":0,"currentstop":null,"nextstop":null,"laststop":null,"stopCoveredStatus":0,"heading":184,"lastrefreshon":"14-03-2024 13:46:03","lastreceiveddatetimeflag":0,"tripposition":3}]},{"routeid":4705,"stationid":27640,"stationname":"Patelappa Layout","from":"Depot-45 Gate","to":"Hebbala","routeno":"279-E BPS-HBL-D45G","distance_on_station":6.384,"centerlat":13.04629,"centerlong":77.57266,"responsecode":200,"isnotify":0,"vehicleDetails":[{"vehicleid":22740,"vehiclenumber":"KA57F1942","servicetypeid":72,"servicetype":"Non AC/Ordinary","centerlat":13.064236,"centerlong":77.544159,"eta":"2024-03-14 14:01:00","sch_arrivaltime":"13:59","sch_departuretime":"13:59","actual_arrivaltime":"","actual_departuretime":"","sch_tripstarttime":"13:41","sch_tripendtime":"13:41","lastlocationid":0,"currentlocationid":22163,"nextlocationid":0,"currentstop":null,"nextstop":null,"laststop":null,"stopCoveredStatus":0,"heading":184,"lastrefreshon":"14-03-2024 13:46:03","lastreceiveddatetimeflag":0,"tripposition":3}]},{"routeid":4705,"stationid":29237,"stationname":"Gundappa Road","from":"Depot-45 Gate","to":"Hebbala","routeno":"279-E BPS-HBL-D45G","distance_on_station":6.858,"centerlat":13.04252,"centerlong":77.57321,"responsecode":200,"isnotify":0,"vehicleDetails":[{"vehicleid":22740,"vehiclenumber":"KA57F1942","servicetypeid":72,"servicetype":"Non AC/Ordinary","centerlat":13.064236,"centerlong":77.544159,"eta":"2024-03-14 14:02:00","sch_arrivaltime":"14:00","sch_departuretime":"14:00","actual_arrivaltime":"","actual_departuretime":"","sch_tripstarttime":"13:41","sch_tripendtime":"13:41","lastlocationid":0,"currentlocationid":22163,"nextlocationid":0,"currentstop":null,"nextstop":null,"laststop":null,"stopCoveredStatus":0,"heading":184,"lastrefreshon":"14-03-2024 13:46:03","lastreceiveddatetimeflag":0,"tripposition":3}]},{"routeid":4705,"stationid":20668,"stationname":"Bhoopasandra Ayyappa Bakery","from":"Depot-45 Gate","to":"Hebbala","routeno":"279-E BPS-HBL-D45G","distance_on_station":7.238,"centerlat":13.04265,"centerlong":77.57706,"responsecode":200,"isnotify":0,"vehicleDetails":[{"vehicleid":22740,"vehiclenumber":"KA57F1942","servicetypeid":72,"servicetype":"Non AC/Ordinary","centerlat":13.064236,"centerlong":77.544159,"eta":"2024-03-14 14:03:00","sch_arrivaltime":"14:01","sch_departuretime":"14:01","actual_arrivaltime":"","actual_departuretime":"","sch_tripstarttime":"13:41","sch_tripendtime":"13:41","lastlocationid":0,"currentlocationid":22163,"nextlocationid":0,"currentstop":null,"nextstop":null,"laststop":null,"stopCoveredStatus":0,"heading":184,"lastrefreshon":"14-03-2024 13:46:03","lastreceiveddatetimeflag":0,"tripposition":3}]},{"routeid":4705,"stationid":20666,"stationname":"Bhoopasandra","from":"Depot-45 Gate","to":"Hebbala","routeno":"279-E BPS-HBL-D45G","distance_on_station":7.628,"centerlat":13.04247,"centerlong":77.5808,"responsecode":200,"isnotify":0,"vehicleDetails":[{"vehicleid":22740,"vehiclenumber":"KA57F1942","servicetypeid":72,"servicetype":"Non AC/Ordinary","centerlat":13.064236,"centerlong":77.544159,"eta":"2024-03-14 14:04:00","sch_arrivaltime":"14:02","sch_departuretime":"14:02","actual_arrivaltime":"","actual_departuretime":"","sch_tripstarttime":"13:41","sch_tripendtime":"13:41","lastlocationid":0,"currentlocationid":22163,"nextlocationid":0,"currentstop":null,"nextstop":null,"laststop":null,"stopCoveredStatus":0,"heading":184,"lastrefreshon":"14-03-2024 13:46:03","lastreceiveddatetimeflag":0,"tripposition":3}]},{"routeid":4705,"stationid":20817,"stationname":"Hebbala","from":"Depot-45 Gate","to":"Hebbala","routeno":"279-E BPS-HBL-D45G","distance_on_station":8.5,"centerlat":13.04127,"centerlong":77.58942,"responsecode":200,"isnotify":0,"vehicleDetails":[{"vehicleid":22740,"vehiclenumber":"KA57F1942","servicetypeid":72,"servicetype":"Non AC/Ordinary","centerlat":13.064236,"centerlong":77.544159,"eta":"2024-03-14 14:07:00","sch_arrivaltime":"14:04","sch_departuretime":"14:04","actual_arrivaltime":"","actual_departuretime":"","sch_tripstarttime":"13:41","sch_tripendtime":"13:41","lastlocationid":0,"currentlocationid":22163,"nextlocationid":0,"currentstop":null,"nextstop":null,"laststop":null,"stopCoveredStatus":0,"heading":184,"lastrefreshon":"14-03-2024 13:46:03","lastreceiveddatetimeflag":0,"tripposition":1}]}],"mapData":[{"vehicleid":22740,"vehiclenumber":"KA57F1942","servicetypeid":72,"servicetype":"Non AC/Ordinary","centerlat":13.064236,"centerlong":77.544159,"eta":"2024-03-14 14:07:00","sch_arrivaltime":"14:04","sch_departuretime":"14:04","actual_arrivaltime":"","actual_departuretime":"","sch_tripstarttime":"13:41","sch_tripendtime":"13:41","lastlocationid":0,"currentlocationid":22163,"nextlocationid":0,"currentstop":null,"nextstop":null,"laststop":null,"stopCoveredStatus":0,"heading":184,"lastrefreshon":"14-03-2024 13:46:03","lastreceiveddatetimeflag":0,"tripposition":1}]},"down":{"data":[],"mapData":[]},"message":"Success","issuccess":true,"exception":null,"rowCount":0,"responsecode":200}