{"up":{"data":[],"mapData":[]},"down":{"data":[{"routeid":13966,"stationid":38894,"stationname":"Depot-52 Departure","from":"Depot-52 Departure","to":"Hebbala Bridge","routeno":"289 HBLB-D52G","distance_on_station":0,"centerlat":13.15742,"centerlong":77.65912,"responsecode":200,"isnotify":0,"vehicleDetails":[{"vehicleid":19502,"vehiclenumber":"KA57F2834","servicetypeid":72,"servicetype":"Non AC/Ordinary","centerlat":13.106265,"centerlong":77.601471,"eta":"","sch_arrivaltime":"13:11","sch_departuretime":"13:11","actual_arrivaltime":"","actual_departuretime":"","sch_tripstarttime":"13:11","sch_tripendtime":"13:11","lastlocationid":0,"currentlocationid":33454,"nextlocationid":0,"currentstop":null,"nextstop":null,"laststop":null,"stopCoveredStatus":0,"heading":31,"lastrefreshon":"16-10-2024 14:18:01","lastreceiveddatetimeflag":0,"tripposition":3}]},{"routeid":13966,"stationid":38892,"stationname":"Razakpalya Cross","from":"Depot-52 Departure","to":"Hebbala Bridge","routeno":"289 HBLB-D52G","distance_on_station":1.439,"centerlat":13.14968,"centerlong":77.65884,"responsecode":200,"isnotify":0,"vehicleDetails":[{"vehicleid":19502,"vehiclenumber":"KA57F2834","servicetypeid":72,"servicetype":"Non AC/Ordinary","centerlat":13.106265,"centerlong":77.601471,"eta":"","sch_arrivaltime":"13:13","sch_departuretime":"13:13","actual_arrivaltime":"","actual_departuretime":"","sch_tripstarttime":"13:11","sch_tripendtime":"13:11","lastlocationid":0,"currentlocationid":33454,"nextlocationid":0,"currentstop":null,"nextstop":null,"laststop":null,"stopCoveredStatus":0,"heading":31,"lastrefreshon":"16-10-2024 14:18:01","lastreceiveddatetimeflag":0,"tripposition":3}]},{"routeid":13966,"stationid":35634,"stationname":"Bagalur Colony","from":"Depot-52 Departure","to":"Hebbala Bridge","routeno":"289 HBLB-D52G","distance_on_station":3.148,"centerlat":13.14146,"centerlong":77.6713,"responsecode":200,"isnotify":0,"vehicleDetails":[{"vehicleid":19502,"vehiclenumber":"KA57F2834","servicetypeid":72,"servicetype":"Non AC/Ordinary","centerlat":13.106265,"centerlong":77.601471,"eta":"","sch_arrivaltime":"13:16","sch_departuretime":"13:16","actual_arrivaltime":"","actual_departuretime":"","sch_tripstarttime":"13:11","sch_tripendtime":"13:11","lastlocationid":0,"currentlocationid":33454,"nextlocationid":0,"currentstop":null,"nextstop":null,"laststop":null,"stopCoveredStatus":0,"heading":31,"lastrefreshon":"16-10-2024 14:18:01","lastreceiveddatetimeflag":0,"tripposition":3}]},{"routeid":13966,"stationid":21699,"stationname":"Bagalur","from":"Depot-52 Departure","to":"Hebbala Bridge","routeno":"289 HBLB-D52G","distance_on_station":4.028,"centerlat":13.13453,"centerlong":77.66797,"responsecode":200,"isnotify":0,"vehicleDetails":[{"vehicleid":19502,"vehiclenumber":"KA57F2834","servicetypeid":72,"servicetype":"Non AC/Ordinary","centerlat":13.106265,"centerlong":77.601471,"eta":"","sch_arrivaltime":"13:18","sch_departuretime":"13:18","actual_arrivaltime":"","actual_departuretime":"","sch_tripstarttime":"13:11","sch_tripendtime":"13:11","lastlocationid":0,"currentlocationid":33454,"nextlocationid":0,"currentstop":null,"nextstop":null,"laststop":null,"stopCoveredStatus":0,"heading":31,"lastrefreshon":"16-10-2024 14:18:01","lastreceiveddatetimeflag":0,"tripposition":3}]},{"routeid":13966,"stationid":21700,"stationname":"Bagalur Santhe","from":"Depot-52 Departure","to":"Hebbala Bridge","routeno":"289 HBLB-D52G","distance_on_station":4.218,"centerlat":13.13334,"centerlong":77.6668,"responsecode":200,"isnotify":0,"vehicleDetails":[{"vehicleid":19502,"vehiclenumber":"KA57F2834","servicetypeid":72,"servicetype":"Non AC/Ordinary","centerlat":13.106265,"centerlong":77.601471,"eta":"","sch_arrivaltime":"13:19","sch_departuretime":"13:19","actual_arrivaltime":"","actual_departuretime":"","sch_tripstarttime":"13:11","sch_tripendtime":"13:11","lastlocationid":0,"currentlocationid":33454,"nextlocationid":0,"currentstop":null,"nextstop":null,"laststop":null,"stopCoveredStatus":0,"heading":31,"lastrefreshon":"16-10-2024 14:18:01","lastreceiveddatetimeflag":0,"tripposition":3}]},{"routeid":13966,"stationid":34478,"stationname":"Sathanur","from":"Depot-52 Departure","to":"Hebbala Bridge","routeno":"289 HBLB-D52G","distance_on_station":6.447,"centerlat":13.13183,"centerlong":77.64739,"responsecode":200,"isnotify":0,"vehicleDetails":[{"vehicleid":19502,"vehiclenumber":"KA57F2834","servicetypeid":72,"servicetype":"Non AC/Ordinary","centerlat":13.106265,"centerlong":77.601471,"eta":"","sch_arrivaltime":"13:22","sch_departuretime":"13:22","actual_arrivaltime":"","actual_departuretime":"","sch_tripstarttime":"13:11","sch_tripendtime":"13:11","lastlocationid":0,"currentlocationid":33454,"nextlocationid":0,"currentstop":null,"nextstop":null,"laststop":null,"stopCoveredStatus":0,"heading":31,"lastrefreshon":"16-10-2024 14:18:01","lastreceiveddatetimeflag":0,"tripposition":3}]},{"routeid":13966,"stationid":28178,"stationname":"Sathanur Colony","from":"Depot-52 Departure","to":"Hebbala Bridge","routeno":"289 HBLB-D52G","distance_on_station":6.937,"centerlat":13.12786,"centerlong":77.64662,"responsecode":200,"isnotify":0,"vehicleDetails":[{"vehicleid":19502,"vehiclenumber":"KA57F2834","servicetypeid":72,"servicetype":"Non AC/Ordinary","centerlat":13.106265,"centerlong":77.601471,"eta":"","sch_arrivaltime":"13:23","sch_departuretime":"13:23","actual_arrivaltime":"","actual_departuretime":"","sch_tripstarttime":"13:11","sch_tripendtime":"13:11","lastlocationid":0,"currentlocationid":33454,"nextlocationid":0,"currentstop":null,"nextstop":null,"laststop":null,"stopCoveredStatus":0,"heading":31,"lastrefreshon":"16-10-2024 14:18:01","lastreceiveddatetimeflag":0,"tripposition":3}]},{"routeid":13966,"stationid":34691,"stationname":"Srinivasapura Cross","from":"Depot-52 Departure","to":"Hebbala Bridge","routeno":"289 HBLB-D52G","distance_on_station":7.196,"centerlat":13.12598,"centerlong":77.64524,"responsecode":200,"isnotify":0,"vehicleDetails":[{"vehicleid":19502,"vehiclenumber":"KA57F2834","servicetypeid":72,"servicetype":"Non AC/Ordinary","centerlat":13.106265,"centerlong":77.601471,"eta":"","sch_arrivaltime":"13:24","sch_departuretime":"13:24","actual_arrivaltime":"","actual_departuretime":"","sch_tripstarttime":"13:11","sch_tripendtime":"13:11","lastlocationid":0,"currentlocationid":33454,"nextlocationid":0,"currentstop":null,"nextstop":null,"laststop":null,"stopCoveredStatus":0,"heading":31,"lastrefreshon":"16-10-2024 14:18:01","lastreceiveddatetimeflag":0,"tripposition":3}]},{"routeid":13966,"stationid":24724,"stationname":"Country Club Bagaluru","from":"Depot-52 Departure","to":"Hebbala Bridge","routeno":"289 HBLB-D52G","distance_on_station":7.916,"centerlat":13.12348,"centerlong":77.63937,"responsecode":200,"isnotify":0,"vehicleDetails":[{"vehicleid":19502,"vehiclenumber":"KA57F2834","servicetypeid":72,"servicetype":"Non AC/Ordinary","centerlat":13.106265,"centerlong":77.601471,"eta":"","sch_arrivaltime":"13:25","sch_departuretime":"13:25","actual_arrivaltime":"","actual_departuretime":"","sch_tripstarttime":"13:11","sch_tripendtime":"13:11","lastlocationid":0,"currentlocationid":33454,"nextlocationid":0,"currentstop":null,"nextstop":null,"laststop":null,"stopCoveredStatus":0,"heading":31,"lastrefreshon":"16-10-2024 14:18:01","lastreceiveddatetimeflag":0,"tripposition":3}]},{"routeid":13966,"stationid":34417,"stationname":"Reva College Gate","from":"Depot-52 Departure","to":"Hebbala Bridge","routeno":"289 HBLB-D52G","distance_on_station":8.906,"centerlat":13.12214,"centerlong":77.63037,"responsecode":200,"isnotify":0,"vehicleDetails":[{"vehicleid":19502,"vehiclenumber":"KA57F2834","servicetypeid":72,"servicetype":"Non AC/Ordinary","centerlat":13.106265,"centerlong":77.601471,"eta":"","sch_arrivaltime":"13:27","sch_departuretime":"13:27","actual_arrivaltime":"","actual_departuretime":"","sch_tripstarttime":"13:11","sch_tripendtime":"13:11","lastlocationid":0,"currentlocationid":33454,"nextlocationid":0,"currentstop":null,"nextstop":null,"laststop":null,"stopCoveredStatus":0,"heading":31,"lastrefreshon":"16-10-2024 14:18:01","lastreceiveddatetimeflag":0,"tripposition":3}]},{"routeid":13966,"stationid":30895,"stationname":"Kattigehalli Cross","from":"Depot-52 Departure","to":"Hebbala Bridge","routeno":"289 HBLB-D52G","distance_on_station":9.405,"centerlat":13.12176,"centerlong":77.62576,"responsecode":200,"isnotify":0,"vehicleDetails":[{"vehicleid":19502,"vehiclenumber":"KA57F2834","servicetypeid":72,"servicetype":"Non AC/Ordinary","centerlat":13.106265,"centerlong":77.601471,"eta":"","sch_arrivaltime":"13:28","sch_departuretime":"13:28","actual_arrivaltime":"","actual_departuretime":"","sch_tripstarttime":"13:11","sch_tripendtime":"13:11","lastlocationid":0,"currentlocationid":33454,"nextlocationid":0,"currentstop":null,"nextstop":null,"laststop":null,"stopCoveredStatus":0,"heading":31,"lastrefreshon":"16-10-2024 14:18:01","lastreceiveddatetimeflag":0,"tripposition":3}]},{"routeid":13966,"stationid":25171,"stationname":"Dwaraka Nagara","from":"Depot-52 Departure","to":"Hebbala Bridge","routeno":"289 HBLB-D52G","distance_on_station":10.235,"centerlat":13.12125,"centerlong":77.61816,"responsecode":200,"isnotify":0,"vehicleDetails":[{"vehicleid":19502,"vehiclenumber":"KA57F2834","servicetypeid":72,"servicetype":"Non AC/Ordinary","centerlat":13.106265,"centerlong":77.601471,"eta":"","sch_arrivaltime":"13:30","sch_departuretime":"13:30","actual_arrivaltime":"","actual_departuretime":"","sch_tripstarttime":"13:11","sch_tripendtime":"13:11","lastlocationid":0,"currentlocationid":33454,"nextlocationid":0,"currentstop":null,"nextstop":null,"laststop":null,"stopCoveredStatus":0,"heading":31,"lastrefreshon":"16-10-2024 14:18:01","lastreceiveddatetimeflag":0,"tripposition":3}]},{"routeid":13966,"stationid":38375,"stationname":"Bagalur Cross","from":"Depot-52 Departure","to":"Hebbala Bridge","routeno":"289 HBLB-D52G","distance_on_station":10.985,"centerlat":13.12175,"centerlong":77.61129,"responsecode":200,"isnotify":0,"vehicleDetails":[{"vehicleid":19502,"vehiclenumber":"KA57F2834","servicetypeid":72,"servicetype":"Non AC/Ordinary","centerlat":13.106265,"centerlong":77.601471,"eta":"","sch_arrivaltime":"13:35","sch_departuretime":"13:35","actual_arrivaltime":"","actual_departuretime":"","sch_tripstarttime":"13:11","sch_tripendtime":"13:11","lastlocationid":0,"currentlocationid":33454,"nextlocationid":0,"currentstop":null,"nextstop":null,"laststop":null,"stopCoveredStatus":0,"heading":31,"lastrefreshon":"16-10-2024 14:18:01","lastreceiveddatetimeflag":0,"tripposition":3}]},{"routeid":13966,"stationid":27578,"stationname":"Palanahalli Gate","from":"Depot-52 Departure","to":"Hebbala Bridge","routeno":"289 HBLB-D52G","distance_on_station":11.634,"centerlat":13.11678,"centerlong":77.60847,"responsecode":200,"isnotify":0,"vehicleDetails":[{"vehicleid":19502,"vehiclenumber":"KA57F2834","servicetypeid":72,"servicetype":"Non AC/Ordinary","centerlat":13.106265,"centerlong":77.601471,"eta":"","sch_arrivaltime":"13:36","sch_departuretime":"13:36","actual_arrivaltime":"","actual_departuretime":"","sch_tripstarttime":"13:11","sch_tripendtime":"13:11","lastlocationid":0,"currentlocationid":33454,"nextlocationid":0,"currentstop":null,"nextstop":null,"laststop":null,"stopCoveredStatus":0,"heading":31,"lastrefreshon":"16-10-2024 14:18:01","lastreceiveddatetimeflag":0,"tripposition":3}]},{"routeid":13966,"stationid":34897,"stationname":"Venkatala","from":"Depot-52 Departure","to":"Hebbala Bridge","routeno":"289 HBLB-D52G","distance_on_station":12.364,"centerlat":13.1111,"centerlong":77.60498,"responsecode":200,"isnotify":0,"vehicleDetails":[{"vehicleid":19502,"vehiclenumber":"KA57F2834","servicetypeid":72,"servicetype":"Non AC/Ordinary","centerlat":13.106265,"centerlong":77.601471,"eta":"","sch_arrivaltime":"13:37","sch_departuretime":"13:37","actual_arrivaltime":"","actual_departuretime":"","sch_tripstarttime":"13:11","sch_tripendtime":"13:11","lastlocationid":0,"currentlocationid":33454,"nextlocationid":0,"currentstop":null,"nextstop":null,"laststop":null,"stopCoveredStatus":0,"heading":31,"lastrefreshon":"16-10-2024 14:18:01","lastreceiveddatetimeflag":0,"tripposition":3}]},{"routeid":13966,"stationid":33454,"stationname":"Kendriya Vihara","from":"Depot-52 Departure","to":"Hebbala Bridge","routeno":"289 HBLB-D52G","distance_on_station":12.964,"centerlat":13.10643,"centerlong":77.60213,"responsecode":200,"isnotify":0,"vehicleDetails":[{"vehicleid":19502,"vehiclenumber":"KA57F2834","servicetypeid":72,"servicetype":"Non AC/Ordinary","centerlat":13.106265,"centerlong":77.601471,"eta":"","sch_arrivaltime":"13:38","sch_departuretime":"13:38","actual_arrivaltime":"","actual_departuretime":"","sch_tripstarttime":"13:11","sch_tripendtime":"13:11","lastlocationid":0,"currentlocationid":33454,"nextlocationid":0,"currentstop":null,"nextstop":null,"laststop":null,"stopCoveredStatus":0,"heading":31,"lastrefreshon":"16-10-2024 14:18:01","lastreceiveddatetimeflag":0,"tripposition":3}]},{"routeid":13966,"stationid":22184,"stationname":"Kogilu Cross","from":"Depot-52 Departure","to":"Hebbala Bridge","routeno":"289 HBLB-D52G","distance_on_station":13.263,"centerlat":13.10398,"centerlong":77.60084,"responsecode":200,"isnotify":0,"vehicleDetails":[{"vehicleid":19502,"vehiclenumber":"KA57F2834","servicetypeid":72,"servicetype":"Non AC/Ordinary","centerlat":13.106265,"centerlong":77.601471,"eta":"","sch_arrivaltime":"13:40","sch_departuretime":"13:40","actual_arrivaltime":"","actual_departuretime":"","sch_tripstarttime":"13:11","sch_tripendtime":"13:11","lastlocationid":0,"currentlocationid":33454,"nextlocationid":0,"currentstop":null,"nextstop":null,"laststop":null,"stopCoveredStatus":0,"heading":31,"lastrefreshon":"16-10-2024 14:18:01","lastreceiveddatetimeflag":0,"tripposition":3}]},{"routeid":13966,"stationid":34330,"stationname":"Raitarasanthe Yalahanka","from":"Depot-52 Departure","to":"Hebbala Bridge","routeno":"289 HBLB-D52G","distance_on_station":14.013,"centerlat":13.09749,"centerlong":77.59892,"responsecode":200,"isnotify":0,"vehicleDetails":[{"vehicleid":19502,"vehiclenumber":"KA57F2834","servicetypeid":72,"servicetype":"Non AC/Ordinary","centerlat":13.106265,"centerlong":77.601471,"eta":"","sch_arrivaltime":"13:42","sch_departuretime":"13:42","actual_arrivaltime":"","actual_departuretime":"","sch_tripstarttime":"13:11","sch_tripendtime":"13:11","lastlocationid":0,"currentlocationid":33454,"nextlocationid":0,"currentstop":null,"nextstop":null,"laststop":null,"stopCoveredStatus":0,"heading":31,"lastrefreshon":"16-10-2024 14:18:01","lastreceiveddatetimeflag":0,"tripposition":3}]},{"routeid":13966,"stationid":35106,"stationname":"Allalasandra Gate","from":"Depot-52 Departure","to":"Hebbala Bridge","routeno":"289 HBLB-D52G","distance_on_station":15.203,"centerlat":13.08737,"centerlong":77.59557,"responsecode":200,"isnotify":0,"vehicleDetails":[{"vehicleid":19502,"vehiclenumber":"KA57F2834","servicetypeid":72,"servicetype":"Non AC/Ordinary","centerlat":13.106265,"centerlong":77.601471,"eta":"","sch_arrivaltime":"13:44","sch_departuretime":"13:44","actual_arrivaltime":"","actual_departuretime":"","sch_tripstarttime":"13:11","sch_tripendtime":"13:11","lastlocationid":0,"currentlocationid":33454,"nextlocationid":0,"currentstop":null,"nextstop":null,"laststop":null,"stopCoveredStatus":0,"heading":31,"lastrefreshon":"16-10-2024 14:18:01","lastreceiveddatetimeflag":0,"tripposition":3}]},{"routeid":13966,"stationid":35376,"stationname":"Jakkur Aerodrum","from":"Depot-52 Departure","to":"Hebbala Bridge","routeno":"289 HBLB-D52G","distance_on_station":16.402,"centerlat":13.07701,"centerlong":77.59301,"responsecode":200,"isnotify":0,"vehicleDetails":[{"vehicleid":19502,"vehiclenumber":"KA57F2834","servicetypeid":72,"servicetype":"Non AC/Ordinary","centerlat":13.106265,"centerlong":77.601471,"eta":"","sch_arrivaltime":"13:46","sch_departuretime":"13:46","actual_arrivaltime":"","actual_departuretime":"","sch_tripstarttime":"13:11","sch_tripendtime":"13:11","lastlocationid":0,"currentlocationid":33454,"nextlocationid":0,"currentstop":null,"nextstop":null,"laststop":null,"stopCoveredStatus":0,"heading":31,"lastrefreshon":"16-10-2024 14:18:01","lastreceiveddatetimeflag":0,"tripposition":3}]},{"routeid":13966,"stationid":35685,"stationname":"GKVK GATE","from":"Depot-52 Departure","to":"Hebbala Bridge","routeno":"289 HBLB-D52G","distance_on_station":16.872,"centerlat":13.07276,"centerlong":77.59292,"responsecode":200,"isnotify":0,"vehicleDetails":[{"vehicleid":19502,"vehiclenumber":"KA57F2834","servicetypeid":72,"servicetype":"Non AC/Ordinary","centerlat":13.106265,"centerlong":77.601471,"eta":"","sch_arrivaltime":"13:47","sch_departuretime":"13:47","actual_arrivaltime":"","actual_departuretime":"","sch_tripstarttime":"13:11","sch_tripendtime":"13:11","lastlocationid":0,"currentlocationid":33454,"nextlocationid":0,"currentstop":null,"nextstop":null,"laststop":null,"stopCoveredStatus":0,"heading":31,"lastrefreshon":"16-10-2024 14:18:01","lastreceiveddatetimeflag":0,"tripposition":3}]},{"routeid":13966,"stationid":35273,"stationname":"Byatarayanapura","from":"Depot-52 Departure","to":"Hebbala Bridge","routeno":"289 HBLB-D52G","distance_on_station":17.521,"centerlat":13.06693,"centerlong":77.59337,"responsecode":200,"isnotify":0,"vehicleDetails":[{"vehicleid":19502,"vehiclenumber":"KA57F2834","servicetypeid":72,"servicetype":"Non AC/Ordinary","centerlat":13.106265,"centerlong":77.601471,"eta":"","sch_arrivaltime":"13:48","sch_departuretime":"13:48","actual_arrivaltime":"","actual_departuretime":"","sch_tripstarttime":"13:11","sch_tripendtime":"13:11","lastlocationid":0,"currentlocationid":33454,"nextlocationid":0,"currentstop":null,"nextstop":null,"laststop":null,"stopCoveredStatus":0,"heading":31,"lastrefreshon":"16-10-2024 14:18:01","lastreceiveddatetimeflag":0,"tripposition":3}]},{"routeid":13966,"stationid":35129,"stationname":"Kodigehalli Gate","from":"Depot-52 Departure","to":"Hebbala Bridge","routeno":"289 HBLB-D52G","distance_on_station":18.591,"centerlat":13.05734,"centerlong":77.59362,"responsecode":200,"isnotify":0,"vehicleDetails":[{"vehicleid":19502,"vehiclenumber":"KA57F2834","servicetypeid":72,"servicetype":"Non AC/Ordinary","centerlat":13.106265,"centerlong":77.601471,"eta":"","sch_arrivaltime":"13:50","sch_departuretime":"13:50","actual_arrivaltime":"","actual_departuretime":"","sch_tripstarttime":"13:11","sch_tripendtime":"13:11","lastlocationid":0,"currentlocationid":33454,"nextlocationid":0,"currentstop":null,"nextstop":null,"laststop":null,"stopCoveredStatus":0,"heading":31,"lastrefreshon":"16-10-2024 14:18:01","lastreceiveddatetimeflag":0,"tripposition":3}]},{"routeid":13966,"stationid":28995,"stationname":"Military Dairy Farm (Esteem Mall)","from":"Depot-52 Departure","to":"Hebbala Bridge","routeno":"289 HBLB-D52G","distance_on_station":19.46,"centerlat":13.04974,"centerlong":77.59287,"responsecode":200,"isnotify":0,"vehicleDetails":[{"vehicleid":19502,"vehiclenumber":"KA57F2834","servicetypeid":72,"servicetype":"Non AC/Ordinary","centerlat":13.106265,"centerlong":77.601471,"eta":"","sch_arrivaltime":"13:53","sch_departuretime":"13:53","actual_arrivaltime":"","actual_departuretime":"","sch_tripstarttime":"13:11","sch_tripendtime":"13:11","lastlocationid":0,"currentlocationid":33454,"nextlocationid":0,"currentstop":null,"nextstop":null,"laststop":null,"stopCoveredStatus":0,"heading":31,"lastrefreshon":"16-10-2024 14:18:01","lastreceiveddatetimeflag":0,"tripposition":3}]},{"routeid":13966,"stationid":25819,"stationname":"Hebbala Bridge","from":"Depot-52 Departure","to":"Hebbala Bridge","routeno":"289 HBLB-D52G","distance_on_station":20.4,"centerlat":13.04328,"centerlong":77.59036,"responsecode":200,"isnotify":0,"vehicleDetails":[{"vehicleid":19502,"vehiclenumber":"KA57F2834","servicetypeid":72,"servicetype":"Non AC/Ordinary","centerlat":13.106265,"centerlong":77.601471,"eta":"","sch_arrivaltime":"14:00","sch_departuretime":"14:00","actual_arrivaltime":"","actual_departuretime":"","sch_tripstarttime":"13:11","sch_tripendtime":"13:11","lastlocationid":0,"currentlocationid":33454,"nextlocationid":0,"currentstop":null,"nextstop":null,"laststop":null,"stopCoveredStatus":0,"heading":31,"lastrefreshon":"16-10-2024 14:18:01","lastreceiveddatetimeflag":0,"tripposition":3}]}],"mapData":[{"vehicleid":19502,"vehiclenumber":"KA57F2834","servicetypeid":72,"servicetype":"Non AC/Ordinary","centerlat":13.106265,"centerlong":77.601471,"eta":"","sch_arrivaltime":"14:00","sch_departuretime":"14:00","actual_arrivaltime":"","actual_departuretime":"","sch_tripstarttime":"13:11","sch_tripendtime":"13:11","lastlocationid":0,"currentlocationid":33454,"nextlocationid":0,"currentstop":null,"nextstop":null,"laststop":null,"stopCoveredStatus":0,"heading":31,"lastrefreshon":"16-10-2024 14:18:01","lastreceiveddatetimeflag":0,"tripposition":3}]},"message":"Success","issuccess":true,"exception":null,"rowCount":0,"responsecode":200}