{"up":{"data":[],"mapData":[]},"down":{"data":[{"routeid":12561,"stationid":22603,"stationname":"Vidyaranyapura","from":"Vidyaranyapura","to":"Shivajinagara Bus Station","routeno":"290-EB SBS-VRP","distance_on_station":0,"centerlat":13.08393,"centerlong":77.56029,"responsecode":200,"isnotify":0,"vehicleDetails":[{"vehicleid":22450,"vehiclenumber":"KA01F4957","servicetypeid":72,"servicetype":"Non AC/Ordinary","centerlat":0,"centerlong":0,"eta":"","sch_arrivaltime":"14:30","sch_departuretime":"14:30","actual_arrivaltime":"","actual_departuretime":"","sch_tripstarttime":"14:30","sch_tripendtime":"14:30","lastlocationid":0,"currentlocationid":21173,"nextlocationid":0,"currentstop":null,"nextstop":null,"laststop":null,"stopCoveredStatus":0,"heading":0,"lastrefreshon":"16-10-2024 15:34:04","lastreceiveddatetimeflag":0,"tripposition":3}]},{"routeid":12561,"stationid":22099,"stationname":"Jalli Machine","from":"Vidyaranyapura","to":"Shivajinagara Bus Station","routeno":"290-EB SBS-VRP","distance_on_station":0.527,"centerlat":13.08601,"centerlong":77.55562,"responsecode":200,"isnotify":0,"vehicleDetails":[{"vehicleid":22450,"vehiclenumber":"KA01F4957","servicetypeid":72,"servicetype":"Non AC/Ordinary","centerlat":0,"centerlong":0,"eta":"","sch_arrivaltime":"14:31","sch_departuretime":"14:31","actual_arrivaltime":"","actual_departuretime":"","sch_tripstarttime":"14:30","sch_tripendtime":"14:30","lastlocationid":0,"currentlocationid":21173,"nextlocationid":0,"currentstop":null,"nextstop":null,"laststop":null,"stopCoveredStatus":0,"heading":0,"lastrefreshon":"16-10-2024 15:34:04","lastreceiveddatetimeflag":0,"tripposition":3}]},{"routeid":12561,"stationid":21833,"stationname":"Chikka Bettahalli","from":"Vidyaranyapura","to":"Shivajinagara Bus Station","routeno":"290-EB SBS-VRP","distance_on_station":0.916,"centerlat":13.08949,"centerlong":77.55624,"responsecode":200,"isnotify":0,"vehicleDetails":[{"vehicleid":22450,"vehiclenumber":"KA01F4957","servicetypeid":72,"servicetype":"Non AC/Ordinary","centerlat":0,"centerlong":0,"eta":"","sch_arrivaltime":"14:32","sch_departuretime":"14:32","actual_arrivaltime":"","actual_departuretime":"","sch_tripstarttime":"14:30","sch_tripendtime":"14:30","lastlocationid":0,"currentlocationid":21173,"nextlocationid":0,"currentstop":null,"nextstop":null,"laststop":null,"stopCoveredStatus":0,"heading":0,"lastrefreshon":"16-10-2024 15:34:04","lastreceiveddatetimeflag":0,"tripposition":3}]},{"routeid":12561,"stationid":21750,"stationname":"Bettahalli Layout","from":"Vidyaranyapura","to":"Shivajinagara Bus Station","routeno":"290-EB SBS-VRP","distance_on_station":1.36,"centerlat":13.0924,"centerlong":77.55947,"responsecode":200,"isnotify":0,"vehicleDetails":[{"vehicleid":22450,"vehiclenumber":"KA01F4957","servicetypeid":72,"servicetype":"Non AC/Ordinary","centerlat":0,"centerlong":0,"eta":"","sch_arrivaltime":"14:33","sch_departuretime":"14:33","actual_arrivaltime":"","actual_departuretime":"","sch_tripstarttime":"14:30","sch_tripendtime":"14:30","lastlocationid":0,"currentlocationid":21173,"nextlocationid":0,"currentstop":null,"nextstop":null,"laststop":null,"stopCoveredStatus":0,"heading":0,"lastrefreshon":"16-10-2024 15:34:04","lastreceiveddatetimeflag":0,"tripposition":3}]},{"routeid":12561,"stationid":22552,"stationname":"Thirumala Dhaba","from":"Vidyaranyapura","to":"Shivajinagara Bus Station","routeno":"290-EB SBS-VRP","distance_on_station":2.054,"centerlat":13.09774,"centerlong":77.56323,"responsecode":200,"isnotify":0,"vehicleDetails":[{"vehicleid":22450,"vehiclenumber":"KA01F4957","servicetypeid":72,"servicetype":"Non AC/Ordinary","centerlat":0,"centerlong":0,"eta":"","sch_arrivaltime":"14:34","sch_departuretime":"14:34","actual_arrivaltime":"","actual_departuretime":"","sch_tripstarttime":"14:30","sch_tripendtime":"14:30","lastlocationid":0,"currentlocationid":21173,"nextlocationid":0,"currentstop":null,"nextstop":null,"laststop":null,"stopCoveredStatus":0,"heading":0,"lastrefreshon":"16-10-2024 15:34:04","lastreceiveddatetimeflag":0,"tripposition":3}]},{"routeid":12561,"stationid":21676,"stationname":"Atturu Layout","from":"Vidyaranyapura","to":"Shivajinagara Bus Station","routeno":"290-EB SBS-VRP","distance_on_station":2.48,"centerlat":13.09793,"centerlong":77.56753,"responsecode":200,"isnotify":0,"vehicleDetails":[{"vehicleid":22450,"vehiclenumber":"KA01F4957","servicetypeid":72,"servicetype":"Non AC/Ordinary","centerlat":0,"centerlong":0,"eta":"","sch_arrivaltime":"14:35","sch_departuretime":"14:35","actual_arrivaltime":"","actual_departuretime":"","sch_tripstarttime":"14:30","sch_tripendtime":"14:30","lastlocationid":0,"currentlocationid":21173,"nextlocationid":0,"currentstop":null,"nextstop":null,"laststop":null,"stopCoveredStatus":0,"heading":0,"lastrefreshon":"16-10-2024 15:34:04","lastreceiveddatetimeflag":0,"tripposition":3}]},{"routeid":12561,"stationid":22301,"stationname":"Mother Dairy Cross Yalahanka","from":"Vidyaranyapura","to":"Shivajinagara Bus Station","routeno":"290-EB SBS-VRP","distance_on_station":3.452,"centerlat":13.09955,"centerlong":77.5771,"responsecode":200,"isnotify":0,"vehicleDetails":[{"vehicleid":22450,"vehiclenumber":"KA01F4957","servicetypeid":72,"servicetype":"Non AC/Ordinary","centerlat":0,"centerlong":0,"eta":"","sch_arrivaltime":"14:37","sch_departuretime":"14:37","actual_arrivaltime":"","actual_departuretime":"","sch_tripstarttime":"14:30","sch_tripendtime":"14:30","lastlocationid":0,"currentlocationid":21173,"nextlocationid":0,"currentstop":null,"nextstop":null,"laststop":null,"stopCoveredStatus":0,"heading":0,"lastrefreshon":"16-10-2024 15:34:04","lastreceiveddatetimeflag":0,"tripposition":3}]},{"routeid":12561,"stationid":22821,"stationname":"Yalahanka Satellite Town","from":"Vidyaranyapura","to":"Shivajinagara Bus Station","routeno":"290-EB SBS-VRP","distance_on_station":3.877,"centerlat":13.09596,"centerlong":77.5791,"responsecode":200,"isnotify":0,"vehicleDetails":[{"vehicleid":22450,"vehiclenumber":"KA01F4957","servicetypeid":72,"servicetype":"Non AC/Ordinary","centerlat":0,"centerlong":0,"eta":"","sch_arrivaltime":"14:39","sch_departuretime":"14:39","actual_arrivaltime":"","actual_departuretime":"","sch_tripstarttime":"14:30","sch_tripendtime":"14:30","lastlocationid":0,"currentlocationid":21173,"nextlocationid":0,"currentstop":null,"nextstop":null,"laststop":null,"stopCoveredStatus":0,"heading":0,"lastrefreshon":"16-10-2024 15:34:04","lastreceiveddatetimeflag":0,"tripposition":3}]},{"routeid":12561,"stationid":21835,"stationname":"Chikka Bommasandra Cross","from":"Vidyaranyapura","to":"Shivajinagara Bus Station","routeno":"290-EB SBS-VRP","distance_on_station":4.294,"centerlat":13.09354,"centerlong":77.58248,"responsecode":200,"isnotify":0,"vehicleDetails":[{"vehicleid":22450,"vehiclenumber":"KA01F4957","servicetypeid":72,"servicetype":"Non AC/Ordinary","centerlat":0,"centerlong":0,"eta":"","sch_arrivaltime":"14:40","sch_departuretime":"14:40","actual_arrivaltime":"","actual_departuretime":"","sch_tripstarttime":"14:30","sch_tripendtime":"14:30","lastlocationid":0,"currentlocationid":21173,"nextlocationid":0,"currentstop":null,"nextstop":null,"laststop":null,"stopCoveredStatus":0,"heading":0,"lastrefreshon":"16-10-2024 15:34:04","lastreceiveddatetimeflag":0,"tripposition":3}]},{"routeid":12561,"stationid":22476,"stationname":"Sharavathi Hotel","from":"Vidyaranyapura","to":"Shivajinagara Bus Station","routeno":"290-EB SBS-VRP","distance_on_station":4.794,"centerlat":13.09789,"centerlong":77.58435,"responsecode":200,"isnotify":0,"vehicleDetails":[{"vehicleid":22450,"vehiclenumber":"KA01F4957","servicetypeid":72,"servicetype":"Non AC/Ordinary","centerlat":0,"centerlong":0,"eta":"","sch_arrivaltime":"14:41","sch_departuretime":"14:41","actual_arrivaltime":"","actual_departuretime":"","sch_tripstarttime":"14:30","sch_tripendtime":"14:30","lastlocationid":0,"currentlocationid":21173,"nextlocationid":0,"currentstop":null,"nextstop":null,"laststop":null,"stopCoveredStatus":0,"heading":0,"lastrefreshon":"16-10-2024 15:34:04","lastreceiveddatetimeflag":0,"tripposition":3}]},{"routeid":12561,"stationid":22482,"stationname":"Sheshadripuram College","from":"Vidyaranyapura","to":"Shivajinagara Bus Station","routeno":"290-EB SBS-VRP","distance_on_station":5.266,"centerlat":13.09943,"centerlong":77.58817,"responsecode":200,"isnotify":0,"vehicleDetails":[{"vehicleid":22450,"vehiclenumber":"KA01F4957","servicetypeid":72,"servicetype":"Non AC/Ordinary","centerlat":0,"centerlong":0,"eta":"","sch_arrivaltime":"14:42","sch_departuretime":"14:42","actual_arrivaltime":"","actual_departuretime":"","sch_tripstarttime":"14:30","sch_tripendtime":"14:30","lastlocationid":0,"currentlocationid":21173,"nextlocationid":0,"currentstop":null,"nextstop":null,"laststop":null,"stopCoveredStatus":0,"heading":0,"lastrefreshon":"16-10-2024 15:34:04","lastreceiveddatetimeflag":0,"tripposition":3}]},{"routeid":12561,"stationid":22357,"stationname":"NES Office","from":"Vidyaranyapura","to":"Shivajinagara Bus Station","routeno":"290-EB SBS-VRP","distance_on_station":5.728,"centerlat":13.09784,"centerlong":77.59167,"responsecode":200,"isnotify":0,"vehicleDetails":[{"vehicleid":22450,"vehiclenumber":"KA01F4957","servicetypeid":72,"servicetype":"Non AC/Ordinary","centerlat":0,"centerlong":0,"eta":"","sch_arrivaltime":"14:43","sch_departuretime":"14:43","actual_arrivaltime":"","actual_departuretime":"","sch_tripstarttime":"14:30","sch_tripendtime":"14:30","lastlocationid":0,"currentlocationid":21173,"nextlocationid":0,"currentstop":null,"nextstop":null,"laststop":null,"stopCoveredStatus":0,"heading":0,"lastrefreshon":"16-10-2024 15:34:04","lastreceiveddatetimeflag":0,"tripposition":3}]},{"routeid":12561,"stationid":22643,"stationname":"Yelahanka Santhe Circle","from":"Vidyaranyapura","to":"Shivajinagara Bus Station","routeno":"290-EB SBS-VRP","distance_on_station":6.589,"centerlat":13.09919,"centerlong":77.59731,"responsecode":200,"isnotify":0,"vehicleDetails":[{"vehicleid":22450,"vehiclenumber":"KA01F4957","servicetypeid":72,"servicetype":"Non AC/Ordinary","centerlat":0,"centerlong":0,"eta":"","sch_arrivaltime":"14:49","sch_departuretime":"14:49","actual_arrivaltime":"","actual_departuretime":"","sch_tripstarttime":"14:30","sch_tripendtime":"14:30","lastlocationid":0,"currentlocationid":21173,"nextlocationid":0,"currentstop":null,"nextstop":null,"laststop":null,"stopCoveredStatus":0,"heading":0,"lastrefreshon":"16-10-2024 15:34:04","lastreceiveddatetimeflag":0,"tripposition":3}]},{"routeid":12561,"stationid":22183,"stationname":"Kogilu Cross","from":"Vidyaranyapura","to":"Shivajinagara Bus Station","routeno":"290-EB SBS-VRP","distance_on_station":7.227,"centerlat":13.10368,"centerlong":77.60099,"responsecode":200,"isnotify":0,"vehicleDetails":[{"vehicleid":22450,"vehiclenumber":"KA01F4957","servicetypeid":72,"servicetype":"Non AC/Ordinary","centerlat":0,"centerlong":0,"eta":"","sch_arrivaltime":"14:52","sch_departuretime":"14:52","actual_arrivaltime":"","actual_departuretime":"","sch_tripstarttime":"14:30","sch_tripendtime":"14:30","lastlocationid":0,"currentlocationid":21173,"nextlocationid":0,"currentstop":null,"nextstop":null,"laststop":null,"stopCoveredStatus":0,"heading":0,"lastrefreshon":"16-10-2024 15:34:04","lastreceiveddatetimeflag":0,"tripposition":3}]},{"routeid":12561,"stationid":22266,"stationname":"Maruthi Nagara","from":"Vidyaranyapura","to":"Shivajinagara Bus Station","routeno":"290-EB SBS-VRP","distance_on_station":7.773,"centerlat":13.10445,"centerlong":77.6064,"responsecode":200,"isnotify":0,"vehicleDetails":[{"vehicleid":22450,"vehiclenumber":"KA01F4957","servicetypeid":72,"servicetype":"Non AC/Ordinary","centerlat":0,"centerlong":0,"eta":"","sch_arrivaltime":"14:54","sch_departuretime":"14:54","actual_arrivaltime":"","actual_departuretime":"","sch_tripstarttime":"14:30","sch_tripendtime":"14:30","lastlocationid":0,"currentlocationid":21173,"nextlocationid":0,"currentstop":null,"nextstop":null,"laststop":null,"stopCoveredStatus":0,"heading":0,"lastrefreshon":"16-10-2024 15:34:04","lastreceiveddatetimeflag":0,"tripposition":3}]},{"routeid":12561,"stationid":22457,"stationname":"Sapthagiri Layout","from":"Vidyaranyapura","to":"Shivajinagara Bus Station","routeno":"290-EB SBS-VRP","distance_on_station":8.19,"centerlat":13.10458,"centerlong":77.61045,"responsecode":200,"isnotify":0,"vehicleDetails":[{"vehicleid":22450,"vehiclenumber":"KA01F4957","servicetypeid":72,"servicetype":"Non AC/Ordinary","centerlat":0,"centerlong":0,"eta":"","sch_arrivaltime":"14:55","sch_departuretime":"14:55","actual_arrivaltime":"","actual_departuretime":"","sch_tripstarttime":"14:30","sch_tripendtime":"14:30","lastlocationid":0,"currentlocationid":21173,"nextlocationid":0,"currentstop":null,"nextstop":null,"laststop":null,"stopCoveredStatus":0,"heading":0,"lastrefreshon":"16-10-2024 15:34:04","lastreceiveddatetimeflag":0,"tripposition":3}]},{"routeid":12561,"stationid":22181,"stationname":"Kogilu","from":"Vidyaranyapura","to":"Shivajinagara Bus Station","routeno":"290-EB SBS-VRP","distance_on_station":8.736,"centerlat":13.10368,"centerlong":77.61576,"responsecode":200,"isnotify":0,"vehicleDetails":[{"vehicleid":22450,"vehiclenumber":"KA01F4957","servicetypeid":72,"servicetype":"Non AC/Ordinary","centerlat":0,"centerlong":0,"eta":"","sch_arrivaltime":"14:56","sch_departuretime":"14:56","actual_arrivaltime":"","actual_departuretime":"","sch_tripstarttime":"14:30","sch_tripendtime":"14:30","lastlocationid":0,"currentlocationid":21173,"nextlocationid":0,"currentstop":null,"nextstop":null,"laststop":null,"stopCoveredStatus":0,"heading":0,"lastrefreshon":"16-10-2024 15:34:04","lastreceiveddatetimeflag":0,"tripposition":3}]},{"routeid":12561,"stationid":29456,"stationname":"Agrahara Layout","from":"Vidyaranyapura","to":"Shivajinagara Bus Station","routeno":"290-EB SBS-VRP","distance_on_station":10.365,"centerlat":13.09837,"centerlong":77.62683,"responsecode":200,"isnotify":0,"vehicleDetails":[{"vehicleid":22450,"vehiclenumber":"KA01F4957","servicetypeid":72,"servicetype":"Non AC/Ordinary","centerlat":0,"centerlong":0,"eta":"","sch_arrivaltime":"15:00","sch_departuretime":"15:00","actual_arrivaltime":"","actual_departuretime":"","sch_tripstarttime":"14:30","sch_tripendtime":"14:30","lastlocationid":0,"currentlocationid":21173,"nextlocationid":0,"currentstop":null,"nextstop":null,"laststop":null,"stopCoveredStatus":0,"heading":0,"lastrefreshon":"16-10-2024 15:34:04","lastreceiveddatetimeflag":0,"tripposition":3}]},{"routeid":12561,"stationid":32345,"stationname":"Chokkanahalli","from":"Vidyaranyapura","to":"Shivajinagara Bus Station","routeno":"290-EB SBS-VRP","distance_on_station":13.631,"centerlat":13.08233,"centerlong":77.62497,"responsecode":200,"isnotify":0,"vehicleDetails":[{"vehicleid":22450,"vehiclenumber":"KA01F4957","servicetypeid":72,"servicetype":"Non AC/Ordinary","centerlat":0,"centerlong":0,"eta":"","sch_arrivaltime":"15:08","sch_departuretime":"15:08","actual_arrivaltime":"","actual_departuretime":"","sch_tripstarttime":"14:30","sch_tripendtime":"14:30","lastlocationid":0,"currentlocationid":21173,"nextlocationid":0,"currentstop":null,"nextstop":null,"laststop":null,"stopCoveredStatus":0,"heading":0,"lastrefreshon":"16-10-2024 15:34:04","lastreceiveddatetimeflag":0,"tripposition":3}]},{"routeid":12561,"stationid":22186,"stationname":"Koli Farm","from":"Vidyaranyapura","to":"Shivajinagara Bus Station","routeno":"290-EB SBS-VRP","distance_on_station":15.01,"centerlat":13.07404,"centerlong":77.63376,"responsecode":200,"isnotify":0,"vehicleDetails":[{"vehicleid":22450,"vehiclenumber":"KA01F4957","servicetypeid":72,"servicetype":"Non AC/Ordinary","centerlat":0,"centerlong":0,"eta":"","sch_arrivaltime":"15:12","sch_departuretime":"15:12","actual_arrivaltime":"","actual_departuretime":"","sch_tripstarttime":"14:30","sch_tripendtime":"14:30","lastlocationid":0,"currentlocationid":21173,"nextlocationid":0,"currentstop":null,"nextstop":null,"laststop":null,"stopCoveredStatus":0,"heading":0,"lastrefreshon":"16-10-2024 15:34:04","lastreceiveddatetimeflag":0,"tripposition":3}]},{"routeid":12561,"stationid":22430,"stationname":"RK Hegde Nagara","from":"Vidyaranyapura","to":"Shivajinagara Bus Station","routeno":"290-EB SBS-VRP","distance_on_station":15.26,"centerlat":13.07161,"centerlong":77.63376,"responsecode":200,"isnotify":0,"vehicleDetails":[{"vehicleid":22450,"vehiclenumber":"KA01F4957","servicetypeid":72,"servicetype":"Non AC/Ordinary","centerlat":0,"centerlong":0,"eta":"","sch_arrivaltime":"15:13","sch_departuretime":"15:13","actual_arrivaltime":"","actual_departuretime":"","sch_tripstarttime":"14:30","sch_tripendtime":"14:30","lastlocationid":0,"currentlocationid":21173,"nextlocationid":0,"currentstop":null,"nextstop":null,"laststop":null,"stopCoveredStatus":0,"heading":0,"lastrefreshon":"16-10-2024 15:34:04","lastreceiveddatetimeflag":0,"tripposition":3}]},{"routeid":12561,"stationid":22126,"stationname":"K Narayanapura Cross","from":"Vidyaranyapura","to":"Shivajinagara Bus Station","routeno":"290-EB SBS-VRP","distance_on_station":15.593,"centerlat":13.06833,"centerlong":77.63375,"responsecode":200,"isnotify":0,"vehicleDetails":[{"vehicleid":22450,"vehiclenumber":"KA01F4957","servicetypeid":72,"servicetype":"Non AC/Ordinary","centerlat":0,"centerlong":0,"eta":"","sch_arrivaltime":"15:14","sch_departuretime":"15:14","actual_arrivaltime":"","actual_departuretime":"","sch_tripstarttime":"14:30","sch_tripendtime":"14:30","lastlocationid":0,"currentlocationid":21173,"nextlocationid":0,"currentstop":null,"nextstop":null,"laststop":null,"stopCoveredStatus":0,"heading":0,"lastrefreshon":"16-10-2024 15:34:04","lastreceiveddatetimeflag":0,"tripposition":3}]},{"routeid":12561,"stationid":21778,"stationname":"Book Factory Thanisandra","from":"Vidyaranyapura","to":"Shivajinagara Bus Station","routeno":"290-EB SBS-VRP","distance_on_station":16.297,"centerlat":13.06159,"centerlong":77.63336,"responsecode":200,"isnotify":0,"vehicleDetails":[{"vehicleid":22450,"vehiclenumber":"KA01F4957","servicetypeid":72,"servicetype":"Non AC/Ordinary","centerlat":0,"centerlong":0,"eta":"","sch_arrivaltime":"15:16","sch_departuretime":"15:16","actual_arrivaltime":"","actual_departuretime":"","sch_tripstarttime":"14:30","sch_tripendtime":"14:30","lastlocationid":0,"currentlocationid":21173,"nextlocationid":0,"currentstop":null,"nextstop":null,"laststop":null,"stopCoveredStatus":0,"heading":0,"lastrefreshon":"16-10-2024 15:34:04","lastreceiveddatetimeflag":0,"tripposition":3}]},{"routeid":12561,"stationid":22541,"stationname":"Thanisandra","from":"Vidyaranyapura","to":"Shivajinagara Bus Station","routeno":"290-EB SBS-VRP","distance_on_station":16.861,"centerlat":13.05612,"centerlong":77.6329,"responsecode":200,"isnotify":0,"vehicleDetails":[{"vehicleid":22450,"vehiclenumber":"KA01F4957","servicetypeid":72,"servicetype":"Non AC/Ordinary","centerlat":0,"centerlong":0,"eta":"","sch_arrivaltime":"15:17","sch_departuretime":"15:17","actual_arrivaltime":"","actual_departuretime":"","sch_tripstarttime":"14:30","sch_tripendtime":"14:30","lastlocationid":0,"currentlocationid":21173,"nextlocationid":0,"currentstop":null,"nextstop":null,"laststop":null,"stopCoveredStatus":0,"heading":0,"lastrefreshon":"16-10-2024 15:34:04","lastreceiveddatetimeflag":0,"tripposition":3}]},{"routeid":12561,"stationid":21666,"stationname":"Ashwath Nagara","from":"Vidyaranyapura","to":"Shivajinagara Bus Station","routeno":"290-EB SBS-VRP","distance_on_station":17.24,"centerlat":13.05289,"centerlong":77.63144,"responsecode":200,"isnotify":0,"vehicleDetails":[{"vehicleid":22450,"vehiclenumber":"KA01F4957","servicetypeid":72,"servicetype":"Non AC/Ordinary","centerlat":0,"centerlong":0,"eta":"","sch_arrivaltime":"15:18","sch_departuretime":"15:18","actual_arrivaltime":"","actual_departuretime":"","sch_tripstarttime":"14:30","sch_tripendtime":"14:30","lastlocationid":0,"currentlocationid":21173,"nextlocationid":0,"currentstop":null,"nextstop":null,"laststop":null,"stopCoveredStatus":0,"heading":0,"lastrefreshon":"16-10-2024 15:34:04","lastreceiveddatetimeflag":0,"tripposition":3}]},{"routeid":12561,"stationid":28167,"stationname":"Sarayipalya","from":"Vidyaranyapura","to":"Shivajinagara Bus Station","routeno":"290-EB SBS-VRP","distance_on_station":17.87,"centerlat":13.04745,"centerlong":77.62868,"responsecode":200,"isnotify":0,"vehicleDetails":[{"vehicleid":22450,"vehiclenumber":"KA01F4957","servicetypeid":72,"servicetype":"Non AC/Ordinary","centerlat":0,"centerlong":0,"eta":"","sch_arrivaltime":"15:19","sch_departuretime":"15:19","actual_arrivaltime":"","actual_departuretime":"","sch_tripstarttime":"14:30","sch_tripendtime":"14:30","lastlocationid":0,"currentlocationid":21173,"nextlocationid":0,"currentstop":null,"nextstop":null,"laststop":null,"stopCoveredStatus":0,"heading":0,"lastrefreshon":"16-10-2024 15:34:04","lastreceiveddatetimeflag":0,"tripposition":3}]},{"routeid":12561,"stationid":22601,"stationname":"Vidyasagara","from":"Vidyaranyapura","to":"Shivajinagara Bus Station","routeno":"290-EB SBS-VRP","distance_on_station":18.092,"centerlat":13.04559,"centerlong":77.62758,"responsecode":200,"isnotify":0,"vehicleDetails":[{"vehicleid":22450,"vehiclenumber":"KA01F4957","servicetypeid":72,"servicetype":"Non AC/Ordinary","centerlat":0,"centerlong":0,"eta":"","sch_arrivaltime":"15:20","sch_departuretime":"15:20","actual_arrivaltime":"","actual_departuretime":"","sch_tripstarttime":"14:30","sch_tripendtime":"14:30","lastlocationid":0,"currentlocationid":21173,"nextlocationid":0,"currentstop":null,"nextstop":null,"laststop":null,"stopCoveredStatus":0,"heading":0,"lastrefreshon":"16-10-2024 15:34:04","lastreceiveddatetimeflag":0,"tripposition":3}]},{"routeid":12561,"stationid":22382,"stationname":"Nagavara Junction Petrol Bunk","from":"Vidyaranyapura","to":"Shivajinagara Bus Station","routeno":"290-EB SBS-VRP","distance_on_station":18.555,"centerlat":13.04189,"centerlong":77.62498,"responsecode":200,"isnotify":0,"vehicleDetails":[{"vehicleid":22450,"vehiclenumber":"KA01F4957","servicetypeid":72,"servicetype":"Non AC/Ordinary","centerlat":0,"centerlong":0,"eta":"","sch_arrivaltime":"15:21","sch_departuretime":"15:21","actual_arrivaltime":"","actual_departuretime":"","sch_tripstarttime":"14:30","sch_tripendtime":"14:30","lastlocationid":0,"currentlocationid":21173,"nextlocationid":0,"currentstop":null,"nextstop":null,"laststop":null,"stopCoveredStatus":0,"heading":0,"lastrefreshon":"16-10-2024 15:34:04","lastreceiveddatetimeflag":0,"tripposition":3}]},{"routeid":12561,"stationid":35838,"stationname":"Nagawara Junction","from":"Vidyaranyapura","to":"Shivajinagara Bus Station","routeno":"290-EB SBS-VRP","distance_on_station":18.712,"centerlat":13.04042,"centerlong":77.62445,"responsecode":200,"isnotify":0,"vehicleDetails":[{"vehicleid":22450,"vehiclenumber":"KA01F4957","servicetypeid":72,"servicetype":"Non AC/Ordinary","centerlat":0,"centerlong":0,"eta":"","sch_arrivaltime":"15:22","sch_departuretime":"15:22","actual_arrivaltime":"","actual_departuretime":"","sch_tripstarttime":"14:30","sch_tripendtime":"14:30","lastlocationid":0,"currentlocationid":21173,"nextlocationid":0,"currentstop":null,"nextstop":null,"laststop":null,"stopCoveredStatus":0,"heading":0,"lastrefreshon":"16-10-2024 15:34:04","lastreceiveddatetimeflag":0,"tripposition":3}]},{"routeid":12561,"stationid":22327,"stationname":"Nagavara","from":"Vidyaranyapura","to":"Shivajinagara Bus Station","routeno":"290-EB SBS-VRP","distance_on_station":18.952,"centerlat":13.03825,"centerlong":77.62352,"responsecode":200,"isnotify":0,"vehicleDetails":[{"vehicleid":22450,"vehiclenumber":"KA01F4957","servicetypeid":72,"servicetype":"Non AC/Ordinary","centerlat":0,"centerlong":0,"eta":"","sch_arrivaltime":"15:23","sch_departuretime":"15:23","actual_arrivaltime":"","actual_departuretime":"","sch_tripstarttime":"14:30","sch_tripendtime":"14:30","lastlocationid":0,"currentlocationid":21173,"nextlocationid":0,"currentstop":null,"nextstop":null,"laststop":null,"stopCoveredStatus":0,"heading":0,"lastrefreshon":"16-10-2024 15:34:04","lastreceiveddatetimeflag":0,"tripposition":3}]},{"routeid":12561,"stationid":21963,"stationname":"Glass Factory","from":"Vidyaranyapura","to":"Shivajinagara Bus Station","routeno":"290-EB SBS-VRP","distance_on_station":19.378,"centerlat":13.03429,"centerlong":77.62277,"responsecode":200,"isnotify":0,"vehicleDetails":[{"vehicleid":22450,"vehiclenumber":"KA01F4957","servicetypeid":72,"servicetype":"Non AC/Ordinary","centerlat":0,"centerlong":0,"eta":"","sch_arrivaltime":"15:24","sch_departuretime":"15:24","actual_arrivaltime":"","actual_departuretime":"","sch_tripstarttime":"14:30","sch_tripendtime":"14:30","lastlocationid":0,"currentlocationid":21173,"nextlocationid":0,"currentstop":null,"nextstop":null,"laststop":null,"stopCoveredStatus":0,"heading":0,"lastrefreshon":"16-10-2024 15:34:04","lastreceiveddatetimeflag":0,"tripposition":3}]},{"routeid":12561,"stationid":21975,"stationname":"Govindapura Cross","from":"Vidyaranyapura","to":"Shivajinagara Bus Station","routeno":"290-EB SBS-VRP","distance_on_station":19.573,"centerlat":13.03249,"centerlong":77.62209,"responsecode":200,"isnotify":0,"vehicleDetails":[{"vehicleid":22450,"vehiclenumber":"KA01F4957","servicetypeid":72,"servicetype":"Non AC/Ordinary","centerlat":0,"centerlong":0,"eta":"","sch_arrivaltime":"15:25","sch_departuretime":"15:25","actual_arrivaltime":"","actual_departuretime":"","sch_tripstarttime":"14:30","sch_tripendtime":"14:30","lastlocationid":0,"currentlocationid":21173,"nextlocationid":0,"currentstop":null,"nextstop":null,"laststop":null,"stopCoveredStatus":0,"heading":0,"lastrefreshon":"16-10-2024 15:34:04","lastreceiveddatetimeflag":0,"tripposition":3}]},{"routeid":12561,"stationid":21657,"stationname":"Arebic College","from":"Vidyaranyapura","to":"Shivajinagara Bus Station","routeno":"290-EB SBS-VRP","distance_on_station":19.795,"centerlat":13.03049,"centerlong":77.62121,"responsecode":200,"isnotify":0,"vehicleDetails":[{"vehicleid":22450,"vehiclenumber":"KA01F4957","servicetypeid":72,"servicetype":"Non AC/Ordinary","centerlat":0,"centerlong":0,"eta":"","sch_arrivaltime":"15:26","sch_departuretime":"15:26","actual_arrivaltime":"","actual_departuretime":"","sch_tripstarttime":"14:30","sch_tripendtime":"14:30","lastlocationid":0,"currentlocationid":21173,"nextlocationid":0,"currentstop":null,"nextstop":null,"laststop":null,"stopCoveredStatus":0,"heading":0,"lastrefreshon":"16-10-2024 15:34:04","lastreceiveddatetimeflag":0,"tripposition":3}]},{"routeid":12561,"stationid":22173,"stationname":"Kadugondanahalli Railway Gate","from":"Vidyaranyapura","to":"Shivajinagara Bus Station","routeno":"290-EB SBS-VRP","distance_on_station":20.276,"centerlat":13.02599,"centerlong":77.62003,"responsecode":200,"isnotify":0,"vehicleDetails":[{"vehicleid":22450,"vehiclenumber":"KA01F4957","servicetypeid":72,"servicetype":"Non AC/Ordinary","centerlat":0,"centerlong":0,"eta":"","sch_arrivaltime":"15:27","sch_departuretime":"15:27","actual_arrivaltime":"","actual_departuretime":"","sch_tripstarttime":"14:30","sch_tripendtime":"14:30","lastlocationid":0,"currentlocationid":21173,"nextlocationid":0,"currentstop":null,"nextstop":null,"laststop":null,"stopCoveredStatus":0,"heading":0,"lastrefreshon":"16-10-2024 15:34:04","lastreceiveddatetimeflag":0,"tripposition":3}]},{"routeid":12561,"stationid":22136,"stationname":"Kadugondanahalli Police Station","from":"Vidyaranyapura","to":"Shivajinagara Bus Station","routeno":"290-EB SBS-VRP","distance_on_station":20.766,"centerlat":13.02128,"centerlong":77.61912,"responsecode":200,"isnotify":0,"vehicleDetails":[{"vehicleid":22450,"vehiclenumber":"KA01F4957","servicetypeid":72,"servicetype":"Non AC/Ordinary","centerlat":0,"centerlong":0,"eta":"","sch_arrivaltime":"15:28","sch_departuretime":"15:28","actual_arrivaltime":"","actual_departuretime":"","sch_tripstarttime":"14:30","sch_tripendtime":"14:30","lastlocationid":0,"currentlocationid":21173,"nextlocationid":0,"currentstop":null,"nextstop":null,"laststop":null,"stopCoveredStatus":0,"heading":0,"lastrefreshon":"16-10-2024 15:34:04","lastreceiveddatetimeflag":0,"tripposition":3}]},{"routeid":12561,"stationid":22597,"stationname":"Venkateshapura","from":"Vidyaranyapura","to":"Shivajinagara Bus Station","routeno":"290-EB SBS-VRP","distance_on_station":21.377,"centerlat":13.0155,"centerlong":77.61762,"responsecode":200,"isnotify":0,"vehicleDetails":[{"vehicleid":22450,"vehiclenumber":"KA01F4957","servicetypeid":72,"servicetype":"Non AC/Ordinary","centerlat":0,"centerlong":0,"eta":"","sch_arrivaltime":"15:30","sch_departuretime":"15:30","actual_arrivaltime":"","actual_departuretime":"","sch_tripstarttime":"14:30","sch_tripendtime":"14:30","lastlocationid":0,"currentlocationid":21173,"nextlocationid":0,"currentstop":null,"nextstop":null,"laststop":null,"stopCoveredStatus":0,"heading":0,"lastrefreshon":"16-10-2024 15:34:04","lastreceiveddatetimeflag":0,"tripposition":3}]},{"routeid":12561,"stationid":22402,"stationname":"Postal and Telecom Colony","from":"Vidyaranyapura","to":"Shivajinagara Bus Station","routeno":"290-EB SBS-VRP","distance_on_station":21.775,"centerlat":13.01201,"centerlong":77.61614,"responsecode":200,"isnotify":0,"vehicleDetails":[{"vehicleid":22450,"vehiclenumber":"KA01F4957","servicetypeid":72,"servicetype":"Non AC/Ordinary","centerlat":0,"centerlong":0,"eta":"","sch_arrivaltime":"15:31","sch_departuretime":"15:31","actual_arrivaltime":"","actual_departuretime":"","sch_tripstarttime":"14:30","sch_tripendtime":"14:30","lastlocationid":0,"currentlocationid":21173,"nextlocationid":0,"currentstop":null,"nextstop":null,"laststop":null,"stopCoveredStatus":0,"heading":0,"lastrefreshon":"16-10-2024 15:34:04","lastreceiveddatetimeflag":0,"tripposition":3}]},{"routeid":12561,"stationid":22319,"stationname":"Muslim Colony","from":"Vidyaranyapura","to":"Shivajinagara Bus Station","routeno":"290-EB SBS-VRP","distance_on_station":21.914,"centerlat":13.01085,"centerlong":77.61541,"responsecode":200,"isnotify":0,"vehicleDetails":[{"vehicleid":22450,"vehiclenumber":"KA01F4957","servicetypeid":72,"servicetype":"Non AC/Ordinary","centerlat":0,"centerlong":0,"eta":"","sch_arrivaltime":"15:32","sch_departuretime":"15:32","actual_arrivaltime":"","actual_departuretime":"","sch_tripstarttime":"14:30","sch_tripendtime":"14:30","lastlocationid":0,"currentlocationid":21173,"nextlocationid":0,"currentstop":null,"nextstop":null,"laststop":null,"stopCoveredStatus":0,"heading":0,"lastrefreshon":"16-10-2024 15:34:04","lastreceiveddatetimeflag":0,"tripposition":3}]},{"routeid":12561,"stationid":22379,"stationname":"Periyar Nagara Circle","from":"Vidyaranyapura","to":"Shivajinagara Bus Station","routeno":"290-EB SBS-VRP","distance_on_station":22.228,"centerlat":13.00853,"centerlong":77.61328,"responsecode":200,"isnotify":0,"vehicleDetails":[{"vehicleid":22450,"vehiclenumber":"KA01F4957","servicetypeid":72,"servicetype":"Non AC/Ordinary","centerlat":0,"centerlong":0,"eta":"","sch_arrivaltime":"15:33","sch_departuretime":"15:33","actual_arrivaltime":"","actual_departuretime":"","sch_tripstarttime":"14:30","sch_tripendtime":"14:30","lastlocationid":0,"currentlocationid":21173,"nextlocationid":0,"currentstop":null,"nextstop":null,"laststop":null,"stopCoveredStatus":0,"heading":0,"lastrefreshon":"16-10-2024 15:34:04","lastreceiveddatetimeflag":0,"tripposition":3}]},{"routeid":12561,"stationid":21802,"stationname":"Canara Bank Tannery Road","from":"Vidyaranyapura","to":"Shivajinagara Bus Station","routeno":"290-EB SBS-VRP","distance_on_station":22.478,"centerlat":13.00625,"centerlong":77.61245,"responsecode":200,"isnotify":0,"vehicleDetails":[{"vehicleid":22450,"vehiclenumber":"KA01F4957","servicetypeid":72,"servicetype":"Non AC/Ordinary","centerlat":0,"centerlong":0,"eta":"","sch_arrivaltime":"15:34","sch_departuretime":"15:34","actual_arrivaltime":"","actual_departuretime":"","sch_tripstarttime":"14:30","sch_tripendtime":"14:30","lastlocationid":0,"currentlocationid":21173,"nextlocationid":0,"currentstop":null,"nextstop":null,"laststop":null,"stopCoveredStatus":0,"heading":0,"lastrefreshon":"16-10-2024 15:34:04","lastreceiveddatetimeflag":0,"tripposition":3}]},{"routeid":12561,"stationid":21911,"stationname":"Doddy","from":"Vidyaranyapura","to":"Shivajinagara Bus Station","routeno":"290-EB SBS-VRP","distance_on_station":22.848,"centerlat":13.00266,"centerlong":77.61215,"responsecode":200,"isnotify":0,"vehicleDetails":[{"vehicleid":22450,"vehiclenumber":"KA01F4957","servicetypeid":72,"servicetype":"Non AC/Ordinary","centerlat":0,"centerlong":0,"eta":"","sch_arrivaltime":"15:35","sch_departuretime":"15:35","actual_arrivaltime":"","actual_departuretime":"","sch_tripstarttime":"14:30","sch_tripendtime":"14:30","lastlocationid":0,"currentlocationid":21173,"nextlocationid":0,"currentstop":null,"nextstop":null,"laststop":null,"stopCoveredStatus":0,"heading":0,"lastrefreshon":"16-10-2024 15:34:04","lastreceiveddatetimeflag":0,"tripposition":3}]},{"routeid":12561,"stationid":21857,"stationname":"Coles Park","from":"Vidyaranyapura","to":"Shivajinagara Bus Station","routeno":"290-EB SBS-VRP","distance_on_station":23.718,"centerlat":12.99534,"centerlong":77.60829,"responsecode":200,"isnotify":0,"vehicleDetails":[{"vehicleid":22450,"vehiclenumber":"KA01F4957","servicetypeid":72,"servicetype":"Non AC/Ordinary","centerlat":0,"centerlong":0,"eta":"","sch_arrivaltime":"15:37","sch_departuretime":"15:37","actual_arrivaltime":"","actual_departuretime":"","sch_tripstarttime":"14:30","sch_tripendtime":"14:30","lastlocationid":0,"currentlocationid":21173,"nextlocationid":0,"currentstop":null,"nextstop":null,"laststop":null,"stopCoveredStatus":0,"heading":0,"lastrefreshon":"16-10-2024 15:34:04","lastreceiveddatetimeflag":0,"tripposition":3}]},{"routeid":12561,"stationid":21706,"stationname":"Bamboo Bazaar","from":"Vidyaranyapura","to":"Shivajinagara Bus Station","routeno":"290-EB SBS-VRP","distance_on_station":24.579,"centerlat":12.99208,"centerlong":77.60402,"responsecode":200,"isnotify":0,"vehicleDetails":[{"vehicleid":22450,"vehiclenumber":"KA01F4957","servicetypeid":72,"servicetype":"Non AC/Ordinary","centerlat":0,"centerlong":0,"eta":"","sch_arrivaltime":"15:40","sch_departuretime":"15:40","actual_arrivaltime":"","actual_departuretime":"","sch_tripstarttime":"14:30","sch_tripendtime":"14:30","lastlocationid":0,"currentlocationid":21173,"nextlocationid":0,"currentstop":null,"nextstop":null,"laststop":null,"stopCoveredStatus":0,"heading":0,"lastrefreshon":"16-10-2024 15:34:04","lastreceiveddatetimeflag":0,"tripposition":3}]},{"routeid":12561,"stationid":21868,"stationname":"CSI Hospital","from":"Vidyaranyapura","to":"Shivajinagara Bus Station","routeno":"290-EB SBS-VRP","distance_on_station":25.255,"centerlat":12.98983,"centerlong":77.59938,"responsecode":200,"isnotify":0,"vehicleDetails":[{"vehicleid":22450,"vehiclenumber":"KA01F4957","servicetypeid":72,"servicetype":"Non AC/Ordinary","centerlat":0,"centerlong":0,"eta":"","sch_arrivaltime":"15:41","sch_departuretime":"15:41","actual_arrivaltime":"","actual_departuretime":"","sch_tripstarttime":"14:30","sch_tripendtime":"14:30","lastlocationid":0,"currentlocationid":21173,"nextlocationid":0,"currentstop":null,"nextstop":null,"laststop":null,"stopCoveredStatus":0,"heading":0,"lastrefreshon":"16-10-2024 15:34:04","lastreceiveddatetimeflag":0,"tripposition":3}]},{"routeid":12561,"stationid":20855,"stationname":"Indian Express","from":"Vidyaranyapura","to":"Shivajinagara Bus Station","routeno":"290-EB SBS-VRP","distance_on_station":25.967,"centerlat":12.98408,"centerlong":77.59827,"responsecode":200,"isnotify":0,"vehicleDetails":[{"vehicleid":22450,"vehiclenumber":"KA01F4957","servicetypeid":72,"servicetype":"Non AC/Ordinary","centerlat":0,"centerlong":0,"eta":"","sch_arrivaltime":"15:43","sch_departuretime":"15:43","actual_arrivaltime":"","actual_departuretime":"","sch_tripstarttime":"14:30","sch_tripendtime":"14:30","lastlocationid":0,"currentlocationid":21173,"nextlocationid":0,"currentstop":null,"nextstop":null,"laststop":null,"stopCoveredStatus":0,"heading":0,"lastrefreshon":"16-10-2024 15:34:04","lastreceiveddatetimeflag":0,"tripposition":3}]},{"routeid":12561,"stationid":21173,"stationname":"Shivajinagara Bus Station","from":"Vidyaranyapura","to":"Shivajinagara Bus Station","routeno":"290-EB SBS-VRP","distance_on_station":26.8,"centerlat":12.98328,"centerlong":77.60304,"responsecode":200,"isnotify":0,"vehicleDetails":[{"vehicleid":22450,"vehiclenumber":"KA01F4957","servicetypeid":72,"servicetype":"Non AC/Ordinary","centerlat":0,"centerlong":0,"eta":"","sch_arrivaltime":"15:45","sch_departuretime":"15:45","actual_arrivaltime":"","actual_departuretime":"","sch_tripstarttime":"14:30","sch_tripendtime":"14:30","lastlocationid":0,"currentlocationid":21173,"nextlocationid":0,"currentstop":null,"nextstop":null,"laststop":null,"stopCoveredStatus":0,"heading":0,"lastrefreshon":"16-10-2024 15:34:04","lastreceiveddatetimeflag":0,"tripposition":3}]}],"mapData":[{"vehicleid":22450,"vehiclenumber":"KA01F4957","servicetypeid":72,"servicetype":"Non AC/Ordinary","centerlat":0,"centerlong":0,"eta":"","sch_arrivaltime":"15:45","sch_departuretime":"15:45","actual_arrivaltime":"","actual_departuretime":"","sch_tripstarttime":"14:30","sch_tripendtime":"14:30","lastlocationid":0,"currentlocationid":21173,"nextlocationid":0,"currentstop":null,"nextstop":null,"laststop":null,"stopCoveredStatus":0,"heading":0,"lastrefreshon":"16-10-2024 15:34:04","lastreceiveddatetimeflag":0,"tripposition":3}]},"message":"Success","issuccess":true,"exception":null,"rowCount":0,"responsecode":200}