{"up":{"data":[{"routeid":13244,"stationid":21172,"stationname":"Shivajinagara Bus Station","from":"Shivajinagara Bus Station","to":"Yelahanka Old Town","routeno":"292-CA SBS-YHKOT","distance_on_station":0,"centerlat":12.98396,"centerlong":77.60323,"responsecode":200,"isnotify":0,"vehicleDetails":[{"vehicleid":15440,"vehiclenumber":"KA57F1906","servicetypeid":72,"servicetype":"Non AC/Ordinary","centerlat":13.102794,"centerlong":77.627106,"eta":"","sch_arrivaltime":"15:45","sch_departuretime":"15:45","actual_arrivaltime":"","actual_departuretime":"","sch_tripstarttime":"15:45","sch_tripendtime":"15:45","lastlocationid":0,"currentlocationid":22088,"nextlocationid":0,"currentstop":null,"nextstop":null,"laststop":null,"stopCoveredStatus":0,"heading":99,"lastrefreshon":"16-10-2024 14:20:59","lastreceiveddatetimeflag":0,"tripposition":3}]},{"routeid":13244,"stationid":22068,"stationname":"Indian Express","from":"Shivajinagara Bus Station","to":"Yelahanka Old Town","routeno":"292-CA SBS-YHKOT","distance_on_station":0.712,"centerlat":12.98421,"centerlong":77.59735,"responsecode":200,"isnotify":0,"vehicleDetails":[{"vehicleid":15440,"vehiclenumber":"KA57F1906","servicetypeid":72,"servicetype":"Non AC/Ordinary","centerlat":13.102794,"centerlong":77.627106,"eta":"","sch_arrivaltime":"15:49","sch_departuretime":"15:49","actual_arrivaltime":"","actual_departuretime":"","sch_tripstarttime":"15:45","sch_tripendtime":"15:45","lastlocationid":0,"currentlocationid":22088,"nextlocationid":0,"currentstop":null,"nextstop":null,"laststop":null,"stopCoveredStatus":0,"heading":99,"lastrefreshon":"16-10-2024 14:20:59","lastreceiveddatetimeflag":0,"tripposition":3}]},{"routeid":13244,"stationid":21869,"stationname":"Cunningham Road","from":"Shivajinagara Bus Station","to":"Yelahanka Old Town","routeno":"292-CA SBS-YHKOT","distance_on_station":1.251,"centerlat":12.98787,"centerlong":77.59427,"responsecode":200,"isnotify":0,"vehicleDetails":[{"vehicleid":15440,"vehiclenumber":"KA57F1906","servicetypeid":72,"servicetype":"Non AC/Ordinary","centerlat":13.102794,"centerlong":77.627106,"eta":"","sch_arrivaltime":"15:50","sch_departuretime":"15:50","actual_arrivaltime":"","actual_departuretime":"","sch_tripstarttime":"15:45","sch_tripendtime":"15:45","lastlocationid":0,"currentlocationid":22088,"nextlocationid":0,"currentstop":null,"nextstop":null,"laststop":null,"stopCoveredStatus":0,"heading":99,"lastrefreshon":"16-10-2024 14:20:59","lastreceiveddatetimeflag":0,"tripposition":3}]},{"routeid":13244,"stationid":22585,"stationname":"Vasantha Nagara","from":"Shivajinagara Bus Station","to":"Yelahanka Old Town","routeno":"292-CA SBS-YHKOT","distance_on_station":1.942,"centerlat":12.99278,"centerlong":77.59503,"responsecode":200,"isnotify":0,"vehicleDetails":[{"vehicleid":15440,"vehiclenumber":"KA57F1906","servicetypeid":72,"servicetype":"Non AC/Ordinary","centerlat":13.102794,"centerlong":77.627106,"eta":"","sch_arrivaltime":"15:52","sch_departuretime":"15:52","actual_arrivaltime":"","actual_departuretime":"","sch_tripstarttime":"15:45","sch_tripendtime":"15:45","lastlocationid":0,"currentlocationid":22088,"nextlocationid":0,"currentstop":null,"nextstop":null,"laststop":null,"stopCoveredStatus":0,"heading":99,"lastrefreshon":"16-10-2024 14:20:59","lastreceiveddatetimeflag":0,"tripposition":3}]},{"routeid":13244,"stationid":21805,"stationname":"Cantonment Railway Station","from":"Shivajinagara Bus Station","to":"Yelahanka Old Town","routeno":"292-CA SBS-YHKOT","distance_on_station":2.247,"centerlat":12.99384,"centerlong":77.59712,"responsecode":200,"isnotify":0,"vehicleDetails":[{"vehicleid":15440,"vehiclenumber":"KA57F1906","servicetypeid":72,"servicetype":"Non AC/Ordinary","centerlat":13.102794,"centerlong":77.627106,"eta":"","sch_arrivaltime":"15:53","sch_departuretime":"15:53","actual_arrivaltime":"","actual_departuretime":"","sch_tripstarttime":"15:45","sch_tripendtime":"15:45","lastlocationid":0,"currentlocationid":22088,"nextlocationid":0,"currentstop":null,"nextstop":null,"laststop":null,"stopCoveredStatus":0,"heading":99,"lastrefreshon":"16-10-2024 14:20:59","lastreceiveddatetimeflag":0,"tripposition":3}]},{"routeid":13244,"stationid":21704,"stationname":"Bamboo Bazaar","from":"Shivajinagara Bus Station","to":"Yelahanka Old Town","routeno":"292-CA SBS-YHKOT","distance_on_station":2.99,"centerlat":12.99192,"centerlong":77.60332,"responsecode":200,"isnotify":0,"vehicleDetails":[{"vehicleid":15440,"vehiclenumber":"KA57F1906","servicetypeid":72,"servicetype":"Non AC/Ordinary","centerlat":13.102794,"centerlong":77.627106,"eta":"","sch_arrivaltime":"15:54","sch_departuretime":"15:54","actual_arrivaltime":"","actual_departuretime":"","sch_tripstarttime":"15:45","sch_tripendtime":"15:45","lastlocationid":0,"currentlocationid":22088,"nextlocationid":0,"currentstop":null,"nextstop":null,"laststop":null,"stopCoveredStatus":0,"heading":99,"lastrefreshon":"16-10-2024 14:20:59","lastreceiveddatetimeflag":0,"tripposition":3}]},{"routeid":13244,"stationid":21859,"stationname":"Coles Park","from":"Shivajinagara Bus Station","to":"Yelahanka Old Town","routeno":"292-CA SBS-YHKOT","distance_on_station":3.579,"centerlat":12.99573,"centerlong":77.60668,"responsecode":200,"isnotify":0,"vehicleDetails":[{"vehicleid":15440,"vehiclenumber":"KA57F1906","servicetypeid":72,"servicetype":"Non AC/Ordinary","centerlat":13.102794,"centerlong":77.627106,"eta":"","sch_arrivaltime":"15:55","sch_departuretime":"15:55","actual_arrivaltime":"","actual_departuretime":"","sch_tripstarttime":"15:45","sch_tripendtime":"15:45","lastlocationid":0,"currentlocationid":22088,"nextlocationid":0,"currentstop":null,"nextstop":null,"laststop":null,"stopCoveredStatus":0,"heading":99,"lastrefreshon":"16-10-2024 14:20:59","lastreceiveddatetimeflag":0,"tripposition":3}]},{"routeid":13244,"stationid":21944,"stationname":"Frazer Town","from":"Shivajinagara Bus Station","to":"Yelahanka Old Town","routeno":"292-CA SBS-YHKOT","distance_on_station":4.362,"centerlat":13.00082,"centerlong":77.61144,"responsecode":200,"isnotify":0,"vehicleDetails":[{"vehicleid":15440,"vehiclenumber":"KA57F1906","servicetypeid":72,"servicetype":"Non AC/Ordinary","centerlat":13.102794,"centerlong":77.627106,"eta":"","sch_arrivaltime":"15:57","sch_departuretime":"15:57","actual_arrivaltime":"","actual_departuretime":"","sch_tripstarttime":"15:45","sch_tripendtime":"15:45","lastlocationid":0,"currentlocationid":22088,"nextlocationid":0,"currentstop":null,"nextstop":null,"laststop":null,"stopCoveredStatus":0,"heading":99,"lastrefreshon":"16-10-2024 14:20:59","lastreceiveddatetimeflag":0,"tripposition":3}]},{"routeid":13244,"stationid":21854,"stationname":"Mosque Road","from":"Shivajinagara Bus Station","to":"Yelahanka Old Town","routeno":"292-CA SBS-YHKOT","distance_on_station":4.85,"centerlat":13.00067,"centerlong":77.61578,"responsecode":200,"isnotify":0,"vehicleDetails":[{"vehicleid":15440,"vehiclenumber":"KA57F1906","servicetypeid":72,"servicetype":"Non AC/Ordinary","centerlat":13.102794,"centerlong":77.627106,"eta":"","sch_arrivaltime":"15:58","sch_departuretime":"15:58","actual_arrivaltime":"","actual_departuretime":"","sch_tripstarttime":"15:45","sch_tripendtime":"15:45","lastlocationid":0,"currentlocationid":22088,"nextlocationid":0,"currentstop":null,"nextstop":null,"laststop":null,"stopCoveredStatus":0,"heading":99,"lastrefreshon":"16-10-2024 14:20:59","lastreceiveddatetimeflag":0,"tripposition":3}]},{"routeid":13244,"stationid":21929,"stationname":"East Railway Station","from":"Shivajinagara Bus Station","to":"Yelahanka Old Town","routeno":"292-CA SBS-YHKOT","distance_on_station":5.379,"centerlat":13.00143,"centerlong":77.61865,"responsecode":200,"isnotify":0,"vehicleDetails":[{"vehicleid":15440,"vehiclenumber":"KA57F1906","servicetypeid":72,"servicetype":"Non AC/Ordinary","centerlat":13.102794,"centerlong":77.627106,"eta":"","sch_arrivaltime":"16:00","sch_departuretime":"16:00","actual_arrivaltime":"","actual_departuretime":"","sch_tripstarttime":"15:45","sch_tripendtime":"15:45","lastlocationid":0,"currentlocationid":22088,"nextlocationid":0,"currentstop":null,"nextstop":null,"laststop":null,"stopCoveredStatus":0,"heading":99,"lastrefreshon":"16-10-2024 14:20:59","lastreceiveddatetimeflag":0,"tripposition":3}]},{"routeid":13244,"stationid":21890,"stationname":"Devis Road","from":"Shivajinagara Bus Station","to":"Yelahanka Old Town","routeno":"292-CA SBS-YHKOT","distance_on_station":5.735,"centerlat":13.00426,"centerlong":77.61968,"responsecode":200,"isnotify":0,"vehicleDetails":[{"vehicleid":15440,"vehiclenumber":"KA57F1906","servicetypeid":72,"servicetype":"Non AC/Ordinary","centerlat":13.102794,"centerlong":77.627106,"eta":"","sch_arrivaltime":"16:01","sch_departuretime":"16:01","actual_arrivaltime":"","actual_departuretime":"","sch_tripstarttime":"15:45","sch_tripendtime":"15:45","lastlocationid":0,"currentlocationid":22088,"nextlocationid":0,"currentstop":null,"nextstop":null,"laststop":null,"stopCoveredStatus":0,"heading":99,"lastrefreshon":"16-10-2024 14:20:59","lastreceiveddatetimeflag":0,"tripposition":3}]},{"routeid":13244,"stationid":22229,"stationname":"Lingarajapura Bridge","from":"Shivajinagara Bus Station","to":"Yelahanka Old Town","routeno":"292-CA SBS-YHKOT","distance_on_station":6.406,"centerlat":13.00906,"centerlong":77.6232,"responsecode":200,"isnotify":0,"vehicleDetails":[{"vehicleid":15440,"vehiclenumber":"KA57F1906","servicetypeid":72,"servicetype":"Non AC/Ordinary","centerlat":13.102794,"centerlong":77.627106,"eta":"","sch_arrivaltime":"16:02","sch_departuretime":"16:02","actual_arrivaltime":"","actual_departuretime":"","sch_tripstarttime":"15:45","sch_tripendtime":"15:45","lastlocationid":0,"currentlocationid":22088,"nextlocationid":0,"currentstop":null,"nextstop":null,"laststop":null,"stopCoveredStatus":0,"heading":99,"lastrefreshon":"16-10-2024 14:20:59","lastreceiveddatetimeflag":0,"tripposition":3}]},{"routeid":13244,"stationid":22227,"stationname":"Lingarajapura","from":"Shivajinagara Bus Station","to":"Yelahanka Old Town","routeno":"292-CA SBS-YHKOT","distance_on_station":6.905,"centerlat":13.01254,"centerlong":77.62584,"responsecode":200,"isnotify":0,"vehicleDetails":[{"vehicleid":15440,"vehiclenumber":"KA57F1906","servicetypeid":72,"servicetype":"Non AC/Ordinary","centerlat":13.102794,"centerlong":77.627106,"eta":"","sch_arrivaltime":"16:03","sch_departuretime":"16:03","actual_arrivaltime":"","actual_departuretime":"","sch_tripstarttime":"15:45","sch_tripendtime":"15:45","lastlocationid":0,"currentlocationid":22088,"nextlocationid":0,"currentstop":null,"nextstop":null,"laststop":null,"stopCoveredStatus":0,"heading":99,"lastrefreshon":"16-10-2024 14:20:59","lastreceiveddatetimeflag":0,"tripposition":3}]},{"routeid":13244,"stationid":22123,"stationname":"Jyothi School","from":"Shivajinagara Bus Station","to":"Yelahanka Old Town","routeno":"292-CA SBS-YHKOT","distance_on_station":7.169,"centerlat":13.01455,"centerlong":77.62715,"responsecode":200,"isnotify":0,"vehicleDetails":[{"vehicleid":15440,"vehiclenumber":"KA57F1906","servicetypeid":72,"servicetype":"Non AC/Ordinary","centerlat":13.102794,"centerlong":77.627106,"eta":"","sch_arrivaltime":"16:04","sch_departuretime":"16:04","actual_arrivaltime":"","actual_departuretime":"","sch_tripstarttime":"15:45","sch_tripendtime":"15:45","lastlocationid":0,"currentlocationid":22088,"nextlocationid":0,"currentstop":null,"nextstop":null,"laststop":null,"stopCoveredStatus":0,"heading":99,"lastrefreshon":"16-10-2024 14:20:59","lastreceiveddatetimeflag":0,"tripposition":3}]},{"routeid":13244,"stationid":22129,"stationname":"Kacharakanahalli","from":"Shivajinagara Bus Station","to":"Yelahanka Old Town","routeno":"292-CA SBS-YHKOT","distance_on_station":7.932,"centerlat":13.02115,"centerlong":77.62864,"responsecode":200,"isnotify":0,"vehicleDetails":[{"vehicleid":15440,"vehiclenumber":"KA57F1906","servicetypeid":72,"servicetype":"Non AC/Ordinary","centerlat":13.102794,"centerlong":77.627106,"eta":"","sch_arrivaltime":"16:05","sch_departuretime":"16:05","actual_arrivaltime":"","actual_departuretime":"","sch_tripstarttime":"15:45","sch_tripendtime":"15:45","lastlocationid":0,"currentlocationid":22088,"nextlocationid":0,"currentstop":null,"nextstop":null,"laststop":null,"stopCoveredStatus":0,"heading":99,"lastrefreshon":"16-10-2024 14:20:59","lastreceiveddatetimeflag":0,"tripposition":3}]},{"routeid":13244,"stationid":35918,"stationname":"Depot-10 Gate","from":"Shivajinagara Bus Station","to":"Yelahanka Old Town","routeno":"292-CA SBS-YHKOT","distance_on_station":8.471,"centerlat":13.0255,"centerlong":77.63049,"responsecode":200,"isnotify":0,"vehicleDetails":[{"vehicleid":15440,"vehiclenumber":"KA57F1906","servicetypeid":72,"servicetype":"Non AC/Ordinary","centerlat":13.102794,"centerlong":77.627106,"eta":"","sch_arrivaltime":"16:06","sch_departuretime":"16:06","actual_arrivaltime":"","actual_departuretime":"","sch_tripstarttime":"15:45","sch_tripendtime":"15:45","lastlocationid":0,"currentlocationid":22088,"nextlocationid":0,"currentstop":null,"nextstop":null,"laststop":null,"stopCoveredStatus":0,"heading":99,"lastrefreshon":"16-10-2024 14:20:59","lastreceiveddatetimeflag":0,"tripposition":3}]},{"routeid":13244,"stationid":35920,"stationname":"Hennuru Junction","from":"Shivajinagara Bus Station","to":"Yelahanka Old Town","routeno":"292-CA SBS-YHKOT","distance_on_station":8.887,"centerlat":13.0282,"centerlong":77.63291,"responsecode":200,"isnotify":0,"vehicleDetails":[{"vehicleid":15440,"vehiclenumber":"KA57F1906","servicetypeid":72,"servicetype":"Non AC/Ordinary","centerlat":13.102794,"centerlong":77.627106,"eta":"","sch_arrivaltime":"16:07","sch_departuretime":"16:07","actual_arrivaltime":"","actual_departuretime":"","sch_tripstarttime":"15:45","sch_tripendtime":"15:45","lastlocationid":0,"currentlocationid":22088,"nextlocationid":0,"currentstop":null,"nextstop":null,"laststop":null,"stopCoveredStatus":0,"heading":99,"lastrefreshon":"16-10-2024 14:20:59","lastreceiveddatetimeflag":0,"tripposition":3}]},{"routeid":13244,"stationid":25856,"stationname":"Hennur Cross","from":"Shivajinagara Bus Station","to":"Yelahanka Old Town","routeno":"292-CA SBS-YHKOT","distance_on_station":9.386,"centerlat":13.03157,"centerlong":77.63588,"responsecode":200,"isnotify":0,"vehicleDetails":[{"vehicleid":15440,"vehiclenumber":"KA57F1906","servicetypeid":72,"servicetype":"Non AC/Ordinary","centerlat":13.102794,"centerlong":77.627106,"eta":"","sch_arrivaltime":"16:08","sch_departuretime":"16:08","actual_arrivaltime":"","actual_departuretime":"","sch_tripstarttime":"15:45","sch_tripendtime":"15:45","lastlocationid":0,"currentlocationid":22088,"nextlocationid":0,"currentstop":null,"nextstop":null,"laststop":null,"stopCoveredStatus":0,"heading":99,"lastrefreshon":"16-10-2024 14:20:59","lastreceiveddatetimeflag":0,"tripposition":3}]},{"routeid":13244,"stationid":25861,"stationname":"Hennur Petrol Bunk","from":"Shivajinagara Bus Station","to":"Yelahanka Old Town","routeno":"292-CA SBS-YHKOT","distance_on_station":9.62,"centerlat":13.03299,"centerlong":77.6374,"responsecode":200,"isnotify":0,"vehicleDetails":[{"vehicleid":15440,"vehiclenumber":"KA57F1906","servicetypeid":72,"servicetype":"Non AC/Ordinary","centerlat":13.102794,"centerlong":77.627106,"eta":"","sch_arrivaltime":"16:09","sch_departuretime":"16:09","actual_arrivaltime":"","actual_departuretime":"","sch_tripstarttime":"15:45","sch_tripendtime":"15:45","lastlocationid":0,"currentlocationid":22088,"nextlocationid":0,"currentstop":null,"nextstop":null,"laststop":null,"stopCoveredStatus":0,"heading":99,"lastrefreshon":"16-10-2024 14:20:59","lastreceiveddatetimeflag":0,"tripposition":3}]},{"routeid":13244,"stationid":22027,"stationname":"Hennur Bande","from":"Shivajinagara Bus Station","to":"Yelahanka Old Town","routeno":"292-CA SBS-YHKOT","distance_on_station":10.159,"centerlat":13.03665,"centerlong":77.64051,"responsecode":200,"isnotify":0,"vehicleDetails":[{"vehicleid":15440,"vehiclenumber":"KA57F1906","servicetypeid":72,"servicetype":"Non AC/Ordinary","centerlat":13.102794,"centerlong":77.627106,"eta":"","sch_arrivaltime":"16:10","sch_departuretime":"16:10","actual_arrivaltime":"","actual_departuretime":"","sch_tripstarttime":"15:45","sch_tripendtime":"15:45","lastlocationid":0,"currentlocationid":22088,"nextlocationid":0,"currentstop":null,"nextstop":null,"laststop":null,"stopCoveredStatus":0,"heading":99,"lastrefreshon":"16-10-2024 14:20:59","lastreceiveddatetimeflag":0,"tripposition":3}]},{"routeid":13244,"stationid":22025,"stationname":"Hennur","from":"Shivajinagara Bus Station","to":"Yelahanka Old Town","routeno":"292-CA SBS-YHKOT","distance_on_station":10.514,"centerlat":13.03945,"centerlong":77.64139,"responsecode":200,"isnotify":0,"vehicleDetails":[{"vehicleid":15440,"vehiclenumber":"KA57F1906","servicetypeid":72,"servicetype":"Non AC/Ordinary","centerlat":13.102794,"centerlong":77.627106,"eta":"","sch_arrivaltime":"16:12","sch_departuretime":"16:12","actual_arrivaltime":"","actual_departuretime":"","sch_tripstarttime":"15:45","sch_tripendtime":"15:45","lastlocationid":0,"currentlocationid":22088,"nextlocationid":0,"currentstop":null,"nextstop":null,"laststop":null,"stopCoveredStatus":0,"heading":99,"lastrefreshon":"16-10-2024 14:20:59","lastreceiveddatetimeflag":0,"tripposition":3}]},{"routeid":13244,"stationid":24048,"stationname":"Janaki Rama Layout","from":"Shivajinagara Bus Station","to":"Yelahanka Old Town","routeno":"292-CA SBS-YHKOT","distance_on_station":10.962,"centerlat":13.04325,"centerlong":77.64228,"responsecode":200,"isnotify":0,"vehicleDetails":[{"vehicleid":15440,"vehiclenumber":"KA57F1906","servicetypeid":72,"servicetype":"Non AC/Ordinary","centerlat":13.102794,"centerlong":77.627106,"eta":"","sch_arrivaltime":"16:13","sch_departuretime":"16:13","actual_arrivaltime":"","actual_departuretime":"","sch_tripstarttime":"15:45","sch_tripendtime":"15:45","lastlocationid":0,"currentlocationid":22088,"nextlocationid":0,"currentstop":null,"nextstop":null,"laststop":null,"stopCoveredStatus":0,"heading":99,"lastrefreshon":"16-10-2024 14:20:59","lastreceiveddatetimeflag":0,"tripposition":3}]},{"routeid":13244,"stationid":21955,"stationname":"Geddalahalli","from":"Shivajinagara Bus Station","to":"Yelahanka Old Town","routeno":"292-CA SBS-YHKOT","distance_on_station":11.643,"centerlat":13.0484,"centerlong":77.64532,"responsecode":200,"isnotify":0,"vehicleDetails":[{"vehicleid":15440,"vehiclenumber":"KA57F1906","servicetypeid":72,"servicetype":"Non AC/Ordinary","centerlat":13.102794,"centerlong":77.627106,"eta":"","sch_arrivaltime":"16:14","sch_departuretime":"16:14","actual_arrivaltime":"","actual_departuretime":"","sch_tripstarttime":"15:45","sch_tripendtime":"15:45","lastlocationid":0,"currentlocationid":22088,"nextlocationid":0,"currentstop":null,"nextstop":null,"laststop":null,"stopCoveredStatus":0,"heading":99,"lastrefreshon":"16-10-2024 14:20:59","lastreceiveddatetimeflag":0,"tripposition":3}]},{"routeid":13244,"stationid":22127,"stationname":"K Narayanapura Cross","from":"Shivajinagara Bus Station","to":"Yelahanka Old Town","routeno":"292-CA SBS-YHKOT","distance_on_station":12.152,"centerlat":13.0528,"centerlong":77.64602,"responsecode":200,"isnotify":0,"vehicleDetails":[{"vehicleid":15440,"vehiclenumber":"KA57F1906","servicetypeid":72,"servicetype":"Non AC/Ordinary","centerlat":13.102794,"centerlong":77.627106,"eta":"","sch_arrivaltime":"16:15","sch_departuretime":"16:15","actual_arrivaltime":"","actual_departuretime":"","sch_tripstarttime":"15:45","sch_tripendtime":"15:45","lastlocationid":0,"currentlocationid":22088,"nextlocationid":0,"currentstop":null,"nextstop":null,"laststop":null,"stopCoveredStatus":0,"heading":99,"lastrefreshon":"16-10-2024 14:20:59","lastreceiveddatetimeflag":0,"tripposition":3}]},{"routeid":13244,"stationid":33593,"stationname":"Kristu Jayanti College","from":"Shivajinagara Bus Station","to":"Yelahanka Old Town","routeno":"292-CA SBS-YHKOT","distance_on_station":12.935,"centerlat":13.05877,"centerlong":77.64293,"responsecode":200,"isnotify":0,"vehicleDetails":[{"vehicleid":15440,"vehiclenumber":"KA57F1906","servicetypeid":72,"servicetype":"Non AC/Ordinary","centerlat":13.102794,"centerlong":77.627106,"eta":"","sch_arrivaltime":"16:17","sch_departuretime":"16:17","actual_arrivaltime":"","actual_departuretime":"","sch_tripstarttime":"15:45","sch_tripendtime":"15:45","lastlocationid":0,"currentlocationid":22088,"nextlocationid":0,"currentstop":null,"nextstop":null,"laststop":null,"stopCoveredStatus":0,"heading":99,"lastrefreshon":"16-10-2024 14:20:59","lastreceiveddatetimeflag":0,"tripposition":3}]},{"routeid":13244,"stationid":30509,"stationname":"K Narayanapura","from":"Shivajinagara Bus Station","to":"Yelahanka Old Town","routeno":"292-CA SBS-YHKOT","distance_on_station":13.484,"centerlat":13.06333,"centerlong":77.64216,"responsecode":200,"isnotify":0,"vehicleDetails":[{"vehicleid":15440,"vehiclenumber":"KA57F1906","servicetypeid":72,"servicetype":"Non AC/Ordinary","centerlat":13.102794,"centerlong":77.627106,"eta":"","sch_arrivaltime":"16:18","sch_departuretime":"16:18","actual_arrivaltime":"","actual_departuretime":"","sch_tripstarttime":"15:45","sch_tripendtime":"15:45","lastlocationid":0,"currentlocationid":22088,"nextlocationid":0,"currentstop":null,"nextstop":null,"laststop":null,"stopCoveredStatus":0,"heading":99,"lastrefreshon":"16-10-2024 14:20:59","lastreceiveddatetimeflag":0,"tripposition":3}]},{"routeid":13244,"stationid":33199,"stationname":"K Narayanapura Main Bus Stand","from":"Shivajinagara Bus Station","to":"Yelahanka Old Town","routeno":"292-CA SBS-YHKOT","distance_on_station":13.921,"centerlat":13.06642,"centerlong":77.64072,"responsecode":200,"isnotify":0,"vehicleDetails":[{"vehicleid":15440,"vehiclenumber":"KA57F1906","servicetypeid":72,"servicetype":"Non AC/Ordinary","centerlat":13.102794,"centerlong":77.627106,"eta":"","sch_arrivaltime":"16:19","sch_departuretime":"16:19","actual_arrivaltime":"","actual_departuretime":"","sch_tripstarttime":"15:45","sch_tripendtime":"15:45","lastlocationid":0,"currentlocationid":22088,"nextlocationid":0,"currentstop":null,"nextstop":null,"laststop":null,"stopCoveredStatus":0,"heading":99,"lastrefreshon":"16-10-2024 14:20:59","lastreceiveddatetimeflag":0,"tripposition":3}]},{"routeid":13244,"stationid":22125,"stationname":"K Narayanapura Cross","from":"Shivajinagara Bus Station","to":"Yelahanka Old Town","routeno":"292-CA SBS-YHKOT","distance_on_station":14.806,"centerlat":13.06824,"centerlong":77.63353,"responsecode":200,"isnotify":0,"vehicleDetails":[{"vehicleid":15440,"vehiclenumber":"KA57F1906","servicetypeid":72,"servicetype":"Non AC/Ordinary","centerlat":13.102794,"centerlong":77.627106,"eta":"","sch_arrivaltime":"16:21","sch_departuretime":"16:21","actual_arrivaltime":"","actual_departuretime":"","sch_tripstarttime":"15:45","sch_tripendtime":"15:45","lastlocationid":0,"currentlocationid":22088,"nextlocationid":0,"currentstop":null,"nextstop":null,"laststop":null,"stopCoveredStatus":0,"heading":99,"lastrefreshon":"16-10-2024 14:20:59","lastreceiveddatetimeflag":0,"tripposition":3}]},{"routeid":13244,"stationid":22429,"stationname":"RK Hegde Nagara","from":"Shivajinagara Bus Station","to":"Yelahanka Old Town","routeno":"292-CA SBS-YHKOT","distance_on_station":15.162,"centerlat":13.0714,"centerlong":77.63359,"responsecode":200,"isnotify":0,"vehicleDetails":[{"vehicleid":15440,"vehiclenumber":"KA57F1906","servicetypeid":72,"servicetype":"Non AC/Ordinary","centerlat":13.102794,"centerlong":77.627106,"eta":"","sch_arrivaltime":"16:22","sch_departuretime":"16:22","actual_arrivaltime":"","actual_departuretime":"","sch_tripstarttime":"15:45","sch_tripendtime":"15:45","lastlocationid":0,"currentlocationid":22088,"nextlocationid":0,"currentstop":null,"nextstop":null,"laststop":null,"stopCoveredStatus":0,"heading":99,"lastrefreshon":"16-10-2024 14:20:59","lastreceiveddatetimeflag":0,"tripposition":3}]},{"routeid":13244,"stationid":22187,"stationname":"Koli Farm","from":"Shivajinagara Bus Station","to":"Yelahanka Old Town","routeno":"292-CA SBS-YHKOT","distance_on_station":15.457,"centerlat":13.07394,"centerlong":77.63362,"responsecode":200,"isnotify":0,"vehicleDetails":[{"vehicleid":15440,"vehiclenumber":"KA57F1906","servicetypeid":72,"servicetype":"Non AC/Ordinary","centerlat":13.102794,"centerlong":77.627106,"eta":"","sch_arrivaltime":"16:23","sch_departuretime":"16:23","actual_arrivaltime":"","actual_departuretime":"","sch_tripstarttime":"15:45","sch_tripendtime":"15:45","lastlocationid":0,"currentlocationid":22088,"nextlocationid":0,"currentstop":null,"nextstop":null,"laststop":null,"stopCoveredStatus":0,"heading":99,"lastrefreshon":"16-10-2024 14:20:59","lastreceiveddatetimeflag":0,"tripposition":3}]},{"routeid":13244,"stationid":22366,"stationname":"Noor Nagara","from":"Shivajinagara Bus Station","to":"Yelahanka Old Town","routeno":"292-CA SBS-YHKOT","distance_on_station":16.148,"centerlat":13.08,"centerlong":77.63398,"responsecode":200,"isnotify":0,"vehicleDetails":[{"vehicleid":15440,"vehiclenumber":"KA57F1906","servicetypeid":72,"servicetype":"Non AC/Ordinary","centerlat":13.102794,"centerlong":77.627106,"eta":"","sch_arrivaltime":"16:24","sch_departuretime":"16:24","actual_arrivaltime":"","actual_departuretime":"","sch_tripstarttime":"15:45","sch_tripendtime":"15:45","lastlocationid":0,"currentlocationid":22088,"nextlocationid":0,"currentstop":null,"nextstop":null,"laststop":null,"stopCoveredStatus":0,"heading":99,"lastrefreshon":"16-10-2024 14:20:59","lastreceiveddatetimeflag":0,"tripposition":3}]},{"routeid":13244,"stationid":21847,"stationname":"Chokkanahalli Gate","from":"Shivajinagara Bus Station","to":"Yelahanka Old Town","routeno":"292-CA SBS-YHKOT","distance_on_station":16.687,"centerlat":13.08471,"centerlong":77.63473,"responsecode":200,"isnotify":0,"vehicleDetails":[{"vehicleid":15440,"vehiclenumber":"KA57F1906","servicetypeid":72,"servicetype":"Non AC/Ordinary","centerlat":13.102794,"centerlong":77.627106,"eta":"","sch_arrivaltime":"16:25","sch_departuretime":"16:25","actual_arrivaltime":"","actual_departuretime":"","sch_tripstarttime":"15:45","sch_tripendtime":"15:45","lastlocationid":0,"currentlocationid":22088,"nextlocationid":0,"currentstop":null,"nextstop":null,"laststop":null,"stopCoveredStatus":0,"heading":99,"lastrefreshon":"16-10-2024 14:20:59","lastreceiveddatetimeflag":0,"tripposition":3}]},{"routeid":13244,"stationid":22556,"stationname":"Thirumenahalli Cross (KNS College)","from":"Shivajinagara Bus Station","to":"Yelahanka Old Town","routeno":"292-CA SBS-YHKOT","distance_on_station":17.124,"centerlat":13.08853,"centerlong":77.63531,"responsecode":200,"isnotify":0,"vehicleDetails":[{"vehicleid":15440,"vehiclenumber":"KA57F1906","servicetypeid":72,"servicetype":"Non AC/Ordinary","centerlat":13.102794,"centerlong":77.627106,"eta":"","sch_arrivaltime":"16:26","sch_departuretime":"16:26","actual_arrivaltime":"","actual_departuretime":"","sch_tripstarttime":"15:45","sch_tripendtime":"15:45","lastlocationid":0,"currentlocationid":22088,"nextlocationid":0,"currentstop":null,"nextstop":null,"laststop":null,"stopCoveredStatus":0,"heading":99,"lastrefreshon":"16-10-2024 14:20:59","lastreceiveddatetimeflag":0,"tripposition":3}]},{"routeid":13244,"stationid":27778,"stationname":"Purvankara Northern Destiny Bellahalli","from":"Shivajinagara Bus Station","to":"Yelahanka Old Town","routeno":"292-CA SBS-YHKOT","distance_on_station":17.948,"centerlat":13.09583,"centerlong":77.63587,"responsecode":200,"isnotify":0,"vehicleDetails":[{"vehicleid":15440,"vehiclenumber":"KA57F1906","servicetypeid":72,"servicetype":"Non AC/Ordinary","centerlat":13.102794,"centerlong":77.627106,"eta":"","sch_arrivaltime":"16:27","sch_departuretime":"16:27","actual_arrivaltime":"","actual_departuretime":"","sch_tripstarttime":"15:45","sch_tripendtime":"15:45","lastlocationid":0,"currentlocationid":22088,"nextlocationid":0,"currentstop":null,"nextstop":null,"laststop":null,"stopCoveredStatus":0,"heading":99,"lastrefreshon":"16-10-2024 14:20:59","lastreceiveddatetimeflag":0,"tripposition":3}]},{"routeid":13244,"stationid":31952,"stationname":"Bellahalli Cross","from":"Shivajinagara Bus Station","to":"Yelahanka Old Town","routeno":"292-CA SBS-YHKOT","distance_on_station":18.751,"centerlat":13.10196,"centerlong":77.63362,"responsecode":200,"isnotify":0,"vehicleDetails":[{"vehicleid":15440,"vehiclenumber":"KA57F1906","servicetypeid":72,"servicetype":"Non AC/Ordinary","centerlat":13.102794,"centerlong":77.627106,"eta":"","sch_arrivaltime":"16:28","sch_departuretime":"16:28","actual_arrivaltime":"","actual_departuretime":"","sch_tripstarttime":"15:45","sch_tripendtime":"15:45","lastlocationid":0,"currentlocationid":22088,"nextlocationid":0,"currentstop":null,"nextstop":null,"laststop":null,"stopCoveredStatus":0,"heading":99,"lastrefreshon":"16-10-2024 14:20:59","lastreceiveddatetimeflag":0,"tripposition":3}]},{"routeid":13244,"stationid":22088,"stationname":"Ittige Factory","from":"Shivajinagara Bus Station","to":"Yelahanka Old Town","routeno":"292-CA SBS-YHKOT","distance_on_station":19.249,"centerlat":13.10247,"centerlong":77.62907,"responsecode":200,"isnotify":0,"vehicleDetails":[{"vehicleid":15440,"vehiclenumber":"KA57F1906","servicetypeid":72,"servicetype":"Non AC/Ordinary","centerlat":13.102794,"centerlong":77.627106,"eta":"","sch_arrivaltime":"16:29","sch_departuretime":"16:29","actual_arrivaltime":"","actual_departuretime":"","sch_tripstarttime":"15:45","sch_tripendtime":"15:45","lastlocationid":0,"currentlocationid":22088,"nextlocationid":0,"currentstop":null,"nextstop":null,"laststop":null,"stopCoveredStatus":0,"heading":99,"lastrefreshon":"16-10-2024 14:20:59","lastreceiveddatetimeflag":0,"tripposition":3}]},{"routeid":13244,"stationid":22514,"stationname":"Srinivasapura Kogilu","from":"Shivajinagara Bus Station","to":"Yelahanka Old Town","routeno":"292-CA SBS-YHKOT","distance_on_station":19.87,"centerlat":13.10335,"centerlong":77.62358,"responsecode":200,"isnotify":0,"vehicleDetails":[{"vehicleid":15440,"vehiclenumber":"KA57F1906","servicetypeid":72,"servicetype":"Non AC/Ordinary","centerlat":13.102794,"centerlong":77.627106,"eta":"","sch_arrivaltime":"16:30","sch_departuretime":"16:30","actual_arrivaltime":"","actual_departuretime":"","sch_tripstarttime":"15:45","sch_tripendtime":"15:45","lastlocationid":0,"currentlocationid":22088,"nextlocationid":0,"currentstop":null,"nextstop":null,"laststop":null,"stopCoveredStatus":0,"heading":99,"lastrefreshon":"16-10-2024 14:20:59","lastreceiveddatetimeflag":0,"tripposition":3}]},{"routeid":13244,"stationid":22182,"stationname":"Kogilu","from":"Shivajinagara Bus Station","to":"Yelahanka Old Town","routeno":"292-CA SBS-YHKOT","distance_on_station":20.765,"centerlat":13.10363,"centerlong":77.61592,"responsecode":200,"isnotify":0,"vehicleDetails":[{"vehicleid":15440,"vehiclenumber":"KA57F1906","servicetypeid":72,"servicetype":"Non AC/Ordinary","centerlat":13.102794,"centerlong":77.627106,"eta":"","sch_arrivaltime":"16:32","sch_departuretime":"16:32","actual_arrivaltime":"","actual_departuretime":"","sch_tripstarttime":"15:45","sch_tripendtime":"15:45","lastlocationid":0,"currentlocationid":22088,"nextlocationid":0,"currentstop":null,"nextstop":null,"laststop":null,"stopCoveredStatus":0,"heading":99,"lastrefreshon":"16-10-2024 14:20:59","lastreceiveddatetimeflag":0,"tripposition":3}]},{"routeid":13244,"stationid":22458,"stationname":"Sapthagiri Layout","from":"Shivajinagara Bus Station","to":"Yelahanka Old Town","routeno":"292-CA SBS-YHKOT","distance_on_station":21.365,"centerlat":13.1045,"centerlong":77.6106,"responsecode":200,"isnotify":0,"vehicleDetails":[{"vehicleid":15440,"vehiclenumber":"KA57F1906","servicetypeid":72,"servicetype":"Non AC/Ordinary","centerlat":13.102794,"centerlong":77.627106,"eta":"","sch_arrivaltime":"16:33","sch_departuretime":"16:33","actual_arrivaltime":"","actual_departuretime":"","sch_tripstarttime":"15:45","sch_tripendtime":"15:45","lastlocationid":0,"currentlocationid":22088,"nextlocationid":0,"currentstop":null,"nextstop":null,"laststop":null,"stopCoveredStatus":0,"heading":99,"lastrefreshon":"16-10-2024 14:20:59","lastreceiveddatetimeflag":0,"tripposition":3}]},{"routeid":13244,"stationid":22267,"stationname":"Maruthi Nagara","from":"Shivajinagara Bus Station","to":"Yelahanka Old Town","routeno":"292-CA SBS-YHKOT","distance_on_station":21.812,"centerlat":13.10437,"centerlong":77.60657,"responsecode":200,"isnotify":0,"vehicleDetails":[{"vehicleid":15440,"vehiclenumber":"KA57F1906","servicetypeid":72,"servicetype":"Non AC/Ordinary","centerlat":13.102794,"centerlong":77.627106,"eta":"","sch_arrivaltime":"16:34","sch_departuretime":"16:34","actual_arrivaltime":"","actual_departuretime":"","sch_tripstarttime":"15:45","sch_tripendtime":"15:45","lastlocationid":0,"currentlocationid":22088,"nextlocationid":0,"currentstop":null,"nextstop":null,"laststop":null,"stopCoveredStatus":0,"heading":99,"lastrefreshon":"16-10-2024 14:20:59","lastreceiveddatetimeflag":0,"tripposition":3}]},{"routeid":13244,"stationid":22185,"stationname":"Kogilu Cross","from":"Shivajinagara Bus Station","to":"Yelahanka Old Town","routeno":"292-CA SBS-YHKOT","distance_on_station":22.422,"centerlat":13.10358,"centerlong":77.60107,"responsecode":200,"isnotify":0,"vehicleDetails":[{"vehicleid":15440,"vehiclenumber":"KA57F1906","servicetypeid":72,"servicetype":"Non AC/Ordinary","centerlat":13.102794,"centerlong":77.627106,"eta":"","sch_arrivaltime":"16:35","sch_departuretime":"16:35","actual_arrivaltime":"","actual_departuretime":"","sch_tripstarttime":"15:45","sch_tripendtime":"15:45","lastlocationid":0,"currentlocationid":22088,"nextlocationid":0,"currentstop":null,"nextstop":null,"laststop":null,"stopCoveredStatus":0,"heading":99,"lastrefreshon":"16-10-2024 14:20:59","lastreceiveddatetimeflag":0,"tripposition":3}]},{"routeid":13244,"stationid":22644,"stationname":"Yelahanka Santhe Circle","from":"Shivajinagara Bus Station","to":"Yelahanka Old Town","routeno":"292-CA SBS-YHKOT","distance_on_station":23.164,"centerlat":13.0992,"centerlong":77.59712,"responsecode":200,"isnotify":0,"vehicleDetails":[{"vehicleid":15440,"vehiclenumber":"KA57F1906","servicetypeid":72,"servicetype":"Non AC/Ordinary","centerlat":13.102794,"centerlong":77.627106,"eta":"","sch_arrivaltime":"16:37","sch_departuretime":"16:37","actual_arrivaltime":"","actual_departuretime":"","sch_tripstarttime":"15:45","sch_tripendtime":"15:45","lastlocationid":0,"currentlocationid":22088,"nextlocationid":0,"currentstop":null,"nextstop":null,"laststop":null,"stopCoveredStatus":0,"heading":99,"lastrefreshon":"16-10-2024 14:20:59","lastreceiveddatetimeflag":0,"tripposition":3}]},{"routeid":13244,"stationid":22641,"stationname":"Yelahanka Old Town","from":"Shivajinagara Bus Station","to":"Yelahanka Old Town","routeno":"292-CA SBS-YHKOT","distance_on_station":23.5,"centerlat":13.10063,"centerlong":77.59453,"responsecode":200,"isnotify":0,"vehicleDetails":[{"vehicleid":15440,"vehiclenumber":"KA57F1906","servicetypeid":72,"servicetype":"Non AC/Ordinary","centerlat":13.102794,"centerlong":77.627106,"eta":"","sch_arrivaltime":"16:38","sch_departuretime":"16:38","actual_arrivaltime":"","actual_departuretime":"","sch_tripstarttime":"15:45","sch_tripendtime":"15:45","lastlocationid":0,"currentlocationid":22088,"nextlocationid":0,"currentstop":null,"nextstop":null,"laststop":null,"stopCoveredStatus":0,"heading":99,"lastrefreshon":"16-10-2024 14:20:59","lastreceiveddatetimeflag":0,"tripposition":3}]}],"mapData":[{"vehicleid":15440,"vehiclenumber":"KA57F1906","servicetypeid":72,"servicetype":"Non AC/Ordinary","centerlat":13.102794,"centerlong":77.627106,"eta":"","sch_arrivaltime":"16:38","sch_departuretime":"16:38","actual_arrivaltime":"","actual_departuretime":"","sch_tripstarttime":"15:45","sch_tripendtime":"15:45","lastlocationid":0,"currentlocationid":22088,"nextlocationid":0,"currentstop":null,"nextstop":null,"laststop":null,"stopCoveredStatus":0,"heading":99,"lastrefreshon":"16-10-2024 14:20:59","lastreceiveddatetimeflag":0,"tripposition":3}]},"down":{"data":[],"mapData":[]},"message":"Success","issuccess":true,"exception":null,"rowCount":0,"responsecode":200}