{"up":{"data":[{"routeid":8907,"stationid":21172,"stationname":"Shivajinagara Bus Station","from":"Shivajinagara Bus Station","to":"Chikkajala","routeno":"293-R","distance_on_station":0,"centerlat":12.98391,"centerlong":77.60327,"responsecode":200,"isnotify":0,"vehicleDetails":[{"vehicleid":22832,"vehiclenumber":"KA57F3665","servicetypeid":72,"servicetype":"Non AC/Ordinary","centerlat":13.027172,"centerlong":77.63166,"eta":"","sch_arrivaltime":"10:50","sch_departuretime":"10:50","actual_arrivaltime":"10:03","actual_departuretime":"10:03","sch_tripstarttime":"10:50","sch_tripendtime":"10:50","lastlocationid":0,"currentlocationid":35920,"nextlocationid":0,"currentstop":null,"nextstop":null,"laststop":null,"stopCoveredStatus":1,"heading":41,"lastrefreshon":"10-03-2024 10:26:33","lastreceiveddatetimeflag":0,"tripposition":1}]},{"routeid":8907,"stationid":22068,"stationname":"Indian Express","from":"Shivajinagara Bus Station","to":"Chikkajala","routeno":"293-R","distance_on_station":0.704,"centerlat":12.98421,"centerlong":77.59735,"responsecode":200,"isnotify":0,"vehicleDetails":[{"vehicleid":22832,"vehiclenumber":"KA57F3665","servicetypeid":72,"servicetype":"Non AC/Ordinary","centerlat":13.027172,"centerlong":77.63166,"eta":"","sch_arrivaltime":"10:54","sch_departuretime":"10:54","actual_arrivaltime":"10:04","actual_departuretime":"10:06","sch_tripstarttime":"10:50","sch_tripendtime":"10:50","lastlocationid":0,"currentlocationid":35920,"nextlocationid":0,"currentstop":null,"nextstop":null,"laststop":null,"stopCoveredStatus":1,"heading":41,"lastrefreshon":"10-03-2024 10:26:33","lastreceiveddatetimeflag":0,"tripposition":1}]},{"routeid":8907,"stationid":21869,"stationname":"Cunningham Road","from":"Shivajinagara Bus Station","to":"Chikkajala","routeno":"293-R","distance_on_station":1.237,"centerlat":12.98787,"centerlong":77.59427,"responsecode":200,"isnotify":0,"vehicleDetails":[{"vehicleid":22832,"vehiclenumber":"KA57F3665","servicetypeid":72,"servicetype":"Non AC/Ordinary","centerlat":13.027172,"centerlong":77.63166,"eta":"","sch_arrivaltime":"10:55","sch_departuretime":"10:55","actual_arrivaltime":"","actual_departuretime":"","sch_tripstarttime":"10:50","sch_tripendtime":"10:50","lastlocationid":0,"currentlocationid":35920,"nextlocationid":0,"currentstop":null,"nextstop":null,"laststop":null,"stopCoveredStatus":1,"heading":41,"lastrefreshon":"10-03-2024 10:26:33","lastreceiveddatetimeflag":0,"tripposition":3}]},{"routeid":8907,"stationid":22585,"stationname":"Vasantha Nagara","from":"Shivajinagara Bus Station","to":"Chikkajala","routeno":"293-R","distance_on_station":1.92,"centerlat":12.99278,"centerlong":77.59503,"responsecode":200,"isnotify":0,"vehicleDetails":[{"vehicleid":22832,"vehiclenumber":"KA57F3665","servicetypeid":72,"servicetype":"Non AC/Ordinary","centerlat":13.027172,"centerlong":77.63166,"eta":"","sch_arrivaltime":"10:56","sch_departuretime":"10:56","actual_arrivaltime":"10:08","actual_departuretime":"10:08","sch_tripstarttime":"10:50","sch_tripendtime":"10:50","lastlocationid":0,"currentlocationid":35920,"nextlocationid":0,"currentstop":null,"nextstop":null,"laststop":null,"stopCoveredStatus":1,"heading":41,"lastrefreshon":"10-03-2024 10:26:33","lastreceiveddatetimeflag":0,"tripposition":1}]},{"routeid":8907,"stationid":21805,"stationname":"Cantonment Railway Station","from":"Shivajinagara Bus Station","to":"Chikkajala","routeno":"293-R","distance_on_station":2.222,"centerlat":12.99384,"centerlong":77.59712,"responsecode":200,"isnotify":0,"vehicleDetails":[{"vehicleid":22832,"vehiclenumber":"KA57F3665","servicetypeid":72,"servicetype":"Non AC/Ordinary","centerlat":13.027172,"centerlong":77.63166,"eta":"","sch_arrivaltime":"10:57","sch_departuretime":"10:57","actual_arrivaltime":"","actual_departuretime":"","sch_tripstarttime":"10:50","sch_tripendtime":"10:50","lastlocationid":0,"currentlocationid":35920,"nextlocationid":0,"currentstop":null,"nextstop":null,"laststop":null,"stopCoveredStatus":1,"heading":41,"lastrefreshon":"10-03-2024 10:26:33","lastreceiveddatetimeflag":0,"tripposition":3}]},{"routeid":8907,"stationid":21704,"stationname":"Bamboo Bazaar","from":"Shivajinagara Bus Station","to":"Chikkajala","routeno":"293-R","distance_on_station":2.956,"centerlat":12.99192,"centerlong":77.60332,"responsecode":200,"isnotify":0,"vehicleDetails":[{"vehicleid":22832,"vehiclenumber":"KA57F3665","servicetypeid":72,"servicetype":"Non AC/Ordinary","centerlat":13.027172,"centerlong":77.63166,"eta":"","sch_arrivaltime":"10:59","sch_departuretime":"10:59","actual_arrivaltime":"","actual_departuretime":"","sch_tripstarttime":"10:50","sch_tripendtime":"10:50","lastlocationid":0,"currentlocationid":35920,"nextlocationid":0,"currentstop":null,"nextstop":null,"laststop":null,"stopCoveredStatus":1,"heading":41,"lastrefreshon":"10-03-2024 10:26:33","lastreceiveddatetimeflag":0,"tripposition":3}]},{"routeid":8907,"stationid":21859,"stationname":"Coles Park","from":"Shivajinagara Bus Station","to":"Chikkajala","routeno":"293-R","distance_on_station":3.539,"centerlat":12.99573,"centerlong":77.60668,"responsecode":200,"isnotify":0,"vehicleDetails":[{"vehicleid":22832,"vehiclenumber":"KA57F3665","servicetypeid":72,"servicetype":"Non AC/Ordinary","centerlat":13.027172,"centerlong":77.63166,"eta":"","sch_arrivaltime":"11:00","sch_departuretime":"11:00","actual_arrivaltime":"10:13","actual_departuretime":"10:14","sch_tripstarttime":"10:50","sch_tripendtime":"10:50","lastlocationid":0,"currentlocationid":35920,"nextlocationid":0,"currentstop":null,"nextstop":null,"laststop":null,"stopCoveredStatus":1,"heading":41,"lastrefreshon":"10-03-2024 10:26:33","lastreceiveddatetimeflag":0,"tripposition":1}]},{"routeid":8907,"stationid":36715,"stationname":"Frazer Town","from":"Shivajinagara Bus Station","to":"Chikkajala","routeno":"293-R","distance_on_station":4.454,"centerlat":13.00098,"centerlong":77.61257,"responsecode":200,"isnotify":0,"vehicleDetails":[{"vehicleid":22832,"vehiclenumber":"KA57F3665","servicetypeid":72,"servicetype":"Non AC/Ordinary","centerlat":13.027172,"centerlong":77.63166,"eta":"","sch_arrivaltime":"11:02","sch_departuretime":"11:02","actual_arrivaltime":"10:15","actual_departuretime":"10:15","sch_tripstarttime":"10:50","sch_tripendtime":"10:50","lastlocationid":0,"currentlocationid":35920,"nextlocationid":0,"currentstop":null,"nextstop":null,"laststop":null,"stopCoveredStatus":1,"heading":41,"lastrefreshon":"10-03-2024 10:26:33","lastreceiveddatetimeflag":0,"tripposition":1}]},{"routeid":8907,"stationid":21854,"stationname":"Mosque Road","from":"Shivajinagara Bus Station","to":"Chikkajala","routeno":"293-R","distance_on_station":4.806,"centerlat":13.00067,"centerlong":77.61578,"responsecode":200,"isnotify":0,"vehicleDetails":[{"vehicleid":22832,"vehiclenumber":"KA57F3665","servicetypeid":72,"servicetype":"Non AC/Ordinary","centerlat":13.027172,"centerlong":77.63166,"eta":"","sch_arrivaltime":"11:03","sch_departuretime":"11:03","actual_arrivaltime":"10:16","actual_departuretime":"10:16","sch_tripstarttime":"10:50","sch_tripendtime":"10:50","lastlocationid":0,"currentlocationid":35920,"nextlocationid":0,"currentstop":null,"nextstop":null,"laststop":null,"stopCoveredStatus":1,"heading":41,"lastrefreshon":"10-03-2024 10:26:33","lastreceiveddatetimeflag":0,"tripposition":1}]},{"routeid":8907,"stationid":21929,"stationname":"East Railway Station","from":"Shivajinagara Bus Station","to":"Chikkajala","routeno":"293-R","distance_on_station":5.329,"centerlat":13.00143,"centerlong":77.61865,"responsecode":200,"isnotify":0,"vehicleDetails":[{"vehicleid":22832,"vehiclenumber":"KA57F3665","servicetypeid":72,"servicetype":"Non AC/Ordinary","centerlat":13.027172,"centerlong":77.63166,"eta":"","sch_arrivaltime":"11:05","sch_departuretime":"11:05","actual_arrivaltime":"10:17","actual_departuretime":"10:17","sch_tripstarttime":"10:50","sch_tripendtime":"10:50","lastlocationid":0,"currentlocationid":35920,"nextlocationid":0,"currentstop":null,"nextstop":null,"laststop":null,"stopCoveredStatus":1,"heading":41,"lastrefreshon":"10-03-2024 10:26:33","lastreceiveddatetimeflag":0,"tripposition":1}]},{"routeid":8907,"stationid":21890,"stationname":"Devis Road","from":"Shivajinagara Bus Station","to":"Chikkajala","routeno":"293-R","distance_on_station":5.68,"centerlat":13.00426,"centerlong":77.61968,"responsecode":200,"isnotify":0,"vehicleDetails":[{"vehicleid":22832,"vehiclenumber":"KA57F3665","servicetypeid":72,"servicetype":"Non AC/Ordinary","centerlat":13.027172,"centerlong":77.63166,"eta":"","sch_arrivaltime":"11:06","sch_departuretime":"11:06","actual_arrivaltime":"10:18","actual_departuretime":"10:19","sch_tripstarttime":"10:50","sch_tripendtime":"10:50","lastlocationid":0,"currentlocationid":35920,"nextlocationid":0,"currentstop":null,"nextstop":null,"laststop":null,"stopCoveredStatus":1,"heading":41,"lastrefreshon":"10-03-2024 10:26:33","lastreceiveddatetimeflag":0,"tripposition":1}]},{"routeid":8907,"stationid":21826,"stationname":"Charls School Toll Gate","from":"Shivajinagara Bus Station","to":"Chikkajala","routeno":"293-R","distance_on_station":5.922,"centerlat":13.00616,"centerlong":77.62084,"responsecode":200,"isnotify":0,"vehicleDetails":[{"vehicleid":22832,"vehiclenumber":"KA57F3665","servicetypeid":72,"servicetype":"Non AC/Ordinary","centerlat":13.027172,"centerlong":77.63166,"eta":"","sch_arrivaltime":"11:07","sch_departuretime":"11:07","actual_arrivaltime":"10:19","actual_departuretime":"10:19","sch_tripstarttime":"10:50","sch_tripendtime":"10:50","lastlocationid":0,"currentlocationid":35920,"nextlocationid":0,"currentstop":null,"nextstop":null,"laststop":null,"stopCoveredStatus":1,"heading":41,"lastrefreshon":"10-03-2024 10:26:33","lastreceiveddatetimeflag":0,"tripposition":1}]},{"routeid":8907,"stationid":22229,"stationname":"Lingarajapura Bridge","from":"Shivajinagara Bus Station","to":"Chikkajala","routeno":"293-R","distance_on_station":6.334,"centerlat":13.00906,"centerlong":77.6232,"responsecode":200,"isnotify":0,"vehicleDetails":[{"vehicleid":22832,"vehiclenumber":"KA57F3665","servicetypeid":72,"servicetype":"Non AC/Ordinary","centerlat":13.027172,"centerlong":77.63166,"eta":"","sch_arrivaltime":"11:08","sch_departuretime":"11:08","actual_arrivaltime":"10:20","actual_departuretime":"10:20","sch_tripstarttime":"10:50","sch_tripendtime":"10:50","lastlocationid":0,"currentlocationid":35920,"nextlocationid":0,"currentstop":null,"nextstop":null,"laststop":null,"stopCoveredStatus":1,"heading":41,"lastrefreshon":"10-03-2024 10:26:33","lastreceiveddatetimeflag":0,"tripposition":1}]},{"routeid":8907,"stationid":22227,"stationname":"Lingarajapura","from":"Shivajinagara Bus Station","to":"Chikkajala","routeno":"293-R","distance_on_station":6.827,"centerlat":13.01254,"centerlong":77.62584,"responsecode":200,"isnotify":0,"vehicleDetails":[{"vehicleid":22832,"vehiclenumber":"KA57F3665","servicetypeid":72,"servicetype":"Non AC/Ordinary","centerlat":13.027172,"centerlong":77.63166,"eta":"","sch_arrivaltime":"11:09","sch_departuretime":"11:09","actual_arrivaltime":"10:21","actual_departuretime":"10:22","sch_tripstarttime":"10:50","sch_tripendtime":"10:50","lastlocationid":0,"currentlocationid":35920,"nextlocationid":0,"currentstop":null,"nextstop":null,"laststop":null,"stopCoveredStatus":1,"heading":41,"lastrefreshon":"10-03-2024 10:26:33","lastreceiveddatetimeflag":0,"tripposition":1}]},{"routeid":8907,"stationid":22123,"stationname":"Jyothi School","from":"Shivajinagara Bus Station","to":"Chikkajala","routeno":"293-R","distance_on_station":7.088,"centerlat":13.01455,"centerlong":77.62715,"responsecode":200,"isnotify":0,"vehicleDetails":[{"vehicleid":22832,"vehiclenumber":"KA57F3665","servicetypeid":72,"servicetype":"Non AC/Ordinary","centerlat":13.027172,"centerlong":77.63166,"eta":"","sch_arrivaltime":"11:10","sch_departuretime":"11:10","actual_arrivaltime":"10:22","actual_departuretime":"10:22","sch_tripstarttime":"10:50","sch_tripendtime":"10:50","lastlocationid":0,"currentlocationid":35920,"nextlocationid":0,"currentstop":null,"nextstop":null,"laststop":null,"stopCoveredStatus":1,"heading":41,"lastrefreshon":"10-03-2024 10:26:33","lastreceiveddatetimeflag":0,"tripposition":1}]},{"routeid":8907,"stationid":22129,"stationname":"Kacharakanahalli","from":"Shivajinagara Bus Station","to":"Chikkajala","routeno":"293-R","distance_on_station":7.842,"centerlat":13.02115,"centerlong":77.62864,"responsecode":200,"isnotify":0,"vehicleDetails":[{"vehicleid":22832,"vehiclenumber":"KA57F3665","servicetypeid":72,"servicetype":"Non AC/Ordinary","centerlat":13.027172,"centerlong":77.63166,"eta":"","sch_arrivaltime":"11:12","sch_departuretime":"11:12","actual_arrivaltime":"10:24","actual_departuretime":"10:24","sch_tripstarttime":"10:50","sch_tripendtime":"10:50","lastlocationid":0,"currentlocationid":35920,"nextlocationid":0,"currentstop":null,"nextstop":null,"laststop":null,"stopCoveredStatus":1,"heading":41,"lastrefreshon":"10-03-2024 10:26:33","lastreceiveddatetimeflag":0,"tripposition":1}]},{"routeid":8907,"stationid":35918,"stationname":"Depot-10 Gate","from":"Shivajinagara Bus Station","to":"Chikkajala","routeno":"293-R","distance_on_station":8.375,"centerlat":13.0255,"centerlong":77.63049,"responsecode":200,"isnotify":0,"vehicleDetails":[{"vehicleid":22832,"vehiclenumber":"KA57F3665","servicetypeid":72,"servicetype":"Non AC/Ordinary","centerlat":13.027172,"centerlong":77.63166,"eta":"","sch_arrivaltime":"11:13","sch_departuretime":"11:13","actual_arrivaltime":"10:25","actual_departuretime":"10:25","sch_tripstarttime":"10:50","sch_tripendtime":"10:50","lastlocationid":0,"currentlocationid":35920,"nextlocationid":0,"currentstop":null,"nextstop":null,"laststop":null,"stopCoveredStatus":1,"heading":41,"lastrefreshon":"10-03-2024 10:26:33","lastreceiveddatetimeflag":0,"tripposition":1}]},{"routeid":8907,"stationid":35920,"stationname":"Hennuru Junction","from":"Shivajinagara Bus Station","to":"Chikkajala","routeno":"293-R","distance_on_station":8.787,"centerlat":13.0282,"centerlong":77.63291,"responsecode":200,"isnotify":0,"vehicleDetails":[{"vehicleid":22832,"vehiclenumber":"KA57F3665","servicetypeid":72,"servicetype":"Non AC/Ordinary","centerlat":13.027172,"centerlong":77.63166,"eta":"2024-03-10 10:27:00","sch_arrivaltime":"11:15","sch_departuretime":"11:15","actual_arrivaltime":"","actual_departuretime":"","sch_tripstarttime":"10:50","sch_tripendtime":"10:50","lastlocationid":0,"currentlocationid":35920,"nextlocationid":0,"currentstop":null,"nextstop":null,"laststop":null,"stopCoveredStatus":0,"heading":41,"lastrefreshon":"10-03-2024 10:26:33","lastreceiveddatetimeflag":0,"tripposition":3}]},{"routeid":8907,"stationid":25856,"stationname":"Hennur Cross","from":"Shivajinagara Bus Station","to":"Chikkajala","routeno":"293-R","distance_on_station":9.28,"centerlat":13.03157,"centerlong":77.63588,"responsecode":200,"isnotify":0,"vehicleDetails":[{"vehicleid":22832,"vehiclenumber":"KA57F3665","servicetypeid":72,"servicetype":"Non AC/Ordinary","centerlat":13.027172,"centerlong":77.63166,"eta":"2024-03-10 10:28:00","sch_arrivaltime":"11:16","sch_departuretime":"11:16","actual_arrivaltime":"","actual_departuretime":"","sch_tripstarttime":"10:50","sch_tripendtime":"10:50","lastlocationid":0,"currentlocationid":35920,"nextlocationid":0,"currentstop":null,"nextstop":null,"laststop":null,"stopCoveredStatus":0,"heading":41,"lastrefreshon":"10-03-2024 10:26:33","lastreceiveddatetimeflag":0,"tripposition":3}]},{"routeid":8907,"stationid":25861,"stationname":"Hennur Petrol Bunk","from":"Shivajinagara Bus Station","to":"Chikkajala","routeno":"293-R","distance_on_station":9.511,"centerlat":13.03299,"centerlong":77.6374,"responsecode":200,"isnotify":0,"vehicleDetails":[{"vehicleid":22832,"vehiclenumber":"KA57F3665","servicetypeid":72,"servicetype":"Non AC/Ordinary","centerlat":13.027172,"centerlong":77.63166,"eta":"2024-03-10 10:29:00","sch_arrivaltime":"11:17","sch_departuretime":"11:17","actual_arrivaltime":"","actual_departuretime":"","sch_tripstarttime":"10:50","sch_tripendtime":"10:50","lastlocationid":0,"currentlocationid":35920,"nextlocationid":0,"currentstop":null,"nextstop":null,"laststop":null,"stopCoveredStatus":0,"heading":41,"lastrefreshon":"10-03-2024 10:26:33","lastreceiveddatetimeflag":0,"tripposition":3}]},{"routeid":8907,"stationid":22027,"stationname":"Hennur Bande","from":"Shivajinagara Bus Station","to":"Chikkajala","routeno":"293-R","distance_on_station":10.044,"centerlat":13.03665,"centerlong":77.64051,"responsecode":200,"isnotify":0,"vehicleDetails":[{"vehicleid":22832,"vehiclenumber":"KA57F3665","servicetypeid":72,"servicetype":"Non AC/Ordinary","centerlat":13.027172,"centerlong":77.63166,"eta":"2024-03-10 10:30:00","sch_arrivaltime":"11:18","sch_departuretime":"11:18","actual_arrivaltime":"","actual_departuretime":"","sch_tripstarttime":"10:50","sch_tripendtime":"10:50","lastlocationid":0,"currentlocationid":35920,"nextlocationid":0,"currentstop":null,"nextstop":null,"laststop":null,"stopCoveredStatus":0,"heading":41,"lastrefreshon":"10-03-2024 10:26:33","lastreceiveddatetimeflag":0,"tripposition":3}]},{"routeid":8907,"stationid":22025,"stationname":"Hennur","from":"Shivajinagara Bus Station","to":"Chikkajala","routeno":"293-R","distance_on_station":10.396,"centerlat":13.03945,"centerlong":77.64139,"responsecode":200,"isnotify":0,"vehicleDetails":[{"vehicleid":22832,"vehiclenumber":"KA57F3665","servicetypeid":72,"servicetype":"Non AC/Ordinary","centerlat":13.027172,"centerlong":77.63166,"eta":"2024-03-10 10:31:00","sch_arrivaltime":"11:19","sch_departuretime":"11:19","actual_arrivaltime":"","actual_departuretime":"","sch_tripstarttime":"10:50","sch_tripendtime":"10:50","lastlocationid":0,"currentlocationid":35920,"nextlocationid":0,"currentstop":null,"nextstop":null,"laststop":null,"stopCoveredStatus":0,"heading":41,"lastrefreshon":"10-03-2024 10:26:33","lastreceiveddatetimeflag":0,"tripposition":3}]},{"routeid":8907,"stationid":24048,"stationname":"Janaki Rama Layout","from":"Shivajinagara Bus Station","to":"Chikkajala","routeno":"293-R","distance_on_station":10.838,"centerlat":13.04325,"centerlong":77.64228,"responsecode":200,"isnotify":0,"vehicleDetails":[{"vehicleid":22832,"vehiclenumber":"KA57F3665","servicetypeid":72,"servicetype":"Non AC/Ordinary","centerlat":13.027172,"centerlong":77.63166,"eta":"2024-03-10 10:33:00","sch_arrivaltime":"11:20","sch_departuretime":"11:20","actual_arrivaltime":"","actual_departuretime":"","sch_tripstarttime":"10:50","sch_tripendtime":"10:50","lastlocationid":0,"currentlocationid":35920,"nextlocationid":0,"currentstop":null,"nextstop":null,"laststop":null,"stopCoveredStatus":0,"heading":41,"lastrefreshon":"10-03-2024 10:26:33","lastreceiveddatetimeflag":0,"tripposition":3}]},{"routeid":8907,"stationid":21955,"stationname":"Geddalahalli","from":"Shivajinagara Bus Station","to":"Chikkajala","routeno":"293-R","distance_on_station":11.512,"centerlat":13.0484,"centerlong":77.64532,"responsecode":200,"isnotify":0,"vehicleDetails":[{"vehicleid":22832,"vehiclenumber":"KA57F3665","servicetypeid":72,"servicetype":"Non AC/Ordinary","centerlat":13.027172,"centerlong":77.63166,"eta":"2024-03-10 10:34:00","sch_arrivaltime":"11:21","sch_departuretime":"11:21","actual_arrivaltime":"","actual_departuretime":"","sch_tripstarttime":"10:50","sch_tripendtime":"10:50","lastlocationid":0,"currentlocationid":35920,"nextlocationid":0,"currentstop":null,"nextstop":null,"laststop":null,"stopCoveredStatus":0,"heading":41,"lastrefreshon":"10-03-2024 10:26:33","lastreceiveddatetimeflag":0,"tripposition":3}]},{"routeid":8907,"stationid":22127,"stationname":"K Narayanapura Cross","from":"Shivajinagara Bus Station","to":"Chikkajala","routeno":"293-R","distance_on_station":12.014,"centerlat":13.0528,"centerlong":77.64602,"responsecode":200,"isnotify":0,"vehicleDetails":[{"vehicleid":22832,"vehiclenumber":"KA57F3665","servicetypeid":72,"servicetype":"Non AC/Ordinary","centerlat":13.027172,"centerlong":77.63166,"eta":"2024-03-10 10:36:00","sch_arrivaltime":"11:22","sch_departuretime":"11:22","actual_arrivaltime":"","actual_departuretime":"","sch_tripstarttime":"10:50","sch_tripendtime":"10:50","lastlocationid":0,"currentlocationid":35920,"nextlocationid":0,"currentstop":null,"nextstop":null,"laststop":null,"stopCoveredStatus":0,"heading":41,"lastrefreshon":"10-03-2024 10:26:33","lastreceiveddatetimeflag":0,"tripposition":3}]},{"routeid":8907,"stationid":21796,"stationname":"Byrathi Cross","from":"Shivajinagara Bus Station","to":"Chikkajala","routeno":"293-R","distance_on_station":12.557,"centerlat":13.05702,"centerlong":77.64822,"responsecode":200,"isnotify":0,"vehicleDetails":[{"vehicleid":22832,"vehiclenumber":"KA57F3665","servicetypeid":72,"servicetype":"Non AC/Ordinary","centerlat":13.027172,"centerlong":77.63166,"eta":"2024-03-10 10:37:00","sch_arrivaltime":"11:23","sch_departuretime":"11:23","actual_arrivaltime":"","actual_departuretime":"","sch_tripstarttime":"10:50","sch_tripendtime":"10:50","lastlocationid":0,"currentlocationid":35920,"nextlocationid":0,"currentstop":null,"nextstop":null,"laststop":null,"stopCoveredStatus":0,"heading":41,"lastrefreshon":"10-03-2024 10:26:33","lastreceiveddatetimeflag":0,"tripposition":3}]},{"routeid":8907,"stationid":22302,"stationname":"MR Nursing College","from":"Shivajinagara Bus Station","to":"Chikkajala","routeno":"293-R","distance_on_station":12.708,"centerlat":13.05833,"centerlong":77.64863,"responsecode":200,"isnotify":0,"vehicleDetails":[{"vehicleid":22832,"vehiclenumber":"KA57F3665","servicetypeid":72,"servicetype":"Non AC/Ordinary","centerlat":13.027172,"centerlong":77.63166,"eta":"2024-03-10 10:38:00","sch_arrivaltime":"11:24","sch_departuretime":"11:24","actual_arrivaltime":"","actual_departuretime":"","sch_tripstarttime":"10:50","sch_tripendtime":"10:50","lastlocationid":0,"currentlocationid":35920,"nextlocationid":0,"currentstop":null,"nextstop":null,"laststop":null,"stopCoveredStatus":0,"heading":41,"lastrefreshon":"10-03-2024 10:26:33","lastreceiveddatetimeflag":0,"tripposition":3}]},{"routeid":8907,"stationid":22195,"stationname":"Kothanuru","from":"Shivajinagara Bus Station","to":"Chikkajala","routeno":"293-R","distance_on_station":13.1,"centerlat":13.06181,"centerlong":77.64891,"responsecode":200,"isnotify":0,"vehicleDetails":[{"vehicleid":22832,"vehiclenumber":"KA57F3665","servicetypeid":72,"servicetype":"Non AC/Ordinary","centerlat":13.027172,"centerlong":77.63166,"eta":"2024-03-10 10:39:00","sch_arrivaltime":"11:25","sch_departuretime":"11:25","actual_arrivaltime":"","actual_departuretime":"","sch_tripstarttime":"10:50","sch_tripendtime":"10:50","lastlocationid":0,"currentlocationid":35920,"nextlocationid":0,"currentstop":null,"nextstop":null,"laststop":null,"stopCoveredStatus":0,"heading":41,"lastrefreshon":"10-03-2024 10:26:33","lastreceiveddatetimeflag":0,"tripposition":3}]},{"routeid":8907,"stationid":21984,"stationname":"Gubbi Cross","from":"Shivajinagara Bus Station","to":"Chikkajala","routeno":"293-R","distance_on_station":13.553,"centerlat":13.06454,"centerlong":77.65167,"responsecode":200,"isnotify":0,"vehicleDetails":[{"vehicleid":22832,"vehiclenumber":"KA57F3665","servicetypeid":72,"servicetype":"Non AC/Ordinary","centerlat":13.027172,"centerlong":77.63166,"eta":"2024-03-10 10:40:00","sch_arrivaltime":"11:26","sch_departuretime":"11:26","actual_arrivaltime":"","actual_departuretime":"","sch_tripstarttime":"10:50","sch_tripendtime":"10:50","lastlocationid":0,"currentlocationid":35920,"nextlocationid":0,"currentstop":null,"nextstop":null,"laststop":null,"stopCoveredStatus":0,"heading":41,"lastrefreshon":"10-03-2024 10:26:33","lastreceiveddatetimeflag":0,"tripposition":3}]},{"routeid":8907,"stationid":21761,"stationname":"Bible  College Byrathi","from":"Shivajinagara Bus Station","to":"Chikkajala","routeno":"293-R","distance_on_station":14.327,"centerlat":13.07137,"centerlong":77.65145,"responsecode":200,"isnotify":0,"vehicleDetails":[{"vehicleid":22832,"vehiclenumber":"KA57F3665","servicetypeid":72,"servicetype":"Non AC/Ordinary","centerlat":13.027172,"centerlong":77.63166,"eta":"2024-03-10 10:42:00","sch_arrivaltime":"11:27","sch_departuretime":"11:27","actual_arrivaltime":"","actual_departuretime":"","sch_tripstarttime":"10:50","sch_tripendtime":"10:50","lastlocationid":0,"currentlocationid":35920,"nextlocationid":0,"currentstop":null,"nextstop":null,"laststop":null,"stopCoveredStatus":0,"heading":41,"lastrefreshon":"10-03-2024 10:26:33","lastreceiveddatetimeflag":0,"tripposition":3}]},{"routeid":8907,"stationid":22396,"stationname":"Poornaprajna School","from":"Shivajinagara Bus Station","to":"Chikkajala","routeno":"293-R","distance_on_station":14.769,"centerlat":13.0753,"centerlong":77.6515,"responsecode":200,"isnotify":0,"vehicleDetails":[{"vehicleid":22832,"vehiclenumber":"KA57F3665","servicetypeid":72,"servicetype":"Non AC/Ordinary","centerlat":13.027172,"centerlong":77.63166,"eta":"2024-03-10 10:43:00","sch_arrivaltime":"11:28","sch_departuretime":"11:28","actual_arrivaltime":"","actual_departuretime":"","sch_tripstarttime":"10:50","sch_tripendtime":"10:50","lastlocationid":0,"currentlocationid":35920,"nextlocationid":0,"currentstop":null,"nextstop":null,"laststop":null,"stopCoveredStatus":0,"heading":41,"lastrefreshon":"10-03-2024 10:26:33","lastreceiveddatetimeflag":0,"tripposition":3}]},{"routeid":8907,"stationid":21794,"stationname":"Byrathi Bande","from":"Shivajinagara Bus Station","to":"Chikkajala","routeno":"293-R","distance_on_station":15.141,"centerlat":13.078,"centerlong":77.65342,"responsecode":200,"isnotify":0,"vehicleDetails":[{"vehicleid":22832,"vehiclenumber":"KA57F3665","servicetypeid":72,"servicetype":"Non AC/Ordinary","centerlat":13.027172,"centerlong":77.63166,"eta":"2024-03-10 10:44:00","sch_arrivaltime":"11:29","sch_departuretime":"11:29","actual_arrivaltime":"","actual_departuretime":"","sch_tripstarttime":"10:50","sch_tripendtime":"10:50","lastlocationid":0,"currentlocationid":35920,"nextlocationid":0,"currentstop":null,"nextstop":null,"laststop":null,"stopCoveredStatus":0,"heading":41,"lastrefreshon":"10-03-2024 10:26:33","lastreceiveddatetimeflag":0,"tripposition":3}]},{"routeid":8907,"stationid":22331,"stationname":"Nagenahalli","from":"Shivajinagara Bus Station","to":"Chikkajala","routeno":"293-R","distance_on_station":15.533,"centerlat":13.08136,"centerlong":77.65329,"responsecode":200,"isnotify":0,"vehicleDetails":[{"vehicleid":22832,"vehiclenumber":"KA57F3665","servicetypeid":72,"servicetype":"Non AC/Ordinary","centerlat":13.027172,"centerlong":77.63166,"eta":"2024-03-10 10:45:00","sch_arrivaltime":"11:30","sch_departuretime":"11:30","actual_arrivaltime":"","actual_departuretime":"","sch_tripstarttime":"10:50","sch_tripendtime":"10:50","lastlocationid":0,"currentlocationid":35920,"nextlocationid":0,"currentstop":null,"nextstop":null,"laststop":null,"stopCoveredStatus":0,"heading":41,"lastrefreshon":"10-03-2024 10:26:33","lastreceiveddatetimeflag":0,"tripposition":3}]},{"routeid":8907,"stationid":21836,"stationname":"Chikka Gubbi Cross","from":"Shivajinagara Bus Station","to":"Chikkajala","routeno":"293-R","distance_on_station":15.875,"centerlat":13.08425,"centerlong":77.65417,"responsecode":200,"isnotify":0,"vehicleDetails":[{"vehicleid":22832,"vehiclenumber":"KA57F3665","servicetypeid":72,"servicetype":"Non AC/Ordinary","centerlat":13.027172,"centerlong":77.63166,"eta":"2024-03-10 10:46:00","sch_arrivaltime":"11:31","sch_departuretime":"11:31","actual_arrivaltime":"","actual_departuretime":"","sch_tripstarttime":"10:50","sch_tripendtime":"10:50","lastlocationid":0,"currentlocationid":35920,"nextlocationid":0,"currentstop":null,"nextstop":null,"laststop":null,"stopCoveredStatus":0,"heading":41,"lastrefreshon":"10-03-2024 10:26:33","lastreceiveddatetimeflag":0,"tripposition":3}]},{"routeid":8907,"stationid":30737,"stationname":"Kanakashree Layout Chikka Gubbi","from":"Shivajinagara Bus Station","to":"Chikkajala","routeno":"293-R","distance_on_station":16.157,"centerlat":13.08675,"centerlong":77.6546,"responsecode":200,"isnotify":0,"vehicleDetails":[{"vehicleid":22832,"vehiclenumber":"KA57F3665","servicetypeid":72,"servicetype":"Non AC/Ordinary","centerlat":13.027172,"centerlong":77.63166,"eta":"2024-03-10 10:47:00","sch_arrivaltime":"11:32","sch_departuretime":"11:32","actual_arrivaltime":"","actual_departuretime":"","sch_tripstarttime":"10:50","sch_tripendtime":"10:50","lastlocationid":0,"currentlocationid":35920,"nextlocationid":0,"currentstop":null,"nextstop":null,"laststop":null,"stopCoveredStatus":0,"heading":41,"lastrefreshon":"10-03-2024 10:26:33","lastreceiveddatetimeflag":0,"tripposition":3}]},{"routeid":8907,"stationid":22153,"stationname":"Kannuru","from":"Shivajinagara Bus Station","to":"Chikkajala","routeno":"293-R","distance_on_station":16.921,"centerlat":13.09327,"centerlong":77.65429,"responsecode":200,"isnotify":0,"vehicleDetails":[{"vehicleid":22832,"vehiclenumber":"KA57F3665","servicetypeid":72,"servicetype":"Non AC/Ordinary","centerlat":13.027172,"centerlong":77.63166,"eta":"2024-03-10 10:49:00","sch_arrivaltime":"11:33","sch_departuretime":"11:33","actual_arrivaltime":"","actual_departuretime":"","sch_tripstarttime":"10:50","sch_tripendtime":"10:50","lastlocationid":0,"currentlocationid":35920,"nextlocationid":0,"currentstop":null,"nextstop":null,"laststop":null,"stopCoveredStatus":0,"heading":41,"lastrefreshon":"10-03-2024 10:26:33","lastreceiveddatetimeflag":0,"tripposition":3}]},{"routeid":8907,"stationid":22131,"stationname":"Kadasonnappanahalli Gate","from":"Shivajinagara Bus Station","to":"Chikkajala","routeno":"293-R","distance_on_station":17.966,"centerlat":13.10154,"centerlong":77.65811,"responsecode":200,"isnotify":0,"vehicleDetails":[{"vehicleid":22832,"vehiclenumber":"KA57F3665","servicetypeid":72,"servicetype":"Non AC/Ordinary","centerlat":13.027172,"centerlong":77.63166,"eta":"2024-03-10 10:52:00","sch_arrivaltime":"11:35","sch_departuretime":"11:35","actual_arrivaltime":"","actual_departuretime":"","sch_tripstarttime":"10:50","sch_tripendtime":"10:50","lastlocationid":0,"currentlocationid":35920,"nextlocationid":0,"currentstop":null,"nextstop":null,"laststop":null,"stopCoveredStatus":0,"heading":41,"lastrefreshon":"10-03-2024 10:26:33","lastreceiveddatetimeflag":0,"tripposition":3}]},{"routeid":8907,"stationid":22059,"stationname":"Hosuru Bande","from":"Shivajinagara Bus Station","to":"Chikkajala","routeno":"293-R","distance_on_station":18.549,"centerlat":13.10601,"centerlong":77.66071,"responsecode":200,"isnotify":0,"vehicleDetails":[{"vehicleid":22832,"vehiclenumber":"KA57F3665","servicetypeid":72,"servicetype":"Non AC/Ordinary","centerlat":13.027172,"centerlong":77.63166,"eta":"2024-03-10 10:53:00","sch_arrivaltime":"11:36","sch_departuretime":"11:36","actual_arrivaltime":"","actual_departuretime":"","sch_tripstarttime":"10:50","sch_tripendtime":"10:50","lastlocationid":0,"currentlocationid":35920,"nextlocationid":0,"currentstop":null,"nextstop":null,"laststop":null,"stopCoveredStatus":0,"heading":41,"lastrefreshon":"10-03-2024 10:26:33","lastreceiveddatetimeflag":0,"tripposition":3}]},{"routeid":8907,"stationid":22532,"stationname":"Tavakkal Hospital","from":"Shivajinagara Bus Station","to":"Chikkajala","routeno":"293-R","distance_on_station":18.972,"centerlat":13.10594,"centerlong":77.66442,"responsecode":200,"isnotify":0,"vehicleDetails":[{"vehicleid":22832,"vehiclenumber":"KA57F3665","servicetypeid":72,"servicetype":"Non AC/Ordinary","centerlat":13.027172,"centerlong":77.63166,"eta":"2024-03-10 10:55:00","sch_arrivaltime":"11:37","sch_departuretime":"11:37","actual_arrivaltime":"","actual_departuretime":"","sch_tripstarttime":"10:50","sch_tripendtime":"10:50","lastlocationid":0,"currentlocationid":35920,"nextlocationid":0,"currentstop":null,"nextstop":null,"laststop":null,"stopCoveredStatus":0,"heading":41,"lastrefreshon":"10-03-2024 10:26:33","lastreceiveddatetimeflag":0,"tripposition":3}]},{"routeid":8907,"stationid":22014,"stationname":"Hamsa Farm","from":"Shivajinagara Bus Station","to":"Chikkajala","routeno":"293-R","distance_on_station":19.233,"centerlat":13.10772,"centerlong":77.66564,"responsecode":200,"isnotify":0,"vehicleDetails":[{"vehicleid":22832,"vehiclenumber":"KA57F3665","servicetypeid":72,"servicetype":"Non AC/Ordinary","centerlat":13.027172,"centerlong":77.63166,"eta":"2024-03-10 10:56:00","sch_arrivaltime":"11:38","sch_departuretime":"11:38","actual_arrivaltime":"","actual_departuretime":"","sch_tripstarttime":"10:50","sch_tripendtime":"10:50","lastlocationid":0,"currentlocationid":35920,"nextlocationid":0,"currentstop":null,"nextstop":null,"laststop":null,"stopCoveredStatus":0,"heading":41,"lastrefreshon":"10-03-2024 10:26:33","lastreceiveddatetimeflag":0,"tripposition":3}]},{"routeid":8907,"stationid":21810,"stationname":"Chakkalatti","from":"Shivajinagara Bus Station","to":"Chikkajala","routeno":"293-R","distance_on_station":20.932,"centerlat":13.12255,"centerlong":77.66823,"responsecode":200,"isnotify":0,"vehicleDetails":[{"vehicleid":22832,"vehiclenumber":"KA57F3665","servicetypeid":72,"servicetype":"Non AC/Ordinary","centerlat":13.027172,"centerlong":77.63166,"eta":"2024-03-10 11:00:00","sch_arrivaltime":"11:40","sch_departuretime":"11:40","actual_arrivaltime":"","actual_departuretime":"","sch_tripstarttime":"10:50","sch_tripendtime":"10:50","lastlocationid":0,"currentlocationid":35920,"nextlocationid":0,"currentstop":null,"nextstop":null,"laststop":null,"stopCoveredStatus":0,"heading":41,"lastrefreshon":"10-03-2024 10:26:33","lastreceiveddatetimeflag":0,"tripposition":3}]},{"routeid":8907,"stationid":31859,"stationname":"Bagalur Santhe","from":"Shivajinagara Bus Station","to":"Chikkajala","routeno":"293-R","distance_on_station":22.219,"centerlat":13.13351,"centerlong":77.66675,"responsecode":200,"isnotify":0,"vehicleDetails":[{"vehicleid":22832,"vehiclenumber":"KA57F3665","servicetypeid":72,"servicetype":"Non AC/Ordinary","centerlat":13.027172,"centerlong":77.63166,"eta":"2024-03-10 11:03:00","sch_arrivaltime":"11:42","sch_departuretime":"11:42","actual_arrivaltime":"","actual_departuretime":"","sch_tripstarttime":"10:50","sch_tripendtime":"10:50","lastlocationid":0,"currentlocationid":35920,"nextlocationid":0,"currentstop":null,"nextstop":null,"laststop":null,"stopCoveredStatus":0,"heading":41,"lastrefreshon":"10-03-2024 10:26:33","lastreceiveddatetimeflag":0,"tripposition":3}]},{"routeid":8907,"stationid":23267,"stationname":"Bagalur","from":"Shivajinagara Bus Station","to":"Chikkajala","routeno":"293-R","distance_on_station":22.4,"centerlat":13.1346,"centerlong":77.6679,"responsecode":200,"isnotify":0,"vehicleDetails":[{"vehicleid":22832,"vehiclenumber":"KA57F3665","servicetypeid":72,"servicetype":"Non AC/Ordinary","centerlat":13.027172,"centerlong":77.63166,"eta":"2024-03-10 11:04:00","sch_arrivaltime":"11:43","sch_departuretime":"11:43","actual_arrivaltime":"","actual_departuretime":"","sch_tripstarttime":"10:50","sch_tripendtime":"10:50","lastlocationid":0,"currentlocationid":35920,"nextlocationid":0,"currentstop":null,"nextstop":null,"laststop":null,"stopCoveredStatus":0,"heading":41,"lastrefreshon":"10-03-2024 10:26:33","lastreceiveddatetimeflag":0,"tripposition":1}]}],"mapData":[{"vehicleid":22832,"vehiclenumber":"KA57F3665","servicetypeid":72,"servicetype":"Non AC/Ordinary","centerlat":13.027172,"centerlong":77.63166,"eta":"2024-03-10 11:04:00","sch_arrivaltime":"11:43","sch_departuretime":"11:43","actual_arrivaltime":"","actual_departuretime":"","sch_tripstarttime":"10:50","sch_tripendtime":"10:50","lastlocationid":0,"currentlocationid":35920,"nextlocationid":0,"currentstop":null,"nextstop":null,"laststop":null,"stopCoveredStatus":0,"heading":41,"lastrefreshon":"10-03-2024 10:26:33","lastreceiveddatetimeflag":0,"tripposition":1}]},"down":{"data":[{"routeid":8908,"stationid":34408,"stationname":"Razakpalya","from":"Chikkajala","to":"Shivajinagara Bus Station","routeno":"293-R","distance_on_station":0,"centerlat":13.14592,"centerlong":77.65818,"responsecode":200,"isnotify":0,"vehicleDetails":[{"vehicleid":22387,"vehiclenumber":"KA01F8768","servicetypeid":72,"servicetype":"Non AC/Ordinary","centerlat":13.003555,"centerlong":77.617172,"eta":"","sch_arrivaltime":"09:55","sch_departuretime":"09:55","actual_arrivaltime":"","actual_departuretime":"","sch_tripstarttime":"09:40","sch_tripendtime":"09:40","lastlocationid":0,"currentlocationid":35922,"nextlocationid":0,"currentstop":null,"nextstop":null,"laststop":null,"stopCoveredStatus":1,"heading":288,"lastrefreshon":"10-03-2024 10:27:05","lastreceiveddatetimeflag":0,"tripposition":1}]},{"routeid":8908,"stationid":29617,"stationname":"B Palya Razakapalya","from":"Chikkajala","to":"Shivajinagara Bus Station","routeno":"293-R","distance_on_station":0.3,"centerlat":13.1444,"centerlong":77.65941,"responsecode":200,"isnotify":0,"vehicleDetails":[{"vehicleid":22387,"vehiclenumber":"KA01F8768","servicetypeid":72,"servicetype":"Non AC/Ordinary","centerlat":13.003555,"centerlong":77.617172,"eta":"","sch_arrivaltime":"09:56","sch_departuretime":"09:56","actual_arrivaltime":"","actual_departuretime":"","sch_tripstarttime":"09:40","sch_tripendtime":"09:40","lastlocationid":0,"currentlocationid":35922,"nextlocationid":0,"currentstop":null,"nextstop":null,"laststop":null,"stopCoveredStatus":1,"heading":288,"lastrefreshon":"10-03-2024 10:27:05","lastreceiveddatetimeflag":0,"tripposition":3}]},{"routeid":8908,"stationid":35634,"stationname":"Bagalur Colony","from":"Chikkajala","to":"Shivajinagara Bus Station","routeno":"293-R","distance_on_station":1.693,"centerlat":13.14146,"centerlong":77.6713,"responsecode":200,"isnotify":0,"vehicleDetails":[{"vehicleid":22387,"vehiclenumber":"KA01F8768","servicetypeid":72,"servicetype":"Non AC/Ordinary","centerlat":13.003555,"centerlong":77.617172,"eta":"","sch_arrivaltime":"09:59","sch_departuretime":"09:59","actual_arrivaltime":"","actual_departuretime":"","sch_tripstarttime":"09:40","sch_tripendtime":"09:40","lastlocationid":0,"currentlocationid":35922,"nextlocationid":0,"currentstop":null,"nextstop":null,"laststop":null,"stopCoveredStatus":1,"heading":288,"lastrefreshon":"10-03-2024 10:27:05","lastreceiveddatetimeflag":0,"tripposition":3}]},{"routeid":8908,"stationid":21699,"stationname":"Bagalur","from":"Chikkajala","to":"Shivajinagara Bus Station","routeno":"293-R","distance_on_station":2.574,"centerlat":13.13453,"centerlong":77.66797,"responsecode":200,"isnotify":0,"vehicleDetails":[{"vehicleid":22387,"vehiclenumber":"KA01F8768","servicetypeid":72,"servicetype":"Non AC/Ordinary","centerlat":13.003555,"centerlong":77.617172,"eta":"","sch_arrivaltime":"10:00","sch_departuretime":"10:00","actual_arrivaltime":"09:26","actual_departuretime":"09:26","sch_tripstarttime":"09:40","sch_tripendtime":"09:40","lastlocationid":0,"currentlocationid":35922,"nextlocationid":0,"currentstop":null,"nextstop":null,"laststop":null,"stopCoveredStatus":1,"heading":288,"lastrefreshon":"10-03-2024 10:27:05","lastreceiveddatetimeflag":0,"tripposition":1}]},{"routeid":8908,"stationid":21700,"stationname":"Bagalur Santhe","from":"Chikkajala","to":"Shivajinagara Bus Station","routeno":"293-R","distance_on_station":2.764,"centerlat":13.13334,"centerlong":77.6668,"responsecode":200,"isnotify":0,"vehicleDetails":[{"vehicleid":22387,"vehiclenumber":"KA01F8768","servicetypeid":72,"servicetype":"Non AC/Ordinary","centerlat":13.003555,"centerlong":77.617172,"eta":"","sch_arrivaltime":"10:01","sch_departuretime":"10:01","actual_arrivaltime":"09:38","actual_departuretime":"09:39","sch_tripstarttime":"09:40","sch_tripendtime":"09:40","lastlocationid":0,"currentlocationid":35922,"nextlocationid":0,"currentstop":null,"nextstop":null,"laststop":null,"stopCoveredStatus":1,"heading":288,"lastrefreshon":"10-03-2024 10:27:05","lastreceiveddatetimeflag":0,"tripposition":1}]},{"routeid":8908,"stationid":21811,"stationname":"Chakkalatti","from":"Chikkajala","to":"Shivajinagara Bus Station","routeno":"293-R","distance_on_station":4.017,"centerlat":13.12256,"centerlong":77.66836,"responsecode":200,"isnotify":0,"vehicleDetails":[{"vehicleid":22387,"vehiclenumber":"KA01F8768","servicetypeid":72,"servicetype":"Non AC/Ordinary","centerlat":13.003555,"centerlong":77.617172,"eta":"","sch_arrivaltime":"10:03","sch_departuretime":"10:03","actual_arrivaltime":"09:41","actual_departuretime":"09:41","sch_tripstarttime":"09:40","sch_tripendtime":"09:40","lastlocationid":0,"currentlocationid":35922,"nextlocationid":0,"currentstop":null,"nextstop":null,"laststop":null,"stopCoveredStatus":1,"heading":288,"lastrefreshon":"10-03-2024 10:27:05","lastreceiveddatetimeflag":0,"tripposition":1}]},{"routeid":8908,"stationid":22501,"stationname":"Sonnappanahalli","from":"Chikkajala","to":"Shivajinagara Bus Station","routeno":"293-R","distance_on_station":5.719,"centerlat":13.10764,"centerlong":77.66576,"responsecode":200,"isnotify":0,"vehicleDetails":[{"vehicleid":22387,"vehiclenumber":"KA01F8768","servicetypeid":72,"servicetype":"Non AC/Ordinary","centerlat":13.003555,"centerlong":77.617172,"eta":"","sch_arrivaltime":"10:05","sch_departuretime":"10:05","actual_arrivaltime":"09:43","actual_departuretime":"09:43","sch_tripstarttime":"09:40","sch_tripendtime":"09:40","lastlocationid":0,"currentlocationid":35922,"nextlocationid":0,"currentstop":null,"nextstop":null,"laststop":null,"stopCoveredStatus":1,"heading":288,"lastrefreshon":"10-03-2024 10:27:05","lastreceiveddatetimeflag":0,"tripposition":1}]},{"routeid":8908,"stationid":22533,"stationname":"Tavakkal Hospital","from":"Chikkajala","to":"Shivajinagara Bus Station","routeno":"293-R","distance_on_station":6,"centerlat":13.10578,"centerlong":77.66442,"responsecode":200,"isnotify":0,"vehicleDetails":[{"vehicleid":22387,"vehiclenumber":"KA01F8768","servicetypeid":72,"servicetype":"Non AC/Ordinary","centerlat":13.003555,"centerlong":77.617172,"eta":"","sch_arrivaltime":"10:06","sch_departuretime":"10:06","actual_arrivaltime":"09:44","actual_departuretime":"09:44","sch_tripstarttime":"09:40","sch_tripendtime":"09:40","lastlocationid":0,"currentlocationid":35922,"nextlocationid":0,"currentstop":null,"nextstop":null,"laststop":null,"stopCoveredStatus":1,"heading":288,"lastrefreshon":"10-03-2024 10:27:05","lastreceiveddatetimeflag":0,"tripposition":1}]},{"routeid":8908,"stationid":22060,"stationname":"Hosuru Bande","from":"Chikkajala","to":"Shivajinagara Bus Station","routeno":"293-R","distance_on_station":6.4,"centerlat":13.10601,"centerlong":77.66086,"responsecode":200,"isnotify":0,"vehicleDetails":[{"vehicleid":22387,"vehiclenumber":"KA01F8768","servicetypeid":72,"servicetype":"Non AC/Ordinary","centerlat":13.003555,"centerlong":77.617172,"eta":"","sch_arrivaltime":"10:07","sch_departuretime":"10:07","actual_arrivaltime":"09:45","actual_departuretime":"09:45","sch_tripstarttime":"09:40","sch_tripendtime":"09:40","lastlocationid":0,"currentlocationid":35922,"nextlocationid":0,"currentstop":null,"nextstop":null,"laststop":null,"stopCoveredStatus":1,"heading":288,"lastrefreshon":"10-03-2024 10:27:05","lastreceiveddatetimeflag":0,"tripposition":1}]},{"routeid":8908,"stationid":22132,"stationname":"Kadasonnappanahalli Gate","from":"Chikkajala","to":"Shivajinagara Bus Station","routeno":"293-R","distance_on_station":6.961,"centerlat":13.10165,"centerlong":77.65832,"responsecode":200,"isnotify":0,"vehicleDetails":[{"vehicleid":22387,"vehiclenumber":"KA01F8768","servicetypeid":72,"servicetype":"Non AC/Ordinary","centerlat":13.003555,"centerlong":77.617172,"eta":"","sch_arrivaltime":"10:08","sch_departuretime":"10:08","actual_arrivaltime":"09:46","actual_departuretime":"09:47","sch_tripstarttime":"09:40","sch_tripendtime":"09:40","lastlocationid":0,"currentlocationid":35922,"nextlocationid":0,"currentstop":null,"nextstop":null,"laststop":null,"stopCoveredStatus":1,"heading":288,"lastrefreshon":"10-03-2024 10:27:05","lastreceiveddatetimeflag":0,"tripposition":1}]},{"routeid":8908,"stationid":22154,"stationname":"Kannuru","from":"Chikkajala","to":"Shivajinagara Bus Station","routeno":"293-R","distance_on_station":8.023,"centerlat":13.09321,"centerlong":77.65432,"responsecode":200,"isnotify":0,"vehicleDetails":[{"vehicleid":22387,"vehiclenumber":"KA01F8768","servicetypeid":72,"servicetype":"Non AC/Ordinary","centerlat":13.003555,"centerlong":77.617172,"eta":"","sch_arrivaltime":"10:09","sch_departuretime":"10:09","actual_arrivaltime":"09:48","actual_departuretime":"09:48","sch_tripstarttime":"09:40","sch_tripendtime":"09:40","lastlocationid":0,"currentlocationid":35922,"nextlocationid":0,"currentstop":null,"nextstop":null,"laststop":null,"stopCoveredStatus":1,"heading":288,"lastrefreshon":"10-03-2024 10:27:05","lastreceiveddatetimeflag":0,"tripposition":1}]},{"routeid":8908,"stationid":22150,"stationname":"Kanakashree Layout Chikka Gubbi","from":"Chikkajala","to":"Shivajinagara Bus Station","routeno":"293-R","distance_on_station":8.774,"centerlat":13.08678,"centerlong":77.65474,"responsecode":200,"isnotify":0,"vehicleDetails":[{"vehicleid":22387,"vehiclenumber":"KA01F8768","servicetypeid":72,"servicetype":"Non AC/Ordinary","centerlat":13.003555,"centerlong":77.617172,"eta":"","sch_arrivaltime":"10:10","sch_departuretime":"10:10","actual_arrivaltime":"09:53","actual_departuretime":"09:53","sch_tripstarttime":"09:40","sch_tripendtime":"09:40","lastlocationid":0,"currentlocationid":35922,"nextlocationid":0,"currentstop":null,"nextstop":null,"laststop":null,"stopCoveredStatus":1,"heading":288,"lastrefreshon":"10-03-2024 10:27:05","lastreceiveddatetimeflag":0,"tripposition":1}]},{"routeid":8908,"stationid":21837,"stationname":"Chikka Gubbi Cross","from":"Chikkajala","to":"Shivajinagara Bus Station","routeno":"293-R","distance_on_station":9.045,"centerlat":13.08442,"centerlong":77.65434,"responsecode":200,"isnotify":0,"vehicleDetails":[{"vehicleid":22387,"vehiclenumber":"KA01F8768","servicetypeid":72,"servicetype":"Non AC/Ordinary","centerlat":13.003555,"centerlong":77.617172,"eta":"","sch_arrivaltime":"10:11","sch_departuretime":"10:11","actual_arrivaltime":"09:54","actual_departuretime":"09:54","sch_tripstarttime":"09:40","sch_tripendtime":"09:40","lastlocationid":0,"currentlocationid":35922,"nextlocationid":0,"currentstop":null,"nextstop":null,"laststop":null,"stopCoveredStatus":1,"heading":288,"lastrefreshon":"10-03-2024 10:27:05","lastreceiveddatetimeflag":0,"tripposition":1}]},{"routeid":8908,"stationid":22333,"stationname":"Nagenahalli","from":"Chikkajala","to":"Shivajinagara Bus Station","routeno":"293-R","distance_on_station":9.395,"centerlat":13.08138,"centerlong":77.6534,"responsecode":200,"isnotify":0,"vehicleDetails":[{"vehicleid":22387,"vehiclenumber":"KA01F8768","servicetypeid":72,"servicetype":"Non AC/Ordinary","centerlat":13.003555,"centerlong":77.617172,"eta":"","sch_arrivaltime":"10:12","sch_departuretime":"10:12","actual_arrivaltime":"09:54","actual_departuretime":"09:55","sch_tripstarttime":"09:40","sch_tripendtime":"09:40","lastlocationid":0,"currentlocationid":35922,"nextlocationid":0,"currentstop":null,"nextstop":null,"laststop":null,"stopCoveredStatus":1,"heading":288,"lastrefreshon":"10-03-2024 10:27:05","lastreceiveddatetimeflag":0,"tripposition":1}]},{"routeid":8908,"stationid":21795,"stationname":"Byrathi Bande","from":"Chikkajala","to":"Shivajinagara Bus Station","routeno":"293-R","distance_on_station":9.806,"centerlat":13.07788,"centerlong":77.65345,"responsecode":200,"isnotify":0,"vehicleDetails":[{"vehicleid":22387,"vehiclenumber":"KA01F8768","servicetypeid":72,"servicetype":"Non AC/Ordinary","centerlat":13.003555,"centerlong":77.617172,"eta":"","sch_arrivaltime":"10:13","sch_departuretime":"10:13","actual_arrivaltime":"09:56","actual_departuretime":"09:56","sch_tripstarttime":"09:40","sch_tripendtime":"09:40","lastlocationid":0,"currentlocationid":35922,"nextlocationid":0,"currentstop":null,"nextstop":null,"laststop":null,"stopCoveredStatus":1,"heading":288,"lastrefreshon":"10-03-2024 10:27:05","lastreceiveddatetimeflag":0,"tripposition":1}]},{"routeid":8908,"stationid":22397,"stationname":"Poornaprajna School","from":"Chikkajala","to":"Shivajinagara Bus Station","routeno":"293-R","distance_on_station":10.156,"centerlat":13.07538,"centerlong":77.65166,"responsecode":200,"isnotify":0,"vehicleDetails":[{"vehicleid":22387,"vehiclenumber":"KA01F8768","servicetypeid":72,"servicetype":"Non AC/Ordinary","centerlat":13.003555,"centerlong":77.617172,"eta":"","sch_arrivaltime":"10:14","sch_departuretime":"10:14","actual_arrivaltime":"","actual_departuretime":"","sch_tripstarttime":"09:40","sch_tripendtime":"09:40","lastlocationid":0,"currentlocationid":35922,"nextlocationid":0,"currentstop":null,"nextstop":null,"laststop":null,"stopCoveredStatus":1,"heading":288,"lastrefreshon":"10-03-2024 10:27:05","lastreceiveddatetimeflag":0,"tripposition":3}]},{"routeid":8908,"stationid":21762,"stationname":"Bible  College Byrathi","from":"Chikkajala","to":"Shivajinagara Bus Station","routeno":"293-R","distance_on_station":10.587,"centerlat":13.07144,"centerlong":77.65155,"responsecode":200,"isnotify":0,"vehicleDetails":[{"vehicleid":22387,"vehiclenumber":"KA01F8768","servicetypeid":72,"servicetype":"Non AC/Ordinary","centerlat":13.003555,"centerlong":77.617172,"eta":"","sch_arrivaltime":"10:15","sch_departuretime":"10:15","actual_arrivaltime":"09:57","actual_departuretime":"09:58","sch_tripstarttime":"09:40","sch_tripendtime":"09:40","lastlocationid":0,"currentlocationid":35922,"nextlocationid":0,"currentstop":null,"nextstop":null,"laststop":null,"stopCoveredStatus":1,"heading":288,"lastrefreshon":"10-03-2024 10:27:05","lastreceiveddatetimeflag":0,"tripposition":1}]},{"routeid":8908,"stationid":21985,"stationname":"Gubbi Cross","from":"Chikkajala","to":"Shivajinagara Bus Station","routeno":"293-R","distance_on_station":11.348,"centerlat":13.06462,"centerlong":77.6519,"responsecode":200,"isnotify":0,"vehicleDetails":[{"vehicleid":22387,"vehiclenumber":"KA01F8768","servicetypeid":72,"servicetype":"Non AC/Ordinary","centerlat":13.003555,"centerlong":77.617172,"eta":"","sch_arrivaltime":"10:16","sch_departuretime":"10:16","actual_arrivaltime":"09:59","actual_departuretime":"09:59","sch_tripstarttime":"09:40","sch_tripendtime":"09:40","lastlocationid":0,"currentlocationid":35922,"nextlocationid":0,"currentstop":null,"nextstop":null,"laststop":null,"stopCoveredStatus":1,"heading":288,"lastrefreshon":"10-03-2024 10:27:05","lastreceiveddatetimeflag":0,"tripposition":1}]},{"routeid":8908,"stationid":22196,"stationname":"Kothanuru","from":"Chikkajala","to":"Shivajinagara Bus Station","routeno":"293-R","distance_on_station":11.839,"centerlat":13.06182,"centerlong":77.64893,"responsecode":200,"isnotify":0,"vehicleDetails":[{"vehicleid":22387,"vehiclenumber":"KA01F8768","servicetypeid":72,"servicetype":"Non AC/Ordinary","centerlat":13.003555,"centerlong":77.617172,"eta":"","sch_arrivaltime":"10:17","sch_departuretime":"10:17","actual_arrivaltime":"10:00","actual_departuretime":"10:00","sch_tripstarttime":"09:40","sch_tripendtime":"09:40","lastlocationid":0,"currentlocationid":35922,"nextlocationid":0,"currentstop":null,"nextstop":null,"laststop":null,"stopCoveredStatus":1,"heading":288,"lastrefreshon":"10-03-2024 10:27:05","lastreceiveddatetimeflag":0,"tripposition":1}]},{"routeid":8908,"stationid":22303,"stationname":"MR Nursing College","from":"Chikkajala","to":"Shivajinagara Bus Station","routeno":"293-R","distance_on_station":12.24,"centerlat":13.05824,"centerlong":77.64875,"responsecode":200,"isnotify":0,"vehicleDetails":[{"vehicleid":22387,"vehiclenumber":"KA01F8768","servicetypeid":72,"servicetype":"Non AC/Ordinary","centerlat":13.003555,"centerlong":77.617172,"eta":"","sch_arrivaltime":"10:18","sch_departuretime":"10:18","actual_arrivaltime":"","actual_departuretime":"","sch_tripstarttime":"09:40","sch_tripendtime":"09:40","lastlocationid":0,"currentlocationid":35922,"nextlocationid":0,"currentstop":null,"nextstop":null,"laststop":null,"stopCoveredStatus":1,"heading":288,"lastrefreshon":"10-03-2024 10:27:05","lastreceiveddatetimeflag":0,"tripposition":3}]},{"routeid":8908,"stationid":21797,"stationname":"Byrathi Cross","from":"Chikkajala","to":"Shivajinagara Bus Station","routeno":"293-R","distance_on_station":12.37,"centerlat":13.05702,"centerlong":77.64834,"responsecode":200,"isnotify":0,"vehicleDetails":[{"vehicleid":22387,"vehiclenumber":"KA01F8768","servicetypeid":72,"servicetype":"Non AC/Ordinary","centerlat":13.003555,"centerlong":77.617172,"eta":"","sch_arrivaltime":"10:19","sch_departuretime":"10:19","actual_arrivaltime":"10:02","actual_departuretime":"10:03","sch_tripstarttime":"09:40","sch_tripendtime":"09:40","lastlocationid":0,"currentlocationid":35922,"nextlocationid":0,"currentstop":null,"nextstop":null,"laststop":null,"stopCoveredStatus":1,"heading":288,"lastrefreshon":"10-03-2024 10:27:05","lastreceiveddatetimeflag":0,"tripposition":1}]},{"routeid":8908,"stationid":22128,"stationname":"K Narayanapura Cross","from":"Chikkajala","to":"Shivajinagara Bus Station","routeno":"293-R","distance_on_station":12.911,"centerlat":13.05278,"centerlong":77.64612,"responsecode":200,"isnotify":0,"vehicleDetails":[{"vehicleid":22387,"vehiclenumber":"KA01F8768","servicetypeid":72,"servicetype":"Non AC/Ordinary","centerlat":13.003555,"centerlong":77.617172,"eta":"","sch_arrivaltime":"10:20","sch_departuretime":"10:20","actual_arrivaltime":"10:04","actual_departuretime":"10:05","sch_tripstarttime":"09:40","sch_tripendtime":"09:40","lastlocationid":0,"currentlocationid":35922,"nextlocationid":0,"currentstop":null,"nextstop":null,"laststop":null,"stopCoveredStatus":1,"heading":288,"lastrefreshon":"10-03-2024 10:27:05","lastreceiveddatetimeflag":0,"tripposition":1}]},{"routeid":8908,"stationid":21956,"stationname":"Geddalahalli","from":"Chikkajala","to":"Shivajinagara Bus Station","routeno":"293-R","distance_on_station":13.412,"centerlat":13.04838,"centerlong":77.6454,"responsecode":200,"isnotify":0,"vehicleDetails":[{"vehicleid":22387,"vehiclenumber":"KA01F8768","servicetypeid":72,"servicetype":"Non AC/Ordinary","centerlat":13.003555,"centerlong":77.617172,"eta":"","sch_arrivaltime":"10:21","sch_departuretime":"10:21","actual_arrivaltime":"10:06","actual_departuretime":"10:07","sch_tripstarttime":"09:40","sch_tripendtime":"09:40","lastlocationid":0,"currentlocationid":35922,"nextlocationid":0,"currentstop":null,"nextstop":null,"laststop":null,"stopCoveredStatus":1,"heading":288,"lastrefreshon":"10-03-2024 10:27:05","lastreceiveddatetimeflag":0,"tripposition":1}]},{"routeid":8908,"stationid":22100,"stationname":"Janaki Rama Layout","from":"Chikkajala","to":"Shivajinagara Bus Station","routeno":"293-R","distance_on_station":14.093,"centerlat":13.04319,"centerlong":77.6424,"responsecode":200,"isnotify":0,"vehicleDetails":[{"vehicleid":22387,"vehiclenumber":"KA01F8768","servicetypeid":72,"servicetype":"Non AC/Ordinary","centerlat":13.003555,"centerlong":77.617172,"eta":"","sch_arrivaltime":"10:22","sch_departuretime":"10:22","actual_arrivaltime":"10:08","actual_departuretime":"10:09","sch_tripstarttime":"09:40","sch_tripendtime":"09:40","lastlocationid":0,"currentlocationid":35922,"nextlocationid":0,"currentstop":null,"nextstop":null,"laststop":null,"stopCoveredStatus":1,"heading":288,"lastrefreshon":"10-03-2024 10:27:05","lastreceiveddatetimeflag":0,"tripposition":1}]},{"routeid":8908,"stationid":35177,"stationname":"Hennur","from":"Chikkajala","to":"Shivajinagara Bus Station","routeno":"293-R","distance_on_station":14.534,"centerlat":13.03941,"centerlong":77.64152,"responsecode":200,"isnotify":0,"vehicleDetails":[{"vehicleid":22387,"vehiclenumber":"KA01F8768","servicetypeid":72,"servicetype":"Non AC/Ordinary","centerlat":13.003555,"centerlong":77.617172,"eta":"","sch_arrivaltime":"10:23","sch_departuretime":"10:23","actual_arrivaltime":"10:09","actual_departuretime":"10:09","sch_tripstarttime":"09:40","sch_tripendtime":"09:40","lastlocationid":0,"currentlocationid":35922,"nextlocationid":0,"currentstop":null,"nextstop":null,"laststop":null,"stopCoveredStatus":1,"heading":288,"lastrefreshon":"10-03-2024 10:27:05","lastreceiveddatetimeflag":0,"tripposition":1}]},{"routeid":8908,"stationid":22028,"stationname":"Hennur Bande Sai Baba Temple","from":"Chikkajala","to":"Shivajinagara Bus Station","routeno":"293-R","distance_on_station":14.874,"centerlat":13.03665,"centerlong":77.6407,"responsecode":200,"isnotify":0,"vehicleDetails":[{"vehicleid":22387,"vehiclenumber":"KA01F8768","servicetypeid":72,"servicetype":"Non AC/Ordinary","centerlat":13.003555,"centerlong":77.617172,"eta":"","sch_arrivaltime":"10:24","sch_departuretime":"10:24","actual_arrivaltime":"10:10","actual_departuretime":"10:11","sch_tripstarttime":"09:40","sch_tripendtime":"09:40","lastlocationid":0,"currentlocationid":35922,"nextlocationid":0,"currentstop":null,"nextstop":null,"laststop":null,"stopCoveredStatus":1,"heading":288,"lastrefreshon":"10-03-2024 10:27:05","lastreceiveddatetimeflag":0,"tripposition":1}]},{"routeid":8908,"stationid":25862,"stationname":"Hennuru Petrol Bunk","from":"Chikkajala","to":"Shivajinagara Bus Station","routeno":"293-R","distance_on_station":15.415,"centerlat":13.03296,"centerlong":77.63752,"responsecode":200,"isnotify":0,"vehicleDetails":[{"vehicleid":22387,"vehiclenumber":"KA01F8768","servicetypeid":72,"servicetype":"Non AC/Ordinary","centerlat":13.003555,"centerlong":77.617172,"eta":"","sch_arrivaltime":"10:25","sch_departuretime":"10:25","actual_arrivaltime":"10:12","actual_departuretime":"10:12","sch_tripstarttime":"09:40","sch_tripendtime":"09:40","lastlocationid":0,"currentlocationid":35922,"nextlocationid":0,"currentstop":null,"nextstop":null,"laststop":null,"stopCoveredStatus":1,"heading":288,"lastrefreshon":"10-03-2024 10:27:05","lastreceiveddatetimeflag":0,"tripposition":1}]},{"routeid":8908,"stationid":22030,"stationname":"Hennur Cross","from":"Chikkajala","to":"Shivajinagara Bus Station","routeno":"293-R","distance_on_station":15.645,"centerlat":13.03157,"centerlong":77.63592,"responsecode":200,"isnotify":0,"vehicleDetails":[{"vehicleid":22387,"vehiclenumber":"KA01F8768","servicetypeid":72,"servicetype":"Non AC/Ordinary","centerlat":13.003555,"centerlong":77.617172,"eta":"","sch_arrivaltime":"10:26","sch_departuretime":"10:26","actual_arrivaltime":"10:12","actual_departuretime":"10:13","sch_tripstarttime":"09:40","sch_tripendtime":"09:40","lastlocationid":0,"currentlocationid":35922,"nextlocationid":0,"currentstop":null,"nextstop":null,"laststop":null,"stopCoveredStatus":1,"heading":288,"lastrefreshon":"10-03-2024 10:27:05","lastreceiveddatetimeflag":0,"tripposition":1}]},{"routeid":8908,"stationid":35921,"stationname":"Hennur Junction","from":"Chikkajala","to":"Shivajinagara Bus Station","routeno":"293-R","distance_on_station":16.136,"centerlat":13.02812,"centerlong":77.63316,"responsecode":200,"isnotify":0,"vehicleDetails":[{"vehicleid":22387,"vehiclenumber":"KA01F8768","servicetypeid":72,"servicetype":"Non AC/Ordinary","centerlat":13.003555,"centerlong":77.617172,"eta":"","sch_arrivaltime":"10:27","sch_departuretime":"10:27","actual_arrivaltime":"10:14","actual_departuretime":"10:15","sch_tripstarttime":"09:40","sch_tripendtime":"09:40","lastlocationid":0,"currentlocationid":35922,"nextlocationid":0,"currentstop":null,"nextstop":null,"laststop":null,"stopCoveredStatus":1,"heading":288,"lastrefreshon":"10-03-2024 10:27:05","lastreceiveddatetimeflag":0,"tripposition":1}]},{"routeid":8908,"stationid":35919,"stationname":"Depot-10 Gate","from":"Chikkajala","to":"Shivajinagara Bus Station","routeno":"293-R","distance_on_station":16.587,"centerlat":13.02542,"centerlong":77.63059,"responsecode":200,"isnotify":0,"vehicleDetails":[{"vehicleid":22387,"vehiclenumber":"KA01F8768","servicetypeid":72,"servicetype":"Non AC/Ordinary","centerlat":13.003555,"centerlong":77.617172,"eta":"","sch_arrivaltime":"10:31","sch_departuretime":"10:31","actual_arrivaltime":"10:17","actual_departuretime":"10:17","sch_tripstarttime":"09:40","sch_tripendtime":"09:40","lastlocationid":0,"currentlocationid":35922,"nextlocationid":0,"currentstop":null,"nextstop":null,"laststop":null,"stopCoveredStatus":1,"heading":288,"lastrefreshon":"10-03-2024 10:27:05","lastreceiveddatetimeflag":0,"tripposition":1}]},{"routeid":8908,"stationid":22130,"stationname":"Kacharakanahalli","from":"Chikkajala","to":"Shivajinagara Bus Station","routeno":"293-R","distance_on_station":17.118,"centerlat":13.02107,"centerlong":77.62872,"responsecode":200,"isnotify":0,"vehicleDetails":[{"vehicleid":22387,"vehiclenumber":"KA01F8768","servicetypeid":72,"servicetype":"Non AC/Ordinary","centerlat":13.003555,"centerlong":77.617172,"eta":"","sch_arrivaltime":"10:32","sch_departuretime":"10:32","actual_arrivaltime":"10:18","actual_departuretime":"10:18","sch_tripstarttime":"09:40","sch_tripendtime":"09:40","lastlocationid":0,"currentlocationid":35922,"nextlocationid":0,"currentstop":null,"nextstop":null,"laststop":null,"stopCoveredStatus":1,"heading":288,"lastrefreshon":"10-03-2024 10:27:05","lastreceiveddatetimeflag":0,"tripposition":1}]},{"routeid":8908,"stationid":22124,"stationname":"Jyothi School","from":"Chikkajala","to":"Shivajinagara Bus Station","routeno":"293-R","distance_on_station":17.879,"centerlat":13.01455,"centerlong":77.62718,"responsecode":200,"isnotify":0,"vehicleDetails":[{"vehicleid":22387,"vehiclenumber":"KA01F8768","servicetypeid":72,"servicetype":"Non AC/Ordinary","centerlat":13.003555,"centerlong":77.617172,"eta":"","sch_arrivaltime":"10:33","sch_departuretime":"10:33","actual_arrivaltime":"10:20","actual_departuretime":"10:21","sch_tripstarttime":"09:40","sch_tripendtime":"09:40","lastlocationid":0,"currentlocationid":35922,"nextlocationid":0,"currentstop":null,"nextstop":null,"laststop":null,"stopCoveredStatus":1,"heading":288,"lastrefreshon":"10-03-2024 10:27:05","lastreceiveddatetimeflag":0,"tripposition":1}]},{"routeid":8908,"stationid":22228,"stationname":"Lingarajapura","from":"Chikkajala","to":"Shivajinagara Bus Station","routeno":"293-R","distance_on_station":18.149,"centerlat":13.01256,"centerlong":77.62588,"responsecode":200,"isnotify":0,"vehicleDetails":[{"vehicleid":22387,"vehiclenumber":"KA01F8768","servicetypeid":72,"servicetype":"Non AC/Ordinary","centerlat":13.003555,"centerlong":77.617172,"eta":"","sch_arrivaltime":"10:34","sch_departuretime":"10:34","actual_arrivaltime":"10:21","actual_departuretime":"10:22","sch_tripstarttime":"09:40","sch_tripendtime":"09:40","lastlocationid":0,"currentlocationid":35922,"nextlocationid":0,"currentstop":null,"nextstop":null,"laststop":null,"stopCoveredStatus":1,"heading":288,"lastrefreshon":"10-03-2024 10:27:05","lastreceiveddatetimeflag":0,"tripposition":1}]},{"routeid":8908,"stationid":22230,"stationname":"Lingarajapura Bridge","from":"Chikkajala","to":"Shivajinagara Bus Station","routeno":"293-R","distance_on_station":18.63,"centerlat":13.00906,"centerlong":77.62331,"responsecode":200,"isnotify":0,"vehicleDetails":[{"vehicleid":22387,"vehiclenumber":"KA01F8768","servicetypeid":72,"servicetype":"Non AC/Ordinary","centerlat":13.003555,"centerlong":77.617172,"eta":"","sch_arrivaltime":"10:35","sch_departuretime":"10:35","actual_arrivaltime":"10:23","actual_departuretime":"10:23","sch_tripstarttime":"09:40","sch_tripendtime":"09:40","lastlocationid":0,"currentlocationid":35922,"nextlocationid":0,"currentstop":null,"nextstop":null,"laststop":null,"stopCoveredStatus":1,"heading":288,"lastrefreshon":"10-03-2024 10:27:05","lastreceiveddatetimeflag":0,"tripposition":1}]},{"routeid":8908,"stationid":21827,"stationname":"Charls School Toll Gate","from":"Chikkajala","to":"Shivajinagara Bus Station","routeno":"293-R","distance_on_station":19.041,"centerlat":13.00616,"centerlong":77.62099,"responsecode":200,"isnotify":0,"vehicleDetails":[{"vehicleid":22387,"vehiclenumber":"KA01F8768","servicetypeid":72,"servicetype":"Non AC/Ordinary","centerlat":13.003555,"centerlong":77.617172,"eta":"","sch_arrivaltime":"10:36","sch_departuretime":"10:36","actual_arrivaltime":"10:24","actual_departuretime":"10:24","sch_tripstarttime":"09:40","sch_tripendtime":"09:40","lastlocationid":0,"currentlocationid":35922,"nextlocationid":0,"currentstop":null,"nextstop":null,"laststop":null,"stopCoveredStatus":1,"heading":288,"lastrefreshon":"10-03-2024 10:27:05","lastreceiveddatetimeflag":0,"tripposition":1}]},{"routeid":8908,"stationid":21891,"stationname":"Devis Road","from":"Chikkajala","to":"Shivajinagara Bus Station","routeno":"293-R","distance_on_station":19.462,"centerlat":13.00327,"centerlong":77.61899,"responsecode":200,"isnotify":0,"vehicleDetails":[{"vehicleid":22387,"vehiclenumber":"KA01F8768","servicetypeid":72,"servicetype":"Non AC/Ordinary","centerlat":13.003555,"centerlong":77.617172,"eta":"","sch_arrivaltime":"10:37","sch_departuretime":"10:37","actual_arrivaltime":"10:26","actual_departuretime":"10:26","sch_tripstarttime":"09:40","sch_tripendtime":"09:40","lastlocationid":0,"currentlocationid":35922,"nextlocationid":0,"currentstop":null,"nextstop":null,"laststop":null,"stopCoveredStatus":1,"heading":288,"lastrefreshon":"10-03-2024 10:27:05","lastreceiveddatetimeflag":0,"tripposition":1}]},{"routeid":8908,"stationid":35922,"stationname":"Clarence School","from":"Chikkajala","to":"Shivajinagara Bus Station","routeno":"293-R","distance_on_station":19.782,"centerlat":13.00309,"centerlong":77.61666,"responsecode":200,"isnotify":0,"vehicleDetails":[{"vehicleid":22387,"vehiclenumber":"KA01F8768","servicetypeid":72,"servicetype":"Non AC/Ordinary","centerlat":13.003555,"centerlong":77.617172,"eta":"2024-03-10 10:28:00","sch_arrivaltime":"10:38","sch_departuretime":"10:38","actual_arrivaltime":"","actual_departuretime":"","sch_tripstarttime":"09:40","sch_tripendtime":"09:40","lastlocationid":0,"currentlocationid":35922,"nextlocationid":0,"currentstop":null,"nextstop":null,"laststop":null,"stopCoveredStatus":0,"heading":288,"lastrefreshon":"10-03-2024 10:27:05","lastreceiveddatetimeflag":0,"tripposition":3}]},{"routeid":8908,"stationid":21943,"stationname":"Frazer Town","from":"Chikkajala","to":"Shivajinagara Bus Station","routeno":"293-R","distance_on_station":20.704,"centerlat":13.00115,"centerlong":77.61196,"responsecode":200,"isnotify":0,"vehicleDetails":[{"vehicleid":22387,"vehiclenumber":"KA01F8768","servicetypeid":72,"servicetype":"Non AC/Ordinary","centerlat":13.003555,"centerlong":77.617172,"eta":"2024-03-10 10:30:00","sch_arrivaltime":"10:42","sch_departuretime":"10:42","actual_arrivaltime":"","actual_departuretime":"","sch_tripstarttime":"09:40","sch_tripendtime":"09:40","lastlocationid":0,"currentlocationid":35922,"nextlocationid":0,"currentstop":null,"nextstop":null,"laststop":null,"stopCoveredStatus":0,"heading":288,"lastrefreshon":"10-03-2024 10:27:05","lastreceiveddatetimeflag":0,"tripposition":3}]},{"routeid":8908,"stationid":21857,"stationname":"Coles Park","from":"Chikkajala","to":"Shivajinagara Bus Station","routeno":"293-R","distance_on_station":21.525,"centerlat":12.99534,"centerlong":77.60829,"responsecode":200,"isnotify":0,"vehicleDetails":[{"vehicleid":22387,"vehiclenumber":"KA01F8768","servicetypeid":72,"servicetype":"Non AC/Ordinary","centerlat":13.003555,"centerlong":77.617172,"eta":"2024-03-10 10:33:00","sch_arrivaltime":"10:44","sch_departuretime":"10:44","actual_arrivaltime":"","actual_departuretime":"","sch_tripstarttime":"09:40","sch_tripendtime":"09:40","lastlocationid":0,"currentlocationid":35922,"nextlocationid":0,"currentstop":null,"nextstop":null,"laststop":null,"stopCoveredStatus":0,"heading":288,"lastrefreshon":"10-03-2024 10:27:05","lastreceiveddatetimeflag":0,"tripposition":3}]},{"routeid":8908,"stationid":21706,"stationname":"Bamboo Bazaar","from":"Chikkajala","to":"Shivajinagara Bus Station","routeno":"293-R","distance_on_station":22.466,"centerlat":12.99208,"centerlong":77.60402,"responsecode":200,"isnotify":0,"vehicleDetails":[{"vehicleid":22387,"vehiclenumber":"KA01F8768","servicetypeid":72,"servicetype":"Non AC/Ordinary","centerlat":13.003555,"centerlong":77.617172,"eta":"2024-03-10 10:35:00","sch_arrivaltime":"10:50","sch_departuretime":"10:50","actual_arrivaltime":"","actual_departuretime":"","sch_tripstarttime":"09:40","sch_tripendtime":"09:40","lastlocationid":0,"currentlocationid":35922,"nextlocationid":0,"currentstop":null,"nextstop":null,"laststop":null,"stopCoveredStatus":0,"heading":288,"lastrefreshon":"10-03-2024 10:27:05","lastreceiveddatetimeflag":0,"tripposition":3}]},{"routeid":8908,"stationid":21868,"stationname":"CSI Hospital","from":"Chikkajala","to":"Shivajinagara Bus Station","routeno":"293-R","distance_on_station":23.117,"centerlat":12.98983,"centerlong":77.59938,"responsecode":200,"isnotify":0,"vehicleDetails":[{"vehicleid":22387,"vehiclenumber":"KA01F8768","servicetypeid":72,"servicetype":"Non AC/Ordinary","centerlat":13.003555,"centerlong":77.617172,"eta":"2024-03-10 10:37:00","sch_arrivaltime":"10:52","sch_departuretime":"10:52","actual_arrivaltime":"","actual_departuretime":"","sch_tripstarttime":"09:40","sch_tripendtime":"09:40","lastlocationid":0,"currentlocationid":35922,"nextlocationid":0,"currentstop":null,"nextstop":null,"laststop":null,"stopCoveredStatus":0,"heading":288,"lastrefreshon":"10-03-2024 10:27:05","lastreceiveddatetimeflag":0,"tripposition":3}]},{"routeid":8908,"stationid":20855,"stationname":"Indian Express","from":"Chikkajala","to":"Shivajinagara Bus Station","routeno":"293-R","distance_on_station":23.889,"centerlat":12.98408,"centerlong":77.59827,"responsecode":200,"isnotify":0,"vehicleDetails":[{"vehicleid":22387,"vehiclenumber":"KA01F8768","servicetypeid":72,"servicetype":"Non AC/Ordinary","centerlat":13.003555,"centerlong":77.617172,"eta":"2024-03-10 10:39:00","sch_arrivaltime":"10:56","sch_departuretime":"10:56","actual_arrivaltime":"","actual_departuretime":"","sch_tripstarttime":"09:40","sch_tripendtime":"09:40","lastlocationid":0,"currentlocationid":35922,"nextlocationid":0,"currentstop":null,"nextstop":null,"laststop":null,"stopCoveredStatus":0,"heading":288,"lastrefreshon":"10-03-2024 10:27:05","lastreceiveddatetimeflag":0,"tripposition":3}]},{"routeid":8908,"stationid":21173,"stationname":"Shivajinagara Bus Station","from":"Chikkajala","to":"Shivajinagara Bus Station","routeno":"293-R","distance_on_station":24.7,"centerlat":12.98328,"centerlong":77.60304,"responsecode":200,"isnotify":0,"vehicleDetails":[{"vehicleid":22387,"vehiclenumber":"KA01F8768","servicetypeid":72,"servicetype":"Non AC/Ordinary","centerlat":13.003555,"centerlong":77.617172,"eta":"2024-03-10 10:42:00","sch_arrivaltime":"11:01","sch_departuretime":"11:01","actual_arrivaltime":"","actual_departuretime":"","sch_tripstarttime":"09:40","sch_tripendtime":"09:40","lastlocationid":0,"currentlocationid":35922,"nextlocationid":0,"currentstop":null,"nextstop":null,"laststop":null,"stopCoveredStatus":0,"heading":288,"lastrefreshon":"10-03-2024 10:27:05","lastreceiveddatetimeflag":0,"tripposition":1}]}],"mapData":[{"vehicleid":22387,"vehiclenumber":"KA01F8768","servicetypeid":72,"servicetype":"Non AC/Ordinary","centerlat":13.003555,"centerlong":77.617172,"eta":"2024-03-10 10:42:00","sch_arrivaltime":"11:01","sch_departuretime":"11:01","actual_arrivaltime":"","actual_departuretime":"","sch_tripstarttime":"09:40","sch_tripendtime":"09:40","lastlocationid":0,"currentlocationid":35922,"nextlocationid":0,"currentstop":null,"nextstop":null,"laststop":null,"stopCoveredStatus":0,"heading":288,"lastrefreshon":"10-03-2024 10:27:05","lastreceiveddatetimeflag":0,"tripposition":1}]},"message":"Success","issuccess":true,"exception":null,"rowCount":0,"responsecode":200}