{"up":{"data":[],"mapData":[]},"down":{"data":[{"routeid":13004,"stationid":26840,"stationname":"TC Palya","from":"TC Palya","to":"Shivajinagara Bus Station","routeno":"301-E","distance_on_station":0,"centerlat":13.02161,"centerlong":77.69986,"responsecode":200,"isnotify":0,"vehicleDetails":[{"vehicleid":21148,"vehiclenumber":"KA57F1513","servicetypeid":72,"servicetype":"Non AC/Ordinary","centerlat":13.001728,"centerlong":77.684036,"eta":"","sch_arrivaltime":"21:35","sch_departuretime":"21:35","actual_arrivaltime":"","actual_departuretime":"","sch_tripstarttime":"21:35","sch_tripendtime":"21:35","lastlocationid":0,"currentlocationid":35523,"nextlocationid":0,"currentstop":null,"nextstop":null,"laststop":null,"stopCoveredStatus":0,"heading":144,"lastrefreshon":"16-10-2024 13:29:47","lastreceiveddatetimeflag":0,"tripposition":3}]},{"routeid":13004,"stationid":35489,"stationname":"Anandapura","from":"TC Palya","to":"Shivajinagara Bus Station","routeno":"301-E","distance_on_station":1.042,"centerlat":13.0241,"centerlong":77.6927,"responsecode":200,"isnotify":0,"vehicleDetails":[{"vehicleid":21148,"vehiclenumber":"KA57F1513","servicetypeid":72,"servicetype":"Non AC/Ordinary","centerlat":13.001728,"centerlong":77.684036,"eta":"","sch_arrivaltime":"21:37","sch_departuretime":"21:37","actual_arrivaltime":"","actual_departuretime":"","sch_tripstarttime":"21:35","sch_tripendtime":"21:35","lastlocationid":0,"currentlocationid":35523,"nextlocationid":0,"currentstop":null,"nextstop":null,"laststop":null,"stopCoveredStatus":0,"heading":144,"lastrefreshon":"16-10-2024 13:29:47","lastreceiveddatetimeflag":0,"tripposition":3}]},{"routeid":13004,"stationid":29980,"stationname":"Bhakthi Yoga Ashrama","from":"TC Palya","to":"Shivajinagara Bus Station","routeno":"301-E","distance_on_station":1.545,"centerlat":13.02256,"centerlong":77.68928,"responsecode":200,"isnotify":0,"vehicleDetails":[{"vehicleid":21148,"vehiclenumber":"KA57F1513","servicetypeid":72,"servicetype":"Non AC/Ordinary","centerlat":13.001728,"centerlong":77.684036,"eta":"","sch_arrivaltime":"21:38","sch_departuretime":"21:38","actual_arrivaltime":"","actual_departuretime":"","sch_tripstarttime":"21:35","sch_tripendtime":"21:35","lastlocationid":0,"currentlocationid":35523,"nextlocationid":0,"currentstop":null,"nextstop":null,"laststop":null,"stopCoveredStatus":0,"heading":144,"lastrefreshon":"16-10-2024 13:29:47","lastreceiveddatetimeflag":0,"tripposition":3}]},{"routeid":13004,"stationid":35523,"stationname":"Akshayanagara","from":"TC Palya","to":"Shivajinagara Bus Station","routeno":"301-E","distance_on_station":2.407,"centerlat":13.02068,"centerlong":77.68354,"responsecode":200,"isnotify":0,"vehicleDetails":[{"vehicleid":21148,"vehiclenumber":"KA57F1513","servicetypeid":72,"servicetype":"Non AC/Ordinary","centerlat":13.001728,"centerlong":77.684036,"eta":"","sch_arrivaltime":"21:40","sch_departuretime":"21:40","actual_arrivaltime":"","actual_departuretime":"","sch_tripstarttime":"21:35","sch_tripendtime":"21:35","lastlocationid":0,"currentlocationid":35523,"nextlocationid":0,"currentstop":null,"nextstop":null,"laststop":null,"stopCoveredStatus":0,"heading":144,"lastrefreshon":"16-10-2024 13:29:47","lastreceiveddatetimeflag":0,"tripposition":3}]},{"routeid":13004,"stationid":30642,"stationname":"Kalkere Cross","from":"TC Palya","to":"Shivajinagara Bus Station","routeno":"301-E","distance_on_station":3.017,"centerlat":13.0213,"centerlong":77.67891,"responsecode":200,"isnotify":0,"vehicleDetails":[{"vehicleid":21148,"vehiclenumber":"KA57F1513","servicetypeid":72,"servicetype":"Non AC/Ordinary","centerlat":13.001728,"centerlong":77.684036,"eta":"","sch_arrivaltime":"21:41","sch_departuretime":"21:41","actual_arrivaltime":"","actual_departuretime":"","sch_tripstarttime":"21:35","sch_tripendtime":"21:35","lastlocationid":0,"currentlocationid":35523,"nextlocationid":0,"currentstop":null,"nextstop":null,"laststop":null,"stopCoveredStatus":0,"heading":144,"lastrefreshon":"16-10-2024 13:29:47","lastreceiveddatetimeflag":0,"tripposition":3}]},{"routeid":13004,"stationid":31242,"stationname":"Koshys Hospital Kalkere","from":"TC Palya","to":"Shivajinagara Bus Station","routeno":"301-E","distance_on_station":3.305,"centerlat":13.02067,"centerlong":77.67701,"responsecode":200,"isnotify":0,"vehicleDetails":[{"vehicleid":21148,"vehiclenumber":"KA57F1513","servicetypeid":72,"servicetype":"Non AC/Ordinary","centerlat":13.001728,"centerlong":77.684036,"eta":"","sch_arrivaltime":"21:42","sch_departuretime":"21:42","actual_arrivaltime":"","actual_departuretime":"","sch_tripstarttime":"21:35","sch_tripendtime":"21:35","lastlocationid":0,"currentlocationid":35523,"nextlocationid":0,"currentstop":null,"nextstop":null,"laststop":null,"stopCoveredStatus":0,"heading":144,"lastrefreshon":"16-10-2024 13:29:47","lastreceiveddatetimeflag":0,"tripposition":3}]},{"routeid":13004,"stationid":34308,"stationname":"Raghavendra Circle","from":"TC Palya","to":"Shivajinagara Bus Station","routeno":"301-E","distance_on_station":3.652,"centerlat":13.01994,"centerlong":77.67445,"responsecode":200,"isnotify":0,"vehicleDetails":[{"vehicleid":21148,"vehiclenumber":"KA57F1513","servicetypeid":72,"servicetype":"Non AC/Ordinary","centerlat":13.001728,"centerlong":77.684036,"eta":"","sch_arrivaltime":"21:43","sch_departuretime":"21:43","actual_arrivaltime":"","actual_departuretime":"","sch_tripstarttime":"21:35","sch_tripendtime":"21:35","lastlocationid":0,"currentlocationid":35523,"nextlocationid":0,"currentstop":null,"nextstop":null,"laststop":null,"stopCoveredStatus":0,"heading":144,"lastrefreshon":"16-10-2024 13:29:47","lastreceiveddatetimeflag":0,"tripposition":3}]},{"routeid":13004,"stationid":29086,"stationname":"Muneshwara Nagara","from":"TC Palya","to":"Shivajinagara Bus Station","routeno":"301-E","distance_on_station":4.155,"centerlat":13.01785,"centerlong":77.67118,"responsecode":200,"isnotify":0,"vehicleDetails":[{"vehicleid":21148,"vehiclenumber":"KA57F1513","servicetypeid":72,"servicetype":"Non AC/Ordinary","centerlat":13.001728,"centerlong":77.684036,"eta":"","sch_arrivaltime":"21:44","sch_departuretime":"21:44","actual_arrivaltime":"","actual_departuretime":"","sch_tripstarttime":"21:35","sch_tripendtime":"21:35","lastlocationid":0,"currentlocationid":35523,"nextlocationid":0,"currentstop":null,"nextstop":null,"laststop":null,"stopCoveredStatus":0,"heading":144,"lastrefreshon":"16-10-2024 13:29:47","lastreceiveddatetimeflag":0,"tripposition":3}]},{"routeid":13004,"stationid":26006,"stationname":"Hoysala Nagara","from":"TC Palya","to":"Shivajinagara Bus Station","routeno":"301-E","distance_on_station":4.49,"centerlat":13.01668,"centerlong":77.66891,"responsecode":200,"isnotify":0,"vehicleDetails":[{"vehicleid":21148,"vehiclenumber":"KA57F1513","servicetypeid":72,"servicetype":"Non AC/Ordinary","centerlat":13.001728,"centerlong":77.684036,"eta":"","sch_arrivaltime":"21:45","sch_departuretime":"21:45","actual_arrivaltime":"","actual_departuretime":"","sch_tripstarttime":"21:35","sch_tripendtime":"21:35","lastlocationid":0,"currentlocationid":35523,"nextlocationid":0,"currentstop":null,"nextstop":null,"laststop":null,"stopCoveredStatus":0,"heading":144,"lastrefreshon":"16-10-2024 13:29:47","lastreceiveddatetimeflag":0,"tripposition":3}]},{"routeid":13004,"stationid":28031,"stationname":"RK Apartment","from":"TC Palya","to":"Shivajinagara Bus Station","routeno":"301-E","distance_on_station":5.041,"centerlat":13.01459,"centerlong":77.66526,"responsecode":200,"isnotify":0,"vehicleDetails":[{"vehicleid":21148,"vehiclenumber":"KA57F1513","servicetypeid":72,"servicetype":"Non AC/Ordinary","centerlat":13.001728,"centerlong":77.684036,"eta":"","sch_arrivaltime":"21:46","sch_departuretime":"21:46","actual_arrivaltime":"","actual_departuretime":"","sch_tripstarttime":"21:35","sch_tripendtime":"21:35","lastlocationid":0,"currentlocationid":35523,"nextlocationid":0,"currentstop":null,"nextstop":null,"laststop":null,"stopCoveredStatus":0,"heading":144,"lastrefreshon":"16-10-2024 13:29:47","lastreceiveddatetimeflag":0,"tripposition":3}]},{"routeid":13004,"stationid":21692,"stationname":"B Channasandra Bridge(Ramamurthy Nagara Ring Road)","from":"TC Palya","to":"Shivajinagara Bus Station","routeno":"301-E","distance_on_station":5.592,"centerlat":13.01329,"centerlong":77.66193,"responsecode":200,"isnotify":0,"vehicleDetails":[{"vehicleid":21148,"vehiclenumber":"KA57F1513","servicetypeid":72,"servicetype":"Non AC/Ordinary","centerlat":13.001728,"centerlong":77.684036,"eta":"","sch_arrivaltime":"21:48","sch_departuretime":"21:48","actual_arrivaltime":"","actual_departuretime":"","sch_tripstarttime":"21:35","sch_tripendtime":"21:35","lastlocationid":0,"currentlocationid":35523,"nextlocationid":0,"currentstop":null,"nextstop":null,"laststop":null,"stopCoveredStatus":0,"heading":144,"lastrefreshon":"16-10-2024 13:29:47","lastreceiveddatetimeflag":0,"tripposition":3}]},{"routeid":13004,"stationid":22359,"stationname":"New Baldwin School","from":"TC Palya","to":"Shivajinagara Bus Station","routeno":"301-E","distance_on_station":6.095,"centerlat":13.01433,"centerlong":77.65818,"responsecode":200,"isnotify":0,"vehicleDetails":[{"vehicleid":21148,"vehiclenumber":"KA57F1513","servicetypeid":72,"servicetype":"Non AC/Ordinary","centerlat":13.001728,"centerlong":77.684036,"eta":"","sch_arrivaltime":"21:49","sch_departuretime":"21:49","actual_arrivaltime":"","actual_departuretime":"","sch_tripstarttime":"21:35","sch_tripendtime":"21:35","lastlocationid":0,"currentlocationid":35523,"nextlocationid":0,"currentstop":null,"nextstop":null,"laststop":null,"stopCoveredStatus":0,"heading":144,"lastrefreshon":"16-10-2024 13:29:47","lastreceiveddatetimeflag":0,"tripposition":3}]},{"routeid":13004,"stationid":36255,"stationname":"Banasawadi","from":"TC Palya","to":"Shivajinagara Bus Station","routeno":"301-E","distance_on_station":7.076,"centerlat":13.01441,"centerlong":77.65102,"responsecode":200,"isnotify":0,"vehicleDetails":[{"vehicleid":21148,"vehiclenumber":"KA57F1513","servicetypeid":72,"servicetype":"Non AC/Ordinary","centerlat":13.001728,"centerlong":77.684036,"eta":"","sch_arrivaltime":"21:52","sch_departuretime":"21:52","actual_arrivaltime":"","actual_departuretime":"","sch_tripstarttime":"21:35","sch_tripendtime":"21:35","lastlocationid":0,"currentlocationid":35523,"nextlocationid":0,"currentstop":null,"nextstop":null,"laststop":null,"stopCoveredStatus":0,"heading":144,"lastrefreshon":"16-10-2024 13:29:47","lastreceiveddatetimeflag":0,"tripposition":3}]},{"routeid":13004,"stationid":36246,"stationname":"Steel Factory Banasawadi","from":"TC Palya","to":"Shivajinagara Bus Station","routeno":"301-E","distance_on_station":7.388,"centerlat":13.01306,"centerlong":77.64934,"responsecode":200,"isnotify":0,"vehicleDetails":[{"vehicleid":21148,"vehiclenumber":"KA57F1513","servicetypeid":72,"servicetype":"Non AC/Ordinary","centerlat":13.001728,"centerlong":77.684036,"eta":"","sch_arrivaltime":"21:53","sch_departuretime":"21:53","actual_arrivaltime":"","actual_departuretime":"","sch_tripstarttime":"21:35","sch_tripendtime":"21:35","lastlocationid":0,"currentlocationid":35523,"nextlocationid":0,"currentstop":null,"nextstop":null,"laststop":null,"stopCoveredStatus":0,"heading":144,"lastrefreshon":"16-10-2024 13:29:47","lastreceiveddatetimeflag":0,"tripposition":3}]},{"routeid":13004,"stationid":22270,"stationname":"Maruthi School","from":"TC Palya","to":"Shivajinagara Bus Station","routeno":"301-E","distance_on_station":8.214,"centerlat":13.00961,"centerlong":77.64413,"responsecode":200,"isnotify":0,"vehicleDetails":[{"vehicleid":21148,"vehiclenumber":"KA57F1513","servicetypeid":72,"servicetype":"Non AC/Ordinary","centerlat":13.001728,"centerlong":77.684036,"eta":"","sch_arrivaltime":"21:54","sch_departuretime":"21:54","actual_arrivaltime":"","actual_departuretime":"","sch_tripstarttime":"21:35","sch_tripendtime":"21:35","lastlocationid":0,"currentlocationid":35523,"nextlocationid":0,"currentstop":null,"nextstop":null,"laststop":null,"stopCoveredStatus":0,"heading":144,"lastrefreshon":"16-10-2024 13:29:47","lastreceiveddatetimeflag":0,"tripposition":3}]},{"routeid":13004,"stationid":36254,"stationname":"Subbayyanapalya/Ayyappa Temple","from":"TC Palya","to":"Shivajinagara Bus Station","routeno":"301-E","distance_on_station":8.717,"centerlat":13.00755,"centerlong":77.64093,"responsecode":200,"isnotify":0,"vehicleDetails":[{"vehicleid":21148,"vehiclenumber":"KA57F1513","servicetypeid":72,"servicetype":"Non AC/Ordinary","centerlat":13.001728,"centerlong":77.684036,"eta":"","sch_arrivaltime":"21:55","sch_departuretime":"21:55","actual_arrivaltime":"","actual_departuretime":"","sch_tripstarttime":"21:35","sch_tripendtime":"21:35","lastlocationid":0,"currentlocationid":35523,"nextlocationid":0,"currentstop":null,"nextstop":null,"laststop":null,"stopCoveredStatus":0,"heading":144,"lastrefreshon":"16-10-2024 13:29:47","lastreceiveddatetimeflag":0,"tripposition":3}]},{"routeid":13004,"stationid":22071,"stationname":"Indian Oil","from":"TC Palya","to":"Shivajinagara Bus Station","routeno":"301-E","distance_on_station":9.244,"centerlat":13.00548,"centerlong":77.63871,"responsecode":200,"isnotify":0,"vehicleDetails":[{"vehicleid":21148,"vehiclenumber":"KA57F1513","servicetypeid":72,"servicetype":"Non AC/Ordinary","centerlat":13.001728,"centerlong":77.684036,"eta":"","sch_arrivaltime":"21:56","sch_departuretime":"21:56","actual_arrivaltime":"","actual_departuretime":"","sch_tripstarttime":"21:35","sch_tripendtime":"21:35","lastlocationid":0,"currentlocationid":35523,"nextlocationid":0,"currentstop":null,"nextstop":null,"laststop":null,"stopCoveredStatus":0,"heading":144,"lastrefreshon":"16-10-2024 13:29:47","lastreceiveddatetimeflag":0,"tripposition":3}]},{"routeid":13004,"stationid":22273,"stationname":"Maruthi Sevanagara","from":"TC Palya","to":"Shivajinagara Bus Station","routeno":"301-E","distance_on_station":9.95,"centerlat":13.00241,"centerlong":77.63435,"responsecode":200,"isnotify":0,"vehicleDetails":[{"vehicleid":21148,"vehiclenumber":"KA57F1513","servicetypeid":72,"servicetype":"Non AC/Ordinary","centerlat":13.001728,"centerlong":77.684036,"eta":"","sch_arrivaltime":"21:57","sch_departuretime":"21:57","actual_arrivaltime":"","actual_departuretime":"","sch_tripstarttime":"21:35","sch_tripendtime":"21:35","lastlocationid":0,"currentlocationid":35523,"nextlocationid":0,"currentstop":null,"nextstop":null,"laststop":null,"stopCoveredStatus":0,"heading":144,"lastrefreshon":"16-10-2024 13:29:47","lastreceiveddatetimeflag":0,"tripposition":3}]},{"routeid":13004,"stationid":22090,"stationname":"Jai Bharath Nagara","from":"TC Palya","to":"Shivajinagara Bus Station","routeno":"301-E","distance_on_station":10.441,"centerlat":13.00158,"centerlong":77.63079,"responsecode":200,"isnotify":0,"vehicleDetails":[{"vehicleid":21148,"vehiclenumber":"KA57F1513","servicetypeid":72,"servicetype":"Non AC/Ordinary","centerlat":13.001728,"centerlong":77.684036,"eta":"","sch_arrivaltime":"21:58","sch_departuretime":"21:58","actual_arrivaltime":"","actual_departuretime":"","sch_tripstarttime":"21:35","sch_tripendtime":"21:35","lastlocationid":0,"currentlocationid":35523,"nextlocationid":0,"currentstop":null,"nextstop":null,"laststop":null,"stopCoveredStatus":0,"heading":144,"lastrefreshon":"16-10-2024 13:29:47","lastreceiveddatetimeflag":0,"tripposition":3}]},{"routeid":13004,"stationid":22083,"stationname":"ITC Factory","from":"TC Palya","to":"Shivajinagara Bus Station","routeno":"301-E","distance_on_station":11.77,"centerlat":12.9986,"centerlong":77.62211,"responsecode":200,"isnotify":0,"vehicleDetails":[{"vehicleid":21148,"vehiclenumber":"KA57F1513","servicetypeid":72,"servicetype":"Non AC/Ordinary","centerlat":13.001728,"centerlong":77.684036,"eta":"","sch_arrivaltime":"22:01","sch_departuretime":"22:01","actual_arrivaltime":"","actual_departuretime":"","sch_tripstarttime":"21:35","sch_tripendtime":"21:35","lastlocationid":0,"currentlocationid":35523,"nextlocationid":0,"currentstop":null,"nextstop":null,"laststop":null,"stopCoveredStatus":0,"heading":144,"lastrefreshon":"16-10-2024 13:29:47","lastreceiveddatetimeflag":0,"tripposition":3}]},{"routeid":13004,"stationid":22298,"stationname":"Mosque Road","from":"TC Palya","to":"Shivajinagara Bus Station","routeno":"301-E","distance_on_station":12.704,"centerlat":13.00032,"centerlong":77.61609,"responsecode":200,"isnotify":0,"vehicleDetails":[{"vehicleid":21148,"vehiclenumber":"KA57F1513","servicetypeid":72,"servicetype":"Non AC/Ordinary","centerlat":13.001728,"centerlong":77.684036,"eta":"","sch_arrivaltime":"22:03","sch_departuretime":"22:03","actual_arrivaltime":"","actual_departuretime":"","sch_tripstarttime":"21:35","sch_tripendtime":"21:35","lastlocationid":0,"currentlocationid":35523,"nextlocationid":0,"currentstop":null,"nextstop":null,"laststop":null,"stopCoveredStatus":0,"heading":144,"lastrefreshon":"16-10-2024 13:29:47","lastreceiveddatetimeflag":0,"tripposition":3}]},{"routeid":13004,"stationid":21863,"stationname":"Coles Road","from":"TC Palya","to":"Shivajinagara Bus Station","routeno":"301-E","distance_on_station":13.542,"centerlat":12.99632,"centerlong":77.61247,"responsecode":200,"isnotify":0,"vehicleDetails":[{"vehicleid":21148,"vehiclenumber":"KA57F1513","servicetypeid":72,"servicetype":"Non AC/Ordinary","centerlat":13.001728,"centerlong":77.684036,"eta":"","sch_arrivaltime":"22:05","sch_departuretime":"22:05","actual_arrivaltime":"","actual_departuretime":"","sch_tripstarttime":"21:35","sch_tripendtime":"21:35","lastlocationid":0,"currentlocationid":35523,"nextlocationid":0,"currentstop":null,"nextstop":null,"laststop":null,"stopCoveredStatus":0,"heading":144,"lastrefreshon":"16-10-2024 13:29:47","lastreceiveddatetimeflag":0,"tripposition":3}]},{"routeid":13004,"stationid":21857,"stationname":"Coles Park","from":"TC Palya","to":"Shivajinagara Bus Station","routeno":"301-E","distance_on_station":14.309,"centerlat":12.99534,"centerlong":77.60829,"responsecode":200,"isnotify":0,"vehicleDetails":[{"vehicleid":21148,"vehiclenumber":"KA57F1513","servicetypeid":72,"servicetype":"Non AC/Ordinary","centerlat":13.001728,"centerlong":77.684036,"eta":"","sch_arrivaltime":"22:06","sch_departuretime":"22:06","actual_arrivaltime":"","actual_departuretime":"","sch_tripstarttime":"21:35","sch_tripendtime":"21:35","lastlocationid":0,"currentlocationid":35523,"nextlocationid":0,"currentstop":null,"nextstop":null,"laststop":null,"stopCoveredStatus":0,"heading":144,"lastrefreshon":"16-10-2024 13:29:47","lastreceiveddatetimeflag":0,"tripposition":3}]},{"routeid":13004,"stationid":21706,"stationname":"Bamboo Bazaar","from":"TC Palya","to":"Shivajinagara Bus Station","routeno":"301-E","distance_on_station":15.422,"centerlat":12.99208,"centerlong":77.60402,"responsecode":200,"isnotify":0,"vehicleDetails":[{"vehicleid":21148,"vehiclenumber":"KA57F1513","servicetypeid":72,"servicetype":"Non AC/Ordinary","centerlat":13.001728,"centerlong":77.684036,"eta":"","sch_arrivaltime":"22:10","sch_departuretime":"22:10","actual_arrivaltime":"","actual_departuretime":"","sch_tripstarttime":"21:35","sch_tripendtime":"21:35","lastlocationid":0,"currentlocationid":35523,"nextlocationid":0,"currentstop":null,"nextstop":null,"laststop":null,"stopCoveredStatus":0,"heading":144,"lastrefreshon":"16-10-2024 13:29:47","lastreceiveddatetimeflag":0,"tripposition":3}]},{"routeid":13004,"stationid":21868,"stationname":"CSI Hospital","from":"TC Palya","to":"Shivajinagara Bus Station","routeno":"301-E","distance_on_station":16.296,"centerlat":12.98983,"centerlong":77.59938,"responsecode":200,"isnotify":0,"vehicleDetails":[{"vehicleid":21148,"vehiclenumber":"KA57F1513","servicetypeid":72,"servicetype":"Non AC/Ordinary","centerlat":13.001728,"centerlong":77.684036,"eta":"","sch_arrivaltime":"22:11","sch_departuretime":"22:11","actual_arrivaltime":"","actual_departuretime":"","sch_tripstarttime":"21:35","sch_tripendtime":"21:35","lastlocationid":0,"currentlocationid":35523,"nextlocationid":0,"currentstop":null,"nextstop":null,"laststop":null,"stopCoveredStatus":0,"heading":144,"lastrefreshon":"16-10-2024 13:29:47","lastreceiveddatetimeflag":0,"tripposition":3}]},{"routeid":13004,"stationid":20855,"stationname":"Indian Express","from":"TC Palya","to":"Shivajinagara Bus Station","routeno":"301-E","distance_on_station":17.218,"centerlat":12.98408,"centerlong":77.59827,"responsecode":200,"isnotify":0,"vehicleDetails":[{"vehicleid":21148,"vehiclenumber":"KA57F1513","servicetypeid":72,"servicetype":"Non AC/Ordinary","centerlat":13.001728,"centerlong":77.684036,"eta":"","sch_arrivaltime":"22:12","sch_departuretime":"22:12","actual_arrivaltime":"","actual_departuretime":"","sch_tripstarttime":"21:35","sch_tripendtime":"21:35","lastlocationid":0,"currentlocationid":35523,"nextlocationid":0,"currentstop":null,"nextstop":null,"laststop":null,"stopCoveredStatus":0,"heading":144,"lastrefreshon":"16-10-2024 13:29:47","lastreceiveddatetimeflag":0,"tripposition":3}]},{"routeid":13004,"stationid":21173,"stationname":"Shivajinagara Bus Station","from":"TC Palya","to":"Shivajinagara Bus Station","routeno":"301-E","distance_on_station":18.2,"centerlat":12.98328,"centerlong":77.60304,"responsecode":200,"isnotify":0,"vehicleDetails":[{"vehicleid":21148,"vehiclenumber":"KA57F1513","servicetypeid":72,"servicetype":"Non AC/Ordinary","centerlat":13.001728,"centerlong":77.684036,"eta":"","sch_arrivaltime":"22:16","sch_departuretime":"22:16","actual_arrivaltime":"","actual_departuretime":"","sch_tripstarttime":"21:35","sch_tripendtime":"21:35","lastlocationid":0,"currentlocationid":35523,"nextlocationid":0,"currentstop":null,"nextstop":null,"laststop":null,"stopCoveredStatus":0,"heading":144,"lastrefreshon":"16-10-2024 13:29:47","lastreceiveddatetimeflag":0,"tripposition":3}]}],"mapData":[{"vehicleid":21148,"vehiclenumber":"KA57F1513","servicetypeid":72,"servicetype":"Non AC/Ordinary","centerlat":13.001728,"centerlong":77.684036,"eta":"","sch_arrivaltime":"22:16","sch_departuretime":"22:16","actual_arrivaltime":"","actual_departuretime":"","sch_tripstarttime":"21:35","sch_tripendtime":"21:35","lastlocationid":0,"currentlocationid":35523,"nextlocationid":0,"currentstop":null,"nextstop":null,"laststop":null,"stopCoveredStatus":0,"heading":144,"lastrefreshon":"16-10-2024 13:29:47","lastreceiveddatetimeflag":0,"tripposition":3}]},"message":"Success","issuccess":true,"exception":null,"rowCount":0,"responsecode":200}