{"up":{"data":[{"routeid":4371,"stationid":20921,"stationname":"Kempegowda Bus Station","from":"Kempegowda Bus Station","to":"Arehalli","routeno":"304-X","distance_on_station":0,"centerlat":12.97751,"centerlong":77.57141,"responsecode":200,"isnotify":0,"vehicleDetails":[]},{"routeid":4371,"stationid":20981,"stationname":"Maharani College","from":"Kempegowda Bus Station","to":"Arehalli","routeno":"304-X","distance_on_station":0,"centerlat":12.97703,"centerlong":77.5858,"responsecode":200,"isnotify":0,"vehicleDetails":[]},{"routeid":4371,"stationid":20939,"stationname":"KR Circle","from":"Kempegowda Bus Station","to":"Arehalli","routeno":"304-X","distance_on_station":0,"centerlat":12.97386,"centerlong":77.58661,"responsecode":200,"isnotify":0,"vehicleDetails":[]},{"routeid":4371,"stationid":21195,"stationname":"St Marthas Hospital","from":"Kempegowda Bus Station","to":"Arehalli","routeno":"304-X","distance_on_station":0,"centerlat":12.96945,"centerlong":77.58716,"responsecode":200,"isnotify":0,"vehicleDetails":[]},{"routeid":4371,"stationid":20726,"stationname":"Corporation","from":"Kempegowda Bus Station","to":"Arehalli","routeno":"304-X","distance_on_station":0,"centerlat":12.9682,"centerlong":77.58936,"responsecode":200,"isnotify":0,"vehicleDetails":[]},{"routeid":4371,"stationid":21193,"stationname":"St Josephs Indian School/ Malya Hospital","from":"Kempegowda Bus Station","to":"Arehalli","routeno":"304-X","distance_on_station":0,"centerlat":12.97052,"centerlong":77.5943,"responsecode":200,"isnotify":0,"vehicleDetails":[]},{"routeid":4371,"stationid":21125,"stationname":"Richmond Circle","from":"Kempegowda Bus Station","to":"Arehalli","routeno":"304-X","distance_on_station":0,"centerlat":12.96738,"centerlong":77.59946,"responsecode":200,"isnotify":0,"vehicleDetails":[]},{"routeid":4371,"stationid":21194,"stationname":"St Joseph College","from":"Kempegowda Bus Station","to":"Arehalli","routeno":"304-X","distance_on_station":0,"centerlat":12.97036,"centerlong":77.60368,"responsecode":200,"isnotify":0,"vehicleDetails":[]},{"routeid":4371,"stationid":22278,"stationname":"Mayohall","from":"Kempegowda Bus Station","to":"Arehalli","routeno":"304-X","distance_on_station":0,"centerlat":12.97336,"centerlong":77.6099,"responsecode":200,"isnotify":0,"vehicleDetails":[]},{"routeid":4371,"stationid":21235,"stationname":"Lido Talkies","from":"Kempegowda Bus Station","to":"Arehalli","routeno":"304-X","distance_on_station":0,"centerlat":12.97346,"centerlong":77.62005,"responsecode":200,"isnotify":0,"vehicleDetails":[]},{"routeid":4371,"stationid":21093,"stationname":"Philips Millenium Halasuru","from":"Kempegowda Bus Station","to":"Arehalli","routeno":"304-X","distance_on_station":0,"centerlat":12.98196,"centerlong":77.62443,"responsecode":200,"isnotify":0,"vehicleDetails":[]},{"routeid":4371,"stationid":20805,"stationname":"Halasuru","from":"Kempegowda Bus Station","to":"Arehalli","routeno":"304-X","distance_on_station":0,"centerlat":12.97949,"centerlong":77.62949,"responsecode":200,"isnotify":0,"vehicleDetails":[]},{"routeid":4371,"stationid":20741,"stationname":"Depot-06 Gate","from":"Kempegowda Bus Station","to":"Arehalli","routeno":"304-X","distance_on_station":0,"centerlat":12.98255,"centerlong":77.63434,"responsecode":200,"isnotify":0,"vehicleDetails":[]},{"routeid":4371,"stationid":20672,"stationname":"Binnamangala","from":"Kempegowda Bus Station","to":"Arehalli","routeno":"304-X","distance_on_station":0,"centerlat":12.98331,"centerlong":77.63834,"responsecode":200,"isnotify":0,"vehicleDetails":[]},{"routeid":4371,"stationid":22527,"stationname":"Swamy Vivekananda Metro Station/Isolation Hospital","from":"Kempegowda Bus Station","to":"Arehalli","routeno":"304-X","distance_on_station":0,"centerlat":12.9859,"centerlong":77.6452,"responsecode":200,"isnotify":0,"vehicleDetails":[]},{"routeid":4371,"stationid":21060,"stationname":"NGEF","from":"Kempegowda Bus Station","to":"Arehalli","routeno":"304-X","distance_on_station":0,"centerlat":12.98787,"centerlong":77.64987,"responsecode":200,"isnotify":0,"vehicleDetails":[]},{"routeid":4371,"stationid":20634,"stationname":"Bayyappanahalli Metro Station","from":"Kempegowda Bus Station","to":"Arehalli","routeno":"304-X","distance_on_station":0,"centerlat":12.99001,"centerlong":77.65454,"responsecode":200,"isnotify":0,"vehicleDetails":[]},{"routeid":4371,"stationid":20656,"stationname":"Benniganahalli","from":"Kempegowda Bus Station","to":"Arehalli","routeno":"304-X","distance_on_station":0,"centerlat":12.99428,"centerlong":77.6633,"responsecode":200,"isnotify":0,"vehicleDetails":[]},{"routeid":4371,"stationid":21229,"stationname":"Tin Factory","from":"Kempegowda Bus Station","to":"Arehalli","routeno":"304-X","distance_on_station":0,"centerlat":12.99698,"centerlong":77.66937,"responsecode":200,"isnotify":0,"vehicleDetails":[]},{"routeid":4371,"stationid":21112,"stationname":"KR Pura Railway Station","from":"Kempegowda Bus Station","to":"Arehalli","routeno":"304-X","distance_on_station":0,"centerlat":13.00022,"centerlong":77.67597,"responsecode":200,"isnotify":0,"vehicleDetails":[]},{"routeid":4371,"stationid":21696,"stationname":"B Narayanapura","from":"Kempegowda Bus Station","to":"Arehalli","routeno":"304-X","distance_on_station":0,"centerlat":13.00039,"centerlong":77.68399,"responsecode":200,"isnotify":0,"vehicleDetails":[]},{"routeid":4371,"stationid":22237,"stationname":"Mahadevapura","from":"Kempegowda Bus Station","to":"Arehalli","routeno":"304-X","distance_on_station":0,"centerlat":12.99738,"centerlong":77.69064,"responsecode":200,"isnotify":0,"vehicleDetails":[]},{"routeid":4371,"stationid":22492,"stationname":"Singaianapalya Phoenix","from":"Kempegowda Bus Station","to":"Arehalli","routeno":"304-X","distance_on_station":0,"centerlat":12.9956,"centerlong":77.69531,"responsecode":200,"isnotify":0,"vehicleDetails":[]},{"routeid":4371,"stationid":21953,"stationname":"Garudacharpalya","from":"Kempegowda Bus Station","to":"Arehalli","routeno":"304-X","distance_on_station":0,"centerlat":12.99403,"centerlong":77.70158,"responsecode":200,"isnotify":0,"vehicleDetails":[]},{"routeid":4371,"stationid":21781,"stationname":"Brook Steel ESI","from":"Kempegowda Bus Station","to":"Arehalli","routeno":"304-X","distance_on_station":0,"centerlat":12.9931,"centerlong":77.70535,"responsecode":200,"isnotify":0,"vehicleDetails":[]},{"routeid":4371,"stationid":22035,"stationname":"Hoodi","from":"Kempegowda Bus Station","to":"Arehalli","routeno":"304-X","distance_on_station":0,"centerlat":12.99223,"centerlong":77.71576,"responsecode":200,"isnotify":0,"vehicleDetails":[]},{"routeid":4371,"stationid":22410,"stationname":"Rajapalya","from":"Kempegowda Bus Station","to":"Arehalli","routeno":"304-X","distance_on_station":0,"centerlat":12.99129,"centerlong":77.72123,"responsecode":200,"isnotify":0,"vehicleDetails":[]},{"routeid":4371,"stationid":37982,"stationname":"Prestige Shantiniketana /Manipal Hospital","from":"Kempegowda Bus Station","to":"Arehalli","routeno":"304-X","distance_on_station":0,"centerlat":12.98916,"centerlong":77.72667,"responsecode":200,"isnotify":0,"vehicleDetails":[]},{"routeid":4371,"stationid":20670,"stationname":"Big Bazzar ITPL","from":"Kempegowda Bus Station","to":"Arehalli","routeno":"304-X","distance_on_station":0,"centerlat":12.98823,"centerlong":77.73197,"responsecode":200,"isnotify":0,"vehicleDetails":[]},{"routeid":4371,"stationid":21079,"stationname":"Pattandur Agrahara Gate","from":"Kempegowda Bus Station","to":"Arehalli","routeno":"304-X","distance_on_station":0,"centerlat":12.98803,"centerlong":77.73354,"responsecode":200,"isnotify":0,"vehicleDetails":[]},{"routeid":4371,"stationid":20866,"stationname":"ITPL","from":"Kempegowda Bus Station","to":"Arehalli","routeno":"304-X","distance_on_station":0,"centerlat":12.98766,"centerlong":77.73704,"responsecode":200,"isnotify":0,"vehicleDetails":[]},{"routeid":4371,"stationid":20801,"stationname":"GR Tech Park ITPL","from":"Kempegowda Bus Station","to":"Arehalli","routeno":"304-X","distance_on_station":0,"centerlat":12.98681,"centerlong":77.74338,"responsecode":200,"isnotify":0,"vehicleDetails":[]},{"routeid":4371,"stationid":20680,"stationname":"BPL","from":"Kempegowda Bus Station","to":"Arehalli","routeno":"304-X","distance_on_station":0,"centerlat":12.98525,"centerlong":77.74828,"responsecode":200,"isnotify":0,"vehicleDetails":[]},{"routeid":4371,"stationid":22037,"stationname":"Hope Farm","from":"Kempegowda Bus Station","to":"Arehalli","routeno":"304-X","distance_on_station":0,"centerlat":12.98376,"centerlong":77.75305,"responsecode":200,"isnotify":0,"vehicleDetails":[]},{"routeid":4371,"stationid":22320,"stationname":"MVJ College Channasandra","from":"Kempegowda Bus Station","to":"Arehalli","routeno":"304-X","distance_on_station":0,"centerlat":12.98283,"centerlong":77.76082,"responsecode":200,"isnotify":0,"vehicleDetails":[]},{"routeid":4371,"stationid":21821,"stationname":"Channasandra","from":"Kempegowda Bus Station","to":"Arehalli","routeno":"304-X","distance_on_station":0,"centerlat":12.98345,"centerlong":77.76814,"responsecode":200,"isnotify":0,"vehicleDetails":[]},{"routeid":4371,"stationid":22553,"stationname":"Thirumalashettyhalli  Cross","from":"Kempegowda Bus Station","to":"Arehalli","routeno":"304-X","distance_on_station":0,"centerlat":12.98602,"centerlong":77.78128,"responsecode":200,"isnotify":0,"vehicleDetails":[]},{"routeid":4371,"stationid":22448,"stationname":"Samethanahalli","from":"Kempegowda Bus Station","to":"Arehalli","routeno":"304-X","distance_on_station":0,"centerlat":12.98027,"centerlong":77.78987,"responsecode":200,"isnotify":0,"vehicleDetails":[]},{"routeid":4371,"stationid":21759,"stationname":"Bhodhana Hosahalli","from":"Kempegowda Bus Station","to":"Arehalli","routeno":"304-X","distance_on_station":0,"centerlat":12.97886,"centerlong":77.80248,"responsecode":200,"isnotify":0,"vehicleDetails":[]},{"routeid":4371,"stationid":21905,"stationname":"Dodda Dunnasandra","from":"Kempegowda Bus Station","to":"Arehalli","routeno":"304-X","distance_on_station":0,"centerlat":12.97685,"centerlong":77.81653,"responsecode":200,"isnotify":0,"vehicleDetails":[]},{"routeid":4371,"stationid":25023,"stationname":"Dodda Dunnasandra Cross","from":"Kempegowda Bus Station","to":"Arehalli","routeno":"304-X","distance_on_station":0,"centerlat":12.97585,"centerlong":77.82046,"responsecode":200,"isnotify":0,"vehicleDetails":[]},{"routeid":4371,"stationid":21650,"stationname":"Anugondanahalli Cross","from":"Kempegowda Bus Station","to":"Arehalli","routeno":"304-X","distance_on_station":0,"centerlat":12.95896,"centerlong":77.81597,"responsecode":200,"isnotify":0,"vehicleDetails":[]},{"routeid":4371,"stationid":22368,"stationname":"Obalapura Gate","from":"Kempegowda Bus Station","to":"Arehalli","routeno":"304-X","distance_on_station":0,"centerlat":12.95627,"centerlong":77.82412,"responsecode":200,"isnotify":0,"vehicleDetails":[]},{"routeid":4371,"stationid":22282,"stationname":"Medi Mallasandra","from":"Kempegowda Bus Station","to":"Arehalli","routeno":"304-X","distance_on_station":0,"centerlat":12.95289,"centerlong":77.83026,"responsecode":200,"isnotify":0,"vehicleDetails":[]},{"routeid":4371,"stationid":22274,"stationname":"Mata Mallasandra","from":"Kempegowda Bus Station","to":"Arehalli","routeno":"304-X","distance_on_station":0,"centerlat":12.94782,"centerlong":77.83361,"responsecode":200,"isnotify":0,"vehicleDetails":[]},{"routeid":4371,"stationid":21662,"stationname":"Arehalli Cross","from":"Kempegowda Bus Station","to":"Arehalli","routeno":"304-X","distance_on_station":0,"centerlat":12.94227,"centerlong":77.83669,"responsecode":200,"isnotify":0,"vehicleDetails":[]},{"routeid":4371,"stationid":21660,"stationname":"Arehalli","from":"Kempegowda Bus Station","to":"Arehalli","routeno":"304-X","distance_on_station":0,"centerlat":12.93738,"centerlong":77.82992,"responsecode":200,"isnotify":0,"vehicleDetails":[]}],"mapData":[]},"down":{"data":[{"routeid":4373,"stationid":21658,"stationname":"Arehalli","from":"Arehalli","to":"Kempegowda Bus Station","routeno":"304-X","distance_on_station":0,"centerlat":12.93828,"centerlong":77.83035,"responsecode":200,"isnotify":0,"vehicleDetails":[]},{"routeid":4373,"stationid":21663,"stationname":"Arehalli Cross","from":"Arehalli","to":"Kempegowda Bus Station","routeno":"304-X","distance_on_station":0,"centerlat":12.94222,"centerlong":77.83665,"responsecode":200,"isnotify":0,"vehicleDetails":[]},{"routeid":4373,"stationid":22275,"stationname":"Mata Mallasandra","from":"Arehalli","to":"Kempegowda Bus Station","routeno":"304-X","distance_on_station":0,"centerlat":12.94778,"centerlong":77.83359,"responsecode":200,"isnotify":0,"vehicleDetails":[]},{"routeid":4373,"stationid":22283,"stationname":"Medi Mallasandra","from":"Arehalli","to":"Kempegowda Bus Station","routeno":"304-X","distance_on_station":0,"centerlat":12.95285,"centerlong":77.83026,"responsecode":200,"isnotify":0,"vehicleDetails":[]},{"routeid":4373,"stationid":22369,"stationname":"Obalapura Gate","from":"Arehalli","to":"Kempegowda Bus Station","routeno":"304-X","distance_on_station":0,"centerlat":12.95623,"centerlong":77.82412,"responsecode":200,"isnotify":0,"vehicleDetails":[]},{"routeid":4373,"stationid":21651,"stationname":"Anugondanahalli Cross","from":"Arehalli","to":"Kempegowda Bus Station","routeno":"304-X","distance_on_station":0,"centerlat":12.95892,"centerlong":77.81598,"responsecode":200,"isnotify":0,"vehicleDetails":[]},{"routeid":4373,"stationid":21908,"stationname":"Dodda Dunnasandra Cross","from":"Arehalli","to":"Kempegowda Bus Station","routeno":"304-X","distance_on_station":0,"centerlat":12.97608,"centerlong":77.82017,"responsecode":200,"isnotify":0,"vehicleDetails":[]},{"routeid":4373,"stationid":21906,"stationname":"Dodda Dunnasandra","from":"Arehalli","to":"Kempegowda Bus Station","routeno":"304-X","distance_on_station":0,"centerlat":12.97683,"centerlong":77.81661,"responsecode":200,"isnotify":0,"vehicleDetails":[]},{"routeid":4373,"stationid":21760,"stationname":"Bhodhana Hosahalli","from":"Arehalli","to":"Kempegowda Bus Station","routeno":"304-X","distance_on_station":0,"centerlat":12.97884,"centerlong":77.80247,"responsecode":200,"isnotify":0,"vehicleDetails":[]},{"routeid":4373,"stationid":22449,"stationname":"Samethanahalli","from":"Arehalli","to":"Kempegowda Bus Station","routeno":"304-X","distance_on_station":0,"centerlat":12.98027,"centerlong":77.78981,"responsecode":200,"isnotify":0,"vehicleDetails":[]},{"routeid":4373,"stationid":22554,"stationname":"Thirumalashettyhalli  Cross","from":"Arehalli","to":"Kempegowda Bus Station","routeno":"304-X","distance_on_station":0,"centerlat":12.9862,"centerlong":77.7811,"responsecode":200,"isnotify":0,"vehicleDetails":[]},{"routeid":4373,"stationid":21822,"stationname":"Channasandra","from":"Arehalli","to":"Kempegowda Bus Station","routeno":"304-X","distance_on_station":0,"centerlat":12.98328,"centerlong":77.76704,"responsecode":200,"isnotify":0,"vehicleDetails":[]},{"routeid":4373,"stationid":22321,"stationname":"MVJ College Channasandra","from":"Arehalli","to":"Kempegowda Bus Station","routeno":"304-X","distance_on_station":0,"centerlat":12.98286,"centerlong":77.76121,"responsecode":200,"isnotify":0,"vehicleDetails":[]},{"routeid":4373,"stationid":20837,"stationname":"Hope Farm","from":"Arehalli","to":"Kempegowda Bus Station","routeno":"304-X","distance_on_station":0,"centerlat":12.9839,"centerlong":77.75189,"responsecode":200,"isnotify":0,"vehicleDetails":[]},{"routeid":4373,"stationid":20681,"stationname":"BPL","from":"Arehalli","to":"Kempegowda Bus Station","routeno":"304-X","distance_on_station":0,"centerlat":12.98531,"centerlong":77.74768,"responsecode":200,"isnotify":0,"vehicleDetails":[]},{"routeid":4373,"stationid":20800,"stationname":"GR Tech Park ITPL","from":"Arehalli","to":"Kempegowda Bus Station","routeno":"304-X","distance_on_station":0,"centerlat":12.98666,"centerlong":77.74351,"responsecode":200,"isnotify":0,"vehicleDetails":[]},{"routeid":4373,"stationid":20865,"stationname":"ITPL","from":"Arehalli","to":"Kempegowda Bus Station","routeno":"304-X","distance_on_station":0,"centerlat":12.98754,"centerlong":77.73636,"responsecode":200,"isnotify":0,"vehicleDetails":[]},{"routeid":4373,"stationid":21078,"stationname":"Pattandur Agrahara Gate","from":"Arehalli","to":"Kempegowda Bus Station","routeno":"304-X","distance_on_station":0,"centerlat":12.9878,"centerlong":77.73366,"responsecode":200,"isnotify":0,"vehicleDetails":[]},{"routeid":4373,"stationid":21768,"stationname":"Big Bazzar ITPL","from":"Arehalli","to":"Kempegowda Bus Station","routeno":"304-X","distance_on_station":0,"centerlat":12.98827,"centerlong":77.73061,"responsecode":200,"isnotify":0,"vehicleDetails":[]},{"routeid":4373,"stationid":37983,"stationname":"Prestige Shantiniketana /Manipal Hospital","from":"Arehalli","to":"Kempegowda Bus Station","routeno":"304-X","distance_on_station":0,"centerlat":12.98872,"centerlong":77.72844,"responsecode":200,"isnotify":0,"vehicleDetails":[]},{"routeid":4373,"stationid":22411,"stationname":"Rajapalya","from":"Arehalli","to":"Kempegowda Bus Station","routeno":"304-X","distance_on_station":0,"centerlat":12.99138,"centerlong":77.72084,"responsecode":200,"isnotify":0,"vehicleDetails":[]},{"routeid":4373,"stationid":35198,"stationname":"Hoodi","from":"Arehalli","to":"Kempegowda Bus Station","routeno":"304-X","distance_on_station":0,"centerlat":12.99191,"centerlong":77.71576,"responsecode":200,"isnotify":0,"vehicleDetails":[]},{"routeid":4373,"stationid":38419,"stationname":"Hoodi Metro Station","from":"Arehalli","to":"Kempegowda Bus Station","routeno":"304-X","distance_on_station":0,"centerlat":12.98863,"centerlong":77.7115,"responsecode":200,"isnotify":0,"vehicleDetails":[]},{"routeid":4373,"stationid":33145,"stationname":"Graphite Junction","from":"Arehalli","to":"Kempegowda Bus Station","routeno":"304-X","distance_on_station":0,"centerlat":12.98524,"centerlong":77.70808,"responsecode":200,"isnotify":0,"vehicleDetails":[]},{"routeid":4373,"stationid":21782,"stationname":"Brook Steel ESI","from":"Arehalli","to":"Kempegowda Bus Station","routeno":"304-X","distance_on_station":0,"centerlat":12.99295,"centerlong":77.70547,"responsecode":200,"isnotify":0,"vehicleDetails":[]},{"routeid":4373,"stationid":21954,"stationname":"Garudacharpalya","from":"Arehalli","to":"Kempegowda Bus Station","routeno":"304-X","distance_on_station":0,"centerlat":12.99388,"centerlong":77.70172,"responsecode":200,"isnotify":0,"vehicleDetails":[]},{"routeid":4373,"stationid":22493,"stationname":"Singaianapalya Phoenix","from":"Arehalli","to":"Kempegowda Bus Station","routeno":"304-X","distance_on_station":0,"centerlat":12.99542,"centerlong":77.6954,"responsecode":200,"isnotify":0,"vehicleDetails":[]},{"routeid":4373,"stationid":22238,"stationname":"Mahadevapura","from":"Arehalli","to":"Kempegowda Bus Station","routeno":"304-X","distance_on_station":0,"centerlat":12.9972,"centerlong":77.69069,"responsecode":200,"isnotify":0,"vehicleDetails":[]},{"routeid":4373,"stationid":21697,"stationname":"B Narayanapura","from":"Arehalli","to":"Kempegowda Bus Station","routeno":"304-X","distance_on_station":0,"centerlat":13.00028,"centerlong":77.68415,"responsecode":200,"isnotify":0,"vehicleDetails":[]},{"routeid":4373,"stationid":21113,"stationname":"KR Pura Railway Station","from":"Arehalli","to":"Kempegowda Bus Station","routeno":"304-X","distance_on_station":0,"centerlat":12.99998,"centerlong":77.67654,"responsecode":200,"isnotify":0,"vehicleDetails":[]},{"routeid":4373,"stationid":21228,"stationname":"Tin Factory","from":"Arehalli","to":"Kempegowda Bus Station","routeno":"304-X","distance_on_station":0,"centerlat":12.99645,"centerlong":77.66857,"responsecode":200,"isnotify":0,"vehicleDetails":[]},{"routeid":4373,"stationid":20657,"stationname":"Benniganahalli","from":"Arehalli","to":"Kempegowda Bus Station","routeno":"304-X","distance_on_station":0,"centerlat":12.99406,"centerlong":77.6632,"responsecode":200,"isnotify":0,"vehicleDetails":[]},{"routeid":4373,"stationid":20635,"stationname":"Bayyappanahalli Metro Station","from":"Arehalli","to":"Kempegowda Bus Station","routeno":"304-X","distance_on_station":0,"centerlat":12.98967,"centerlong":77.65404,"responsecode":200,"isnotify":0,"vehicleDetails":[]},{"routeid":4373,"stationid":21061,"stationname":"NGEF","from":"Arehalli","to":"Kempegowda Bus Station","routeno":"304-X","distance_on_station":0,"centerlat":12.98771,"centerlong":77.64986,"responsecode":200,"isnotify":0,"vehicleDetails":[]},{"routeid":4373,"stationid":20862,"stationname":"Swamy Vivekananda Metro Station/Isolation Hospital","from":"Arehalli","to":"Kempegowda Bus Station","routeno":"304-X","distance_on_station":0,"centerlat":12.98507,"centerlong":77.6434,"responsecode":200,"isnotify":0,"vehicleDetails":[]},{"routeid":4373,"stationid":20671,"stationname":"Binnamangala","from":"Arehalli","to":"Kempegowda Bus Station","routeno":"304-X","distance_on_station":0,"centerlat":12.98384,"centerlong":77.64002,"responsecode":200,"isnotify":0,"vehicleDetails":[]},{"routeid":4373,"stationid":20742,"stationname":"Depot-06 Gate","from":"Arehalli","to":"Kempegowda Bus Station","routeno":"304-X","distance_on_station":0,"centerlat":12.9824,"centerlong":77.6344,"responsecode":200,"isnotify":0,"vehicleDetails":[]},{"routeid":4373,"stationid":20806,"stationname":"Halasuru","from":"Arehalli","to":"Kempegowda Bus Station","routeno":"304-X","distance_on_station":0,"centerlat":12.97793,"centerlong":77.6283,"responsecode":200,"isnotify":0,"vehicleDetails":[]},{"routeid":4373,"stationid":20807,"stationname":"Halasuru Police Station","from":"Arehalli","to":"Kempegowda Bus Station","routeno":"304-X","distance_on_station":0,"centerlat":12.97515,"centerlong":77.62564,"responsecode":200,"isnotify":0,"vehicleDetails":[]},{"routeid":4373,"stationid":20969,"stationname":"Lido Talkies","from":"Arehalli","to":"Kempegowda Bus Station","routeno":"304-X","distance_on_station":0,"centerlat":12.97277,"centerlong":77.62141,"responsecode":200,"isnotify":0,"vehicleDetails":[]},{"routeid":4373,"stationid":20846,"stationname":"Hosmat Hospital (DIG Office)","from":"Arehalli","to":"Kempegowda Bus Station","routeno":"304-X","distance_on_station":0,"centerlat":12.96893,"centerlong":77.61529,"responsecode":200,"isnotify":0,"vehicleDetails":[]},{"routeid":4373,"stationid":20970,"stationname":"Life Style (Sacred Heart School)","from":"Arehalli","to":"Kempegowda Bus Station","routeno":"304-X","distance_on_station":0,"centerlat":12.96692,"centerlong":77.61018,"responsecode":200,"isnotify":0,"vehicleDetails":[]},{"routeid":4373,"stationid":21126,"stationname":"Richmond Circle","from":"Arehalli","to":"Kempegowda Bus Station","routeno":"304-X","distance_on_station":0,"centerlat":12.9658,"centerlong":77.60433,"responsecode":200,"isnotify":0,"vehicleDetails":[]},{"routeid":4373,"stationid":22667,"stationname":"Pallavi Talkies","from":"Arehalli","to":"Kempegowda Bus Station","routeno":"304-X","distance_on_station":0,"centerlat":12.9679,"centerlong":77.59102,"responsecode":200,"isnotify":0,"vehicleDetails":[]},{"routeid":4373,"stationid":20725,"stationname":"Corporation","from":"Arehalli","to":"Kempegowda Bus Station","routeno":"304-X","distance_on_station":0,"centerlat":12.96839,"centerlong":77.58675,"responsecode":200,"isnotify":0,"vehicleDetails":[]},{"routeid":4373,"stationid":35383,"stationname":"Mysore Bank","from":"Arehalli","to":"Kempegowda Bus Station","routeno":"304-X","distance_on_station":0,"centerlat":12.97253,"centerlong":77.58199,"responsecode":200,"isnotify":0,"vehicleDetails":[]},{"routeid":4373,"stationid":20922,"stationname":"Kempegowda Bus Station","from":"Arehalli","to":"Kempegowda Bus Station","routeno":"304-X","distance_on_station":0,"centerlat":12.97749,"centerlong":77.57327,"responsecode":200,"isnotify":0,"vehicleDetails":[]}],"mapData":[]},"message":"Success","issuccess":true,"exception":null,"rowCount":0,"responsecode":200}