{"up":{"data":[],"mapData":[]},"down":{"data":[{"routeid":13082,"stationid":38017,"stationname":"Medahalli","from":"Medahalli","to":"Depot-24 Gate","routeno":"311-J D24G-MDH","distance_on_station":0,"centerlat":13.02616,"centerlong":77.72082,"responsecode":200,"isnotify":0,"vehicleDetails":[{"vehicleid":21150,"vehiclenumber":"KA57F1522","servicetypeid":72,"servicetype":"Non AC/Ordinary","centerlat":13.008694,"centerlong":77.696335,"eta":"","sch_arrivaltime":"12:55","sch_departuretime":"12:55","actual_arrivaltime":"","actual_departuretime":"","sch_tripstarttime":"12:55","sch_tripendtime":"12:55","lastlocationid":0,"currentlocationid":22206,"nextlocationid":0,"currentstop":null,"nextstop":null,"laststop":null,"stopCoveredStatus":1,"heading":219,"lastrefreshon":"09-03-2024 12:43:12","lastreceiveddatetimeflag":0,"tripposition":1}]},{"routeid":13082,"stationid":38672,"stationname":"Kurudu Sonnenahalli Cross","from":"Medahalli","to":"Depot-24 Gate","routeno":"311-J D24G-MDH","distance_on_station":0.509,"centerlat":13.02057,"centerlong":77.72096,"responsecode":200,"isnotify":0,"vehicleDetails":[{"vehicleid":21150,"vehiclenumber":"KA57F1522","servicetypeid":72,"servicetype":"Non AC/Ordinary","centerlat":13.008694,"centerlong":77.696335,"eta":"","sch_arrivaltime":"12:58","sch_departuretime":"12:58","actual_arrivaltime":"","actual_departuretime":"","sch_tripstarttime":"12:55","sch_tripendtime":"12:55","lastlocationid":0,"currentlocationid":22206,"nextlocationid":0,"currentstop":null,"nextstop":null,"laststop":null,"stopCoveredStatus":1,"heading":219,"lastrefreshon":"09-03-2024 12:43:12","lastreceiveddatetimeflag":0,"tripposition":3}]},{"routeid":13082,"stationid":38675,"stationname":"Manjunatha Nagara Layout Cross","from":"Medahalli","to":"Depot-24 Gate","routeno":"311-J D24G-MDH","distance_on_station":0.731,"centerlat":13.01858,"centerlong":77.72011,"responsecode":200,"isnotify":0,"vehicleDetails":[{"vehicleid":21150,"vehiclenumber":"KA57F1522","servicetypeid":72,"servicetype":"Non AC/Ordinary","centerlat":13.008694,"centerlong":77.696335,"eta":"","sch_arrivaltime":"12:59","sch_departuretime":"12:59","actual_arrivaltime":"","actual_departuretime":"","sch_tripstarttime":"12:55","sch_tripendtime":"12:55","lastlocationid":0,"currentlocationid":22206,"nextlocationid":0,"currentstop":null,"nextstop":null,"laststop":null,"stopCoveredStatus":1,"heading":219,"lastrefreshon":"09-03-2024 12:43:12","lastreceiveddatetimeflag":0,"tripposition":3}]},{"routeid":13082,"stationid":38677,"stationname":"Priyanka Nagar Cross","from":"Medahalli","to":"Depot-24 Gate","routeno":"311-J D24G-MDH","distance_on_station":0.906,"centerlat":13.01667,"centerlong":77.72019,"responsecode":200,"isnotify":0,"vehicleDetails":[{"vehicleid":21150,"vehiclenumber":"KA57F1522","servicetypeid":72,"servicetype":"Non AC/Ordinary","centerlat":13.008694,"centerlong":77.696335,"eta":"","sch_arrivaltime":"13:00","sch_departuretime":"13:00","actual_arrivaltime":"","actual_departuretime":"","sch_tripstarttime":"12:55","sch_tripendtime":"12:55","lastlocationid":0,"currentlocationid":22206,"nextlocationid":0,"currentstop":null,"nextstop":null,"laststop":null,"stopCoveredStatus":1,"heading":219,"lastrefreshon":"09-03-2024 12:43:12","lastreceiveddatetimeflag":0,"tripposition":3}]},{"routeid":13082,"stationid":34495,"stationname":"Seegehalli Junction","from":"Medahalli","to":"Depot-24 Gate","routeno":"311-J D24G-MDH","distance_on_station":1.184,"centerlat":13.01627,"centerlong":77.71693,"responsecode":200,"isnotify":0,"vehicleDetails":[{"vehicleid":21150,"vehiclenumber":"KA57F1522","servicetypeid":72,"servicetype":"Non AC/Ordinary","centerlat":13.008694,"centerlong":77.696335,"eta":"","sch_arrivaltime":"13:01","sch_departuretime":"13:01","actual_arrivaltime":"","actual_departuretime":"","sch_tripstarttime":"12:55","sch_tripendtime":"12:55","lastlocationid":0,"currentlocationid":22206,"nextlocationid":0,"currentstop":null,"nextstop":null,"laststop":null,"stopCoveredStatus":1,"heading":219,"lastrefreshon":"09-03-2024 12:43:12","lastreceiveddatetimeflag":0,"tripposition":3}]},{"routeid":13082,"stationid":29998,"stationname":"Bhattarahalli Cross","from":"Medahalli","to":"Depot-24 Gate","routeno":"311-J D24G-MDH","distance_on_station":1.924,"centerlat":13.01618,"centerlong":77.70932,"responsecode":200,"isnotify":0,"vehicleDetails":[{"vehicleid":21150,"vehiclenumber":"KA57F1522","servicetypeid":72,"servicetype":"Non AC/Ordinary","centerlat":13.008694,"centerlong":77.696335,"eta":"","sch_arrivaltime":"13:03","sch_departuretime":"13:03","actual_arrivaltime":"","actual_departuretime":"","sch_tripstarttime":"12:55","sch_tripendtime":"12:55","lastlocationid":0,"currentlocationid":22206,"nextlocationid":0,"currentstop":null,"nextstop":null,"laststop":null,"stopCoveredStatus":1,"heading":219,"lastrefreshon":"09-03-2024 12:43:12","lastreceiveddatetimeflag":0,"tripposition":3}]},{"routeid":13082,"stationid":22535,"stationname":"TC Palya  Gate Hosakote Road","from":"Medahalli","to":"Depot-24 Gate","routeno":"311-J D24G-MDH","distance_on_station":2.623,"centerlat":13.01705,"centerlong":77.7045,"responsecode":200,"isnotify":0,"vehicleDetails":[{"vehicleid":21150,"vehiclenumber":"KA57F1522","servicetypeid":72,"servicetype":"Non AC/Ordinary","centerlat":13.008694,"centerlong":77.696335,"eta":"","sch_arrivaltime":"13:05","sch_departuretime":"13:05","actual_arrivaltime":"12:40","actual_departuretime":"12:40","sch_tripstarttime":"12:55","sch_tripendtime":"12:55","lastlocationid":0,"currentlocationid":22206,"nextlocationid":0,"currentstop":null,"nextstop":null,"laststop":null,"stopCoveredStatus":1,"heading":219,"lastrefreshon":"09-03-2024 12:43:12","lastreceiveddatetimeflag":0,"tripposition":1}]},{"routeid":13082,"stationid":22202,"stationname":"KR Pura Extension","from":"Medahalli","to":"Depot-24 Gate","routeno":"311-J D24G-MDH","distance_on_station":3.355,"centerlat":13.01143,"centerlong":77.69869,"responsecode":200,"isnotify":0,"vehicleDetails":[{"vehicleid":21150,"vehiclenumber":"KA57F1522","servicetypeid":72,"servicetype":"Non AC/Ordinary","centerlat":13.008694,"centerlong":77.696335,"eta":"","sch_arrivaltime":"13:07","sch_departuretime":"13:07","actual_arrivaltime":"12:42","actual_departuretime":"12:42","sch_tripstarttime":"12:55","sch_tripendtime":"12:55","lastlocationid":0,"currentlocationid":22206,"nextlocationid":0,"currentstop":null,"nextstop":null,"laststop":null,"stopCoveredStatus":1,"heading":219,"lastrefreshon":"09-03-2024 12:43:12","lastreceiveddatetimeflag":0,"tripposition":1}]},{"routeid":13082,"stationid":22206,"stationname":"KR Pura Market","from":"Medahalli","to":"Depot-24 Gate","routeno":"311-J D24G-MDH","distance_on_station":3.768,"centerlat":13.00821,"centerlong":77.69535,"responsecode":200,"isnotify":0,"vehicleDetails":[{"vehicleid":21150,"vehiclenumber":"KA57F1522","servicetypeid":72,"servicetype":"Non AC/Ordinary","centerlat":13.008694,"centerlong":77.696335,"eta":"2024-03-09 12:44:00","sch_arrivaltime":"13:08","sch_departuretime":"13:08","actual_arrivaltime":"","actual_departuretime":"","sch_tripstarttime":"12:55","sch_tripendtime":"12:55","lastlocationid":0,"currentlocationid":22206,"nextlocationid":0,"currentstop":null,"nextstop":null,"laststop":null,"stopCoveredStatus":0,"heading":219,"lastrefreshon":"09-03-2024 12:43:12","lastreceiveddatetimeflag":0,"tripposition":3}]},{"routeid":13082,"stationid":22204,"stationname":"Krishnaraja Pura Govt Hospital","from":"Medahalli","to":"Depot-24 Gate","routeno":"311-J D24G-MDH","distance_on_station":4.046,"centerlat":13.00804,"centerlong":77.69217,"responsecode":200,"isnotify":0,"vehicleDetails":[{"vehicleid":21150,"vehiclenumber":"KA57F1522","servicetypeid":72,"servicetype":"Non AC/Ordinary","centerlat":13.008694,"centerlong":77.696335,"eta":"2024-03-09 12:45:00","sch_arrivaltime":"13:09","sch_departuretime":"13:09","actual_arrivaltime":"","actual_departuretime":"","sch_tripstarttime":"12:55","sch_tripendtime":"12:55","lastlocationid":0,"currentlocationid":22206,"nextlocationid":0,"currentstop":null,"nextstop":null,"laststop":null,"stopCoveredStatus":0,"heading":219,"lastrefreshon":"09-03-2024 12:43:12","lastreceiveddatetimeflag":0,"tripposition":3}]},{"routeid":13082,"stationid":20864,"stationname":"ITI Colony Gate","from":"Medahalli","to":"Depot-24 Gate","routeno":"311-J D24G-MDH","distance_on_station":4.722,"centerlat":13.00503,"centerlong":77.68506,"responsecode":200,"isnotify":0,"vehicleDetails":[{"vehicleid":21150,"vehiclenumber":"KA57F1522","servicetypeid":72,"servicetype":"Non AC/Ordinary","centerlat":13.008694,"centerlong":77.696335,"eta":"2024-03-09 12:47:00","sch_arrivaltime":"13:10","sch_departuretime":"13:10","actual_arrivaltime":"","actual_departuretime":"","sch_tripstarttime":"12:55","sch_tripendtime":"12:55","lastlocationid":0,"currentlocationid":22206,"nextlocationid":0,"currentstop":null,"nextstop":null,"laststop":null,"stopCoveredStatus":0,"heading":219,"lastrefreshon":"09-03-2024 12:43:12","lastreceiveddatetimeflag":0,"tripposition":3}]},{"routeid":13082,"stationid":36727,"stationname":"Depot-24 Gate","from":"Medahalli","to":"Depot-24 Gate","routeno":"311-J D24G-MDH","distance_on_station":5,"centerlat":13.00331,"centerlong":77.6825,"responsecode":200,"isnotify":0,"vehicleDetails":[{"vehicleid":21150,"vehiclenumber":"KA57F1522","servicetypeid":72,"servicetype":"Non AC/Ordinary","centerlat":13.008694,"centerlong":77.696335,"eta":"2024-03-09 12:48:00","sch_arrivaltime":"13:11","sch_departuretime":"13:11","actual_arrivaltime":"","actual_departuretime":"","sch_tripstarttime":"12:55","sch_tripendtime":"12:55","lastlocationid":0,"currentlocationid":22206,"nextlocationid":0,"currentstop":null,"nextstop":null,"laststop":null,"stopCoveredStatus":0,"heading":219,"lastrefreshon":"09-03-2024 12:43:12","lastreceiveddatetimeflag":0,"tripposition":1}]}],"mapData":[{"vehicleid":21150,"vehiclenumber":"KA57F1522","servicetypeid":72,"servicetype":"Non AC/Ordinary","centerlat":13.008694,"centerlong":77.696335,"eta":"2024-03-09 12:48:00","sch_arrivaltime":"13:11","sch_departuretime":"13:11","actual_arrivaltime":"","actual_departuretime":"","sch_tripstarttime":"12:55","sch_tripendtime":"12:55","lastlocationid":0,"currentlocationid":22206,"nextlocationid":0,"currentstop":null,"nextstop":null,"laststop":null,"stopCoveredStatus":0,"heading":219,"lastrefreshon":"09-03-2024 12:43:12","lastreceiveddatetimeflag":0,"tripposition":1}]},"message":"Success","issuccess":true,"exception":null,"rowCount":0,"responsecode":200}