{"up":{"data":[{"routeid":1772,"stationid":22199,"stationname":"KR Market","from":"KR Market","to":"Muthkur","routeno":"321","distance_on_station":0,"centerlat":12.96437,"centerlong":77.57736,"responsecode":200,"isnotify":0,"vehicleDetails":[{"vehicleid":3066,"vehiclenumber":"KA57F2981","servicetypeid":72,"servicetype":"Non AC/Ordinary","centerlat":12.964684,"centerlong":77.586037,"eta":"","sch_arrivaltime":"21:20","sch_departuretime":"21:20","actual_arrivaltime":"21:01","actual_departuretime":"21:01","sch_tripstarttime":"21:20","sch_tripendtime":"21:20","lastlocationid":0,"currentlocationid":21231,"nextlocationid":0,"currentstop":null,"nextstop":null,"laststop":null,"stopCoveredStatus":1,"heading":41,"lastrefreshon":"18-12-2023 21:04:20","lastreceiveddatetimeflag":0,"tripposition":1},{"vehicleid":22791,"vehiclenumber":"KA57F3071","servicetypeid":72,"servicetype":"Non AC/Ordinary","centerlat":12.971578,"centerlong":77.59388,"eta":"","sch_arrivaltime":"21:20","sch_departuretime":"21:20","actual_arrivaltime":"20:57","actual_departuretime":"20:57","sch_tripstarttime":"21:20","sch_tripendtime":"21:20","lastlocationid":0,"currentlocationid":21193,"nextlocationid":0,"currentstop":null,"nextstop":null,"laststop":null,"stopCoveredStatus":1,"heading":166,"lastrefreshon":"18-12-2023 21:04:12","lastreceiveddatetimeflag":0,"tripposition":1}]},{"routeid":1772,"stationid":21231,"stationname":"Town Hall","from":"KR Market","to":"Muthkur","routeno":"321","distance_on_station":0.764,"centerlat":12.96384,"centerlong":77.58434,"responsecode":200,"isnotify":0,"vehicleDetails":[{"vehicleid":22791,"vehiclenumber":"KA57F3071","servicetypeid":72,"servicetype":"Non AC/Ordinary","centerlat":12.971578,"centerlong":77.59388,"eta":"","sch_arrivaltime":"21:22","sch_departuretime":"21:22","actual_arrivaltime":"20:59","actual_departuretime":"20:59","sch_tripstarttime":"21:20","sch_tripendtime":"21:20","lastlocationid":0,"currentlocationid":21193,"nextlocationid":0,"currentstop":null,"nextstop":null,"laststop":null,"stopCoveredStatus":1,"heading":166,"lastrefreshon":"18-12-2023 21:04:12","lastreceiveddatetimeflag":0,"tripposition":1},{"vehicleid":3066,"vehiclenumber":"KA57F2981","servicetypeid":72,"servicetype":"Non AC/Ordinary","centerlat":12.964684,"centerlong":77.586037,"eta":"2023-12-18 21:04:00","sch_arrivaltime":"21:22","sch_departuretime":"21:22","actual_arrivaltime":"21:03","actual_departuretime":"21:03","sch_tripstarttime":"21:20","sch_tripendtime":"21:20","lastlocationid":0,"currentlocationid":21231,"nextlocationid":0,"currentstop":null,"nextstop":null,"laststop":null,"stopCoveredStatus":1,"heading":41,"lastrefreshon":"18-12-2023 21:04:20","lastreceiveddatetimeflag":0,"tripposition":1}]},{"routeid":1772,"stationid":20726,"stationname":"Corporation","from":"KR Market","to":"Muthkur","routeno":"321","distance_on_station":1.599,"centerlat":12.96815,"centerlong":77.5893,"responsecode":200,"isnotify":0,"vehicleDetails":[{"vehicleid":22791,"vehiclenumber":"KA57F3071","servicetypeid":72,"servicetype":"Non AC/Ordinary","centerlat":12.971578,"centerlong":77.59388,"eta":"","sch_arrivaltime":"21:26","sch_departuretime":"21:26","actual_arrivaltime":"21:02","actual_departuretime":"21:02","sch_tripstarttime":"21:20","sch_tripendtime":"21:20","lastlocationid":0,"currentlocationid":21193,"nextlocationid":0,"currentstop":null,"nextstop":null,"laststop":null,"stopCoveredStatus":1,"heading":166,"lastrefreshon":"18-12-2023 21:04:12","lastreceiveddatetimeflag":0,"tripposition":1},{"vehicleid":3066,"vehiclenumber":"KA57F2981","servicetypeid":72,"servicetype":"Non AC/Ordinary","centerlat":12.964684,"centerlong":77.586037,"eta":"2023-12-18 21:06:00","sch_arrivaltime":"21:26","sch_departuretime":"21:26","actual_arrivaltime":"","actual_departuretime":"","sch_tripstarttime":"21:20","sch_tripendtime":"21:20","lastlocationid":0,"currentlocationid":21231,"nextlocationid":0,"currentstop":null,"nextstop":null,"laststop":null,"stopCoveredStatus":0,"heading":41,"lastrefreshon":"18-12-2023 21:04:20","lastreceiveddatetimeflag":0,"tripposition":3}]},{"routeid":1772,"stationid":21193,"stationname":"St Joseph's Indian School/ Malya Hospital","from":"KR Market","to":"Muthkur","routeno":"321","distance_on_station":2.394,"centerlat":12.97052,"centerlong":77.5943,"responsecode":200,"isnotify":0,"vehicleDetails":[{"vehicleid":22791,"vehiclenumber":"KA57F3071","servicetypeid":72,"servicetype":"Non AC/Ordinary","centerlat":12.971578,"centerlong":77.59388,"eta":"2023-12-18 21:05:00","sch_arrivaltime":"21:27","sch_departuretime":"21:27","actual_arrivaltime":"","actual_departuretime":"","sch_tripstarttime":"21:20","sch_tripendtime":"21:20","lastlocationid":0,"currentlocationid":21193,"nextlocationid":0,"currentstop":null,"nextstop":null,"laststop":null,"stopCoveredStatus":0,"heading":166,"lastrefreshon":"18-12-2023 21:04:12","lastreceiveddatetimeflag":0,"tripposition":3},{"vehicleid":3066,"vehiclenumber":"KA57F2981","servicetypeid":72,"servicetype":"Non AC/Ordinary","centerlat":12.964684,"centerlong":77.586037,"eta":"2023-12-18 21:09:00","sch_arrivaltime":"21:27","sch_departuretime":"21:27","actual_arrivaltime":"","actual_departuretime":"","sch_tripstarttime":"21:20","sch_tripendtime":"21:20","lastlocationid":0,"currentlocationid":21231,"nextlocationid":0,"currentstop":null,"nextstop":null,"laststop":null,"stopCoveredStatus":0,"heading":41,"lastrefreshon":"18-12-2023 21:04:20","lastreceiveddatetimeflag":0,"tripposition":3}]},{"routeid":1772,"stationid":21125,"stationname":"Richmond Circle","from":"KR Market","to":"Muthkur","routeno":"321","distance_on_station":3.52,"centerlat":12.96738,"centerlong":77.59946,"responsecode":200,"isnotify":0,"vehicleDetails":[{"vehicleid":22791,"vehiclenumber":"KA57F3071","servicetypeid":72,"servicetype":"Non AC/Ordinary","centerlat":12.971578,"centerlong":77.59388,"eta":"2023-12-18 21:08:00","sch_arrivaltime":"21:29","sch_departuretime":"21:29","actual_arrivaltime":"","actual_departuretime":"","sch_tripstarttime":"21:20","sch_tripendtime":"21:20","lastlocationid":0,"currentlocationid":21193,"nextlocationid":0,"currentstop":null,"nextstop":null,"laststop":null,"stopCoveredStatus":0,"heading":166,"lastrefreshon":"18-12-2023 21:04:12","lastreceiveddatetimeflag":0,"tripposition":3},{"vehicleid":3066,"vehiclenumber":"KA57F2981","servicetypeid":72,"servicetype":"Non AC/Ordinary","centerlat":12.964684,"centerlong":77.586037,"eta":"2023-12-18 21:12:00","sch_arrivaltime":"21:29","sch_departuretime":"21:29","actual_arrivaltime":"","actual_departuretime":"","sch_tripstarttime":"21:20","sch_tripendtime":"21:20","lastlocationid":0,"currentlocationid":21231,"nextlocationid":0,"currentstop":null,"nextstop":null,"laststop":null,"stopCoveredStatus":0,"heading":41,"lastrefreshon":"18-12-2023 21:04:20","lastreceiveddatetimeflag":0,"tripposition":3}]},{"routeid":1772,"stationid":21194,"stationname":"St Joseph College","from":"KR Market","to":"Muthkur","routeno":"321","distance_on_station":4.103,"centerlat":12.97036,"centerlong":77.60368,"responsecode":200,"isnotify":0,"vehicleDetails":[{"vehicleid":22791,"vehiclenumber":"KA57F3071","servicetypeid":72,"servicetype":"Non AC/Ordinary","centerlat":12.971578,"centerlong":77.59388,"eta":"2023-12-18 21:09:00","sch_arrivaltime":"21:30","sch_departuretime":"21:30","actual_arrivaltime":"","actual_departuretime":"","sch_tripstarttime":"21:20","sch_tripendtime":"21:20","lastlocationid":0,"currentlocationid":21193,"nextlocationid":0,"currentstop":null,"nextstop":null,"laststop":null,"stopCoveredStatus":0,"heading":166,"lastrefreshon":"18-12-2023 21:04:12","lastreceiveddatetimeflag":0,"tripposition":3},{"vehicleid":3066,"vehiclenumber":"KA57F2981","servicetypeid":72,"servicetype":"Non AC/Ordinary","centerlat":12.964684,"centerlong":77.586037,"eta":"2023-12-18 21:14:00","sch_arrivaltime":"21:30","sch_departuretime":"21:30","actual_arrivaltime":"","actual_departuretime":"","sch_tripstarttime":"21:20","sch_tripendtime":"21:20","lastlocationid":0,"currentlocationid":21231,"nextlocationid":0,"currentstop":null,"nextstop":null,"laststop":null,"stopCoveredStatus":0,"heading":41,"lastrefreshon":"18-12-2023 21:04:20","lastreceiveddatetimeflag":0,"tripposition":3}]},{"routeid":1772,"stationid":22278,"stationname":"Mayohall","from":"KR Market","to":"Muthkur","routeno":"321","distance_on_station":4.888,"centerlat":12.97336,"centerlong":77.6099,"responsecode":200,"isnotify":0,"vehicleDetails":[{"vehicleid":22791,"vehiclenumber":"KA57F3071","servicetypeid":72,"servicetype":"Non AC/Ordinary","centerlat":12.971578,"centerlong":77.59388,"eta":"2023-12-18 21:12:00","sch_arrivaltime":"21:33","sch_departuretime":"21:33","actual_arrivaltime":"","actual_departuretime":"","sch_tripstarttime":"21:20","sch_tripendtime":"21:20","lastlocationid":0,"currentlocationid":21193,"nextlocationid":0,"currentstop":null,"nextstop":null,"laststop":null,"stopCoveredStatus":0,"heading":166,"lastrefreshon":"18-12-2023 21:04:12","lastreceiveddatetimeflag":0,"tripposition":3},{"vehicleid":3066,"vehiclenumber":"KA57F2981","servicetypeid":72,"servicetype":"Non AC/Ordinary","centerlat":12.964684,"centerlong":77.586037,"eta":"2023-12-18 21:16:00","sch_arrivaltime":"21:33","sch_departuretime":"21:33","actual_arrivaltime":"","actual_departuretime":"","sch_tripstarttime":"21:20","sch_tripendtime":"21:20","lastlocationid":0,"currentlocationid":21231,"nextlocationid":0,"currentstop":null,"nextstop":null,"laststop":null,"stopCoveredStatus":0,"heading":41,"lastrefreshon":"18-12-2023 21:04:20","lastreceiveddatetimeflag":0,"tripposition":3}]},{"routeid":1772,"stationid":21235,"stationname":"Lido Talkies","from":"KR Market","to":"Muthkur","routeno":"321","distance_on_station":6.135,"centerlat":12.97346,"centerlong":77.62005,"responsecode":200,"isnotify":0,"vehicleDetails":[{"vehicleid":22791,"vehiclenumber":"KA57F3071","servicetypeid":72,"servicetype":"Non AC/Ordinary","centerlat":12.971578,"centerlong":77.59388,"eta":"2023-12-18 21:15:00","sch_arrivaltime":"21:38","sch_departuretime":"21:38","actual_arrivaltime":"","actual_departuretime":"","sch_tripstarttime":"21:20","sch_tripendtime":"21:20","lastlocationid":0,"currentlocationid":21193,"nextlocationid":0,"currentstop":null,"nextstop":null,"laststop":null,"stopCoveredStatus":0,"heading":166,"lastrefreshon":"18-12-2023 21:04:12","lastreceiveddatetimeflag":0,"tripposition":3},{"vehicleid":3066,"vehiclenumber":"KA57F2981","servicetypeid":72,"servicetype":"Non AC/Ordinary","centerlat":12.964684,"centerlong":77.586037,"eta":"2023-12-18 21:20:00","sch_arrivaltime":"21:38","sch_departuretime":"21:38","actual_arrivaltime":"","actual_departuretime":"","sch_tripstarttime":"21:20","sch_tripendtime":"21:20","lastlocationid":0,"currentlocationid":21231,"nextlocationid":0,"currentstop":null,"nextstop":null,"laststop":null,"stopCoveredStatus":0,"heading":41,"lastrefreshon":"18-12-2023 21:04:20","lastreceiveddatetimeflag":0,"tripposition":3}]},{"routeid":1772,"stationid":21093,"stationname":"Philips Millenium Halasuru","from":"KR Market","to":"Muthkur","routeno":"321","distance_on_station":7.332,"centerlat":12.98196,"centerlong":77.62443,"responsecode":200,"isnotify":0,"vehicleDetails":[{"vehicleid":22791,"vehiclenumber":"KA57F3071","servicetypeid":72,"servicetype":"Non AC/Ordinary","centerlat":12.971578,"centerlong":77.59388,"eta":"2023-12-18 21:19:00","sch_arrivaltime":"21:41","sch_departuretime":"21:41","actual_arrivaltime":"","actual_departuretime":"","sch_tripstarttime":"21:20","sch_tripendtime":"21:20","lastlocationid":0,"currentlocationid":21193,"nextlocationid":0,"currentstop":null,"nextstop":null,"laststop":null,"stopCoveredStatus":0,"heading":166,"lastrefreshon":"18-12-2023 21:04:12","lastreceiveddatetimeflag":0,"tripposition":3},{"vehicleid":3066,"vehiclenumber":"KA57F2981","servicetypeid":72,"servicetype":"Non AC/Ordinary","centerlat":12.964684,"centerlong":77.586037,"eta":"2023-12-18 21:23:00","sch_arrivaltime":"21:41","sch_departuretime":"21:41","actual_arrivaltime":"","actual_departuretime":"","sch_tripstarttime":"21:20","sch_tripendtime":"21:20","lastlocationid":0,"currentlocationid":21231,"nextlocationid":0,"currentstop":null,"nextstop":null,"laststop":null,"stopCoveredStatus":0,"heading":41,"lastrefreshon":"18-12-2023 21:04:20","lastreceiveddatetimeflag":0,"tripposition":3}]},{"routeid":1772,"stationid":20805,"stationname":"Halasuru","from":"KR Market","to":"Muthkur","routeno":"321","distance_on_station":8.197,"centerlat":12.97968,"centerlong":77.62956,"responsecode":200,"isnotify":0,"vehicleDetails":[{"vehicleid":22791,"vehiclenumber":"KA57F3071","servicetypeid":72,"servicetype":"Non AC/Ordinary","centerlat":12.971578,"centerlong":77.59388,"eta":"2023-12-18 21:21:00","sch_arrivaltime":"21:45","sch_departuretime":"21:45","actual_arrivaltime":"","actual_departuretime":"","sch_tripstarttime":"21:20","sch_tripendtime":"21:20","lastlocationid":0,"currentlocationid":21193,"nextlocationid":0,"currentstop":null,"nextstop":null,"laststop":null,"stopCoveredStatus":0,"heading":166,"lastrefreshon":"18-12-2023 21:04:12","lastreceiveddatetimeflag":0,"tripposition":3},{"vehicleid":3066,"vehiclenumber":"KA57F2981","servicetypeid":72,"servicetype":"Non AC/Ordinary","centerlat":12.964684,"centerlong":77.586037,"eta":"2023-12-18 21:26:00","sch_arrivaltime":"21:45","sch_departuretime":"21:45","actual_arrivaltime":"","actual_departuretime":"","sch_tripstarttime":"21:20","sch_tripendtime":"21:20","lastlocationid":0,"currentlocationid":21231,"nextlocationid":0,"currentstop":null,"nextstop":null,"laststop":null,"stopCoveredStatus":0,"heading":41,"lastrefreshon":"18-12-2023 21:04:20","lastreceiveddatetimeflag":0,"tripposition":3}]},{"routeid":1772,"stationid":20741,"stationname":"Depot-06 Gate","from":"KR Market","to":"Muthkur","routeno":"321","distance_on_station":8.921,"centerlat":12.98264,"centerlong":77.63503,"responsecode":200,"isnotify":0,"vehicleDetails":[{"vehicleid":22791,"vehiclenumber":"KA57F3071","servicetypeid":72,"servicetype":"Non AC/Ordinary","centerlat":12.971578,"centerlong":77.59388,"eta":"2023-12-18 21:23:00","sch_arrivaltime":"21:46","sch_departuretime":"21:46","actual_arrivaltime":"","actual_departuretime":"","sch_tripstarttime":"21:20","sch_tripendtime":"21:20","lastlocationid":0,"currentlocationid":21193,"nextlocationid":0,"currentstop":null,"nextstop":null,"laststop":null,"stopCoveredStatus":0,"heading":166,"lastrefreshon":"18-12-2023 21:04:12","lastreceiveddatetimeflag":0,"tripposition":1},{"vehicleid":3066,"vehiclenumber":"KA57F2981","servicetypeid":72,"servicetype":"Non AC/Ordinary","centerlat":12.964684,"centerlong":77.586037,"eta":"2023-12-18 21:28:00","sch_arrivaltime":"21:46","sch_departuretime":"21:46","actual_arrivaltime":"","actual_departuretime":"","sch_tripstarttime":"21:20","sch_tripendtime":"21:20","lastlocationid":0,"currentlocationid":21231,"nextlocationid":0,"currentstop":null,"nextstop":null,"laststop":null,"stopCoveredStatus":0,"heading":41,"lastrefreshon":"18-12-2023 21:04:20","lastreceiveddatetimeflag":0,"tripposition":3}]},{"routeid":1772,"stationid":20672,"stationname":"Binnamangala","from":"KR Market","to":"Muthkur","routeno":"321","distance_on_station":9.393,"centerlat":12.98331,"centerlong":77.63834,"responsecode":200,"isnotify":0,"vehicleDetails":[{"vehicleid":3066,"vehiclenumber":"KA57F2981","servicetypeid":72,"servicetype":"Non AC/Ordinary","centerlat":12.964684,"centerlong":77.586037,"eta":"2023-12-18 21:30:00","sch_arrivaltime":"21:47","sch_departuretime":"21:47","actual_arrivaltime":"","actual_departuretime":"","sch_tripstarttime":"21:20","sch_tripendtime":"21:20","lastlocationid":0,"currentlocationid":21231,"nextlocationid":0,"currentstop":null,"nextstop":null,"laststop":null,"stopCoveredStatus":0,"heading":41,"lastrefreshon":"18-12-2023 21:04:20","lastreceiveddatetimeflag":0,"tripposition":3}]},{"routeid":1772,"stationid":22527,"stationname":"Swamy Vivekananda Metro Station/Isolation Hospital","from":"KR Market","to":"Muthkur","routeno":"321","distance_on_station":10.097,"centerlat":12.9859,"centerlong":77.6452,"responsecode":200,"isnotify":0,"vehicleDetails":[{"vehicleid":3066,"vehiclenumber":"KA57F2981","servicetypeid":72,"servicetype":"Non AC/Ordinary","centerlat":12.964684,"centerlong":77.586037,"eta":"2023-12-18 21:32:00","sch_arrivaltime":"21:49","sch_departuretime":"21:49","actual_arrivaltime":"","actual_departuretime":"","sch_tripstarttime":"21:20","sch_tripendtime":"21:20","lastlocationid":0,"currentlocationid":21231,"nextlocationid":0,"currentstop":null,"nextstop":null,"laststop":null,"stopCoveredStatus":0,"heading":41,"lastrefreshon":"18-12-2023 21:04:20","lastreceiveddatetimeflag":0,"tripposition":3}]},{"routeid":1772,"stationid":21060,"stationname":"NGEF","from":"KR Market","to":"Muthkur","routeno":"321","distance_on_station":10.63,"centerlat":12.98787,"centerlong":77.64987,"responsecode":200,"isnotify":0,"vehicleDetails":[{"vehicleid":3066,"vehiclenumber":"KA57F2981","servicetypeid":72,"servicetype":"Non AC/Ordinary","centerlat":12.964684,"centerlong":77.586037,"eta":"2023-12-18 21:33:00","sch_arrivaltime":"21:50","sch_departuretime":"21:50","actual_arrivaltime":"","actual_departuretime":"","sch_tripstarttime":"21:20","sch_tripendtime":"21:20","lastlocationid":0,"currentlocationid":21231,"nextlocationid":0,"currentstop":null,"nextstop":null,"laststop":null,"stopCoveredStatus":0,"heading":41,"lastrefreshon":"18-12-2023 21:04:20","lastreceiveddatetimeflag":0,"tripposition":3}]},{"routeid":1772,"stationid":20634,"stationname":"Bayyappanahalli Metro Station","from":"KR Market","to":"Muthkur","routeno":"321","distance_on_station":11.204,"centerlat":12.99001,"centerlong":77.65454,"responsecode":200,"isnotify":0,"vehicleDetails":[{"vehicleid":3066,"vehiclenumber":"KA57F2981","servicetypeid":72,"servicetype":"Non AC/Ordinary","centerlat":12.964684,"centerlong":77.586037,"eta":"2023-12-18 21:35:00","sch_arrivaltime":"21:51","sch_departuretime":"21:51","actual_arrivaltime":"","actual_departuretime":"","sch_tripstarttime":"21:20","sch_tripendtime":"21:20","lastlocationid":0,"currentlocationid":21231,"nextlocationid":0,"currentstop":null,"nextstop":null,"laststop":null,"stopCoveredStatus":0,"heading":41,"lastrefreshon":"18-12-2023 21:04:20","lastreceiveddatetimeflag":0,"tripposition":3}]},{"routeid":1772,"stationid":20656,"stationname":"Benniganahalli","from":"KR Market","to":"Muthkur","routeno":"321","distance_on_station":12.26,"centerlat":12.99428,"centerlong":77.6633,"responsecode":200,"isnotify":0,"vehicleDetails":[{"vehicleid":3066,"vehiclenumber":"KA57F2981","servicetypeid":72,"servicetype":"Non AC/Ordinary","centerlat":12.964684,"centerlong":77.586037,"eta":"2023-12-18 21:38:00","sch_arrivaltime":"21:53","sch_departuretime":"21:53","actual_arrivaltime":"","actual_departuretime":"","sch_tripstarttime":"21:20","sch_tripendtime":"21:20","lastlocationid":0,"currentlocationid":21231,"nextlocationid":0,"currentstop":null,"nextstop":null,"laststop":null,"stopCoveredStatus":0,"heading":41,"lastrefreshon":"18-12-2023 21:04:20","lastreceiveddatetimeflag":0,"tripposition":3}]},{"routeid":1772,"stationid":21229,"stationname":"Tin Factory","from":"KR Market","to":"Muthkur","routeno":"321","distance_on_station":12.994,"centerlat":12.99709,"centerlong":77.66946,"responsecode":200,"isnotify":0,"vehicleDetails":[{"vehicleid":3066,"vehiclenumber":"KA57F2981","servicetypeid":72,"servicetype":"Non AC/Ordinary","centerlat":12.964684,"centerlong":77.586037,"eta":"2023-12-18 21:40:00","sch_arrivaltime":"21:54","sch_departuretime":"21:54","actual_arrivaltime":"","actual_departuretime":"","sch_tripstarttime":"21:20","sch_tripendtime":"21:20","lastlocationid":0,"currentlocationid":21231,"nextlocationid":0,"currentstop":null,"nextstop":null,"laststop":null,"stopCoveredStatus":0,"heading":41,"lastrefreshon":"18-12-2023 21:04:20","lastreceiveddatetimeflag":0,"tripposition":3}]},{"routeid":1772,"stationid":21112,"stationname":"KR Pura Railway Station","from":"KR Market","to":"Muthkur","routeno":"321","distance_on_station":13.808,"centerlat":13.00022,"centerlong":77.67597,"responsecode":200,"isnotify":0,"vehicleDetails":[{"vehicleid":3066,"vehiclenumber":"KA57F2981","servicetypeid":72,"servicetype":"Non AC/Ordinary","centerlat":12.964684,"centerlong":77.586037,"eta":"2023-12-18 21:43:00","sch_arrivaltime":"21:55","sch_departuretime":"21:55","actual_arrivaltime":"","actual_departuretime":"","sch_tripstarttime":"21:20","sch_tripendtime":"21:20","lastlocationid":0,"currentlocationid":21231,"nextlocationid":0,"currentstop":null,"nextstop":null,"laststop":null,"stopCoveredStatus":0,"heading":41,"lastrefreshon":"18-12-2023 21:04:20","lastreceiveddatetimeflag":0,"tripposition":3}]},{"routeid":1772,"stationid":21696,"stationname":"B Narayanapura","from":"KR Market","to":"Muthkur","routeno":"321","distance_on_station":14.693,"centerlat":13.00039,"centerlong":77.68399,"responsecode":200,"isnotify":0,"vehicleDetails":[{"vehicleid":3066,"vehiclenumber":"KA57F2981","servicetypeid":72,"servicetype":"Non AC/Ordinary","centerlat":12.964684,"centerlong":77.586037,"eta":"2023-12-18 21:45:00","sch_arrivaltime":"21:56","sch_departuretime":"21:56","actual_arrivaltime":"","actual_departuretime":"","sch_tripstarttime":"21:20","sch_tripendtime":"21:20","lastlocationid":0,"currentlocationid":21231,"nextlocationid":0,"currentstop":null,"nextstop":null,"laststop":null,"stopCoveredStatus":0,"heading":41,"lastrefreshon":"18-12-2023 21:04:20","lastreceiveddatetimeflag":0,"tripposition":3}]},{"routeid":1772,"stationid":22237,"stationname":"Mahadevapura","from":"KR Market","to":"Muthkur","routeno":"321","distance_on_station":15.518,"centerlat":12.99738,"centerlong":77.69064,"responsecode":200,"isnotify":0,"vehicleDetails":[{"vehicleid":3066,"vehiclenumber":"KA57F2981","servicetypeid":72,"servicetype":"Non AC/Ordinary","centerlat":12.964684,"centerlong":77.586037,"eta":"2023-12-18 21:48:00","sch_arrivaltime":"21:57","sch_departuretime":"21:57","actual_arrivaltime":"","actual_departuretime":"","sch_tripstarttime":"21:20","sch_tripendtime":"21:20","lastlocationid":0,"currentlocationid":21231,"nextlocationid":0,"currentstop":null,"nextstop":null,"laststop":null,"stopCoveredStatus":0,"heading":41,"lastrefreshon":"18-12-2023 21:04:20","lastreceiveddatetimeflag":0,"tripposition":3}]},{"routeid":1772,"stationid":22492,"stationname":"Singaianapalya Phoenix","from":"KR Market","to":"Muthkur","routeno":"321","distance_on_station":16.061,"centerlat":12.9956,"centerlong":77.69531,"responsecode":200,"isnotify":0,"vehicleDetails":[{"vehicleid":3066,"vehiclenumber":"KA57F2981","servicetypeid":72,"servicetype":"Non AC/Ordinary","centerlat":12.964684,"centerlong":77.586037,"eta":"2023-12-18 21:49:00","sch_arrivaltime":"21:58","sch_departuretime":"21:58","actual_arrivaltime":"","actual_departuretime":"","sch_tripstarttime":"21:20","sch_tripendtime":"21:20","lastlocationid":0,"currentlocationid":21231,"nextlocationid":0,"currentstop":null,"nextstop":null,"laststop":null,"stopCoveredStatus":0,"heading":41,"lastrefreshon":"18-12-2023 21:04:20","lastreceiveddatetimeflag":0,"tripposition":3}]},{"routeid":1772,"stationid":21953,"stationname":"Garudacharpalya","from":"KR Market","to":"Muthkur","routeno":"321","distance_on_station":16.765,"centerlat":12.99403,"centerlong":77.70158,"responsecode":200,"isnotify":0,"vehicleDetails":[{"vehicleid":3066,"vehiclenumber":"KA57F2981","servicetypeid":72,"servicetype":"Non AC/Ordinary","centerlat":12.964684,"centerlong":77.586037,"eta":"2023-12-18 21:52:00","sch_arrivaltime":"21:59","sch_departuretime":"21:59","actual_arrivaltime":"","actual_departuretime":"","sch_tripstarttime":"21:20","sch_tripendtime":"21:20","lastlocationid":0,"currentlocationid":21231,"nextlocationid":0,"currentstop":null,"nextstop":null,"laststop":null,"stopCoveredStatus":0,"heading":41,"lastrefreshon":"18-12-2023 21:04:20","lastreceiveddatetimeflag":0,"tripposition":3}]},{"routeid":1772,"stationid":21781,"stationname":"Brook Steel ESI","from":"KR Market","to":"Muthkur","routeno":"321","distance_on_station":17.188,"centerlat":12.9931,"centerlong":77.70535,"responsecode":200,"isnotify":0,"vehicleDetails":[{"vehicleid":3066,"vehiclenumber":"KA57F2981","servicetypeid":72,"servicetype":"Non AC/Ordinary","centerlat":12.964684,"centerlong":77.586037,"eta":"2023-12-18 21:53:00","sch_arrivaltime":"22:00","sch_departuretime":"22:00","actual_arrivaltime":"","actual_departuretime":"","sch_tripstarttime":"21:20","sch_tripendtime":"21:20","lastlocationid":0,"currentlocationid":21231,"nextlocationid":0,"currentstop":null,"nextstop":null,"laststop":null,"stopCoveredStatus":0,"heading":41,"lastrefreshon":"18-12-2023 21:04:20","lastreceiveddatetimeflag":0,"tripposition":3}]},{"routeid":1772,"stationid":22035,"stationname":"Hoodi","from":"KR Market","to":"Muthkur","routeno":"321","distance_on_station":18.344,"centerlat":12.99223,"centerlong":77.71576,"responsecode":200,"isnotify":0,"vehicleDetails":[{"vehicleid":3066,"vehiclenumber":"KA57F2981","servicetypeid":72,"servicetype":"Non AC/Ordinary","centerlat":12.964684,"centerlong":77.586037,"eta":"2023-12-18 21:56:00","sch_arrivaltime":"22:01","sch_departuretime":"22:01","actual_arrivaltime":"","actual_departuretime":"","sch_tripstarttime":"21:20","sch_tripendtime":"21:20","lastlocationid":0,"currentlocationid":21231,"nextlocationid":0,"currentstop":null,"nextstop":null,"laststop":null,"stopCoveredStatus":0,"heading":41,"lastrefreshon":"18-12-2023 21:04:20","lastreceiveddatetimeflag":0,"tripposition":3}]},{"routeid":1772,"stationid":22410,"stationname":"Rajapalya","from":"KR Market","to":"Muthkur","routeno":"321","distance_on_station":18.968,"centerlat":12.99129,"centerlong":77.72123,"responsecode":200,"isnotify":0,"vehicleDetails":[{"vehicleid":3066,"vehiclenumber":"KA57F2981","servicetypeid":72,"servicetype":"Non AC/Ordinary","centerlat":12.964684,"centerlong":77.586037,"eta":"2023-12-18 21:58:00","sch_arrivaltime":"22:02","sch_departuretime":"22:02","actual_arrivaltime":"","actual_departuretime":"","sch_tripstarttime":"21:20","sch_tripendtime":"21:20","lastlocationid":0,"currentlocationid":21231,"nextlocationid":0,"currentstop":null,"nextstop":null,"laststop":null,"stopCoveredStatus":0,"heading":41,"lastrefreshon":"18-12-2023 21:04:20","lastreceiveddatetimeflag":0,"tripposition":3}]},{"routeid":1772,"stationid":37982,"stationname":"Prestige Shantiniketana /Manipal Hospital","from":"KR Market","to":"Muthkur","routeno":"321","distance_on_station":19.611,"centerlat":12.98916,"centerlong":77.72667,"responsecode":200,"isnotify":0,"vehicleDetails":[{"vehicleid":3066,"vehiclenumber":"KA57F2981","servicetypeid":72,"servicetype":"Non AC/Ordinary","centerlat":12.964684,"centerlong":77.586037,"eta":"2023-12-18 22:00:00","sch_arrivaltime":"22:03","sch_departuretime":"22:03","actual_arrivaltime":"","actual_departuretime":"","sch_tripstarttime":"21:20","sch_tripendtime":"21:20","lastlocationid":0,"currentlocationid":21231,"nextlocationid":0,"currentstop":null,"nextstop":null,"laststop":null,"stopCoveredStatus":0,"heading":41,"lastrefreshon":"18-12-2023 21:04:20","lastreceiveddatetimeflag":0,"tripposition":3}]},{"routeid":1772,"stationid":20670,"stationname":"Big Bazzar ITPL","from":"KR Market","to":"Muthkur","routeno":"321","distance_on_station":20.195,"centerlat":12.98823,"centerlong":77.73197,"responsecode":200,"isnotify":0,"vehicleDetails":[{"vehicleid":3066,"vehiclenumber":"KA57F2981","servicetypeid":72,"servicetype":"Non AC/Ordinary","centerlat":12.964684,"centerlong":77.586037,"eta":"2023-12-18 22:02:00","sch_arrivaltime":"22:04","sch_departuretime":"22:04","actual_arrivaltime":"","actual_departuretime":"","sch_tripstarttime":"21:20","sch_tripendtime":"21:20","lastlocationid":0,"currentlocationid":21231,"nextlocationid":0,"currentstop":null,"nextstop":null,"laststop":null,"stopCoveredStatus":0,"heading":41,"lastrefreshon":"18-12-2023 21:04:20","lastreceiveddatetimeflag":0,"tripposition":3}]},{"routeid":1772,"stationid":21079,"stationname":"Pattandur Agrahara Gate","from":"KR Market","to":"Muthkur","routeno":"321","distance_on_station":20.366,"centerlat":12.98803,"centerlong":77.73354,"responsecode":200,"isnotify":0,"vehicleDetails":[{"vehicleid":3066,"vehiclenumber":"KA57F2981","servicetypeid":72,"servicetype":"Non AC/Ordinary","centerlat":12.964684,"centerlong":77.586037,"eta":"2023-12-18 22:03:00","sch_arrivaltime":"22:05","sch_departuretime":"22:05","actual_arrivaltime":"","actual_departuretime":"","sch_tripstarttime":"21:20","sch_tripendtime":"21:20","lastlocationid":0,"currentlocationid":21231,"nextlocationid":0,"currentstop":null,"nextstop":null,"laststop":null,"stopCoveredStatus":0,"heading":41,"lastrefreshon":"18-12-2023 21:04:20","lastreceiveddatetimeflag":0,"tripposition":3}]},{"routeid":1772,"stationid":20866,"stationname":"ITPL","from":"KR Market","to":"Muthkur","routeno":"321","distance_on_station":20.758,"centerlat":12.98766,"centerlong":77.73704,"responsecode":200,"isnotify":0,"vehicleDetails":[{"vehicleid":3066,"vehiclenumber":"KA57F2981","servicetypeid":72,"servicetype":"Non AC/Ordinary","centerlat":12.964684,"centerlong":77.586037,"eta":"2023-12-18 22:04:00","sch_arrivaltime":"22:06","sch_departuretime":"22:06","actual_arrivaltime":"","actual_departuretime":"","sch_tripstarttime":"21:20","sch_tripendtime":"21:20","lastlocationid":0,"currentlocationid":21231,"nextlocationid":0,"currentstop":null,"nextstop":null,"laststop":null,"stopCoveredStatus":0,"heading":41,"lastrefreshon":"18-12-2023 21:04:20","lastreceiveddatetimeflag":0,"tripposition":3}]},{"routeid":1772,"stationid":20801,"stationname":"GR Tech Park ITPL","from":"KR Market","to":"Muthkur","routeno":"321","distance_on_station":21.452,"centerlat":12.98681,"centerlong":77.74338,"responsecode":200,"isnotify":0,"vehicleDetails":[{"vehicleid":3066,"vehiclenumber":"KA57F2981","servicetypeid":72,"servicetype":"Non AC/Ordinary","centerlat":12.964684,"centerlong":77.586037,"eta":"2023-12-18 22:06:00","sch_arrivaltime":"22:07","sch_departuretime":"22:07","actual_arrivaltime":"","actual_departuretime":"","sch_tripstarttime":"21:20","sch_tripendtime":"21:20","lastlocationid":0,"currentlocationid":21231,"nextlocationid":0,"currentstop":null,"nextstop":null,"laststop":null,"stopCoveredStatus":0,"heading":41,"lastrefreshon":"18-12-2023 21:04:20","lastreceiveddatetimeflag":0,"tripposition":3}]},{"routeid":1772,"stationid":20680,"stationname":"BPL","from":"KR Market","to":"Muthkur","routeno":"321","distance_on_station":22.015,"centerlat":12.98525,"centerlong":77.74828,"responsecode":200,"isnotify":0,"vehicleDetails":[{"vehicleid":3066,"vehiclenumber":"KA57F2981","servicetypeid":72,"servicetype":"Non AC/Ordinary","centerlat":12.964684,"centerlong":77.586037,"eta":"2023-12-18 22:07:00","sch_arrivaltime":"22:08","sch_departuretime":"22:08","actual_arrivaltime":"","actual_departuretime":"","sch_tripstarttime":"21:20","sch_tripendtime":"21:20","lastlocationid":0,"currentlocationid":21231,"nextlocationid":0,"currentstop":null,"nextstop":null,"laststop":null,"stopCoveredStatus":0,"heading":41,"lastrefreshon":"18-12-2023 21:04:20","lastreceiveddatetimeflag":0,"tripposition":3}]},{"routeid":1772,"stationid":22037,"stationname":"Hope Farm","from":"KR Market","to":"Muthkur","routeno":"321","distance_on_station":22.568,"centerlat":12.98376,"centerlong":77.75305,"responsecode":200,"isnotify":0,"vehicleDetails":[{"vehicleid":3066,"vehiclenumber":"KA57F2981","servicetypeid":72,"servicetype":"Non AC/Ordinary","centerlat":12.964684,"centerlong":77.586037,"eta":"2023-12-18 22:09:00","sch_arrivaltime":"22:10","sch_departuretime":"22:10","actual_arrivaltime":"","actual_departuretime":"","sch_tripstarttime":"21:20","sch_tripendtime":"21:20","lastlocationid":0,"currentlocationid":21231,"nextlocationid":0,"currentstop":null,"nextstop":null,"laststop":null,"stopCoveredStatus":0,"heading":41,"lastrefreshon":"18-12-2023 21:04:20","lastreceiveddatetimeflag":0,"tripposition":3}]},{"routeid":1772,"stationid":22320,"stationname":"MVJ College Channasandra","from":"KR Market","to":"Muthkur","routeno":"321","distance_on_station":23.443,"centerlat":12.98283,"centerlong":77.76082,"responsecode":200,"isnotify":0,"vehicleDetails":[{"vehicleid":3066,"vehiclenumber":"KA57F2981","servicetypeid":72,"servicetype":"Non AC/Ordinary","centerlat":12.964684,"centerlong":77.586037,"eta":"2023-12-18 22:11:00","sch_arrivaltime":"22:11","sch_departuretime":"22:11","actual_arrivaltime":"","actual_departuretime":"","sch_tripstarttime":"21:20","sch_tripendtime":"21:20","lastlocationid":0,"currentlocationid":21231,"nextlocationid":0,"currentstop":null,"nextstop":null,"laststop":null,"stopCoveredStatus":0,"heading":41,"lastrefreshon":"18-12-2023 21:04:20","lastreceiveddatetimeflag":0,"tripposition":3}]},{"routeid":1772,"stationid":21821,"stationname":"Channasandra","from":"KR Market","to":"Muthkur","routeno":"321","distance_on_station":24.288,"centerlat":12.98348,"centerlong":77.7683,"responsecode":200,"isnotify":0,"vehicleDetails":[{"vehicleid":3066,"vehiclenumber":"KA57F2981","servicetypeid":72,"servicetype":"Non AC/Ordinary","centerlat":12.964684,"centerlong":77.586037,"eta":"2023-12-18 22:14:00","sch_arrivaltime":"22:13","sch_departuretime":"22:13","actual_arrivaltime":"","actual_departuretime":"","sch_tripstarttime":"21:20","sch_tripendtime":"21:20","lastlocationid":0,"currentlocationid":21231,"nextlocationid":0,"currentstop":null,"nextstop":null,"laststop":null,"stopCoveredStatus":0,"heading":41,"lastrefreshon":"18-12-2023 21:04:20","lastreceiveddatetimeflag":0,"tripposition":3}]},{"routeid":1772,"stationid":22553,"stationname":"Thirumalashettyhalli  Cross","from":"KR Market","to":"Muthkur","routeno":"321","distance_on_station":25.786,"centerlat":12.98602,"centerlong":77.78128,"responsecode":200,"isnotify":0,"vehicleDetails":[{"vehicleid":3066,"vehiclenumber":"KA57F2981","servicetypeid":72,"servicetype":"Non AC/Ordinary","centerlat":12.964684,"centerlong":77.586037,"eta":"2023-12-18 22:18:00","sch_arrivaltime":"22:16","sch_departuretime":"22:16","actual_arrivaltime":"","actual_departuretime":"","sch_tripstarttime":"21:20","sch_tripendtime":"21:20","lastlocationid":0,"currentlocationid":21231,"nextlocationid":0,"currentstop":null,"nextstop":null,"laststop":null,"stopCoveredStatus":0,"heading":41,"lastrefreshon":"18-12-2023 21:04:20","lastreceiveddatetimeflag":0,"tripposition":3}]},{"routeid":1772,"stationid":22448,"stationname":"Samethanahalli","from":"KR Market","to":"Muthkur","routeno":"321","distance_on_station":26.953,"centerlat":12.98027,"centerlong":77.78987,"responsecode":200,"isnotify":0,"vehicleDetails":[{"vehicleid":3066,"vehiclenumber":"KA57F2981","servicetypeid":72,"servicetype":"Non AC/Ordinary","centerlat":12.964684,"centerlong":77.586037,"eta":"2023-12-18 22:22:00","sch_arrivaltime":"22:18","sch_departuretime":"22:18","actual_arrivaltime":"","actual_departuretime":"","sch_tripstarttime":"21:20","sch_tripendtime":"21:20","lastlocationid":0,"currentlocationid":21231,"nextlocationid":0,"currentstop":null,"nextstop":null,"laststop":null,"stopCoveredStatus":0,"heading":41,"lastrefreshon":"18-12-2023 21:04:20","lastreceiveddatetimeflag":0,"tripposition":3}]},{"routeid":1772,"stationid":21760,"stationname":"Bhodhana Hosahalli","from":"KR Market","to":"Muthkur","routeno":"321","distance_on_station":28.492,"centerlat":12.97884,"centerlong":77.80247,"responsecode":200,"isnotify":0,"vehicleDetails":[{"vehicleid":3066,"vehiclenumber":"KA57F2981","servicetypeid":72,"servicetype":"Non AC/Ordinary","centerlat":12.964684,"centerlong":77.586037,"eta":"2023-12-18 22:27:00","sch_arrivaltime":"22:21","sch_departuretime":"22:21","actual_arrivaltime":"","actual_departuretime":"","sch_tripstarttime":"21:20","sch_tripendtime":"21:20","lastlocationid":0,"currentlocationid":21231,"nextlocationid":0,"currentstop":null,"nextstop":null,"laststop":null,"stopCoveredStatus":0,"heading":41,"lastrefreshon":"18-12-2023 21:04:20","lastreceiveddatetimeflag":0,"tripposition":3}]},{"routeid":1772,"stationid":23236,"stationname":"Ayurvedic Hospital Bodhanahosahalli","from":"KR Market","to":"Muthkur","routeno":"321","distance_on_station":29.618,"centerlat":12.96969,"centerlong":77.8004,"responsecode":200,"isnotify":0,"vehicleDetails":[{"vehicleid":3066,"vehiclenumber":"KA57F2981","servicetypeid":72,"servicetype":"Non AC/Ordinary","centerlat":12.964684,"centerlong":77.586037,"eta":"2023-12-18 22:30:00","sch_arrivaltime":"22:23","sch_departuretime":"22:23","actual_arrivaltime":"","actual_departuretime":"","sch_tripstarttime":"21:20","sch_tripendtime":"21:20","lastlocationid":0,"currentlocationid":21231,"nextlocationid":0,"currentstop":null,"nextstop":null,"laststop":null,"stopCoveredStatus":0,"heading":41,"lastrefreshon":"18-12-2023 21:04:20","lastreceiveddatetimeflag":0,"tripposition":3}]},{"routeid":1772,"stationid":23565,"stationname":"Naganayakanakote Cross","from":"KR Market","to":"Muthkur","routeno":"321","distance_on_station":30.131,"centerlat":12.96533,"centerlong":77.79989,"responsecode":200,"isnotify":0,"vehicleDetails":[{"vehicleid":3066,"vehiclenumber":"KA57F2981","servicetypeid":72,"servicetype":"Non AC/Ordinary","centerlat":12.964684,"centerlong":77.586037,"eta":"2023-12-18 22:31:00","sch_arrivaltime":"22:24","sch_departuretime":"22:24","actual_arrivaltime":"","actual_departuretime":"","sch_tripstarttime":"21:20","sch_tripendtime":"21:20","lastlocationid":0,"currentlocationid":21231,"nextlocationid":0,"currentstop":null,"nextstop":null,"laststop":null,"stopCoveredStatus":0,"heading":41,"lastrefreshon":"18-12-2023 21:04:20","lastreceiveddatetimeflag":0,"tripposition":3}]},{"routeid":1772,"stationid":33987,"stationname":"Muthkur","from":"KR Market","to":"Muthkur","routeno":"321","distance_on_station":31.7,"centerlat":12.95498,"centerlong":77.80714,"responsecode":200,"isnotify":0,"vehicleDetails":[{"vehicleid":3066,"vehiclenumber":"KA57F2981","servicetypeid":72,"servicetype":"Non AC/Ordinary","centerlat":12.964684,"centerlong":77.586037,"eta":"2023-12-18 22:36:00","sch_arrivaltime":"22:26","sch_departuretime":"22:26","actual_arrivaltime":"","actual_departuretime":"","sch_tripstarttime":"21:20","sch_tripendtime":"21:20","lastlocationid":0,"currentlocationid":21231,"nextlocationid":0,"currentstop":null,"nextstop":null,"laststop":null,"stopCoveredStatus":0,"heading":41,"lastrefreshon":"18-12-2023 21:04:20","lastreceiveddatetimeflag":0,"tripposition":1}]}],"mapData":[{"vehicleid":22791,"vehiclenumber":"KA57F3071","servicetypeid":72,"servicetype":"Non AC/Ordinary","centerlat":12.971578,"centerlong":77.59388,"eta":"2023-12-18 21:23:00","sch_arrivaltime":"21:46","sch_departuretime":"21:46","actual_arrivaltime":"","actual_departuretime":"","sch_tripstarttime":"21:20","sch_tripendtime":"21:20","lastlocationid":0,"currentlocationid":21193,"nextlocationid":0,"currentstop":null,"nextstop":null,"laststop":null,"stopCoveredStatus":0,"heading":166,"lastrefreshon":"18-12-2023 21:04:12","lastreceiveddatetimeflag":0,"tripposition":1},{"vehicleid":3066,"vehiclenumber":"KA57F2981","servicetypeid":72,"servicetype":"Non AC/Ordinary","centerlat":12.964684,"centerlong":77.586037,"eta":"2023-12-18 22:36:00","sch_arrivaltime":"22:26","sch_departuretime":"22:26","actual_arrivaltime":"","actual_departuretime":"","sch_tripstarttime":"21:20","sch_tripendtime":"21:20","lastlocationid":0,"currentlocationid":21231,"nextlocationid":0,"currentstop":null,"nextstop":null,"laststop":null,"stopCoveredStatus":0,"heading":41,"lastrefreshon":"18-12-2023 21:04:20","lastreceiveddatetimeflag":0,"tripposition":1}]},"down":{"data":[],"mapData":[]},"message":"Success","issuccess":true,"exception":null,"rowCount":0,"responsecode":200}