{"up":{"data":[{"routeid":5010,"stationid":20921,"stationname":"Kempegowda Bus Station","from":"Kempegowda Bus Station","to":"Nerige","routeno":"323-F","distance_on_station":0,"centerlat":12.97751,"centerlong":77.57141,"responsecode":200,"isnotify":0,"vehicleDetails":[{"vehicleid":23402,"vehiclenumber":"KA57F4077","servicetypeid":72,"servicetype":"Non AC/Ordinary","centerlat":12.957039,"centerlong":77.742447,"eta":"","sch_arrivaltime":"15:45","sch_departuretime":"15:45","actual_arrivaltime":"","actual_departuretime":"","sch_tripstarttime":"15:45","sch_tripendtime":"15:45","lastlocationid":0,"currentlocationid":22412,"nextlocationid":0,"currentstop":null,"nextstop":null,"laststop":null,"stopCoveredStatus":1,"heading":269,"lastrefreshon":"09-03-2024 14:38:01","lastreceiveddatetimeflag":0,"tripposition":1}]},{"routeid":5010,"stationid":20981,"stationname":"Maharani College","from":"Kempegowda Bus Station","to":"Nerige","routeno":"323-F","distance_on_station":2.039,"centerlat":12.97703,"centerlong":77.5858,"responsecode":200,"isnotify":0,"vehicleDetails":[{"vehicleid":23402,"vehiclenumber":"KA57F4077","servicetypeid":72,"servicetype":"Non AC/Ordinary","centerlat":12.957039,"centerlong":77.742447,"eta":"","sch_arrivaltime":"15:56","sch_departuretime":"15:56","actual_arrivaltime":"","actual_departuretime":"","sch_tripstarttime":"15:45","sch_tripendtime":"15:45","lastlocationid":0,"currentlocationid":22412,"nextlocationid":0,"currentstop":null,"nextstop":null,"laststop":null,"stopCoveredStatus":1,"heading":269,"lastrefreshon":"09-03-2024 14:38:01","lastreceiveddatetimeflag":0,"tripposition":3}]},{"routeid":5010,"stationid":20939,"stationname":"KR Circle","from":"Kempegowda Bus Station","to":"Nerige","routeno":"323-F","distance_on_station":2.455,"centerlat":12.97386,"centerlong":77.58661,"responsecode":200,"isnotify":0,"vehicleDetails":[{"vehicleid":23402,"vehiclenumber":"KA57F4077","servicetypeid":72,"servicetype":"Non AC/Ordinary","centerlat":12.957039,"centerlong":77.742447,"eta":"","sch_arrivaltime":"15:57","sch_departuretime":"15:57","actual_arrivaltime":"","actual_departuretime":"","sch_tripstarttime":"15:45","sch_tripendtime":"15:45","lastlocationid":0,"currentlocationid":22412,"nextlocationid":0,"currentstop":null,"nextstop":null,"laststop":null,"stopCoveredStatus":1,"heading":269,"lastrefreshon":"09-03-2024 14:38:01","lastreceiveddatetimeflag":0,"tripposition":3}]},{"routeid":5010,"stationid":21195,"stationname":"St Marthas Hospital","from":"Kempegowda Bus Station","to":"Nerige","routeno":"323-F","distance_on_station":3.003,"centerlat":12.96945,"centerlong":77.58716,"responsecode":200,"isnotify":0,"vehicleDetails":[{"vehicleid":23402,"vehiclenumber":"KA57F4077","servicetypeid":72,"servicetype":"Non AC/Ordinary","centerlat":12.957039,"centerlong":77.742447,"eta":"","sch_arrivaltime":"15:58","sch_departuretime":"15:58","actual_arrivaltime":"","actual_departuretime":"","sch_tripstarttime":"15:45","sch_tripendtime":"15:45","lastlocationid":0,"currentlocationid":22412,"nextlocationid":0,"currentstop":null,"nextstop":null,"laststop":null,"stopCoveredStatus":1,"heading":269,"lastrefreshon":"09-03-2024 14:38:01","lastreceiveddatetimeflag":0,"tripposition":3}]},{"routeid":5010,"stationid":20726,"stationname":"Corporation","from":"Kempegowda Bus Station","to":"Nerige","routeno":"323-F","distance_on_station":3.429,"centerlat":12.96815,"centerlong":77.5893,"responsecode":200,"isnotify":0,"vehicleDetails":[{"vehicleid":23402,"vehiclenumber":"KA57F4077","servicetypeid":72,"servicetype":"Non AC/Ordinary","centerlat":12.957039,"centerlong":77.742447,"eta":"","sch_arrivaltime":"15:59","sch_departuretime":"15:59","actual_arrivaltime":"","actual_departuretime":"","sch_tripstarttime":"15:45","sch_tripendtime":"15:45","lastlocationid":0,"currentlocationid":22412,"nextlocationid":0,"currentstop":null,"nextstop":null,"laststop":null,"stopCoveredStatus":1,"heading":269,"lastrefreshon":"09-03-2024 14:38:01","lastreceiveddatetimeflag":0,"tripposition":3}]},{"routeid":5010,"stationid":21193,"stationname":"St Joseph's Indian School/ Malya Hospital","from":"Kempegowda Bus Station","to":"Nerige","routeno":"323-F","distance_on_station":4.19,"centerlat":12.97052,"centerlong":77.5943,"responsecode":200,"isnotify":0,"vehicleDetails":[{"vehicleid":23402,"vehiclenumber":"KA57F4077","servicetypeid":72,"servicetype":"Non AC/Ordinary","centerlat":12.957039,"centerlong":77.742447,"eta":"","sch_arrivaltime":"16:00","sch_departuretime":"16:00","actual_arrivaltime":"","actual_departuretime":"","sch_tripstarttime":"15:45","sch_tripendtime":"15:45","lastlocationid":0,"currentlocationid":22412,"nextlocationid":0,"currentstop":null,"nextstop":null,"laststop":null,"stopCoveredStatus":1,"heading":269,"lastrefreshon":"09-03-2024 14:38:01","lastreceiveddatetimeflag":0,"tripposition":3}]},{"routeid":5010,"stationid":21125,"stationname":"Richmond Circle","from":"Kempegowda Bus Station","to":"Nerige","routeno":"323-F","distance_on_station":5.327,"centerlat":12.96738,"centerlong":77.59946,"responsecode":200,"isnotify":0,"vehicleDetails":[{"vehicleid":23402,"vehiclenumber":"KA57F4077","servicetypeid":72,"servicetype":"Non AC/Ordinary","centerlat":12.957039,"centerlong":77.742447,"eta":"","sch_arrivaltime":"16:04","sch_departuretime":"16:04","actual_arrivaltime":"","actual_departuretime":"","sch_tripstarttime":"15:45","sch_tripendtime":"15:45","lastlocationid":0,"currentlocationid":22412,"nextlocationid":0,"currentstop":null,"nextstop":null,"laststop":null,"stopCoveredStatus":1,"heading":269,"lastrefreshon":"09-03-2024 14:38:01","lastreceiveddatetimeflag":0,"tripposition":3}]},{"routeid":5010,"stationid":21194,"stationname":"St Joseph College","from":"Kempegowda Bus Station","to":"Nerige","routeno":"323-F","distance_on_station":5.824,"centerlat":12.97036,"centerlong":77.60368,"responsecode":200,"isnotify":0,"vehicleDetails":[{"vehicleid":23402,"vehiclenumber":"KA57F4077","servicetypeid":72,"servicetype":"Non AC/Ordinary","centerlat":12.957039,"centerlong":77.742447,"eta":"","sch_arrivaltime":"16:05","sch_departuretime":"16:05","actual_arrivaltime":"","actual_departuretime":"","sch_tripstarttime":"15:45","sch_tripendtime":"15:45","lastlocationid":0,"currentlocationid":22412,"nextlocationid":0,"currentstop":null,"nextstop":null,"laststop":null,"stopCoveredStatus":1,"heading":269,"lastrefreshon":"09-03-2024 14:38:01","lastreceiveddatetimeflag":0,"tripposition":3}]},{"routeid":5010,"stationid":22279,"stationname":"Mayohall","from":"Kempegowda Bus Station","to":"Nerige","routeno":"323-F","distance_on_station":6.747,"centerlat":12.97349,"centerlong":77.61051,"responsecode":200,"isnotify":0,"vehicleDetails":[{"vehicleid":23402,"vehiclenumber":"KA57F4077","servicetypeid":72,"servicetype":"Non AC/Ordinary","centerlat":12.957039,"centerlong":77.742447,"eta":"","sch_arrivaltime":"16:11","sch_departuretime":"16:11","actual_arrivaltime":"","actual_departuretime":"","sch_tripstarttime":"15:45","sch_tripendtime":"15:45","lastlocationid":0,"currentlocationid":22412,"nextlocationid":0,"currentstop":null,"nextstop":null,"laststop":null,"stopCoveredStatus":1,"heading":269,"lastrefreshon":"09-03-2024 14:38:01","lastreceiveddatetimeflag":0,"tripposition":3}]},{"routeid":5010,"stationid":22697,"stationname":"Garuda Mall","from":"Kempegowda Bus Station","to":"Nerige","routeno":"323-F","distance_on_station":7.183,"centerlat":12.97026,"centerlong":77.61066,"responsecode":200,"isnotify":0,"vehicleDetails":[{"vehicleid":23402,"vehiclenumber":"KA57F4077","servicetypeid":72,"servicetype":"Non AC/Ordinary","centerlat":12.957039,"centerlong":77.742447,"eta":"","sch_arrivaltime":"16:12","sch_departuretime":"16:12","actual_arrivaltime":"","actual_departuretime":"","sch_tripstarttime":"15:45","sch_tripendtime":"15:45","lastlocationid":0,"currentlocationid":22412,"nextlocationid":0,"currentstop":null,"nextstop":null,"laststop":null,"stopCoveredStatus":1,"heading":269,"lastrefreshon":"09-03-2024 14:38:01","lastreceiveddatetimeflag":0,"tripposition":3}]},{"routeid":5010,"stationid":22058,"stationname":"Hosmat Hospital","from":"Kempegowda Bus Station","to":"Nerige","routeno":"323-F","distance_on_station":7.528,"centerlat":12.96879,"centerlong":77.61333,"responsecode":200,"isnotify":0,"vehicleDetails":[{"vehicleid":23402,"vehiclenumber":"KA57F4077","servicetypeid":72,"servicetype":"Non AC/Ordinary","centerlat":12.957039,"centerlong":77.742447,"eta":"","sch_arrivaltime":"16:13","sch_departuretime":"16:13","actual_arrivaltime":"","actual_departuretime":"","sch_tripstarttime":"15:45","sch_tripendtime":"15:45","lastlocationid":0,"currentlocationid":22412,"nextlocationid":0,"currentstop":null,"nextstop":null,"laststop":null,"stopCoveredStatus":1,"heading":269,"lastrefreshon":"09-03-2024 14:38:01","lastreceiveddatetimeflag":0,"tripposition":3}]},{"routeid":5010,"stationid":22287,"stationname":"Military Accounts Office","from":"Kempegowda Bus Station","to":"Nerige","routeno":"323-F","distance_on_station":8.563,"centerlat":12.96694,"centerlong":77.62089,"responsecode":200,"isnotify":0,"vehicleDetails":[{"vehicleid":23402,"vehiclenumber":"KA57F4077","servicetypeid":72,"servicetype":"Non AC/Ordinary","centerlat":12.957039,"centerlong":77.742447,"eta":"","sch_arrivaltime":"16:18","sch_departuretime":"16:18","actual_arrivaltime":"","actual_departuretime":"","sch_tripstarttime":"15:45","sch_tripendtime":"15:45","lastlocationid":0,"currentlocationid":22412,"nextlocationid":0,"currentstop":null,"nextstop":null,"laststop":null,"stopCoveredStatus":1,"heading":269,"lastrefreshon":"09-03-2024 14:38:01","lastreceiveddatetimeflag":0,"tripposition":3}]},{"routeid":5010,"stationid":21864,"stationname":"Commando Hospital","from":"Kempegowda Bus Station","to":"Nerige","routeno":"323-F","distance_on_station":9.375,"centerlat":12.96364,"centerlong":77.62641,"responsecode":200,"isnotify":0,"vehicleDetails":[{"vehicleid":23402,"vehiclenumber":"KA57F4077","servicetypeid":72,"servicetype":"Non AC/Ordinary","centerlat":12.957039,"centerlong":77.742447,"eta":"","sch_arrivaltime":"16:19","sch_departuretime":"16:19","actual_arrivaltime":"","actual_departuretime":"","sch_tripstarttime":"15:45","sch_tripendtime":"15:45","lastlocationid":0,"currentlocationid":22412,"nextlocationid":0,"currentstop":null,"nextstop":null,"laststop":null,"stopCoveredStatus":1,"heading":269,"lastrefreshon":"09-03-2024 14:38:01","lastreceiveddatetimeflag":0,"tripposition":3}]},{"routeid":5010,"stationid":21914,"stationname":"Domlur","from":"Kempegowda Bus Station","to":"Nerige","routeno":"323-F","distance_on_station":10.755,"centerlat":12.96111,"centerlong":77.63809,"responsecode":200,"isnotify":0,"vehicleDetails":[{"vehicleid":23402,"vehiclenumber":"KA57F4077","servicetypeid":72,"servicetype":"Non AC/Ordinary","centerlat":12.957039,"centerlong":77.742447,"eta":"","sch_arrivaltime":"16:21","sch_departuretime":"16:21","actual_arrivaltime":"","actual_departuretime":"","sch_tripstarttime":"15:45","sch_tripendtime":"15:45","lastlocationid":0,"currentlocationid":22412,"nextlocationid":0,"currentstop":null,"nextstop":null,"laststop":null,"stopCoveredStatus":1,"heading":269,"lastrefreshon":"09-03-2024 14:38:01","lastreceiveddatetimeflag":0,"tripposition":3}]},{"routeid":5010,"stationid":21917,"stationname":"Domlur Flyover","from":"Kempegowda Bus Station","to":"Nerige","routeno":"323-F","distance_on_station":11.333,"centerlat":12.96048,"centerlong":77.64352,"responsecode":200,"isnotify":0,"vehicleDetails":[{"vehicleid":23402,"vehiclenumber":"KA57F4077","servicetypeid":72,"servicetype":"Non AC/Ordinary","centerlat":12.957039,"centerlong":77.742447,"eta":"","sch_arrivaltime":"16:22","sch_departuretime":"16:22","actual_arrivaltime":"","actual_departuretime":"","sch_tripstarttime":"15:45","sch_tripendtime":"15:45","lastlocationid":0,"currentlocationid":22412,"nextlocationid":0,"currentstop":null,"nextstop":null,"laststop":null,"stopCoveredStatus":1,"heading":269,"lastrefreshon":"09-03-2024 14:38:01","lastreceiveddatetimeflag":0,"tripposition":3}]},{"routeid":5010,"stationid":22178,"stationname":"Kodihalli","from":"Kempegowda Bus Station","to":"Nerige","routeno":"323-F","distance_on_station":11.779,"centerlat":12.96,"centerlong":77.64758,"responsecode":200,"isnotify":0,"vehicleDetails":[{"vehicleid":23402,"vehiclenumber":"KA57F4077","servicetypeid":72,"servicetype":"Non AC/Ordinary","centerlat":12.957039,"centerlong":77.742447,"eta":"","sch_arrivaltime":"16:23","sch_departuretime":"16:23","actual_arrivaltime":"","actual_departuretime":"","sch_tripstarttime":"15:45","sch_tripendtime":"15:45","lastlocationid":0,"currentlocationid":22412,"nextlocationid":0,"currentstop":null,"nextstop":null,"laststop":null,"stopCoveredStatus":1,"heading":269,"lastrefreshon":"09-03-2024 14:38:01","lastreceiveddatetimeflag":0,"tripposition":3}]},{"routeid":5010,"stationid":22336,"stationname":"NAL/Manipal Hospital","from":"Kempegowda Bus Station","to":"Nerige","routeno":"323-F","distance_on_station":12.134,"centerlat":12.95964,"centerlong":77.65076,"responsecode":200,"isnotify":0,"vehicleDetails":[{"vehicleid":23402,"vehiclenumber":"KA57F4077","servicetypeid":72,"servicetype":"Non AC/Ordinary","centerlat":12.957039,"centerlong":77.742447,"eta":"","sch_arrivaltime":"16:24","sch_departuretime":"16:24","actual_arrivaltime":"","actual_departuretime":"","sch_tripstarttime":"15:45","sch_tripendtime":"15:45","lastlocationid":0,"currentlocationid":22412,"nextlocationid":0,"currentstop":null,"nextstop":null,"laststop":null,"stopCoveredStatus":1,"heading":269,"lastrefreshon":"09-03-2024 14:38:01","lastreceiveddatetimeflag":0,"tripposition":3}]},{"routeid":5010,"stationid":22316,"stationname":"Murugeshpalya","from":"Kempegowda Bus Station","to":"Nerige","routeno":"323-F","distance_on_station":12.723,"centerlat":12.95936,"centerlong":77.65618,"responsecode":200,"isnotify":0,"vehicleDetails":[{"vehicleid":23402,"vehiclenumber":"KA57F4077","servicetypeid":72,"servicetype":"Non AC/Ordinary","centerlat":12.957039,"centerlong":77.742447,"eta":"","sch_arrivaltime":"16:25","sch_departuretime":"16:25","actual_arrivaltime":"","actual_departuretime":"","sch_tripstarttime":"15:45","sch_tripendtime":"15:45","lastlocationid":0,"currentlocationid":22412,"nextlocationid":0,"currentstop":null,"nextstop":null,"laststop":null,"stopCoveredStatus":1,"heading":269,"lastrefreshon":"09-03-2024 14:38:01","lastreceiveddatetimeflag":0,"tripposition":3}]},{"routeid":5010,"stationid":22193,"stationname":"Konena Agrahara","from":"Kempegowda Bus Station","to":"Nerige","routeno":"323-F","distance_on_station":13.078,"centerlat":12.95914,"centerlong":77.65962,"responsecode":200,"isnotify":0,"vehicleDetails":[{"vehicleid":23402,"vehiclenumber":"KA57F4077","servicetypeid":72,"servicetype":"Non AC/Ordinary","centerlat":12.957039,"centerlong":77.742447,"eta":"","sch_arrivaltime":"16:26","sch_departuretime":"16:26","actual_arrivaltime":"","actual_departuretime":"","sch_tripstarttime":"15:45","sch_tripendtime":"15:45","lastlocationid":0,"currentlocationid":22412,"nextlocationid":0,"currentstop":null,"nextstop":null,"laststop":null,"stopCoveredStatus":1,"heading":269,"lastrefreshon":"09-03-2024 14:38:01","lastreceiveddatetimeflag":0,"tripposition":3}]},{"routeid":5010,"stationid":22003,"stationname":"HAL Main Gate","from":"Kempegowda Bus Station","to":"Nerige","routeno":"323-F","distance_on_station":13.819,"centerlat":12.95821,"centerlong":77.66821,"responsecode":200,"isnotify":0,"vehicleDetails":[{"vehicleid":23402,"vehiclenumber":"KA57F4077","servicetypeid":72,"servicetype":"Non AC/Ordinary","centerlat":12.957039,"centerlong":77.742447,"eta":"","sch_arrivaltime":"16:27","sch_departuretime":"16:27","actual_arrivaltime":"","actual_departuretime":"","sch_tripstarttime":"15:45","sch_tripendtime":"15:45","lastlocationid":0,"currentlocationid":22412,"nextlocationid":0,"currentstop":null,"nextstop":null,"laststop":null,"stopCoveredStatus":1,"heading":269,"lastrefreshon":"09-03-2024 14:38:01","lastreceiveddatetimeflag":0,"tripposition":3}]},{"routeid":5010,"stationid":22021,"stationname":"Helicopter Division","from":"Kempegowda Bus Station","to":"Nerige","routeno":"323-F","distance_on_station":15.117,"centerlat":12.95582,"centerlong":77.67735,"responsecode":200,"isnotify":0,"vehicleDetails":[{"vehicleid":23402,"vehiclenumber":"KA57F4077","servicetypeid":72,"servicetype":"Non AC/Ordinary","centerlat":12.957039,"centerlong":77.742447,"eta":"","sch_arrivaltime":"16:29","sch_departuretime":"16:29","actual_arrivaltime":"","actual_departuretime":"","sch_tripstarttime":"15:45","sch_tripendtime":"15:45","lastlocationid":0,"currentlocationid":22412,"nextlocationid":0,"currentstop":null,"nextstop":null,"laststop":null,"stopCoveredStatus":1,"heading":269,"lastrefreshon":"09-03-2024 14:38:01","lastreceiveddatetimeflag":0,"tripposition":3}]},{"routeid":5010,"stationid":22001,"stationname":"HAL Kalyana Mantap","from":"Kempegowda Bus Station","to":"Nerige","routeno":"323-F","distance_on_station":15.675,"centerlat":12.9546,"centerlong":77.68215,"responsecode":200,"isnotify":0,"vehicleDetails":[{"vehicleid":23402,"vehiclenumber":"KA57F4077","servicetypeid":72,"servicetype":"Non AC/Ordinary","centerlat":12.957039,"centerlong":77.742447,"eta":"","sch_arrivaltime":"16:30","sch_departuretime":"16:30","actual_arrivaltime":"","actual_departuretime":"","sch_tripstarttime":"15:45","sch_tripendtime":"15:45","lastlocationid":0,"currentlocationid":22412,"nextlocationid":0,"currentstop":null,"nextstop":null,"laststop":null,"stopCoveredStatus":1,"heading":269,"lastrefreshon":"09-03-2024 14:38:01","lastreceiveddatetimeflag":0,"tripposition":3}]},{"routeid":5010,"stationid":22627,"stationname":"Yamalur Cross","from":"Kempegowda Bus Station","to":"Nerige","routeno":"323-F","distance_on_station":16.396,"centerlat":12.95525,"centerlong":77.68829,"responsecode":200,"isnotify":0,"vehicleDetails":[{"vehicleid":23402,"vehiclenumber":"KA57F4077","servicetypeid":72,"servicetype":"Non AC/Ordinary","centerlat":12.957039,"centerlong":77.742447,"eta":"","sch_arrivaltime":"16:31","sch_departuretime":"16:31","actual_arrivaltime":"","actual_departuretime":"","sch_tripstarttime":"15:45","sch_tripendtime":"15:45","lastlocationid":0,"currentlocationid":22412,"nextlocationid":0,"currentstop":null,"nextstop":null,"laststop":null,"stopCoveredStatus":1,"heading":269,"lastrefreshon":"09-03-2024 14:38:01","lastreceiveddatetimeflag":0,"tripposition":3}]},{"routeid":5010,"stationid":22260,"stationname":"Marathahalli","from":"Kempegowda Bus Station","to":"Nerige","routeno":"323-F","distance_on_station":16.994,"centerlat":12.95626,"centerlong":77.69409,"responsecode":200,"isnotify":0,"vehicleDetails":[{"vehicleid":23402,"vehiclenumber":"KA57F4077","servicetypeid":72,"servicetype":"Non AC/Ordinary","centerlat":12.957039,"centerlong":77.742447,"eta":"","sch_arrivaltime":"16:34","sch_departuretime":"16:34","actual_arrivaltime":"","actual_departuretime":"","sch_tripstarttime":"15:45","sch_tripendtime":"15:45","lastlocationid":0,"currentlocationid":22412,"nextlocationid":0,"currentstop":null,"nextstop":null,"laststop":null,"stopCoveredStatus":1,"heading":269,"lastrefreshon":"09-03-2024 14:38:01","lastreceiveddatetimeflag":0,"tripposition":3}]},{"routeid":5010,"stationid":22668,"stationname":"Marathahalli Bridge","from":"Kempegowda Bus Station","to":"Nerige","routeno":"323-F","distance_on_station":17.857,"centerlat":12.9569,"centerlong":77.70215,"responsecode":200,"isnotify":0,"vehicleDetails":[{"vehicleid":23402,"vehiclenumber":"KA57F4077","servicetypeid":72,"servicetype":"Non AC/Ordinary","centerlat":12.957039,"centerlong":77.742447,"eta":"","sch_arrivaltime":"16:36","sch_departuretime":"16:36","actual_arrivaltime":"","actual_departuretime":"","sch_tripstarttime":"15:45","sch_tripendtime":"15:45","lastlocationid":0,"currentlocationid":22412,"nextlocationid":0,"currentstop":null,"nextstop":null,"laststop":null,"stopCoveredStatus":1,"heading":269,"lastrefreshon":"09-03-2024 14:38:01","lastreceiveddatetimeflag":0,"tripposition":3}]},{"routeid":5010,"stationid":21038,"stationname":"Munnekolalu Cross (Spice Garden)","from":"Kempegowda Bus Station","to":"Nerige","routeno":"323-F","distance_on_station":18.628,"centerlat":12.95636,"centerlong":77.70953,"responsecode":200,"isnotify":0,"vehicleDetails":[{"vehicleid":23402,"vehiclenumber":"KA57F4077","servicetypeid":72,"servicetype":"Non AC/Ordinary","centerlat":12.957039,"centerlong":77.742447,"eta":"","sch_arrivaltime":"16:37","sch_departuretime":"16:37","actual_arrivaltime":"","actual_departuretime":"","sch_tripstarttime":"15:45","sch_tripendtime":"15:45","lastlocationid":0,"currentlocationid":22412,"nextlocationid":0,"currentstop":null,"nextstop":null,"laststop":null,"stopCoveredStatus":1,"heading":269,"lastrefreshon":"09-03-2024 14:38:01","lastreceiveddatetimeflag":0,"tripposition":3}]},{"routeid":5010,"stationid":22215,"stationname":"Kundalahalli Gate","from":"Kempegowda Bus Station","to":"Nerige","routeno":"323-F","distance_on_station":19.399,"centerlat":12.95583,"centerlong":77.71577,"responsecode":200,"isnotify":0,"vehicleDetails":[{"vehicleid":23402,"vehiclenumber":"KA57F4077","servicetypeid":72,"servicetype":"Non AC/Ordinary","centerlat":12.957039,"centerlong":77.742447,"eta":"","sch_arrivaltime":"16:39","sch_departuretime":"16:39","actual_arrivaltime":"","actual_departuretime":"","sch_tripstarttime":"15:45","sch_tripendtime":"15:45","lastlocationid":0,"currentlocationid":22412,"nextlocationid":0,"currentstop":null,"nextstop":null,"laststop":null,"stopCoveredStatus":1,"heading":269,"lastrefreshon":"09-03-2024 14:38:01","lastreceiveddatetimeflag":0,"tripposition":3}]},{"routeid":5010,"stationid":22557,"stationname":"Thubarahalli","from":"Kempegowda Bus Station","to":"Nerige","routeno":"323-F","distance_on_station":19.927,"centerlat":12.95585,"centerlong":77.72061,"responsecode":200,"isnotify":0,"vehicleDetails":[{"vehicleid":23402,"vehiclenumber":"KA57F4077","servicetypeid":72,"servicetype":"Non AC/Ordinary","centerlat":12.957039,"centerlong":77.742447,"eta":"","sch_arrivaltime":"16:40","sch_departuretime":"16:40","actual_arrivaltime":"","actual_departuretime":"","sch_tripstarttime":"15:45","sch_tripendtime":"15:45","lastlocationid":0,"currentlocationid":22412,"nextlocationid":0,"currentstop":null,"nextstop":null,"laststop":null,"stopCoveredStatus":1,"heading":269,"lastrefreshon":"09-03-2024 14:38:01","lastreceiveddatetimeflag":0,"tripposition":3}]},{"routeid":5010,"stationid":22487,"stationname":"Siddapura","from":"Kempegowda Bus Station","to":"Nerige","routeno":"323-F","distance_on_station":21.174,"centerlat":12.95634,"centerlong":77.73191,"responsecode":200,"isnotify":0,"vehicleDetails":[{"vehicleid":23402,"vehiclenumber":"KA57F4077","servicetypeid":72,"servicetype":"Non AC/Ordinary","centerlat":12.957039,"centerlong":77.742447,"eta":"","sch_arrivaltime":"16:42","sch_departuretime":"16:42","actual_arrivaltime":"","actual_departuretime":"","sch_tripstarttime":"15:45","sch_tripendtime":"15:45","lastlocationid":0,"currentlocationid":22412,"nextlocationid":0,"currentstop":null,"nextstop":null,"laststop":null,"stopCoveredStatus":1,"heading":269,"lastrefreshon":"09-03-2024 14:38:01","lastreceiveddatetimeflag":0,"tripposition":3}]},{"routeid":5010,"stationid":22412,"stationname":"Ramagondanahalli","from":"Kempegowda Bus Station","to":"Nerige","routeno":"323-F","distance_on_station":22.108,"centerlat":12.95704,"centerlong":77.74039,"responsecode":200,"isnotify":0,"vehicleDetails":[{"vehicleid":23402,"vehiclenumber":"KA57F4077","servicetypeid":72,"servicetype":"Non AC/Ordinary","centerlat":12.957039,"centerlong":77.742447,"eta":"","sch_arrivaltime":"16:43","sch_departuretime":"16:43","actual_arrivaltime":"","actual_departuretime":"","sch_tripstarttime":"15:45","sch_tripendtime":"15:45","lastlocationid":0,"currentlocationid":22412,"nextlocationid":0,"currentstop":null,"nextstop":null,"laststop":null,"stopCoveredStatus":1,"heading":269,"lastrefreshon":"09-03-2024 14:38:01","lastreceiveddatetimeflag":0,"tripposition":3}]},{"routeid":5010,"stationid":22578,"stationname":"Varthur Kodi","from":"Kempegowda Bus Station","to":"Nerige","routeno":"323-F","distance_on_station":22.727,"centerlat":12.95642,"centerlong":77.74524,"responsecode":200,"isnotify":0,"vehicleDetails":[{"vehicleid":23402,"vehiclenumber":"KA57F4077","servicetypeid":72,"servicetype":"Non AC/Ordinary","centerlat":12.957039,"centerlong":77.742447,"eta":"","sch_arrivaltime":"16:44","sch_departuretime":"16:44","actual_arrivaltime":"","actual_departuretime":"","sch_tripstarttime":"15:45","sch_tripendtime":"15:45","lastlocationid":0,"currentlocationid":22412,"nextlocationid":0,"currentstop":null,"nextstop":null,"laststop":null,"stopCoveredStatus":1,"heading":269,"lastrefreshon":"09-03-2024 14:38:01","lastreceiveddatetimeflag":0,"tripposition":3}]},{"routeid":5010,"stationid":22581,"stationname":"Varthuru Govt College","from":"Kempegowda Bus Station","to":"Nerige","routeno":"323-F","distance_on_station":24.421,"centerlat":12.94221,"centerlong":77.74711,"responsecode":200,"isnotify":0,"vehicleDetails":[{"vehicleid":23402,"vehiclenumber":"KA57F4077","servicetypeid":72,"servicetype":"Non AC/Ordinary","centerlat":12.957039,"centerlong":77.742447,"eta":"","sch_arrivaltime":"16:47","sch_departuretime":"16:47","actual_arrivaltime":"14:34","actual_departuretime":"14:34","sch_tripstarttime":"15:45","sch_tripendtime":"15:45","lastlocationid":0,"currentlocationid":22412,"nextlocationid":0,"currentstop":null,"nextstop":null,"laststop":null,"stopCoveredStatus":1,"heading":269,"lastrefreshon":"09-03-2024 14:38:01","lastreceiveddatetimeflag":0,"tripposition":1}]},{"routeid":5010,"stationid":22579,"stationname":"Varthuru","from":"Kempegowda Bus Station","to":"Nerige","routeno":"323-F","distance_on_station":24.634,"centerlat":12.94011,"centerlong":77.74735,"responsecode":200,"isnotify":0,"vehicleDetails":[{"vehicleid":23402,"vehiclenumber":"KA57F4077","servicetypeid":72,"servicetype":"Non AC/Ordinary","centerlat":12.957039,"centerlong":77.742447,"eta":"","sch_arrivaltime":"16:48","sch_departuretime":"16:48","actual_arrivaltime":"14:33","actual_departuretime":"14:33","sch_tripstarttime":"15:45","sch_tripendtime":"15:45","lastlocationid":0,"currentlocationid":22412,"nextlocationid":0,"currentstop":null,"nextstop":null,"laststop":null,"stopCoveredStatus":0,"heading":269,"lastrefreshon":"09-03-2024 14:38:01","lastreceiveddatetimeflag":0,"tripposition":1}]},{"routeid":5010,"stationid":31562,"stationname":"Varthuru Police Station","from":"Kempegowda Bus Station","to":"Nerige","routeno":"323-F","distance_on_station":24.949,"centerlat":12.93773,"centerlong":77.74638,"responsecode":200,"isnotify":0,"vehicleDetails":[{"vehicleid":23402,"vehiclenumber":"KA57F4077","servicetypeid":72,"servicetype":"Non AC/Ordinary","centerlat":12.957039,"centerlong":77.742447,"eta":"","sch_arrivaltime":"16:49","sch_departuretime":"16:49","actual_arrivaltime":"","actual_departuretime":"","sch_tripstarttime":"15:45","sch_tripendtime":"15:45","lastlocationid":0,"currentlocationid":22412,"nextlocationid":0,"currentstop":null,"nextstop":null,"laststop":null,"stopCoveredStatus":0,"heading":269,"lastrefreshon":"09-03-2024 14:38:01","lastreceiveddatetimeflag":0,"tripposition":3}]},{"routeid":5010,"stationid":22611,"stationname":"Vinayakanagara Varthur","from":"Kempegowda Bus Station","to":"Nerige","routeno":"323-F","distance_on_station":26.278,"centerlat":12.92864,"centerlong":77.73954,"responsecode":200,"isnotify":0,"vehicleDetails":[{"vehicleid":23402,"vehiclenumber":"KA57F4077","servicetypeid":72,"servicetype":"Non AC/Ordinary","centerlat":12.957039,"centerlong":77.742447,"eta":"","sch_arrivaltime":"16:52","sch_departuretime":"16:52","actual_arrivaltime":"","actual_departuretime":"","sch_tripstarttime":"15:45","sch_tripendtime":"15:45","lastlocationid":0,"currentlocationid":22412,"nextlocationid":0,"currentstop":null,"nextstop":null,"laststop":null,"stopCoveredStatus":0,"heading":269,"lastrefreshon":"09-03-2024 14:38:01","lastreceiveddatetimeflag":0,"tripposition":3}]},{"routeid":5010,"stationid":32798,"stationname":"Gunjuru","from":"Kempegowda Bus Station","to":"Nerige","routeno":"323-F","distance_on_station":27.262,"centerlat":12.92119,"centerlong":77.73642,"responsecode":200,"isnotify":0,"vehicleDetails":[{"vehicleid":23402,"vehiclenumber":"KA57F4077","servicetypeid":72,"servicetype":"Non AC/Ordinary","centerlat":12.957039,"centerlong":77.742447,"eta":"","sch_arrivaltime":"16:54","sch_departuretime":"16:54","actual_arrivaltime":"","actual_departuretime":"","sch_tripstarttime":"15:45","sch_tripendtime":"15:45","lastlocationid":0,"currentlocationid":22412,"nextlocationid":0,"currentstop":null,"nextstop":null,"laststop":null,"stopCoveredStatus":0,"heading":269,"lastrefreshon":"09-03-2024 14:38:01","lastreceiveddatetimeflag":0,"tripposition":3}]},{"routeid":5010,"stationid":35146,"stationname":"Hosahalli","from":"Kempegowda Bus Station","to":"Nerige","routeno":"323-F","distance_on_station":27.932,"centerlat":12.92032,"centerlong":77.74169,"responsecode":200,"isnotify":0,"vehicleDetails":[{"vehicleid":23402,"vehiclenumber":"KA57F4077","servicetypeid":72,"servicetype":"Non AC/Ordinary","centerlat":12.957039,"centerlong":77.742447,"eta":"","sch_arrivaltime":"16:55","sch_departuretime":"16:55","actual_arrivaltime":"14:19","actual_departuretime":"14:19","sch_tripstarttime":"15:45","sch_tripendtime":"15:45","lastlocationid":0,"currentlocationid":22412,"nextlocationid":0,"currentstop":null,"nextstop":null,"laststop":null,"stopCoveredStatus":0,"heading":269,"lastrefreshon":"09-03-2024 14:38:01","lastreceiveddatetimeflag":0,"tripposition":1}]},{"routeid":5010,"stationid":24024,"stationname":"Thippasandra Gate","from":"Kempegowda Bus Station","to":"Nerige","routeno":"323-F","distance_on_station":29.332,"centerlat":12.91823,"centerlong":77.75457,"responsecode":200,"isnotify":0,"vehicleDetails":[{"vehicleid":23402,"vehiclenumber":"KA57F4077","servicetypeid":72,"servicetype":"Non AC/Ordinary","centerlat":12.957039,"centerlong":77.742447,"eta":"","sch_arrivaltime":"16:57","sch_departuretime":"16:57","actual_arrivaltime":"14:22","actual_departuretime":"14:22","sch_tripstarttime":"15:45","sch_tripendtime":"15:45","lastlocationid":0,"currentlocationid":22412,"nextlocationid":0,"currentstop":null,"nextstop":null,"laststop":null,"stopCoveredStatus":0,"heading":269,"lastrefreshon":"09-03-2024 14:38:01","lastreceiveddatetimeflag":0,"tripposition":1}]},{"routeid":5010,"stationid":35165,"stationname":"Kathriguppe","from":"Kempegowda Bus Station","to":"Nerige","routeno":"323-F","distance_on_station":30.6,"centerlat":12.9156,"centerlong":77.76558,"responsecode":200,"isnotify":0,"vehicleDetails":[{"vehicleid":23402,"vehiclenumber":"KA57F4077","servicetypeid":72,"servicetype":"Non AC/Ordinary","centerlat":12.957039,"centerlong":77.742447,"eta":"2024-03-09 14:39:00","sch_arrivaltime":"16:59","sch_departuretime":"16:59","actual_arrivaltime":"","actual_departuretime":"","sch_tripstarttime":"15:45","sch_tripendtime":"15:45","lastlocationid":0,"currentlocationid":22412,"nextlocationid":0,"currentstop":null,"nextstop":null,"laststop":null,"stopCoveredStatus":0,"heading":269,"lastrefreshon":"09-03-2024 14:38:01","lastreceiveddatetimeflag":0,"tripposition":1}]}],"mapData":[{"vehicleid":23402,"vehiclenumber":"KA57F4077","servicetypeid":72,"servicetype":"Non AC/Ordinary","centerlat":12.957039,"centerlong":77.742447,"eta":"2024-03-09 14:39:00","sch_arrivaltime":"16:59","sch_departuretime":"16:59","actual_arrivaltime":"","actual_departuretime":"","sch_tripstarttime":"15:45","sch_tripendtime":"15:45","lastlocationid":0,"currentlocationid":22412,"nextlocationid":0,"currentstop":null,"nextstop":null,"laststop":null,"stopCoveredStatus":0,"heading":269,"lastrefreshon":"09-03-2024 14:38:01","lastreceiveddatetimeflag":0,"tripposition":1}]},"down":{"data":[],"mapData":[]},"message":"Success","issuccess":true,"exception":null,"rowCount":0,"responsecode":200}