{"up":{"data":[{"routeid":4590,"stationid":20862,"stationname":"Swamy Vivekananda Metro Station/Isolation Hospital","from":"Swamy Vivekananda Metro Station/Isolation Hospital","to":"Attibele Bus Stand","routeno":"327-SA","distance_on_station":0,"centerlat":12.98507,"centerlong":77.6434,"responsecode":200,"isnotify":0,"vehicleDetails":[]},{"routeid":4590,"stationid":21772,"stationname":"Binnamangala","from":"Swamy Vivekananda Metro Station/Isolation Hospital","to":"Attibele Bus Stand","routeno":"327-SA","distance_on_station":0,"centerlat":12.9835,"centerlong":77.64067,"responsecode":200,"isnotify":0,"vehicleDetails":[]},{"routeid":4590,"stationid":22387,"stationname":"Indiranagara Police Station/KFC","from":"Swamy Vivekananda Metro Station/Isolation Hospital","to":"Attibele Bus Stand","routeno":"327-SA","distance_on_station":0,"centerlat":12.9781,"centerlong":77.64094,"responsecode":200,"isnotify":0,"vehicleDetails":[]},{"routeid":4590,"stationid":21999,"stationname":"Indiranagara 6th Main","from":"Swamy Vivekananda Metro Station/Isolation Hospital","to":"Attibele Bus Stand","routeno":"327-SA","distance_on_station":0,"centerlat":12.974,"centerlong":77.64118,"responsecode":200,"isnotify":0,"vehicleDetails":[]},{"routeid":4590,"stationid":33036,"stationname":"Indiranagara 12th Main","from":"Swamy Vivekananda Metro Station/Isolation Hospital","to":"Attibele Bus Stand","routeno":"327-SA","distance_on_station":0,"centerlat":12.97035,"centerlong":77.64134,"responsecode":200,"isnotify":0,"vehicleDetails":[]},{"routeid":4590,"stationid":22360,"stationname":"New Horizon School","from":"Swamy Vivekananda Metro Station/Isolation Hospital","to":"Attibele Bus Stand","routeno":"327-SA","distance_on_station":0,"centerlat":12.96897,"centerlong":77.64142,"responsecode":200,"isnotify":0,"vehicleDetails":[]},{"routeid":4590,"stationid":22072,"stationname":"Indiranagara 100ft Road","from":"Swamy Vivekananda Metro Station/Isolation Hospital","to":"Attibele Bus Stand","routeno":"327-SA","distance_on_station":0,"centerlat":12.96711,"centerlong":77.64154,"responsecode":200,"isnotify":0,"vehicleDetails":[]},{"routeid":4590,"stationid":21896,"stationname":"Dhoopanahalli","from":"Swamy Vivekananda Metro Station/Isolation Hospital","to":"Attibele Bus Stand","routeno":"327-SA","distance_on_station":0,"centerlat":12.96342,"centerlong":77.64169,"responsecode":200,"isnotify":0,"vehicleDetails":[]},{"routeid":4590,"stationid":21917,"stationname":"Domlur Flyover","from":"Swamy Vivekananda Metro Station/Isolation Hospital","to":"Attibele Bus Stand","routeno":"327-SA","distance_on_station":0,"centerlat":12.96048,"centerlong":77.64352,"responsecode":200,"isnotify":0,"vehicleDetails":[]},{"routeid":4590,"stationid":22178,"stationname":"Kodihalli","from":"Swamy Vivekananda Metro Station/Isolation Hospital","to":"Attibele Bus Stand","routeno":"327-SA","distance_on_station":0,"centerlat":12.96,"centerlong":77.64758,"responsecode":200,"isnotify":0,"vehicleDetails":[]},{"routeid":4590,"stationid":22336,"stationname":"NAL/Manipal Hospital","from":"Swamy Vivekananda Metro Station/Isolation Hospital","to":"Attibele Bus Stand","routeno":"327-SA","distance_on_station":0,"centerlat":12.95964,"centerlong":77.65076,"responsecode":200,"isnotify":0,"vehicleDetails":[]},{"routeid":4590,"stationid":22316,"stationname":"Murugeshpalya","from":"Swamy Vivekananda Metro Station/Isolation Hospital","to":"Attibele Bus Stand","routeno":"327-SA","distance_on_station":0,"centerlat":12.95936,"centerlong":77.65618,"responsecode":200,"isnotify":0,"vehicleDetails":[]},{"routeid":4590,"stationid":22193,"stationname":"Konena Agrahara","from":"Swamy Vivekananda Metro Station/Isolation Hospital","to":"Attibele Bus Stand","routeno":"327-SA","distance_on_station":0,"centerlat":12.95914,"centerlong":77.65962,"responsecode":200,"isnotify":0,"vehicleDetails":[]},{"routeid":4590,"stationid":22003,"stationname":"HAL Main Gate","from":"Swamy Vivekananda Metro Station/Isolation Hospital","to":"Attibele Bus Stand","routeno":"327-SA","distance_on_station":0,"centerlat":12.95821,"centerlong":77.66821,"responsecode":200,"isnotify":0,"vehicleDetails":[]},{"routeid":4590,"stationid":39489,"stationname":"HAL Admin Gate","from":"Swamy Vivekananda Metro Station/Isolation Hospital","to":"Attibele Bus Stand","routeno":"327-SA","distance_on_station":0,"centerlat":12.95813,"centerlong":77.66949,"responsecode":200,"isnotify":0,"vehicleDetails":[]},{"routeid":4590,"stationid":22021,"stationname":"Helicopter Division","from":"Swamy Vivekananda Metro Station/Isolation Hospital","to":"Attibele Bus Stand","routeno":"327-SA","distance_on_station":0,"centerlat":12.95582,"centerlong":77.67735,"responsecode":200,"isnotify":0,"vehicleDetails":[]},{"routeid":4590,"stationid":22001,"stationname":"HAL Kalyana Mantap","from":"Swamy Vivekananda Metro Station/Isolation Hospital","to":"Attibele Bus Stand","routeno":"327-SA","distance_on_station":0,"centerlat":12.9546,"centerlong":77.68215,"responsecode":200,"isnotify":0,"vehicleDetails":[]},{"routeid":4590,"stationid":22627,"stationname":"Yamalur Cross","from":"Swamy Vivekananda Metro Station/Isolation Hospital","to":"Attibele Bus Stand","routeno":"327-SA","distance_on_station":0,"centerlat":12.95525,"centerlong":77.68829,"responsecode":200,"isnotify":0,"vehicleDetails":[]},{"routeid":4590,"stationid":22260,"stationname":"Marathahalli","from":"Swamy Vivekananda Metro Station/Isolation Hospital","to":"Attibele Bus Stand","routeno":"327-SA","distance_on_station":0,"centerlat":12.95626,"centerlong":77.69409,"responsecode":200,"isnotify":0,"vehicleDetails":[]},{"routeid":4590,"stationid":22668,"stationname":"Marathahalli Bridge","from":"Swamy Vivekananda Metro Station/Isolation Hospital","to":"Attibele Bus Stand","routeno":"327-SA","distance_on_station":0,"centerlat":12.9569,"centerlong":77.70215,"responsecode":200,"isnotify":0,"vehicleDetails":[]},{"routeid":4590,"stationid":21038,"stationname":"Munnekolalu Cross (Spice Garden)","from":"Swamy Vivekananda Metro Station/Isolation Hospital","to":"Attibele Bus Stand","routeno":"327-SA","distance_on_station":0,"centerlat":12.9564,"centerlong":77.70927,"responsecode":200,"isnotify":0,"vehicleDetails":[]},{"routeid":4590,"stationid":22215,"stationname":"Kundalahalli Gate","from":"Swamy Vivekananda Metro Station/Isolation Hospital","to":"Attibele Bus Stand","routeno":"327-SA","distance_on_station":0,"centerlat":12.95593,"centerlong":77.71574,"responsecode":200,"isnotify":0,"vehicleDetails":[]},{"routeid":4590,"stationid":22557,"stationname":"Thubarahalli","from":"Swamy Vivekananda Metro Station/Isolation Hospital","to":"Attibele Bus Stand","routeno":"327-SA","distance_on_station":0,"centerlat":12.95592,"centerlong":77.72057,"responsecode":200,"isnotify":0,"vehicleDetails":[]},{"routeid":4590,"stationid":22487,"stationname":"Siddapura","from":"Swamy Vivekananda Metro Station/Isolation Hospital","to":"Attibele Bus Stand","routeno":"327-SA","distance_on_station":0,"centerlat":12.95634,"centerlong":77.73191,"responsecode":200,"isnotify":0,"vehicleDetails":[]},{"routeid":4590,"stationid":22412,"stationname":"Ramagondanahalli","from":"Swamy Vivekananda Metro Station/Isolation Hospital","to":"Attibele Bus Stand","routeno":"327-SA","distance_on_station":0,"centerlat":12.95704,"centerlong":77.74039,"responsecode":200,"isnotify":0,"vehicleDetails":[]},{"routeid":4590,"stationid":22578,"stationname":"Varthur Kodi","from":"Swamy Vivekananda Metro Station/Isolation Hospital","to":"Attibele Bus Stand","routeno":"327-SA","distance_on_station":0,"centerlat":12.95642,"centerlong":77.74524,"responsecode":200,"isnotify":0,"vehicleDetails":[]},{"routeid":4590,"stationid":22581,"stationname":"Varthuru Govt College","from":"Swamy Vivekananda Metro Station/Isolation Hospital","to":"Attibele Bus Stand","routeno":"327-SA","distance_on_station":0,"centerlat":12.94221,"centerlong":77.74711,"responsecode":200,"isnotify":0,"vehicleDetails":[]},{"routeid":4590,"stationid":22579,"stationname":"Varthuru","from":"Swamy Vivekananda Metro Station/Isolation Hospital","to":"Attibele Bus Stand","routeno":"327-SA","distance_on_station":0,"centerlat":12.94011,"centerlong":77.74735,"responsecode":200,"isnotify":0,"vehicleDetails":[]},{"routeid":4590,"stationid":31562,"stationname":"Varthuru Police Station","from":"Swamy Vivekananda Metro Station/Isolation Hospital","to":"Attibele Bus Stand","routeno":"327-SA","distance_on_station":0,"centerlat":12.93773,"centerlong":77.74638,"responsecode":200,"isnotify":0,"vehicleDetails":[]},{"routeid":4590,"stationid":22611,"stationname":"Vinayakanagara Varthur","from":"Swamy Vivekananda Metro Station/Isolation Hospital","to":"Attibele Bus Stand","routeno":"327-SA","distance_on_station":0,"centerlat":12.92864,"centerlong":77.73954,"responsecode":200,"isnotify":0,"vehicleDetails":[]},{"routeid":4590,"stationid":32798,"stationname":"Gunjuru","from":"Swamy Vivekananda Metro Station/Isolation Hospital","to":"Attibele Bus Stand","routeno":"327-SA","distance_on_station":0,"centerlat":12.92119,"centerlong":77.73642,"responsecode":200,"isnotify":0,"vehicleDetails":[]},{"routeid":4590,"stationid":22019,"stationname":"Heggondanahalli","from":"Swamy Vivekananda Metro Station/Isolation Hospital","to":"Attibele Bus Stand","routeno":"327-SA","distance_on_station":0,"centerlat":12.906,"centerlong":77.74654,"responsecode":200,"isnotify":0,"vehicleDetails":[]},{"routeid":4590,"stationid":21980,"stationname":"Green Wood High School","from":"Swamy Vivekananda Metro Station/Isolation Hospital","to":"Attibele Bus Stand","routeno":"327-SA","distance_on_station":0,"centerlat":12.90092,"centerlong":77.7479,"responsecode":200,"isnotify":0,"vehicleDetails":[]},{"routeid":4590,"stationid":22562,"stationname":"TISB Boys Hostel","from":"Swamy Vivekananda Metro Station/Isolation Hospital","to":"Attibele Bus Stand","routeno":"327-SA","distance_on_station":0,"centerlat":12.89211,"centerlong":77.7495,"responsecode":200,"isnotify":0,"vehicleDetails":[]},{"routeid":4590,"stationid":35149,"stationname":"Dommasandra Circle","from":"Swamy Vivekananda Metro Station/Isolation Hospital","to":"Attibele Bus Stand","routeno":"327-SA","distance_on_station":0,"centerlat":12.88322,"centerlong":77.75241,"responsecode":200,"isnotify":0,"vehicleDetails":[]},{"routeid":4590,"stationid":23906,"stationname":"Dommasandra","from":"Swamy Vivekananda Metro Station/Isolation Hospital","to":"Attibele Bus Stand","routeno":"327-SA","distance_on_station":0,"centerlat":12.8796,"centerlong":77.75371,"responsecode":200,"isnotify":0,"vehicleDetails":[]},{"routeid":4590,"stationid":22547,"stationname":"Thigalara Chowdenahalli Cross","from":"Swamy Vivekananda Metro Station/Isolation Hospital","to":"Attibele Bus Stand","routeno":"327-SA","distance_on_station":0,"centerlat":12.88176,"centerlong":77.75687,"responsecode":200,"isnotify":0,"vehicleDetails":[]},{"routeid":4590,"stationid":21813,"stationname":"Chambenahalli","from":"Swamy Vivekananda Metro Station/Isolation Hospital","to":"Attibele Bus Stand","routeno":"327-SA","distance_on_station":0,"centerlat":12.8793,"centerlong":77.7617,"responsecode":200,"isnotify":0,"vehicleDetails":[]},{"routeid":4590,"stationid":22629,"stationname":"Yamare","from":"Swamy Vivekananda Metro Station/Isolation Hospital","to":"Attibele Bus Stand","routeno":"327-SA","distance_on_station":0,"centerlat":12.87227,"centerlong":77.76646,"responsecode":200,"isnotify":0,"vehicleDetails":[]},{"routeid":4590,"stationid":21866,"stationname":"Crystal Apartment Sarjapura Road","from":"Swamy Vivekananda Metro Station/Isolation Hospital","to":"Attibele Bus Stand","routeno":"327-SA","distance_on_station":0,"centerlat":12.86759,"centerlong":77.76725,"responsecode":200,"isnotify":0,"vehicleDetails":[]},{"routeid":4590,"stationid":22497,"stationname":"Sompura Gate","from":"Swamy Vivekananda Metro Station/Isolation Hospital","to":"Attibele Bus Stand","routeno":"327-SA","distance_on_station":0,"centerlat":12.86207,"centerlong":77.77213,"responsecode":200,"isnotify":0,"vehicleDetails":[]},{"routeid":4590,"stationid":23907,"stationname":"Sarjapura","from":"Swamy Vivekananda Metro Station/Isolation Hospital","to":"Attibele Bus Stand","routeno":"327-SA","distance_on_station":0,"centerlat":12.86136,"centerlong":77.7856,"responsecode":200,"isnotify":0,"vehicleDetails":[]},{"routeid":4590,"stationid":23570,"stationname":"Sarjapura Circle","from":"Swamy Vivekananda Metro Station/Isolation Hospital","to":"Attibele Bus Stand","routeno":"327-SA","distance_on_station":0,"centerlat":12.86073,"centerlong":77.78363,"responsecode":200,"isnotify":0,"vehicleDetails":[]},{"routeid":4590,"stationid":22110,"stationname":"Handenahalli","from":"Swamy Vivekananda Metro Station/Isolation Hospital","to":"Attibele Bus Stand","routeno":"327-SA","distance_on_station":0,"centerlat":12.85356,"centerlong":77.78255,"responsecode":200,"isnotify":0,"vehicleDetails":[]},{"routeid":4590,"stationid":21950,"stationname":"Garments Factory Borugunte","from":"Swamy Vivekananda Metro Station/Isolation Hospital","to":"Attibele Bus Stand","routeno":"327-SA","distance_on_station":0,"centerlat":12.84531,"centerlong":77.78298,"responsecode":200,"isnotify":0,"vehicleDetails":[]},{"routeid":4590,"stationid":21779,"stationname":"Boorugunte","from":"Swamy Vivekananda Metro Station/Isolation Hospital","to":"Attibele Bus Stand","routeno":"327-SA","distance_on_station":0,"centerlat":12.84214,"centerlong":77.78383,"responsecode":200,"isnotify":0,"vehicleDetails":[]},{"routeid":4590,"stationid":21770,"stationname":"Billapura","from":"Swamy Vivekananda Metro Station/Isolation Hospital","to":"Attibele Bus Stand","routeno":"327-SA","distance_on_station":0,"centerlat":12.83768,"centerlong":77.78504,"responsecode":200,"isnotify":0,"vehicleDetails":[]},{"routeid":4590,"stationid":21937,"stationname":"Exide Gate","from":"Swamy Vivekananda Metro Station/Isolation Hospital","to":"Attibele Bus Stand","routeno":"327-SA","distance_on_station":0,"centerlat":12.83506,"centerlong":77.78538,"responsecode":200,"isnotify":0,"vehicleDetails":[]},{"routeid":4590,"stationid":35183,"stationname":"Thyavakanahalli Gate","from":"Swamy Vivekananda Metro Station/Isolation Hospital","to":"Attibele Bus Stand","routeno":"327-SA","distance_on_station":0,"centerlat":12.82794,"centerlong":77.78634,"responsecode":200,"isnotify":0,"vehicleDetails":[]},{"routeid":4590,"stationid":22435,"stationname":"S Medahalli","from":"Swamy Vivekananda Metro Station/Isolation Hospital","to":"Attibele Bus Stand","routeno":"327-SA","distance_on_station":0,"centerlat":12.82365,"centerlong":77.78618,"responsecode":200,"isnotify":0,"vehicleDetails":[]},{"routeid":4590,"stationid":21758,"stationname":"Silk Farm","from":"Swamy Vivekananda Metro Station/Isolation Hospital","to":"Attibele Bus Stand","routeno":"327-SA","distance_on_station":0,"centerlat":12.81704,"centerlong":77.78543,"responsecode":200,"isnotify":0,"vehicleDetails":[]},{"routeid":4590,"stationid":22515,"stationname":"Sriram Properties","from":"Swamy Vivekananda Metro Station/Isolation Hospital","to":"Attibele Bus Stand","routeno":"327-SA","distance_on_station":0,"centerlat":12.81068,"centerlong":77.78464,"responsecode":200,"isnotify":0,"vehicleDetails":[]},{"routeid":4590,"stationid":21765,"stationname":"Bidaraguppe","from":"Swamy Vivekananda Metro Station/Isolation Hospital","to":"Attibele Bus Stand","routeno":"327-SA","distance_on_station":0,"centerlat":12.80593,"centerlong":77.7836,"responsecode":200,"isnotify":0,"vehicleDetails":[]},{"routeid":4590,"stationid":21645,"stationname":"Anjaneya Temple Bidaraguppe","from":"Swamy Vivekananda Metro Station/Isolation Hospital","to":"Attibele Bus Stand","routeno":"327-SA","distance_on_station":0,"centerlat":12.80086,"centerlong":77.78283,"responsecode":200,"isnotify":0,"vehicleDetails":[]},{"routeid":4590,"stationid":22074,"stationname":"Indlubele","from":"Swamy Vivekananda Metro Station/Isolation Hospital","to":"Attibele Bus Stand","routeno":"327-SA","distance_on_station":0,"centerlat":12.79089,"centerlong":77.77629,"responsecode":200,"isnotify":0,"vehicleDetails":[]},{"routeid":4590,"stationid":22105,"stationname":"Jigala Cross","from":"Swamy Vivekananda Metro Station/Isolation Hospital","to":"Attibele Bus Stand","routeno":"327-SA","distance_on_station":0,"centerlat":12.78206,"centerlong":77.77197,"responsecode":200,"isnotify":0,"vehicleDetails":[]},{"routeid":4590,"stationid":21670,"stationname":"Attibele Bus Stand","from":"Swamy Vivekananda Metro Station/Isolation Hospital","to":"Attibele Bus Stand","routeno":"327-SA","distance_on_station":0,"centerlat":12.77896,"centerlong":77.77086,"responsecode":200,"isnotify":0,"vehicleDetails":[]}],"mapData":[]},"down":{"data":[{"routeid":4592,"stationid":21673,"stationname":"Attibele Bus Stand","from":"Attibele Bus Stand","to":"Swamy Vivekananda Metro Station/Isolation Hospital","routeno":"327-SA","distance_on_station":0,"centerlat":12.77865,"centerlong":77.77077,"responsecode":200,"isnotify":0,"vehicleDetails":[]},{"routeid":4592,"stationid":21672,"stationname":"Attibele Bus Stand","from":"Attibele Bus Stand","to":"Swamy Vivekananda Metro Station/Isolation Hospital","routeno":"327-SA","distance_on_station":0,"centerlat":12.77954,"centerlong":77.77046,"responsecode":200,"isnotify":0,"vehicleDetails":[]},{"routeid":4592,"stationid":22106,"stationname":"Jigala Cross","from":"Attibele Bus Stand","to":"Swamy Vivekananda Metro Station/Isolation Hospital","routeno":"327-SA","distance_on_station":0,"centerlat":12.78208,"centerlong":77.77188,"responsecode":200,"isnotify":0,"vehicleDetails":[]},{"routeid":4592,"stationid":22075,"stationname":"Indlubele","from":"Attibele Bus Stand","to":"Swamy Vivekananda Metro Station/Isolation Hospital","routeno":"327-SA","distance_on_station":0,"centerlat":12.79079,"centerlong":77.77618,"responsecode":200,"isnotify":0,"vehicleDetails":[]},{"routeid":4592,"stationid":21646,"stationname":"Anjaneya Temple Bidaraguppe","from":"Attibele Bus Stand","to":"Swamy Vivekananda Metro Station/Isolation Hospital","routeno":"327-SA","distance_on_station":0,"centerlat":12.80131,"centerlong":77.78276,"responsecode":200,"isnotify":0,"vehicleDetails":[]},{"routeid":4592,"stationid":21764,"stationname":"Bidaraguppe","from":"Attibele Bus Stand","to":"Swamy Vivekananda Metro Station/Isolation Hospital","routeno":"327-SA","distance_on_station":0,"centerlat":12.80585,"centerlong":77.78349,"responsecode":200,"isnotify":0,"vehicleDetails":[]},{"routeid":4592,"stationid":22516,"stationname":"Sriram Properties","from":"Attibele Bus Stand","to":"Swamy Vivekananda Metro Station/Isolation Hospital","routeno":"327-SA","distance_on_station":0,"centerlat":12.81145,"centerlong":77.78476,"responsecode":200,"isnotify":0,"vehicleDetails":[]},{"routeid":4592,"stationid":22490,"stationname":"Silk Farm","from":"Attibele Bus Stand","to":"Swamy Vivekananda Metro Station/Isolation Hospital","routeno":"327-SA","distance_on_station":0,"centerlat":12.81695,"centerlong":77.78539,"responsecode":200,"isnotify":0,"vehicleDetails":[]},{"routeid":4592,"stationid":22436,"stationname":"S Medahalli","from":"Attibele Bus Stand","to":"Swamy Vivekananda Metro Station/Isolation Hospital","routeno":"327-SA","distance_on_station":0,"centerlat":12.82387,"centerlong":77.78611,"responsecode":200,"isnotify":0,"vehicleDetails":[]},{"routeid":4592,"stationid":22559,"stationname":"Thyavakanahalli Gate","from":"Attibele Bus Stand","to":"Swamy Vivekananda Metro Station/Isolation Hospital","routeno":"327-SA","distance_on_station":0,"centerlat":12.82757,"centerlong":77.78636,"responsecode":200,"isnotify":0,"vehicleDetails":[]},{"routeid":4592,"stationid":21938,"stationname":"Exide Gate","from":"Attibele Bus Stand","to":"Swamy Vivekananda Metro Station/Isolation Hospital","routeno":"327-SA","distance_on_station":0,"centerlat":12.83499,"centerlong":77.78529,"responsecode":200,"isnotify":0,"vehicleDetails":[]},{"routeid":4592,"stationid":21771,"stationname":"Billapura","from":"Attibele Bus Stand","to":"Swamy Vivekananda Metro Station/Isolation Hospital","routeno":"327-SA","distance_on_station":0,"centerlat":12.83742,"centerlong":77.785,"responsecode":200,"isnotify":0,"vehicleDetails":[]},{"routeid":4592,"stationid":21780,"stationname":"Boorugunte","from":"Attibele Bus Stand","to":"Swamy Vivekananda Metro Station/Isolation Hospital","routeno":"327-SA","distance_on_station":0,"centerlat":12.84205,"centerlong":77.78377,"responsecode":200,"isnotify":0,"vehicleDetails":[]},{"routeid":4592,"stationid":21951,"stationname":"Garments Factory Borugunte","from":"Attibele Bus Stand","to":"Swamy Vivekananda Metro Station/Isolation Hospital","routeno":"327-SA","distance_on_station":0,"centerlat":12.84467,"centerlong":77.78306,"responsecode":200,"isnotify":0,"vehicleDetails":[]},{"routeid":4592,"stationid":22111,"stationname":"Handenahalli","from":"Attibele Bus Stand","to":"Swamy Vivekananda Metro Station/Isolation Hospital","routeno":"327-SA","distance_on_station":0,"centerlat":12.85363,"centerlong":77.7824,"responsecode":200,"isnotify":0,"vehicleDetails":[]},{"routeid":4592,"stationid":22462,"stationname":"Sarjapura","from":"Attibele Bus Stand","to":"Swamy Vivekananda Metro Station/Isolation Hospital","routeno":"327-SA","distance_on_station":0,"centerlat":12.86125,"centerlong":77.78568,"responsecode":200,"isnotify":0,"vehicleDetails":[]},{"routeid":4592,"stationid":22392,"stationname":"Sarjapura Circle","from":"Attibele Bus Stand","to":"Swamy Vivekananda Metro Station/Isolation Hospital","routeno":"327-SA","distance_on_station":0,"centerlat":12.86089,"centerlong":77.78331,"responsecode":200,"isnotify":0,"vehicleDetails":[]},{"routeid":4592,"stationid":22500,"stationname":"Sompura Gate","from":"Attibele Bus Stand","to":"Swamy Vivekananda Metro Station/Isolation Hospital","routeno":"327-SA","distance_on_station":0,"centerlat":12.86202,"centerlong":77.772,"responsecode":200,"isnotify":0,"vehicleDetails":[]},{"routeid":4592,"stationid":21867,"stationname":"Crystal Apartment Sarjapura Road","from":"Attibele Bus Stand","to":"Swamy Vivekananda Metro Station/Isolation Hospital","routeno":"327-SA","distance_on_station":0,"centerlat":12.8677,"centerlong":77.76709,"responsecode":200,"isnotify":0,"vehicleDetails":[]},{"routeid":4592,"stationid":22630,"stationname":"Yamare","from":"Attibele Bus Stand","to":"Swamy Vivekananda Metro Station/Isolation Hospital","routeno":"327-SA","distance_on_station":0,"centerlat":12.87198,"centerlong":77.76652,"responsecode":200,"isnotify":0,"vehicleDetails":[]},{"routeid":4592,"stationid":21814,"stationname":"Chambenahalli","from":"Attibele Bus Stand","to":"Swamy Vivekananda Metro Station/Isolation Hospital","routeno":"327-SA","distance_on_station":0,"centerlat":12.87932,"centerlong":77.7616,"responsecode":200,"isnotify":0,"vehicleDetails":[]},{"routeid":4592,"stationid":22546,"stationname":"Thigalara Chowdenahalli Cross","from":"Attibele Bus Stand","to":"Swamy Vivekananda Metro Station/Isolation Hospital","routeno":"327-SA","distance_on_station":0,"centerlat":12.88172,"centerlong":77.75677,"responsecode":200,"isnotify":0,"vehicleDetails":[]},{"routeid":4592,"stationid":23909,"stationname":"Dommasandra","from":"Attibele Bus Stand","to":"Swamy Vivekananda Metro Station/Isolation Hospital","routeno":"327-SA","distance_on_station":0,"centerlat":12.87953,"centerlong":77.75375,"responsecode":200,"isnotify":0,"vehicleDetails":[]},{"routeid":4592,"stationid":35237,"stationname":"Dommasandra Circle","from":"Attibele Bus Stand","to":"Swamy Vivekananda Metro Station/Isolation Hospital","routeno":"327-SA","distance_on_station":0,"centerlat":12.88311,"centerlong":77.75246,"responsecode":200,"isnotify":0,"vehicleDetails":[]},{"routeid":4592,"stationid":22563,"stationname":"TISB Boys Hostel","from":"Attibele Bus Stand","to":"Swamy Vivekananda Metro Station/Isolation Hospital","routeno":"327-SA","distance_on_station":0,"centerlat":12.89192,"centerlong":77.74945,"responsecode":200,"isnotify":0,"vehicleDetails":[]},{"routeid":4592,"stationid":21981,"stationname":"Green Wood High School","from":"Attibele Bus Stand","to":"Swamy Vivekananda Metro Station/Isolation Hospital","routeno":"327-SA","distance_on_station":0,"centerlat":12.90114,"centerlong":77.74775,"responsecode":200,"isnotify":0,"vehicleDetails":[]},{"routeid":4592,"stationid":22020,"stationname":"Heggondanahalli","from":"Attibele Bus Stand","to":"Swamy Vivekananda Metro Station/Isolation Hospital","routeno":"327-SA","distance_on_station":0,"centerlat":12.90598,"centerlong":77.74644,"responsecode":200,"isnotify":0,"vehicleDetails":[]},{"routeid":4592,"stationid":21997,"stationname":"Gunjuru","from":"Attibele Bus Stand","to":"Swamy Vivekananda Metro Station/Isolation Hospital","routeno":"327-SA","distance_on_station":0,"centerlat":12.92142,"centerlong":77.73638,"responsecode":200,"isnotify":0,"vehicleDetails":[]},{"routeid":4592,"stationid":22612,"stationname":"Vinayakanagara Varthur","from":"Attibele Bus Stand","to":"Swamy Vivekananda Metro Station/Isolation Hospital","routeno":"327-SA","distance_on_station":0,"centerlat":12.92883,"centerlong":77.73962,"responsecode":200,"isnotify":0,"vehicleDetails":[]},{"routeid":4592,"stationid":34913,"stationname":"Varthuru Police Station","from":"Attibele Bus Stand","to":"Swamy Vivekananda Metro Station/Isolation Hospital","routeno":"327-SA","distance_on_station":0,"centerlat":12.93828,"centerlong":77.74692,"responsecode":200,"isnotify":0,"vehicleDetails":[]},{"routeid":4592,"stationid":22580,"stationname":"Varthuru","from":"Attibele Bus Stand","to":"Swamy Vivekananda Metro Station/Isolation Hospital","routeno":"327-SA","distance_on_station":0,"centerlat":12.94016,"centerlong":77.74727,"responsecode":200,"isnotify":0,"vehicleDetails":[]},{"routeid":4592,"stationid":22582,"stationname":"Varthuru Govt College","from":"Attibele Bus Stand","to":"Swamy Vivekananda Metro Station/Isolation Hospital","routeno":"327-SA","distance_on_station":0,"centerlat":12.94276,"centerlong":77.74697,"responsecode":200,"isnotify":0,"vehicleDetails":[]},{"routeid":4592,"stationid":22829,"stationname":"Varthur Kodi","from":"Attibele Bus Stand","to":"Swamy Vivekananda Metro Station/Isolation Hospital","routeno":"327-SA","distance_on_station":0,"centerlat":12.95664,"centerlong":77.74472,"responsecode":200,"isnotify":0,"vehicleDetails":[]},{"routeid":4592,"stationid":22413,"stationname":"Ramagondanahalli","from":"Attibele Bus Stand","to":"Swamy Vivekananda Metro Station/Isolation Hospital","routeno":"327-SA","distance_on_station":0,"centerlat":12.95695,"centerlong":77.73949,"responsecode":200,"isnotify":0,"vehicleDetails":[]},{"routeid":4592,"stationid":22488,"stationname":"Siddapura","from":"Attibele Bus Stand","to":"Swamy Vivekananda Metro Station/Isolation Hospital","routeno":"327-SA","distance_on_station":0,"centerlat":12.95607,"centerlong":77.73057,"responsecode":200,"isnotify":0,"vehicleDetails":[]},{"routeid":4592,"stationid":22558,"stationname":"Thubarahalli","from":"Attibele Bus Stand","to":"Swamy Vivekananda Metro Station/Isolation Hospital","routeno":"327-SA","distance_on_station":0,"centerlat":12.95575,"centerlong":77.72042,"responsecode":200,"isnotify":0,"vehicleDetails":[]},{"routeid":4592,"stationid":20959,"stationname":"Kundalahalli Gate","from":"Attibele Bus Stand","to":"Swamy Vivekananda Metro Station/Isolation Hospital","routeno":"327-SA","distance_on_station":0,"centerlat":12.95592,"centerlong":77.71378,"responsecode":200,"isnotify":0,"vehicleDetails":[]},{"routeid":4592,"stationid":21037,"stationname":"Munnekolalu Cross (Spice Garden)","from":"Attibele Bus Stand","to":"Swamy Vivekananda Metro Station/Isolation Hospital","routeno":"327-SA","distance_on_station":0,"centerlat":12.95628,"centerlong":77.70928,"responsecode":200,"isnotify":0,"vehicleDetails":[]},{"routeid":4592,"stationid":22662,"stationname":"Marathahalli Bridge","from":"Attibele Bus Stand","to":"Swamy Vivekananda Metro Station/Isolation Hospital","routeno":"327-SA","distance_on_station":0,"centerlat":12.95694,"centerlong":77.70062,"responsecode":200,"isnotify":0,"vehicleDetails":[]},{"routeid":4592,"stationid":22261,"stationname":"Marathahalli","from":"Attibele Bus Stand","to":"Swamy Vivekananda Metro Station/Isolation Hospital","routeno":"327-SA","distance_on_station":0,"centerlat":12.95611,"centerlong":77.69372,"responsecode":200,"isnotify":0,"vehicleDetails":[]},{"routeid":4592,"stationid":22628,"stationname":"Yamalur Cross","from":"Attibele Bus Stand","to":"Swamy Vivekananda Metro Station/Isolation Hospital","routeno":"327-SA","distance_on_station":0,"centerlat":12.95498,"centerlong":77.68756,"responsecode":200,"isnotify":0,"vehicleDetails":[]},{"routeid":4592,"stationid":22002,"stationname":"HAL Kalyana Mantap","from":"Attibele Bus Stand","to":"Swamy Vivekananda Metro Station/Isolation Hospital","routeno":"327-SA","distance_on_station":0,"centerlat":12.95448,"centerlong":77.68225,"responsecode":200,"isnotify":0,"vehicleDetails":[]},{"routeid":4592,"stationid":22022,"stationname":"Helicopter Division","from":"Attibele Bus Stand","to":"Swamy Vivekananda Metro Station/Isolation Hospital","routeno":"327-SA","distance_on_station":0,"centerlat":12.95662,"centerlong":77.67535,"responsecode":200,"isnotify":0,"vehicleDetails":[]},{"routeid":4592,"stationid":39490,"stationname":"HAL Admin Gate","from":"Attibele Bus Stand","to":"Swamy Vivekananda Metro Station/Isolation Hospital","routeno":"327-SA","distance_on_station":0,"centerlat":12.95801,"centerlong":77.6693,"responsecode":200,"isnotify":0,"vehicleDetails":[]},{"routeid":4592,"stationid":22004,"stationname":"HAL Main Gate","from":"Attibele Bus Stand","to":"Swamy Vivekananda Metro Station/Isolation Hospital","routeno":"327-SA","distance_on_station":0,"centerlat":12.95854,"centerlong":77.66505,"responsecode":200,"isnotify":0,"vehicleDetails":[]},{"routeid":4592,"stationid":22194,"stationname":"Konena Agrahara","from":"Attibele Bus Stand","to":"Swamy Vivekananda Metro Station/Isolation Hospital","routeno":"327-SA","distance_on_station":0,"centerlat":12.95902,"centerlong":77.65946,"responsecode":200,"isnotify":0,"vehicleDetails":[]},{"routeid":4592,"stationid":22485,"stationname":"Murugeshpalya","from":"Attibele Bus Stand","to":"Swamy Vivekananda Metro Station/Isolation Hospital","routeno":"327-SA","distance_on_station":0,"centerlat":12.95927,"centerlong":77.65611,"responsecode":200,"isnotify":0,"vehicleDetails":[]},{"routeid":4592,"stationid":22337,"stationname":"NAL Manipal Hospital","from":"Attibele Bus Stand","to":"Swamy Vivekananda Metro Station/Isolation Hospital","routeno":"327-SA","distance_on_station":0,"centerlat":12.95961,"centerlong":77.64991,"responsecode":200,"isnotify":0,"vehicleDetails":[]},{"routeid":4592,"stationid":22179,"stationname":"Kodihalli","from":"Attibele Bus Stand","to":"Swamy Vivekananda Metro Station/Isolation Hospital","routeno":"327-SA","distance_on_station":0,"centerlat":12.95997,"centerlong":77.64687,"responsecode":200,"isnotify":0,"vehicleDetails":[]},{"routeid":4592,"stationid":35940,"stationname":"Dhoopanahalli","from":"Attibele Bus Stand","to":"Swamy Vivekananda Metro Station/Isolation Hospital","routeno":"327-SA","distance_on_station":0,"centerlat":12.96354,"centerlong":77.64156,"responsecode":200,"isnotify":0,"vehicleDetails":[]},{"routeid":4592,"stationid":22073,"stationname":"Indiranagara 100ft Road","from":"Attibele Bus Stand","to":"Swamy Vivekananda Metro Station/Isolation Hospital","routeno":"327-SA","distance_on_station":0,"centerlat":12.96658,"centerlong":77.64141,"responsecode":200,"isnotify":0,"vehicleDetails":[]},{"routeid":4592,"stationid":22361,"stationname":"New Horizon School","from":"Attibele Bus Stand","to":"Swamy Vivekananda Metro Station/Isolation Hospital","routeno":"327-SA","distance_on_station":0,"centerlat":12.9689,"centerlong":77.64129,"responsecode":200,"isnotify":0,"vehicleDetails":[]},{"routeid":4592,"stationid":26131,"stationname":"Indiranagara 12th Main","from":"Attibele Bus Stand","to":"Swamy Vivekananda Metro Station/Isolation Hospital","routeno":"327-SA","distance_on_station":0,"centerlat":12.97026,"centerlong":77.64122,"responsecode":200,"isnotify":0,"vehicleDetails":[]},{"routeid":4592,"stationid":22000,"stationname":"Indiranagara 6th Main","from":"Attibele Bus Stand","to":"Swamy Vivekananda Metro Station/Isolation Hospital","routeno":"327-SA","distance_on_station":0,"centerlat":12.974,"centerlong":77.64103,"responsecode":200,"isnotify":0,"vehicleDetails":[]},{"routeid":4592,"stationid":22389,"stationname":"Indiranagara Police Station/KFC","from":"Attibele Bus Stand","to":"Swamy Vivekananda Metro Station/Isolation Hospital","routeno":"327-SA","distance_on_station":0,"centerlat":12.97857,"centerlong":77.6408,"responsecode":200,"isnotify":0,"vehicleDetails":[]},{"routeid":4592,"stationid":35957,"stationname":"Binnamangala","from":"Attibele Bus Stand","to":"Swamy Vivekananda Metro Station/Isolation Hospital","routeno":"327-SA","distance_on_station":0,"centerlat":12.98368,"centerlong":77.64049,"responsecode":200,"isnotify":0,"vehicleDetails":[]},{"routeid":4592,"stationid":22527,"stationname":"Swamy Vivekananda Metro Station/Isolation Hospital","from":"Attibele Bus Stand","to":"Swamy Vivekananda Metro Station/Isolation Hospital","routeno":"327-SA","distance_on_station":0,"centerlat":12.9859,"centerlong":77.6452,"responsecode":200,"isnotify":0,"vehicleDetails":[]}],"mapData":[]},"message":"Success","issuccess":true,"exception":null,"rowCount":0,"responsecode":200}