{"up":{"data":[{"routeid":1812,"stationid":22199,"stationname":"KR Market","from":"KR Market","to":"Attibele Bus Stand","routeno":"327-C","distance_on_station":0,"centerlat":12.96437,"centerlong":77.57736,"responsecode":200,"isnotify":0,"vehicleDetails":[]},{"routeid":1812,"stationid":21231,"stationname":"Town Hall","from":"KR Market","to":"Attibele Bus Stand","routeno":"327-C","distance_on_station":0,"centerlat":12.96384,"centerlong":77.58434,"responsecode":200,"isnotify":0,"vehicleDetails":[]},{"routeid":1812,"stationid":20726,"stationname":"Corporation","from":"KR Market","to":"Attibele Bus Stand","routeno":"327-C","distance_on_station":0,"centerlat":12.9682,"centerlong":77.58936,"responsecode":200,"isnotify":0,"vehicleDetails":[]},{"routeid":1812,"stationid":21193,"stationname":"St Josephs Indian School/ Malya Hospital","from":"KR Market","to":"Attibele Bus Stand","routeno":"327-C","distance_on_station":0,"centerlat":12.97052,"centerlong":77.5943,"responsecode":200,"isnotify":0,"vehicleDetails":[]},{"routeid":1812,"stationid":21125,"stationname":"Richmond Circle","from":"KR Market","to":"Attibele Bus Stand","routeno":"327-C","distance_on_station":0,"centerlat":12.96738,"centerlong":77.59946,"responsecode":200,"isnotify":0,"vehicleDetails":[]},{"routeid":1812,"stationid":21194,"stationname":"St Joseph College","from":"KR Market","to":"Attibele Bus Stand","routeno":"327-C","distance_on_station":0,"centerlat":12.97036,"centerlong":77.60368,"responsecode":200,"isnotify":0,"vehicleDetails":[]},{"routeid":1812,"stationid":22279,"stationname":"Mayohall","from":"KR Market","to":"Attibele Bus Stand","routeno":"327-C","distance_on_station":0,"centerlat":12.97349,"centerlong":77.61051,"responsecode":200,"isnotify":0,"vehicleDetails":[]},{"routeid":1812,"stationid":22697,"stationname":"Garuda Mall","from":"KR Market","to":"Attibele Bus Stand","routeno":"327-C","distance_on_station":0,"centerlat":12.97026,"centerlong":77.61066,"responsecode":200,"isnotify":0,"vehicleDetails":[]},{"routeid":1812,"stationid":22058,"stationname":"Hosmat Hospital","from":"KR Market","to":"Attibele Bus Stand","routeno":"327-C","distance_on_station":0,"centerlat":12.96879,"centerlong":77.61333,"responsecode":200,"isnotify":0,"vehicleDetails":[]},{"routeid":1812,"stationid":22287,"stationname":"Military Accounts Office","from":"KR Market","to":"Attibele Bus Stand","routeno":"327-C","distance_on_station":0,"centerlat":12.96694,"centerlong":77.62089,"responsecode":200,"isnotify":0,"vehicleDetails":[]},{"routeid":1812,"stationid":21864,"stationname":"Commando Hospital","from":"KR Market","to":"Attibele Bus Stand","routeno":"327-C","distance_on_station":0,"centerlat":12.96364,"centerlong":77.62641,"responsecode":200,"isnotify":0,"vehicleDetails":[]},{"routeid":1812,"stationid":21914,"stationname":"Domlur","from":"KR Market","to":"Attibele Bus Stand","routeno":"327-C","distance_on_station":0,"centerlat":12.96111,"centerlong":77.63809,"responsecode":200,"isnotify":0,"vehicleDetails":[]},{"routeid":1812,"stationid":21917,"stationname":"Domlur Flyover","from":"KR Market","to":"Attibele Bus Stand","routeno":"327-C","distance_on_station":0,"centerlat":12.96048,"centerlong":77.64352,"responsecode":200,"isnotify":0,"vehicleDetails":[]},{"routeid":1812,"stationid":22178,"stationname":"Kodihalli","from":"KR Market","to":"Attibele Bus Stand","routeno":"327-C","distance_on_station":0,"centerlat":12.96,"centerlong":77.64758,"responsecode":200,"isnotify":0,"vehicleDetails":[]},{"routeid":1812,"stationid":22336,"stationname":"NAL/Manipal Hospital","from":"KR Market","to":"Attibele Bus Stand","routeno":"327-C","distance_on_station":0,"centerlat":12.95964,"centerlong":77.65076,"responsecode":200,"isnotify":0,"vehicleDetails":[]},{"routeid":1812,"stationid":22316,"stationname":"Murugeshpalya","from":"KR Market","to":"Attibele Bus Stand","routeno":"327-C","distance_on_station":0,"centerlat":12.95936,"centerlong":77.65618,"responsecode":200,"isnotify":0,"vehicleDetails":[]},{"routeid":1812,"stationid":22193,"stationname":"Konena Agrahara","from":"KR Market","to":"Attibele Bus Stand","routeno":"327-C","distance_on_station":0,"centerlat":12.95914,"centerlong":77.65962,"responsecode":200,"isnotify":0,"vehicleDetails":[]},{"routeid":1812,"stationid":22003,"stationname":"HAL Main Gate","from":"KR Market","to":"Attibele Bus Stand","routeno":"327-C","distance_on_station":0,"centerlat":12.95821,"centerlong":77.66821,"responsecode":200,"isnotify":0,"vehicleDetails":[]},{"routeid":1812,"stationid":39489,"stationname":"HAL Admin Gate","from":"KR Market","to":"Attibele Bus Stand","routeno":"327-C","distance_on_station":0,"centerlat":12.95813,"centerlong":77.66949,"responsecode":200,"isnotify":0,"vehicleDetails":[]},{"routeid":1812,"stationid":22021,"stationname":"Helicopter Division","from":"KR Market","to":"Attibele Bus Stand","routeno":"327-C","distance_on_station":0,"centerlat":12.95582,"centerlong":77.67735,"responsecode":200,"isnotify":0,"vehicleDetails":[]},{"routeid":1812,"stationid":22001,"stationname":"HAL Kalyana Mantap","from":"KR Market","to":"Attibele Bus Stand","routeno":"327-C","distance_on_station":0,"centerlat":12.9546,"centerlong":77.68215,"responsecode":200,"isnotify":0,"vehicleDetails":[]},{"routeid":1812,"stationid":22627,"stationname":"Yamalur Cross","from":"KR Market","to":"Attibele Bus Stand","routeno":"327-C","distance_on_station":0,"centerlat":12.95525,"centerlong":77.68829,"responsecode":200,"isnotify":0,"vehicleDetails":[]},{"routeid":1812,"stationid":22260,"stationname":"Marathahalli","from":"KR Market","to":"Attibele Bus Stand","routeno":"327-C","distance_on_station":0,"centerlat":12.95626,"centerlong":77.69409,"responsecode":200,"isnotify":0,"vehicleDetails":[]},{"routeid":1812,"stationid":22668,"stationname":"Marathahalli Bridge","from":"KR Market","to":"Attibele Bus Stand","routeno":"327-C","distance_on_station":0,"centerlat":12.9569,"centerlong":77.70215,"responsecode":200,"isnotify":0,"vehicleDetails":[]},{"routeid":1812,"stationid":21038,"stationname":"Munnekolalu Cross (Spice Garden)","from":"KR Market","to":"Attibele Bus Stand","routeno":"327-C","distance_on_station":0,"centerlat":12.9564,"centerlong":77.70927,"responsecode":200,"isnotify":0,"vehicleDetails":[]},{"routeid":1812,"stationid":22215,"stationname":"Kundalahalli Gate","from":"KR Market","to":"Attibele Bus Stand","routeno":"327-C","distance_on_station":0,"centerlat":12.95593,"centerlong":77.71574,"responsecode":200,"isnotify":0,"vehicleDetails":[]},{"routeid":1812,"stationid":22557,"stationname":"Thubarahalli","from":"KR Market","to":"Attibele Bus Stand","routeno":"327-C","distance_on_station":0,"centerlat":12.95592,"centerlong":77.72057,"responsecode":200,"isnotify":0,"vehicleDetails":[]},{"routeid":1812,"stationid":22487,"stationname":"Siddapura","from":"KR Market","to":"Attibele Bus Stand","routeno":"327-C","distance_on_station":0,"centerlat":12.95634,"centerlong":77.73191,"responsecode":200,"isnotify":0,"vehicleDetails":[]},{"routeid":1812,"stationid":22412,"stationname":"Ramagondanahalli","from":"KR Market","to":"Attibele Bus Stand","routeno":"327-C","distance_on_station":0,"centerlat":12.95704,"centerlong":77.74039,"responsecode":200,"isnotify":0,"vehicleDetails":[]},{"routeid":1812,"stationid":22578,"stationname":"Varthur Kodi","from":"KR Market","to":"Attibele Bus Stand","routeno":"327-C","distance_on_station":0,"centerlat":12.95642,"centerlong":77.74524,"responsecode":200,"isnotify":0,"vehicleDetails":[]},{"routeid":1812,"stationid":22581,"stationname":"Varthuru Govt College","from":"KR Market","to":"Attibele Bus Stand","routeno":"327-C","distance_on_station":0,"centerlat":12.94221,"centerlong":77.74711,"responsecode":200,"isnotify":0,"vehicleDetails":[]},{"routeid":1812,"stationid":22579,"stationname":"Varthuru","from":"KR Market","to":"Attibele Bus Stand","routeno":"327-C","distance_on_station":0,"centerlat":12.94011,"centerlong":77.74735,"responsecode":200,"isnotify":0,"vehicleDetails":[]},{"routeid":1812,"stationid":31562,"stationname":"Varthuru Police Station","from":"KR Market","to":"Attibele Bus Stand","routeno":"327-C","distance_on_station":0,"centerlat":12.93773,"centerlong":77.74638,"responsecode":200,"isnotify":0,"vehicleDetails":[]},{"routeid":1812,"stationid":22611,"stationname":"Vinayakanagara Varthur","from":"KR Market","to":"Attibele Bus Stand","routeno":"327-C","distance_on_station":0,"centerlat":12.92864,"centerlong":77.73954,"responsecode":200,"isnotify":0,"vehicleDetails":[]},{"routeid":1812,"stationid":32798,"stationname":"Gunjuru","from":"KR Market","to":"Attibele Bus Stand","routeno":"327-C","distance_on_station":0,"centerlat":12.92119,"centerlong":77.73642,"responsecode":200,"isnotify":0,"vehicleDetails":[]},{"routeid":1812,"stationid":22019,"stationname":"Heggondanahalli","from":"KR Market","to":"Attibele Bus Stand","routeno":"327-C","distance_on_station":0,"centerlat":12.906,"centerlong":77.74654,"responsecode":200,"isnotify":0,"vehicleDetails":[]},{"routeid":1812,"stationid":21980,"stationname":"Green Wood High School","from":"KR Market","to":"Attibele Bus Stand","routeno":"327-C","distance_on_station":0,"centerlat":12.90092,"centerlong":77.7479,"responsecode":200,"isnotify":0,"vehicleDetails":[]},{"routeid":1812,"stationid":22562,"stationname":"TISB Boys Hostel","from":"KR Market","to":"Attibele Bus Stand","routeno":"327-C","distance_on_station":0,"centerlat":12.89211,"centerlong":77.7495,"responsecode":200,"isnotify":0,"vehicleDetails":[]},{"routeid":1812,"stationid":35149,"stationname":"Dommasandra Circle","from":"KR Market","to":"Attibele Bus Stand","routeno":"327-C","distance_on_station":0,"centerlat":12.88322,"centerlong":77.75241,"responsecode":200,"isnotify":0,"vehicleDetails":[]},{"routeid":1812,"stationid":23906,"stationname":"Dommasandra","from":"KR Market","to":"Attibele Bus Stand","routeno":"327-C","distance_on_station":0,"centerlat":12.8796,"centerlong":77.75371,"responsecode":200,"isnotify":0,"vehicleDetails":[]},{"routeid":1812,"stationid":22547,"stationname":"Thigalara Chowdenahalli Cross","from":"KR Market","to":"Attibele Bus Stand","routeno":"327-C","distance_on_station":0,"centerlat":12.88176,"centerlong":77.75687,"responsecode":200,"isnotify":0,"vehicleDetails":[]},{"routeid":1812,"stationid":21813,"stationname":"Chambenahalli","from":"KR Market","to":"Attibele Bus Stand","routeno":"327-C","distance_on_station":0,"centerlat":12.8793,"centerlong":77.7617,"responsecode":200,"isnotify":0,"vehicleDetails":[]},{"routeid":1812,"stationid":22629,"stationname":"Yamare","from":"KR Market","to":"Attibele Bus Stand","routeno":"327-C","distance_on_station":0,"centerlat":12.87227,"centerlong":77.76646,"responsecode":200,"isnotify":0,"vehicleDetails":[]},{"routeid":1812,"stationid":21866,"stationname":"Crystal Apartment Sarjapura Road","from":"KR Market","to":"Attibele Bus Stand","routeno":"327-C","distance_on_station":0,"centerlat":12.86759,"centerlong":77.76725,"responsecode":200,"isnotify":0,"vehicleDetails":[]},{"routeid":1812,"stationid":22497,"stationname":"Sompura Gate","from":"KR Market","to":"Attibele Bus Stand","routeno":"327-C","distance_on_station":0,"centerlat":12.86207,"centerlong":77.77213,"responsecode":200,"isnotify":0,"vehicleDetails":[]},{"routeid":1812,"stationid":22391,"stationname":"Sarjapura Circle","from":"KR Market","to":"Attibele Bus Stand","routeno":"327-C","distance_on_station":0,"centerlat":12.86102,"centerlong":77.78352,"responsecode":200,"isnotify":0,"vehicleDetails":[]},{"routeid":1812,"stationid":22462,"stationname":"Sarjapura","from":"KR Market","to":"Attibele Bus Stand","routeno":"327-C","distance_on_station":0,"centerlat":12.86125,"centerlong":77.78568,"responsecode":200,"isnotify":0,"vehicleDetails":[]},{"routeid":1812,"stationid":23570,"stationname":"Sarjapura Circle","from":"KR Market","to":"Attibele Bus Stand","routeno":"327-C","distance_on_station":0,"centerlat":12.86073,"centerlong":77.78363,"responsecode":200,"isnotify":0,"vehicleDetails":[]},{"routeid":1812,"stationid":22110,"stationname":"Handenahalli","from":"KR Market","to":"Attibele Bus Stand","routeno":"327-C","distance_on_station":0,"centerlat":12.85356,"centerlong":77.78255,"responsecode":200,"isnotify":0,"vehicleDetails":[]},{"routeid":1812,"stationid":21950,"stationname":"Garments Factory Borugunte","from":"KR Market","to":"Attibele Bus Stand","routeno":"327-C","distance_on_station":0,"centerlat":12.84531,"centerlong":77.78298,"responsecode":200,"isnotify":0,"vehicleDetails":[]},{"routeid":1812,"stationid":21779,"stationname":"Boorugunte","from":"KR Market","to":"Attibele Bus Stand","routeno":"327-C","distance_on_station":0,"centerlat":12.84214,"centerlong":77.78383,"responsecode":200,"isnotify":0,"vehicleDetails":[]},{"routeid":1812,"stationid":21770,"stationname":"Billapura","from":"KR Market","to":"Attibele Bus Stand","routeno":"327-C","distance_on_station":0,"centerlat":12.83768,"centerlong":77.78504,"responsecode":200,"isnotify":0,"vehicleDetails":[]},{"routeid":1812,"stationid":21937,"stationname":"Exide Gate","from":"KR Market","to":"Attibele Bus Stand","routeno":"327-C","distance_on_station":0,"centerlat":12.83506,"centerlong":77.78538,"responsecode":200,"isnotify":0,"vehicleDetails":[]},{"routeid":1812,"stationid":35183,"stationname":"Thyavakanahalli Gate","from":"KR Market","to":"Attibele Bus Stand","routeno":"327-C","distance_on_station":0,"centerlat":12.82794,"centerlong":77.78634,"responsecode":200,"isnotify":0,"vehicleDetails":[]},{"routeid":1812,"stationid":22435,"stationname":"S Medahalli","from":"KR Market","to":"Attibele Bus Stand","routeno":"327-C","distance_on_station":0,"centerlat":12.82365,"centerlong":77.78618,"responsecode":200,"isnotify":0,"vehicleDetails":[]},{"routeid":1812,"stationid":21758,"stationname":"Silk Farm","from":"KR Market","to":"Attibele Bus Stand","routeno":"327-C","distance_on_station":0,"centerlat":12.81704,"centerlong":77.78543,"responsecode":200,"isnotify":0,"vehicleDetails":[]},{"routeid":1812,"stationid":22515,"stationname":"Sriram Properties","from":"KR Market","to":"Attibele Bus Stand","routeno":"327-C","distance_on_station":0,"centerlat":12.81068,"centerlong":77.78464,"responsecode":200,"isnotify":0,"vehicleDetails":[]},{"routeid":1812,"stationid":21765,"stationname":"Bidaraguppe","from":"KR Market","to":"Attibele Bus Stand","routeno":"327-C","distance_on_station":0,"centerlat":12.80593,"centerlong":77.7836,"responsecode":200,"isnotify":0,"vehicleDetails":[]},{"routeid":1812,"stationid":21645,"stationname":"Anjaneya Temple Bidaraguppe","from":"KR Market","to":"Attibele Bus Stand","routeno":"327-C","distance_on_station":0,"centerlat":12.80086,"centerlong":77.78283,"responsecode":200,"isnotify":0,"vehicleDetails":[]},{"routeid":1812,"stationid":22074,"stationname":"Indlubele","from":"KR Market","to":"Attibele Bus Stand","routeno":"327-C","distance_on_station":0,"centerlat":12.79089,"centerlong":77.77629,"responsecode":200,"isnotify":0,"vehicleDetails":[]},{"routeid":1812,"stationid":22105,"stationname":"Jigala Cross","from":"KR Market","to":"Attibele Bus Stand","routeno":"327-C","distance_on_station":0,"centerlat":12.78206,"centerlong":77.77197,"responsecode":200,"isnotify":0,"vehicleDetails":[]},{"routeid":1812,"stationid":21670,"stationname":"Attibele Bus Stand","from":"KR Market","to":"Attibele Bus Stand","routeno":"327-C","distance_on_station":0,"centerlat":12.77896,"centerlong":77.77086,"responsecode":200,"isnotify":0,"vehicleDetails":[]}],"mapData":[]},"down":{"data":[{"routeid":1813,"stationid":21673,"stationname":"Attibele Bus Stand","from":"Attibele Bus Stand","to":"KR Market","routeno":"327-C","distance_on_station":0,"centerlat":12.77865,"centerlong":77.77077,"responsecode":200,"isnotify":0,"vehicleDetails":[]},{"routeid":1813,"stationid":21672,"stationname":"Attibele Bus Stand","from":"Attibele Bus Stand","to":"KR Market","routeno":"327-C","distance_on_station":0,"centerlat":12.77954,"centerlong":77.77046,"responsecode":200,"isnotify":0,"vehicleDetails":[]},{"routeid":1813,"stationid":22106,"stationname":"Jigala Cross","from":"Attibele Bus Stand","to":"KR Market","routeno":"327-C","distance_on_station":0,"centerlat":12.78208,"centerlong":77.77188,"responsecode":200,"isnotify":0,"vehicleDetails":[]},{"routeid":1813,"stationid":22075,"stationname":"Indlubele","from":"Attibele Bus Stand","to":"KR Market","routeno":"327-C","distance_on_station":0,"centerlat":12.79079,"centerlong":77.77618,"responsecode":200,"isnotify":0,"vehicleDetails":[]},{"routeid":1813,"stationid":21646,"stationname":"Anjaneya Temple Bidaraguppe","from":"Attibele Bus Stand","to":"KR Market","routeno":"327-C","distance_on_station":0,"centerlat":12.80131,"centerlong":77.78276,"responsecode":200,"isnotify":0,"vehicleDetails":[]},{"routeid":1813,"stationid":21764,"stationname":"Bidaraguppe","from":"Attibele Bus Stand","to":"KR Market","routeno":"327-C","distance_on_station":0,"centerlat":12.80585,"centerlong":77.78349,"responsecode":200,"isnotify":0,"vehicleDetails":[]},{"routeid":1813,"stationid":22516,"stationname":"Sriram Properties","from":"Attibele Bus Stand","to":"KR Market","routeno":"327-C","distance_on_station":0,"centerlat":12.81145,"centerlong":77.78476,"responsecode":200,"isnotify":0,"vehicleDetails":[]},{"routeid":1813,"stationid":22490,"stationname":"Silk Farm","from":"Attibele Bus Stand","to":"KR Market","routeno":"327-C","distance_on_station":0,"centerlat":12.81695,"centerlong":77.78539,"responsecode":200,"isnotify":0,"vehicleDetails":[]},{"routeid":1813,"stationid":22436,"stationname":"S Medahalli","from":"Attibele Bus Stand","to":"KR Market","routeno":"327-C","distance_on_station":0,"centerlat":12.82387,"centerlong":77.78611,"responsecode":200,"isnotify":0,"vehicleDetails":[]},{"routeid":1813,"stationid":22559,"stationname":"Thyavakanahalli Gate","from":"Attibele Bus Stand","to":"KR Market","routeno":"327-C","distance_on_station":0,"centerlat":12.82757,"centerlong":77.78636,"responsecode":200,"isnotify":0,"vehicleDetails":[]},{"routeid":1813,"stationid":21938,"stationname":"Exide Gate","from":"Attibele Bus Stand","to":"KR Market","routeno":"327-C","distance_on_station":0,"centerlat":12.83499,"centerlong":77.78529,"responsecode":200,"isnotify":0,"vehicleDetails":[]},{"routeid":1813,"stationid":21771,"stationname":"Billapura","from":"Attibele Bus Stand","to":"KR Market","routeno":"327-C","distance_on_station":0,"centerlat":12.83742,"centerlong":77.785,"responsecode":200,"isnotify":0,"vehicleDetails":[]},{"routeid":1813,"stationid":21780,"stationname":"Boorugunte","from":"Attibele Bus Stand","to":"KR Market","routeno":"327-C","distance_on_station":0,"centerlat":12.84205,"centerlong":77.78377,"responsecode":200,"isnotify":0,"vehicleDetails":[]},{"routeid":1813,"stationid":21951,"stationname":"Garments Factory Borugunte","from":"Attibele Bus Stand","to":"KR Market","routeno":"327-C","distance_on_station":0,"centerlat":12.84467,"centerlong":77.78306,"responsecode":200,"isnotify":0,"vehicleDetails":[]},{"routeid":1813,"stationid":22111,"stationname":"Handenahalli","from":"Attibele Bus Stand","to":"KR Market","routeno":"327-C","distance_on_station":0,"centerlat":12.85363,"centerlong":77.7824,"responsecode":200,"isnotify":0,"vehicleDetails":[]},{"routeid":1813,"stationid":22391,"stationname":"Sarjapura Circle","from":"Attibele Bus Stand","to":"KR Market","routeno":"327-C","distance_on_station":0,"centerlat":12.86102,"centerlong":77.78352,"responsecode":200,"isnotify":0,"vehicleDetails":[]},{"routeid":1813,"stationid":22462,"stationname":"Sarjapura","from":"Attibele Bus Stand","to":"KR Market","routeno":"327-C","distance_on_station":0,"centerlat":12.86125,"centerlong":77.78568,"responsecode":200,"isnotify":0,"vehicleDetails":[]},{"routeid":1813,"stationid":22392,"stationname":"Sarjapura Circle","from":"Attibele Bus Stand","to":"KR Market","routeno":"327-C","distance_on_station":0,"centerlat":12.86089,"centerlong":77.78331,"responsecode":200,"isnotify":0,"vehicleDetails":[]},{"routeid":1813,"stationid":22500,"stationname":"Sompura Gate","from":"Attibele Bus Stand","to":"KR Market","routeno":"327-C","distance_on_station":0,"centerlat":12.86202,"centerlong":77.772,"responsecode":200,"isnotify":0,"vehicleDetails":[]},{"routeid":1813,"stationid":21867,"stationname":"Crystal Apartment Sarjapura Road","from":"Attibele Bus Stand","to":"KR Market","routeno":"327-C","distance_on_station":0,"centerlat":12.8677,"centerlong":77.76709,"responsecode":200,"isnotify":0,"vehicleDetails":[]},{"routeid":1813,"stationid":22630,"stationname":"Yamare","from":"Attibele Bus Stand","to":"KR Market","routeno":"327-C","distance_on_station":0,"centerlat":12.87198,"centerlong":77.76652,"responsecode":200,"isnotify":0,"vehicleDetails":[]},{"routeid":1813,"stationid":21814,"stationname":"Chambenahalli","from":"Attibele Bus Stand","to":"KR Market","routeno":"327-C","distance_on_station":0,"centerlat":12.87932,"centerlong":77.7616,"responsecode":200,"isnotify":0,"vehicleDetails":[]},{"routeid":1813,"stationid":22546,"stationname":"Thigalara Chowdenahalli Cross","from":"Attibele Bus Stand","to":"KR Market","routeno":"327-C","distance_on_station":0,"centerlat":12.88172,"centerlong":77.75677,"responsecode":200,"isnotify":0,"vehicleDetails":[]},{"routeid":1813,"stationid":23909,"stationname":"Dommasandra","from":"Attibele Bus Stand","to":"KR Market","routeno":"327-C","distance_on_station":0,"centerlat":12.87953,"centerlong":77.75375,"responsecode":200,"isnotify":0,"vehicleDetails":[]},{"routeid":1813,"stationid":35237,"stationname":"Dommasandra Circle","from":"Attibele Bus Stand","to":"KR Market","routeno":"327-C","distance_on_station":0,"centerlat":12.88311,"centerlong":77.75246,"responsecode":200,"isnotify":0,"vehicleDetails":[]},{"routeid":1813,"stationid":22563,"stationname":"TISB Boys Hostel","from":"Attibele Bus Stand","to":"KR Market","routeno":"327-C","distance_on_station":0,"centerlat":12.89192,"centerlong":77.74945,"responsecode":200,"isnotify":0,"vehicleDetails":[]},{"routeid":1813,"stationid":21981,"stationname":"Green Wood High School","from":"Attibele Bus Stand","to":"KR Market","routeno":"327-C","distance_on_station":0,"centerlat":12.90114,"centerlong":77.74775,"responsecode":200,"isnotify":0,"vehicleDetails":[]},{"routeid":1813,"stationid":22020,"stationname":"Heggondanahalli","from":"Attibele Bus Stand","to":"KR Market","routeno":"327-C","distance_on_station":0,"centerlat":12.90598,"centerlong":77.74644,"responsecode":200,"isnotify":0,"vehicleDetails":[]},{"routeid":1813,"stationid":21997,"stationname":"Gunjuru","from":"Attibele Bus Stand","to":"KR Market","routeno":"327-C","distance_on_station":0,"centerlat":12.92142,"centerlong":77.73638,"responsecode":200,"isnotify":0,"vehicleDetails":[]},{"routeid":1813,"stationid":22612,"stationname":"Vinayakanagara Varthur","from":"Attibele Bus Stand","to":"KR Market","routeno":"327-C","distance_on_station":0,"centerlat":12.92883,"centerlong":77.73962,"responsecode":200,"isnotify":0,"vehicleDetails":[]},{"routeid":1813,"stationid":34913,"stationname":"Varthuru Police Station","from":"Attibele Bus Stand","to":"KR Market","routeno":"327-C","distance_on_station":0,"centerlat":12.93828,"centerlong":77.74692,"responsecode":200,"isnotify":0,"vehicleDetails":[]},{"routeid":1813,"stationid":22580,"stationname":"Varthuru","from":"Attibele Bus Stand","to":"KR Market","routeno":"327-C","distance_on_station":0,"centerlat":12.94016,"centerlong":77.74727,"responsecode":200,"isnotify":0,"vehicleDetails":[]},{"routeid":1813,"stationid":22582,"stationname":"Varthuru Govt College","from":"Attibele Bus Stand","to":"KR Market","routeno":"327-C","distance_on_station":0,"centerlat":12.94276,"centerlong":77.74697,"responsecode":200,"isnotify":0,"vehicleDetails":[]},{"routeid":1813,"stationid":22829,"stationname":"Varthur Kodi","from":"Attibele Bus Stand","to":"KR Market","routeno":"327-C","distance_on_station":0,"centerlat":12.95664,"centerlong":77.74472,"responsecode":200,"isnotify":0,"vehicleDetails":[]},{"routeid":1813,"stationid":22413,"stationname":"Ramagondanahalli","from":"Attibele Bus Stand","to":"KR Market","routeno":"327-C","distance_on_station":0,"centerlat":12.95695,"centerlong":77.73949,"responsecode":200,"isnotify":0,"vehicleDetails":[]},{"routeid":1813,"stationid":22488,"stationname":"Siddapura","from":"Attibele Bus Stand","to":"KR Market","routeno":"327-C","distance_on_station":0,"centerlat":12.95607,"centerlong":77.73057,"responsecode":200,"isnotify":0,"vehicleDetails":[]},{"routeid":1813,"stationid":22558,"stationname":"Thubarahalli","from":"Attibele Bus Stand","to":"KR Market","routeno":"327-C","distance_on_station":0,"centerlat":12.95575,"centerlong":77.72042,"responsecode":200,"isnotify":0,"vehicleDetails":[]},{"routeid":1813,"stationid":20959,"stationname":"Kundalahalli Gate","from":"Attibele Bus Stand","to":"KR Market","routeno":"327-C","distance_on_station":0,"centerlat":12.95592,"centerlong":77.71378,"responsecode":200,"isnotify":0,"vehicleDetails":[]},{"routeid":1813,"stationid":21037,"stationname":"Munnekolalu Cross (Spice Garden)","from":"Attibele Bus Stand","to":"KR Market","routeno":"327-C","distance_on_station":0,"centerlat":12.95628,"centerlong":77.70928,"responsecode":200,"isnotify":0,"vehicleDetails":[]},{"routeid":1813,"stationid":22662,"stationname":"Marathahalli Bridge","from":"Attibele Bus Stand","to":"KR Market","routeno":"327-C","distance_on_station":0,"centerlat":12.95694,"centerlong":77.70062,"responsecode":200,"isnotify":0,"vehicleDetails":[]},{"routeid":1813,"stationid":22261,"stationname":"Marathahalli","from":"Attibele Bus Stand","to":"KR Market","routeno":"327-C","distance_on_station":0,"centerlat":12.95611,"centerlong":77.69372,"responsecode":200,"isnotify":0,"vehicleDetails":[]},{"routeid":1813,"stationid":22628,"stationname":"Yamalur Cross","from":"Attibele Bus Stand","to":"KR Market","routeno":"327-C","distance_on_station":0,"centerlat":12.95498,"centerlong":77.68756,"responsecode":200,"isnotify":0,"vehicleDetails":[]},{"routeid":1813,"stationid":22002,"stationname":"HAL Kalyana Mantap","from":"Attibele Bus Stand","to":"KR Market","routeno":"327-C","distance_on_station":0,"centerlat":12.95448,"centerlong":77.68225,"responsecode":200,"isnotify":0,"vehicleDetails":[]},{"routeid":1813,"stationid":22022,"stationname":"Helicopter Division","from":"Attibele Bus Stand","to":"KR Market","routeno":"327-C","distance_on_station":0,"centerlat":12.95662,"centerlong":77.67535,"responsecode":200,"isnotify":0,"vehicleDetails":[]},{"routeid":1813,"stationid":39490,"stationname":"HAL Admin Gate","from":"Attibele Bus Stand","to":"KR Market","routeno":"327-C","distance_on_station":0,"centerlat":12.95801,"centerlong":77.6693,"responsecode":200,"isnotify":0,"vehicleDetails":[]},{"routeid":1813,"stationid":22004,"stationname":"HAL Main Gate","from":"Attibele Bus Stand","to":"KR Market","routeno":"327-C","distance_on_station":0,"centerlat":12.95854,"centerlong":77.66505,"responsecode":200,"isnotify":0,"vehicleDetails":[]},{"routeid":1813,"stationid":22194,"stationname":"Konena Agrahara","from":"Attibele Bus Stand","to":"KR Market","routeno":"327-C","distance_on_station":0,"centerlat":12.95902,"centerlong":77.65946,"responsecode":200,"isnotify":0,"vehicleDetails":[]},{"routeid":1813,"stationid":22485,"stationname":"Murugeshpalya","from":"Attibele Bus Stand","to":"KR Market","routeno":"327-C","distance_on_station":0,"centerlat":12.95927,"centerlong":77.65611,"responsecode":200,"isnotify":0,"vehicleDetails":[]},{"routeid":1813,"stationid":22337,"stationname":"NAL Manipal Hospital","from":"Attibele Bus Stand","to":"KR Market","routeno":"327-C","distance_on_station":0,"centerlat":12.95961,"centerlong":77.64991,"responsecode":200,"isnotify":0,"vehicleDetails":[]},{"routeid":1813,"stationid":22179,"stationname":"Kodihalli","from":"Attibele Bus Stand","to":"KR Market","routeno":"327-C","distance_on_station":0,"centerlat":12.95997,"centerlong":77.64687,"responsecode":200,"isnotify":0,"vehicleDetails":[]},{"routeid":1813,"stationid":21915,"stationname":"Domlur Flyover","from":"Attibele Bus Stand","to":"KR Market","routeno":"327-C","distance_on_station":0,"centerlat":12.96045,"centerlong":77.64251,"responsecode":200,"isnotify":0,"vehicleDetails":[]},{"routeid":1813,"stationid":21913,"stationname":"Domlur","from":"Attibele Bus Stand","to":"KR Market","routeno":"327-C","distance_on_station":0,"centerlat":12.96122,"centerlong":77.63667,"responsecode":200,"isnotify":0,"vehicleDetails":[]},{"routeid":1813,"stationid":21865,"stationname":"Commando Hospital","from":"Attibele Bus Stand","to":"KR Market","routeno":"327-C","distance_on_station":0,"centerlat":12.96271,"centerlong":77.62756,"responsecode":200,"isnotify":0,"vehicleDetails":[]},{"routeid":1813,"stationid":22288,"stationname":"Military Accounts Office","from":"Attibele Bus Stand","to":"KR Market","routeno":"327-C","distance_on_station":0,"centerlat":12.96691,"centerlong":77.62117,"responsecode":200,"isnotify":0,"vehicleDetails":[]},{"routeid":1813,"stationid":31011,"stationname":"Kendriya Vidyalaya ASC Center","from":"Attibele Bus Stand","to":"KR Market","routeno":"327-C","distance_on_station":0,"centerlat":12.96676,"centerlong":77.61259,"responsecode":200,"isnotify":0,"vehicleDetails":[]},{"routeid":1813,"stationid":20970,"stationname":"Life Style (Sacred Heart School)","from":"Attibele Bus Stand","to":"KR Market","routeno":"327-C","distance_on_station":0,"centerlat":12.96692,"centerlong":77.61018,"responsecode":200,"isnotify":0,"vehicleDetails":[]},{"routeid":1813,"stationid":21126,"stationname":"Richmond Circle","from":"Attibele Bus Stand","to":"KR Market","routeno":"327-C","distance_on_station":0,"centerlat":12.9658,"centerlong":77.60433,"responsecode":200,"isnotify":0,"vehicleDetails":[]},{"routeid":1813,"stationid":20727,"stationname":"Corporation","from":"Attibele Bus Stand","to":"KR Market","routeno":"327-C","distance_on_station":0,"centerlat":12.96701,"centerlong":77.58822,"responsecode":200,"isnotify":0,"vehicleDetails":[]},{"routeid":1813,"stationid":21232,"stationname":"Town Hall","from":"Attibele Bus Stand","to":"KR Market","routeno":"327-C","distance_on_station":0,"centerlat":12.96355,"centerlong":77.58375,"responsecode":200,"isnotify":0,"vehicleDetails":[]},{"routeid":1813,"stationid":22199,"stationname":"KR Market","from":"Attibele Bus Stand","to":"KR Market","routeno":"327-C","distance_on_station":0,"centerlat":12.96437,"centerlong":77.57736,"responsecode":200,"isnotify":0,"vehicleDetails":[]}],"mapData":[]},"message":"Success","issuccess":true,"exception":null,"rowCount":0,"responsecode":200}