{"up":{"data":[],"mapData":[]},"down":{"data":[{"routeid":12828,"stationid":37149,"stationname":"Depot-41 Gate","from":"Depot-41 Gate","to":"Budigere Cross","routeno":"328-HF BDGC-D41","distance_on_station":0,"centerlat":12.9213,"centerlong":77.74239,"responsecode":200,"isnotify":0,"vehicleDetails":[{"vehicleid":23413,"vehiclenumber":"KA57F4214","servicetypeid":72,"servicetype":"Non AC/Ordinary","centerlat":12.958712,"centerlong":77.746246,"eta":"","sch_arrivaltime":"06:31","sch_departuretime":"06:31","actual_arrivaltime":"","actual_departuretime":"","sch_tripstarttime":"06:31","sch_tripendtime":"06:31","lastlocationid":0,"currentlocationid":22577,"nextlocationid":0,"currentstop":null,"nextstop":null,"laststop":null,"stopCoveredStatus":0,"heading":89,"lastrefreshon":"16-10-2024 14:20:49","lastreceiveddatetimeflag":0,"tripposition":3}]},{"routeid":12828,"stationid":21997,"stationname":"Gunjuru","from":"Depot-41 Gate","to":"Budigere Cross","routeno":"328-HF BDGC-D41","distance_on_station":2.136,"centerlat":12.92142,"centerlong":77.73638,"responsecode":200,"isnotify":0,"vehicleDetails":[{"vehicleid":23413,"vehiclenumber":"KA57F4214","servicetypeid":72,"servicetype":"Non AC/Ordinary","centerlat":12.958712,"centerlong":77.746246,"eta":"","sch_arrivaltime":"06:34","sch_departuretime":"06:34","actual_arrivaltime":"","actual_departuretime":"","sch_tripstarttime":"06:31","sch_tripendtime":"06:31","lastlocationid":0,"currentlocationid":22577,"nextlocationid":0,"currentstop":null,"nextstop":null,"laststop":null,"stopCoveredStatus":0,"heading":89,"lastrefreshon":"16-10-2024 14:20:49","lastreceiveddatetimeflag":0,"tripposition":3}]},{"routeid":12828,"stationid":22612,"stationname":"Vinayakanagara Varthur","from":"Depot-41 Gate","to":"Budigere Cross","routeno":"328-HF BDGC-D41","distance_on_station":3.064,"centerlat":12.92883,"centerlong":77.73962,"responsecode":200,"isnotify":0,"vehicleDetails":[{"vehicleid":23413,"vehiclenumber":"KA57F4214","servicetypeid":72,"servicetype":"Non AC/Ordinary","centerlat":12.958712,"centerlong":77.746246,"eta":"","sch_arrivaltime":"06:36","sch_departuretime":"06:36","actual_arrivaltime":"","actual_departuretime":"","sch_tripstarttime":"06:31","sch_tripendtime":"06:31","lastlocationid":0,"currentlocationid":22577,"nextlocationid":0,"currentstop":null,"nextstop":null,"laststop":null,"stopCoveredStatus":0,"heading":89,"lastrefreshon":"16-10-2024 14:20:49","lastreceiveddatetimeflag":0,"tripposition":3}]},{"routeid":12828,"stationid":38045,"stationname":"KK School","from":"Depot-41 Gate","to":"Budigere Cross","routeno":"328-HF BDGC-D41","distance_on_station":3.658,"centerlat":12.93312,"centerlong":77.74279,"responsecode":200,"isnotify":0,"vehicleDetails":[{"vehicleid":23413,"vehiclenumber":"KA57F4214","servicetypeid":72,"servicetype":"Non AC/Ordinary","centerlat":12.958712,"centerlong":77.746246,"eta":"","sch_arrivaltime":"06:37","sch_departuretime":"06:37","actual_arrivaltime":"","actual_departuretime":"","sch_tripstarttime":"06:31","sch_tripendtime":"06:31","lastlocationid":0,"currentlocationid":22577,"nextlocationid":0,"currentstop":null,"nextstop":null,"laststop":null,"stopCoveredStatus":0,"heading":89,"lastrefreshon":"16-10-2024 14:20:49","lastreceiveddatetimeflag":0,"tripposition":3}]},{"routeid":12828,"stationid":34913,"stationname":"Varthuru Police Station","from":"Depot-41 Gate","to":"Budigere Cross","routeno":"328-HF BDGC-D41","distance_on_station":4.404,"centerlat":12.93828,"centerlong":77.74692,"responsecode":200,"isnotify":0,"vehicleDetails":[{"vehicleid":23413,"vehiclenumber":"KA57F4214","servicetypeid":72,"servicetype":"Non AC/Ordinary","centerlat":12.958712,"centerlong":77.746246,"eta":"","sch_arrivaltime":"06:39","sch_departuretime":"06:39","actual_arrivaltime":"","actual_departuretime":"","sch_tripstarttime":"06:31","sch_tripendtime":"06:31","lastlocationid":0,"currentlocationid":22577,"nextlocationid":0,"currentstop":null,"nextstop":null,"laststop":null,"stopCoveredStatus":0,"heading":89,"lastrefreshon":"16-10-2024 14:20:49","lastreceiveddatetimeflag":0,"tripposition":3}]},{"routeid":12828,"stationid":22580,"stationname":"Varthuru","from":"Depot-41 Gate","to":"Budigere Cross","routeno":"328-HF BDGC-D41","distance_on_station":4.636,"centerlat":12.94016,"centerlong":77.74727,"responsecode":200,"isnotify":0,"vehicleDetails":[{"vehicleid":23413,"vehiclenumber":"KA57F4214","servicetypeid":72,"servicetype":"Non AC/Ordinary","centerlat":12.958712,"centerlong":77.746246,"eta":"","sch_arrivaltime":"06:40","sch_departuretime":"06:40","actual_arrivaltime":"","actual_departuretime":"","sch_tripstarttime":"06:31","sch_tripendtime":"06:31","lastlocationid":0,"currentlocationid":22577,"nextlocationid":0,"currentstop":null,"nextstop":null,"laststop":null,"stopCoveredStatus":0,"heading":89,"lastrefreshon":"16-10-2024 14:20:49","lastreceiveddatetimeflag":0,"tripposition":3}]},{"routeid":12828,"stationid":22582,"stationname":"Varthuru Govt College","from":"Depot-41 Gate","to":"Budigere Cross","routeno":"328-HF BDGC-D41","distance_on_station":4.938,"centerlat":12.94276,"centerlong":77.74697,"responsecode":200,"isnotify":0,"vehicleDetails":[{"vehicleid":23413,"vehiclenumber":"KA57F4214","servicetypeid":72,"servicetype":"Non AC/Ordinary","centerlat":12.958712,"centerlong":77.746246,"eta":"","sch_arrivaltime":"06:41","sch_departuretime":"06:41","actual_arrivaltime":"","actual_departuretime":"","sch_tripstarttime":"06:31","sch_tripendtime":"06:31","lastlocationid":0,"currentlocationid":22577,"nextlocationid":0,"currentstop":null,"nextstop":null,"laststop":null,"stopCoveredStatus":0,"heading":89,"lastrefreshon":"16-10-2024 14:20:49","lastreceiveddatetimeflag":0,"tripposition":3}]},{"routeid":12828,"stationid":22577,"stationname":"Varthur kodi","from":"Depot-41 Gate","to":"Budigere Cross","routeno":"328-HF BDGC-D41","distance_on_station":6.913,"centerlat":12.95897,"centerlong":77.74642,"responsecode":200,"isnotify":0,"vehicleDetails":[{"vehicleid":23413,"vehiclenumber":"KA57F4214","servicetypeid":72,"servicetype":"Non AC/Ordinary","centerlat":12.958712,"centerlong":77.746246,"eta":"","sch_arrivaltime":"06:44","sch_departuretime":"06:44","actual_arrivaltime":"","actual_departuretime":"","sch_tripstarttime":"06:31","sch_tripendtime":"06:31","lastlocationid":0,"currentlocationid":22577,"nextlocationid":0,"currentstop":null,"nextstop":null,"laststop":null,"stopCoveredStatus":0,"heading":89,"lastrefreshon":"16-10-2024 14:20:49","lastreceiveddatetimeflag":0,"tripposition":3}]},{"routeid":12828,"stationid":21942,"stationname":"Forum Mall","from":"Depot-41 Gate","to":"Budigere Cross","routeno":"328-HF BDGC-D41","distance_on_station":7.014,"centerlat":12.95977,"centerlong":77.74683,"responsecode":200,"isnotify":0,"vehicleDetails":[{"vehicleid":23413,"vehiclenumber":"KA57F4214","servicetypeid":72,"servicetype":"Non AC/Ordinary","centerlat":12.958712,"centerlong":77.746246,"eta":"","sch_arrivaltime":"06:45","sch_departuretime":"06:45","actual_arrivaltime":"","actual_departuretime":"","sch_tripstarttime":"06:31","sch_tripendtime":"06:31","lastlocationid":0,"currentlocationid":22577,"nextlocationid":0,"currentstop":null,"nextstop":null,"laststop":null,"stopCoveredStatus":0,"heading":89,"lastrefreshon":"16-10-2024 14:20:49","lastreceiveddatetimeflag":0,"tripposition":3}]},{"routeid":12828,"stationid":21784,"stationname":"Brooke Bond","from":"Depot-41 Gate","to":"Budigere Cross","routeno":"328-HF BDGC-D41","distance_on_station":7.498,"centerlat":12.96392,"centerlong":77.74833,"responsecode":200,"isnotify":0,"vehicleDetails":[{"vehicleid":23413,"vehiclenumber":"KA57F4214","servicetypeid":72,"servicetype":"Non AC/Ordinary","centerlat":12.958712,"centerlong":77.746246,"eta":"","sch_arrivaltime":"06:46","sch_departuretime":"06:46","actual_arrivaltime":"","actual_departuretime":"","sch_tripstarttime":"06:31","sch_tripendtime":"06:31","lastlocationid":0,"currentlocationid":22577,"nextlocationid":0,"currentstop":null,"nextstop":null,"laststop":null,"stopCoveredStatus":0,"heading":89,"lastrefreshon":"16-10-2024 14:20:49","lastreceiveddatetimeflag":0,"tripposition":3}]},{"routeid":12828,"stationid":22621,"stationname":"White Field Post Office","from":"Depot-41 Gate","to":"Budigere Cross","routeno":"328-HF BDGC-D41","distance_on_station":8.274,"centerlat":12.97056,"centerlong":77.75,"responsecode":200,"isnotify":0,"vehicleDetails":[{"vehicleid":23413,"vehiclenumber":"KA57F4214","servicetypeid":72,"servicetype":"Non AC/Ordinary","centerlat":12.958712,"centerlong":77.746246,"eta":"","sch_arrivaltime":"06:48","sch_departuretime":"06:48","actual_arrivaltime":"","actual_departuretime":"","sch_tripstarttime":"06:31","sch_tripendtime":"06:31","lastlocationid":0,"currentlocationid":22577,"nextlocationid":0,"currentstop":null,"nextstop":null,"laststop":null,"stopCoveredStatus":0,"heading":89,"lastrefreshon":"16-10-2024 14:20:49","lastreceiveddatetimeflag":0,"tripposition":3}]},{"routeid":12828,"stationid":22442,"stationname":"Sai Baba General Hospital","from":"Depot-41 Gate","to":"Budigere Cross","routeno":"328-HF BDGC-D41","distance_on_station":8.647,"centerlat":12.97383,"centerlong":77.75042,"responsecode":200,"isnotify":0,"vehicleDetails":[{"vehicleid":23413,"vehiclenumber":"KA57F4214","servicetypeid":72,"servicetype":"Non AC/Ordinary","centerlat":12.958712,"centerlong":77.746246,"eta":"","sch_arrivaltime":"06:49","sch_departuretime":"06:49","actual_arrivaltime":"","actual_departuretime":"","sch_tripstarttime":"06:31","sch_tripendtime":"06:31","lastlocationid":0,"currentlocationid":22577,"nextlocationid":0,"currentstop":null,"nextstop":null,"laststop":null,"stopCoveredStatus":0,"heading":89,"lastrefreshon":"16-10-2024 14:20:49","lastreceiveddatetimeflag":0,"tripposition":3}]},{"routeid":12828,"stationid":22315,"stationname":"Munish Singh Hospital","from":"Depot-41 Gate","to":"Budigere Cross","routeno":"328-HF BDGC-D41","distance_on_station":9.009,"centerlat":12.97703,"centerlong":77.75104,"responsecode":200,"isnotify":0,"vehicleDetails":[{"vehicleid":23413,"vehiclenumber":"KA57F4214","servicetypeid":72,"servicetype":"Non AC/Ordinary","centerlat":12.958712,"centerlong":77.746246,"eta":"","sch_arrivaltime":"06:50","sch_departuretime":"06:50","actual_arrivaltime":"","actual_departuretime":"","sch_tripstarttime":"06:31","sch_tripendtime":"06:31","lastlocationid":0,"currentlocationid":22577,"nextlocationid":0,"currentstop":null,"nextstop":null,"laststop":null,"stopCoveredStatus":0,"heading":89,"lastrefreshon":"16-10-2024 14:20:49","lastreceiveddatetimeflag":0,"tripposition":3}]},{"routeid":12828,"stationid":38049,"stationname":"Coffee Day Hope Farm","from":"Depot-41 Gate","to":"Budigere Cross","routeno":"328-HF BDGC-D41","distance_on_station":9.352,"centerlat":12.97998,"centerlong":77.75162,"responsecode":200,"isnotify":0,"vehicleDetails":[{"vehicleid":23413,"vehiclenumber":"KA57F4214","servicetypeid":72,"servicetype":"Non AC/Ordinary","centerlat":12.958712,"centerlong":77.746246,"eta":"","sch_arrivaltime":"06:51","sch_departuretime":"06:51","actual_arrivaltime":"","actual_departuretime":"","sch_tripstarttime":"06:31","sch_tripendtime":"06:31","lastlocationid":0,"currentlocationid":22577,"nextlocationid":0,"currentstop":null,"nextstop":null,"laststop":null,"stopCoveredStatus":0,"heading":89,"lastrefreshon":"16-10-2024 14:20:49","lastreceiveddatetimeflag":0,"tripposition":3}]},{"routeid":12828,"stationid":20836,"stationname":"Hope Farm","from":"Depot-41 Gate","to":"Budigere Cross","routeno":"328-HF BDGC-D41","distance_on_station":9.846,"centerlat":12.98429,"centerlong":77.75261,"responsecode":200,"isnotify":0,"vehicleDetails":[{"vehicleid":23413,"vehiclenumber":"KA57F4214","servicetypeid":72,"servicetype":"Non AC/Ordinary","centerlat":12.958712,"centerlong":77.746246,"eta":"","sch_arrivaltime":"06:52","sch_departuretime":"06:52","actual_arrivaltime":"","actual_departuretime":"","sch_tripstarttime":"06:31","sch_tripendtime":"06:31","lastlocationid":0,"currentlocationid":22577,"nextlocationid":0,"currentstop":null,"nextstop":null,"laststop":null,"stopCoveredStatus":0,"heading":89,"lastrefreshon":"16-10-2024 14:20:49","lastreceiveddatetimeflag":0,"tripposition":3}]},{"routeid":12828,"stationid":20901,"stationname":"Kadugodi Bridge","from":"Depot-41 Gate","to":"Budigere Cross","routeno":"328-HF BDGC-D41","distance_on_station":11.116,"centerlat":12.99448,"centerlong":77.75769,"responsecode":200,"isnotify":0,"vehicleDetails":[{"vehicleid":23413,"vehiclenumber":"KA57F4214","servicetypeid":72,"servicetype":"Non AC/Ordinary","centerlat":12.958712,"centerlong":77.746246,"eta":"","sch_arrivaltime":"06:54","sch_departuretime":"06:54","actual_arrivaltime":"","actual_departuretime":"","sch_tripstarttime":"06:31","sch_tripendtime":"06:31","lastlocationid":0,"currentlocationid":22577,"nextlocationid":0,"currentstop":null,"nextstop":null,"laststop":null,"stopCoveredStatus":0,"heading":89,"lastrefreshon":"16-10-2024 14:20:49","lastreceiveddatetimeflag":0,"tripposition":3}]},{"routeid":12828,"stationid":22464,"stationname":"Sathya Sai Baba Mandir","from":"Depot-41 Gate","to":"Budigere Cross","routeno":"328-HF BDGC-D41","distance_on_station":11.891,"centerlat":13.00118,"centerlong":77.75753,"responsecode":200,"isnotify":0,"vehicleDetails":[{"vehicleid":23413,"vehiclenumber":"KA57F4214","servicetypeid":72,"servicetype":"Non AC/Ordinary","centerlat":12.958712,"centerlong":77.746246,"eta":"","sch_arrivaltime":"06:55","sch_departuretime":"06:55","actual_arrivaltime":"","actual_departuretime":"","sch_tripstarttime":"06:31","sch_tripendtime":"06:31","lastlocationid":0,"currentlocationid":22577,"nextlocationid":0,"currentstop":null,"nextstop":null,"laststop":null,"stopCoveredStatus":0,"heading":89,"lastrefreshon":"16-10-2024 14:20:49","lastreceiveddatetimeflag":0,"tripposition":3}]},{"routeid":12828,"stationid":21741,"stationname":"Bellathur","from":"Depot-41 Gate","to":"Budigere Cross","routeno":"328-HF BDGC-D41","distance_on_station":12.244,"centerlat":13.00417,"centerlong":77.75694,"responsecode":200,"isnotify":0,"vehicleDetails":[{"vehicleid":23413,"vehiclenumber":"KA57F4214","servicetypeid":72,"servicetype":"Non AC/Ordinary","centerlat":12.958712,"centerlong":77.746246,"eta":"","sch_arrivaltime":"06:56","sch_departuretime":"06:56","actual_arrivaltime":"","actual_departuretime":"","sch_tripstarttime":"06:31","sch_tripendtime":"06:31","lastlocationid":0,"currentlocationid":22577,"nextlocationid":0,"currentstop":null,"nextstop":null,"laststop":null,"stopCoveredStatus":0,"heading":89,"lastrefreshon":"16-10-2024 14:20:49","lastreceiveddatetimeflag":0,"tripposition":3}]},{"routeid":12828,"stationid":28205,"stationname":"Seegehalli Gate  Kadugodi","from":"Depot-41 Gate","to":"Budigere Cross","routeno":"328-HF BDGC-D41","distance_on_station":13.373,"centerlat":13.01331,"centerlong":77.76101,"responsecode":200,"isnotify":0,"vehicleDetails":[{"vehicleid":23413,"vehiclenumber":"KA57F4214","servicetypeid":72,"servicetype":"Non AC/Ordinary","centerlat":12.958712,"centerlong":77.746246,"eta":"","sch_arrivaltime":"06:58","sch_departuretime":"06:58","actual_arrivaltime":"","actual_departuretime":"","sch_tripstarttime":"06:31","sch_tripendtime":"06:31","lastlocationid":0,"currentlocationid":22577,"nextlocationid":0,"currentstop":null,"nextstop":null,"laststop":null,"stopCoveredStatus":0,"heading":89,"lastrefreshon":"16-10-2024 14:20:49","lastreceiveddatetimeflag":0,"tripposition":3}]},{"routeid":12828,"stationid":22479,"stationname":"Shell Petrol Bunk","from":"Depot-41 Gate","to":"Budigere Cross","routeno":"328-HF BDGC-D41","distance_on_station":13.867,"centerlat":13.01756,"centerlong":77.7621,"responsecode":200,"isnotify":0,"vehicleDetails":[{"vehicleid":23413,"vehiclenumber":"KA57F4214","servicetypeid":72,"servicetype":"Non AC/Ordinary","centerlat":12.958712,"centerlong":77.746246,"eta":"","sch_arrivaltime":"06:59","sch_departuretime":"06:59","actual_arrivaltime":"","actual_departuretime":"","sch_tripstarttime":"06:31","sch_tripendtime":"06:31","lastlocationid":0,"currentlocationid":22577,"nextlocationid":0,"currentstop":null,"nextstop":null,"laststop":null,"stopCoveredStatus":0,"heading":89,"lastrefreshon":"16-10-2024 14:20:49","lastreceiveddatetimeflag":0,"tripposition":3}]},{"routeid":12828,"stationid":21808,"stationname":"Chaithanya Samarpan Apartment","from":"Depot-41 Gate","to":"Budigere Cross","routeno":"328-HF BDGC-D41","distance_on_station":14.219,"centerlat":13.0207,"centerlong":77.76206,"responsecode":200,"isnotify":0,"vehicleDetails":[{"vehicleid":23413,"vehiclenumber":"KA57F4214","servicetypeid":72,"servicetype":"Non AC/Ordinary","centerlat":12.958712,"centerlong":77.746246,"eta":"","sch_arrivaltime":"07:00","sch_departuretime":"07:00","actual_arrivaltime":"","actual_departuretime":"","sch_tripstarttime":"06:31","sch_tripendtime":"06:31","lastlocationid":0,"currentlocationid":22577,"nextlocationid":0,"currentstop":null,"nextstop":null,"laststop":null,"stopCoveredStatus":0,"heading":89,"lastrefreshon":"16-10-2024 14:20:49","lastreceiveddatetimeflag":0,"tripposition":3}]},{"routeid":12828,"stationid":22443,"stationname":"Sai Lakshmi Industries","from":"Depot-41 Gate","to":"Budigere Cross","routeno":"328-HF BDGC-D41","distance_on_station":14.653,"centerlat":13.02454,"centerlong":77.76162,"responsecode":200,"isnotify":0,"vehicleDetails":[{"vehicleid":23413,"vehiclenumber":"KA57F4214","servicetypeid":72,"servicetype":"Non AC/Ordinary","centerlat":12.958712,"centerlong":77.746246,"eta":"","sch_arrivaltime":"07:01","sch_departuretime":"07:01","actual_arrivaltime":"","actual_departuretime":"","sch_tripstarttime":"06:31","sch_tripendtime":"06:31","lastlocationid":0,"currentlocationid":22577,"nextlocationid":0,"currentstop":null,"nextstop":null,"laststop":null,"stopCoveredStatus":0,"heading":89,"lastrefreshon":"16-10-2024 14:20:49","lastreceiveddatetimeflag":0,"tripposition":3}]},{"routeid":12828,"stationid":21751,"stationname":"Bevina Mara Kannamangala","from":"Depot-41 Gate","to":"Budigere Cross","routeno":"328-HF BDGC-D41","distance_on_station":15.076,"centerlat":13.02801,"centerlong":77.76027,"responsecode":200,"isnotify":0,"vehicleDetails":[{"vehicleid":23413,"vehiclenumber":"KA57F4214","servicetypeid":72,"servicetype":"Non AC/Ordinary","centerlat":12.958712,"centerlong":77.746246,"eta":"","sch_arrivaltime":"07:02","sch_departuretime":"07:02","actual_arrivaltime":"","actual_departuretime":"","sch_tripstarttime":"06:31","sch_tripendtime":"06:31","lastlocationid":0,"currentlocationid":22577,"nextlocationid":0,"currentstop":null,"nextstop":null,"laststop":null,"stopCoveredStatus":0,"heading":89,"lastrefreshon":"16-10-2024 14:20:49","lastreceiveddatetimeflag":0,"tripposition":3}]},{"routeid":12828,"stationid":22151,"stationname":"Kannamangala Gate","from":"Depot-41 Gate","to":"Budigere Cross","routeno":"328-HF BDGC-D41","distance_on_station":15.61,"centerlat":13.03245,"centerlong":77.75855,"responsecode":200,"isnotify":0,"vehicleDetails":[{"vehicleid":23413,"vehiclenumber":"KA57F4214","servicetypeid":72,"servicetype":"Non AC/Ordinary","centerlat":12.958712,"centerlong":77.746246,"eta":"","sch_arrivaltime":"07:03","sch_departuretime":"07:03","actual_arrivaltime":"","actual_departuretime":"","sch_tripstarttime":"06:31","sch_tripendtime":"06:31","lastlocationid":0,"currentlocationid":22577,"nextlocationid":0,"currentstop":null,"nextstop":null,"laststop":null,"stopCoveredStatus":0,"heading":89,"lastrefreshon":"16-10-2024 14:20:49","lastreceiveddatetimeflag":0,"tripposition":3}]},{"routeid":12828,"stationid":22174,"stationname":"Khaji Sonnenahalli Gate","from":"Depot-41 Gate","to":"Budigere Cross","routeno":"328-HF BDGC-D41","distance_on_station":15.852,"centerlat":13.03461,"centerlong":77.75898,"responsecode":200,"isnotify":0,"vehicleDetails":[{"vehicleid":23413,"vehiclenumber":"KA57F4214","servicetypeid":72,"servicetype":"Non AC/Ordinary","centerlat":12.958712,"centerlong":77.746246,"eta":"","sch_arrivaltime":"07:04","sch_departuretime":"07:04","actual_arrivaltime":"","actual_departuretime":"","sch_tripstarttime":"06:31","sch_tripendtime":"06:31","lastlocationid":0,"currentlocationid":22577,"nextlocationid":0,"currentstop":null,"nextstop":null,"laststop":null,"stopCoveredStatus":0,"heading":89,"lastrefreshon":"16-10-2024 14:20:49","lastreceiveddatetimeflag":0,"tripposition":3}]},{"routeid":12828,"stationid":22439,"stationname":"Safal Market","from":"Depot-41 Gate","to":"Budigere Cross","routeno":"328-HF BDGC-D41","distance_on_station":16.245,"centerlat":13.03799,"centerlong":77.75976,"responsecode":200,"isnotify":0,"vehicleDetails":[{"vehicleid":23413,"vehiclenumber":"KA57F4214","servicetypeid":72,"servicetype":"Non AC/Ordinary","centerlat":12.958712,"centerlong":77.746246,"eta":"","sch_arrivaltime":"07:05","sch_departuretime":"07:05","actual_arrivaltime":"","actual_departuretime":"","sch_tripstarttime":"06:31","sch_tripendtime":"06:31","lastlocationid":0,"currentlocationid":22577,"nextlocationid":0,"currentstop":null,"nextstop":null,"laststop":null,"stopCoveredStatus":0,"heading":89,"lastrefreshon":"16-10-2024 14:20:49","lastreceiveddatetimeflag":0,"tripposition":3}]},{"routeid":12828,"stationid":21973,"stationname":"Gorivegere Gate","from":"Depot-41 Gate","to":"Budigere Cross","routeno":"328-HF BDGC-D41","distance_on_station":16.94,"centerlat":13.04412,"centerlong":77.76033,"responsecode":200,"isnotify":0,"vehicleDetails":[{"vehicleid":23413,"vehiclenumber":"KA57F4214","servicetypeid":72,"servicetype":"Non AC/Ordinary","centerlat":12.958712,"centerlong":77.746246,"eta":"","sch_arrivaltime":"07:06","sch_departuretime":"07:06","actual_arrivaltime":"","actual_departuretime":"","sch_tripstarttime":"06:31","sch_tripendtime":"06:31","lastlocationid":0,"currentlocationid":22577,"nextlocationid":0,"currentstop":null,"nextstop":null,"laststop":null,"stopCoveredStatus":0,"heading":89,"lastrefreshon":"16-10-2024 14:20:49","lastreceiveddatetimeflag":0,"tripposition":3}]},{"routeid":12828,"stationid":22452,"stationname":"Sannathammanahalli","from":"Depot-41 Gate","to":"Budigere Cross","routeno":"328-HF BDGC-D41","distance_on_station":17.394,"centerlat":13.04814,"centerlong":77.76054,"responsecode":200,"isnotify":0,"vehicleDetails":[{"vehicleid":23413,"vehiclenumber":"KA57F4214","servicetypeid":72,"servicetype":"Non AC/Ordinary","centerlat":12.958712,"centerlong":77.746246,"eta":"","sch_arrivaltime":"07:07","sch_departuretime":"07:07","actual_arrivaltime":"","actual_departuretime":"","sch_tripstarttime":"06:31","sch_tripendtime":"06:31","lastlocationid":0,"currentlocationid":22577,"nextlocationid":0,"currentstop":null,"nextstop":null,"laststop":null,"stopCoveredStatus":0,"heading":89,"lastrefreshon":"16-10-2024 14:20:49","lastreceiveddatetimeflag":0,"tripposition":3}]},{"routeid":12828,"stationid":22157,"stationname":"Katamanallur Gate","from":"Depot-41 Gate","to":"Budigere Cross","routeno":"328-HF BDGC-D41","distance_on_station":18.049,"centerlat":13.05318,"centerlong":77.76161,"responsecode":200,"isnotify":0,"vehicleDetails":[{"vehicleid":23413,"vehiclenumber":"KA57F4214","servicetypeid":72,"servicetype":"Non AC/Ordinary","centerlat":12.958712,"centerlong":77.746246,"eta":"","sch_arrivaltime":"07:08","sch_departuretime":"07:08","actual_arrivaltime":"","actual_departuretime":"","sch_tripstarttime":"06:31","sch_tripendtime":"06:31","lastlocationid":0,"currentlocationid":22577,"nextlocationid":0,"currentstop":null,"nextstop":null,"laststop":null,"stopCoveredStatus":0,"heading":89,"lastrefreshon":"16-10-2024 14:20:49","lastreceiveddatetimeflag":0,"tripposition":3}]},{"routeid":12828,"stationid":22455,"stationname":"Sapthagiri Convention Hall","from":"Depot-41 Gate","to":"Budigere Cross","routeno":"328-HF BDGC-D41","distance_on_station":18.694,"centerlat":13.05027,"centerlong":77.75648,"responsecode":200,"isnotify":0,"vehicleDetails":[{"vehicleid":23413,"vehiclenumber":"KA57F4214","servicetypeid":72,"servicetype":"Non AC/Ordinary","centerlat":12.958712,"centerlong":77.746246,"eta":"","sch_arrivaltime":"07:09","sch_departuretime":"07:09","actual_arrivaltime":"","actual_departuretime":"","sch_tripstarttime":"06:31","sch_tripendtime":"06:31","lastlocationid":0,"currentlocationid":22577,"nextlocationid":0,"currentstop":null,"nextstop":null,"laststop":null,"stopCoveredStatus":0,"heading":89,"lastrefreshon":"16-10-2024 14:20:49","lastreceiveddatetimeflag":0,"tripposition":3}]},{"routeid":12828,"stationid":21790,"stationname":"Budigere Cross","from":"Depot-41 Gate","to":"Budigere Cross","routeno":"328-HF BDGC-D41","distance_on_station":19.5,"centerlat":13.04603,"centerlong":77.75054,"responsecode":200,"isnotify":0,"vehicleDetails":[{"vehicleid":23413,"vehiclenumber":"KA57F4214","servicetypeid":72,"servicetype":"Non AC/Ordinary","centerlat":12.958712,"centerlong":77.746246,"eta":"","sch_arrivaltime":"07:10","sch_departuretime":"07:10","actual_arrivaltime":"","actual_departuretime":"","sch_tripstarttime":"06:31","sch_tripendtime":"06:31","lastlocationid":0,"currentlocationid":22577,"nextlocationid":0,"currentstop":null,"nextstop":null,"laststop":null,"stopCoveredStatus":0,"heading":89,"lastrefreshon":"16-10-2024 14:20:49","lastreceiveddatetimeflag":0,"tripposition":3}]}],"mapData":[{"vehicleid":23413,"vehiclenumber":"KA57F4214","servicetypeid":72,"servicetype":"Non AC/Ordinary","centerlat":12.958712,"centerlong":77.746246,"eta":"","sch_arrivaltime":"07:10","sch_departuretime":"07:10","actual_arrivaltime":"","actual_departuretime":"","sch_tripstarttime":"06:31","sch_tripendtime":"06:31","lastlocationid":0,"currentlocationid":22577,"nextlocationid":0,"currentstop":null,"nextstop":null,"laststop":null,"stopCoveredStatus":0,"heading":89,"lastrefreshon":"16-10-2024 14:20:49","lastreceiveddatetimeflag":0,"tripposition":3}]},"message":"Success","issuccess":true,"exception":null,"rowCount":0,"responsecode":200}