{"up":{"data":[],"mapData":[]},"down":{"data":[{"routeid":13078,"stationid":31314,"stationname":"Kuguru","from":"Kuguru","to":"KR Market (Kalasipalya)","routeno":"342-I","distance_on_station":0,"centerlat":12.9091,"centerlong":77.80962,"responsecode":200,"isnotify":0,"vehicleDetails":[{"vehicleid":19720,"vehiclenumber":"KA57F2193","servicetypeid":72,"servicetype":"Non AC/Ordinary","centerlat":12.895585,"centerlong":77.704933,"eta":"","sch_arrivaltime":"18:20","sch_departuretime":"18:20","actual_arrivaltime":"","actual_departuretime":"","sch_tripstarttime":"18:20","sch_tripendtime":"18:20","lastlocationid":0,"currentlocationid":23914,"nextlocationid":0,"currentstop":null,"nextstop":null,"laststop":null,"stopCoveredStatus":0,"heading":287,"lastrefreshon":"16-10-2024 14:11:18","lastreceiveddatetimeflag":1,"tripposition":3}]},{"routeid":13078,"stationid":30697,"stationname":"Kamanahalli","from":"Kuguru","to":"KR Market (Kalasipalya)","routeno":"342-I","distance_on_station":1.828,"centerlat":12.90792,"centerlong":77.79581,"responsecode":200,"isnotify":0,"vehicleDetails":[{"vehicleid":19720,"vehiclenumber":"KA57F2193","servicetypeid":72,"servicetype":"Non AC/Ordinary","centerlat":12.895585,"centerlong":77.704933,"eta":"","sch_arrivaltime":"18:25","sch_departuretime":"18:25","actual_arrivaltime":"","actual_departuretime":"","sch_tripstarttime":"18:20","sch_tripendtime":"18:20","lastlocationid":0,"currentlocationid":23914,"nextlocationid":0,"currentstop":null,"nextstop":null,"laststop":null,"stopCoveredStatus":0,"heading":287,"lastrefreshon":"16-10-2024 14:11:18","lastreceiveddatetimeflag":1,"tripposition":3}]},{"routeid":13078,"stationid":35092,"stationname":"Kamanahalli Circle","from":"Kuguru","to":"KR Market (Kalasipalya)","routeno":"342-I","distance_on_station":2.191,"centerlat":12.9081,"centerlong":77.79268,"responsecode":200,"isnotify":0,"vehicleDetails":[{"vehicleid":19720,"vehiclenumber":"KA57F2193","servicetypeid":72,"servicetype":"Non AC/Ordinary","centerlat":12.895585,"centerlong":77.704933,"eta":"","sch_arrivaltime":"18:26","sch_departuretime":"18:26","actual_arrivaltime":"","actual_departuretime":"","sch_tripstarttime":"18:20","sch_tripendtime":"18:20","lastlocationid":0,"currentlocationid":23914,"nextlocationid":0,"currentstop":null,"nextstop":null,"laststop":null,"stopCoveredStatus":0,"heading":287,"lastrefreshon":"16-10-2024 14:11:18","lastreceiveddatetimeflag":1,"tripposition":3}]},{"routeid":13078,"stationid":24028,"stationname":"Kuthaganahalli Cross","from":"Kuguru","to":"KR Market (Kalasipalya)","routeno":"342-I","distance_on_station":3.417,"centerlat":12.89774,"centerlong":77.79057,"responsecode":200,"isnotify":0,"vehicleDetails":[{"vehicleid":19720,"vehiclenumber":"KA57F2193","servicetypeid":72,"servicetype":"Non AC/Ordinary","centerlat":12.895585,"centerlong":77.704933,"eta":"","sch_arrivaltime":"18:29","sch_departuretime":"18:29","actual_arrivaltime":"","actual_departuretime":"","sch_tripstarttime":"18:20","sch_tripendtime":"18:20","lastlocationid":0,"currentlocationid":23914,"nextlocationid":0,"currentstop":null,"nextstop":null,"laststop":null,"stopCoveredStatus":0,"heading":287,"lastrefreshon":"16-10-2024 14:11:18","lastreceiveddatetimeflag":1,"tripposition":3}]},{"routeid":13078,"stationid":24495,"stationname":"Chikka Dasarahalli Cross","from":"Kuguru","to":"KR Market (Kalasipalya)","routeno":"342-I","distance_on_station":5.494,"centerlat":12.88192,"centerlong":77.78783,"responsecode":200,"isnotify":0,"vehicleDetails":[{"vehicleid":19720,"vehiclenumber":"KA57F2193","servicetypeid":72,"servicetype":"Non AC/Ordinary","centerlat":12.895585,"centerlong":77.704933,"eta":"","sch_arrivaltime":"18:32","sch_departuretime":"18:32","actual_arrivaltime":"","actual_departuretime":"","sch_tripstarttime":"18:20","sch_tripendtime":"18:20","lastlocationid":0,"currentlocationid":23914,"nextlocationid":0,"currentstop":null,"nextstop":null,"laststop":null,"stopCoveredStatus":0,"heading":287,"lastrefreshon":"16-10-2024 14:11:18","lastreceiveddatetimeflag":1,"tripposition":3}]},{"routeid":13078,"stationid":33069,"stationname":"Ittanguru","from":"Kuguru","to":"KR Market (Kalasipalya)","routeno":"342-I","distance_on_station":5.899,"centerlat":12.87861,"centerlong":77.78724,"responsecode":200,"isnotify":0,"vehicleDetails":[{"vehicleid":19720,"vehiclenumber":"KA57F2193","servicetypeid":72,"servicetype":"Non AC/Ordinary","centerlat":12.895585,"centerlong":77.704933,"eta":"","sch_arrivaltime":"18:33","sch_departuretime":"18:33","actual_arrivaltime":"","actual_departuretime":"","sch_tripstarttime":"18:20","sch_tripendtime":"18:20","lastlocationid":0,"currentlocationid":23914,"nextlocationid":0,"currentstop":null,"nextstop":null,"laststop":null,"stopCoveredStatus":0,"heading":287,"lastrefreshon":"16-10-2024 14:11:18","lastreceiveddatetimeflag":1,"tripposition":3}]},{"routeid":13078,"stationid":31032,"stationname":"Kere Devasthana","from":"Kuguru","to":"KR Market (Kalasipalya)","routeno":"342-I","distance_on_station":6.522,"centerlat":12.87396,"centerlong":77.786,"responsecode":200,"isnotify":0,"vehicleDetails":[{"vehicleid":19720,"vehiclenumber":"KA57F2193","servicetypeid":72,"servicetype":"Non AC/Ordinary","centerlat":12.895585,"centerlong":77.704933,"eta":"","sch_arrivaltime":"18:34","sch_departuretime":"18:34","actual_arrivaltime":"","actual_departuretime":"","sch_tripstarttime":"18:20","sch_tripendtime":"18:20","lastlocationid":0,"currentlocationid":23914,"nextlocationid":0,"currentstop":null,"nextstop":null,"laststop":null,"stopCoveredStatus":0,"heading":287,"lastrefreshon":"16-10-2024 14:11:18","lastreceiveddatetimeflag":1,"tripposition":3}]},{"routeid":13078,"stationid":22462,"stationname":"Sarjapura","from":"Kuguru","to":"KR Market (Kalasipalya)","routeno":"342-I","distance_on_station":8.142,"centerlat":12.86125,"centerlong":77.78568,"responsecode":200,"isnotify":0,"vehicleDetails":[{"vehicleid":19720,"vehiclenumber":"KA57F2193","servicetypeid":72,"servicetype":"Non AC/Ordinary","centerlat":12.895585,"centerlong":77.704933,"eta":"","sch_arrivaltime":"18:37","sch_departuretime":"18:37","actual_arrivaltime":"","actual_departuretime":"","sch_tripstarttime":"18:20","sch_tripendtime":"18:20","lastlocationid":0,"currentlocationid":23914,"nextlocationid":0,"currentstop":null,"nextstop":null,"laststop":null,"stopCoveredStatus":0,"heading":287,"lastrefreshon":"16-10-2024 14:11:18","lastreceiveddatetimeflag":1,"tripposition":3}]},{"routeid":13078,"stationid":22392,"stationname":"Sarjapura Circle","from":"Kuguru","to":"KR Market (Kalasipalya)","routeno":"342-I","distance_on_station":8.422,"centerlat":12.86089,"centerlong":77.78331,"responsecode":200,"isnotify":0,"vehicleDetails":[{"vehicleid":19720,"vehiclenumber":"KA57F2193","servicetypeid":72,"servicetype":"Non AC/Ordinary","centerlat":12.895585,"centerlong":77.704933,"eta":"","sch_arrivaltime":"18:38","sch_departuretime":"18:38","actual_arrivaltime":"","actual_departuretime":"","sch_tripstarttime":"18:20","sch_tripendtime":"18:20","lastlocationid":0,"currentlocationid":23914,"nextlocationid":0,"currentstop":null,"nextstop":null,"laststop":null,"stopCoveredStatus":0,"heading":287,"lastrefreshon":"16-10-2024 14:11:18","lastreceiveddatetimeflag":1,"tripposition":3}]},{"routeid":13078,"stationid":22500,"stationname":"Sompura Gate","from":"Kuguru","to":"KR Market (Kalasipalya)","routeno":"342-I","distance_on_station":9.72,"centerlat":12.86202,"centerlong":77.772,"responsecode":200,"isnotify":0,"vehicleDetails":[{"vehicleid":19720,"vehiclenumber":"KA57F2193","servicetypeid":72,"servicetype":"Non AC/Ordinary","centerlat":12.895585,"centerlong":77.704933,"eta":"","sch_arrivaltime":"18:40","sch_departuretime":"18:40","actual_arrivaltime":"","actual_departuretime":"","sch_tripstarttime":"18:20","sch_tripendtime":"18:20","lastlocationid":0,"currentlocationid":23914,"nextlocationid":0,"currentstop":null,"nextstop":null,"laststop":null,"stopCoveredStatus":0,"heading":287,"lastrefreshon":"16-10-2024 14:11:18","lastreceiveddatetimeflag":1,"tripposition":3}]},{"routeid":13078,"stationid":21867,"stationname":"Crystal Apartment Sarjapura Road","from":"Kuguru","to":"KR Market (Kalasipalya)","routeno":"342-I","distance_on_station":10.572,"centerlat":12.8677,"centerlong":77.76709,"responsecode":200,"isnotify":0,"vehicleDetails":[{"vehicleid":19720,"vehiclenumber":"KA57F2193","servicetypeid":72,"servicetype":"Non AC/Ordinary","centerlat":12.895585,"centerlong":77.704933,"eta":"","sch_arrivaltime":"18:41","sch_departuretime":"18:41","actual_arrivaltime":"","actual_departuretime":"","sch_tripstarttime":"18:20","sch_tripendtime":"18:20","lastlocationid":0,"currentlocationid":23914,"nextlocationid":0,"currentstop":null,"nextstop":null,"laststop":null,"stopCoveredStatus":0,"heading":287,"lastrefreshon":"16-10-2024 14:11:18","lastreceiveddatetimeflag":1,"tripposition":3}]},{"routeid":13078,"stationid":22630,"stationname":"Yamare","from":"Kuguru","to":"KR Market (Kalasipalya)","routeno":"342-I","distance_on_station":11.081,"centerlat":12.87198,"centerlong":77.76652,"responsecode":200,"isnotify":0,"vehicleDetails":[{"vehicleid":19720,"vehiclenumber":"KA57F2193","servicetypeid":72,"servicetype":"Non AC/Ordinary","centerlat":12.895585,"centerlong":77.704933,"eta":"","sch_arrivaltime":"18:42","sch_departuretime":"18:42","actual_arrivaltime":"","actual_departuretime":"","sch_tripstarttime":"18:20","sch_tripendtime":"18:20","lastlocationid":0,"currentlocationid":23914,"nextlocationid":0,"currentstop":null,"nextstop":null,"laststop":null,"stopCoveredStatus":0,"heading":287,"lastrefreshon":"16-10-2024 14:11:18","lastreceiveddatetimeflag":1,"tripposition":3}]},{"routeid":13078,"stationid":21814,"stationname":"Chambenahalli","from":"Kuguru","to":"KR Market (Kalasipalya)","routeno":"342-I","distance_on_station":12.181,"centerlat":12.87932,"centerlong":77.7616,"responsecode":200,"isnotify":0,"vehicleDetails":[{"vehicleid":19720,"vehiclenumber":"KA57F2193","servicetypeid":72,"servicetype":"Non AC/Ordinary","centerlat":12.895585,"centerlong":77.704933,"eta":"","sch_arrivaltime":"18:44","sch_departuretime":"18:44","actual_arrivaltime":"","actual_departuretime":"","sch_tripstarttime":"18:20","sch_tripendtime":"18:20","lastlocationid":0,"currentlocationid":23914,"nextlocationid":0,"currentstop":null,"nextstop":null,"laststop":null,"stopCoveredStatus":0,"heading":287,"lastrefreshon":"16-10-2024 14:11:18","lastreceiveddatetimeflag":1,"tripposition":3}]},{"routeid":13078,"stationid":22547,"stationname":"Thigalara Chowdenahalli Cross","from":"Kuguru","to":"KR Market (Kalasipalya)","routeno":"342-I","distance_on_station":12.784,"centerlat":12.88176,"centerlong":77.75687,"responsecode":200,"isnotify":0,"vehicleDetails":[{"vehicleid":19720,"vehiclenumber":"KA57F2193","servicetypeid":72,"servicetype":"Non AC/Ordinary","centerlat":12.895585,"centerlong":77.704933,"eta":"","sch_arrivaltime":"18:45","sch_departuretime":"18:45","actual_arrivaltime":"","actual_departuretime":"","sch_tripstarttime":"18:20","sch_tripendtime":"18:20","lastlocationid":0,"currentlocationid":23914,"nextlocationid":0,"currentstop":null,"nextstop":null,"laststop":null,"stopCoveredStatus":0,"heading":287,"lastrefreshon":"16-10-2024 14:11:18","lastreceiveddatetimeflag":1,"tripposition":3}]},{"routeid":13078,"stationid":23909,"stationname":"Dommasandra","from":"Kuguru","to":"KR Market (Kalasipalya)","routeno":"342-I","distance_on_station":13.376,"centerlat":12.87953,"centerlong":77.75375,"responsecode":200,"isnotify":0,"vehicleDetails":[{"vehicleid":19720,"vehiclenumber":"KA57F2193","servicetypeid":72,"servicetype":"Non AC/Ordinary","centerlat":12.895585,"centerlong":77.704933,"eta":"","sch_arrivaltime":"18:46","sch_departuretime":"18:46","actual_arrivaltime":"","actual_departuretime":"","sch_tripstarttime":"18:20","sch_tripendtime":"18:20","lastlocationid":0,"currentlocationid":23914,"nextlocationid":0,"currentstop":null,"nextstop":null,"laststop":null,"stopCoveredStatus":0,"heading":287,"lastrefreshon":"16-10-2024 14:11:18","lastreceiveddatetimeflag":1,"tripposition":3}]},{"routeid":13078,"stationid":35237,"stationname":"Dommasandra Circle","from":"Kuguru","to":"KR Market (Kalasipalya)","routeno":"342-I","distance_on_station":13.822,"centerlat":12.88311,"centerlong":77.75246,"responsecode":200,"isnotify":0,"vehicleDetails":[{"vehicleid":19720,"vehiclenumber":"KA57F2193","servicetypeid":72,"servicetype":"Non AC/Ordinary","centerlat":12.895585,"centerlong":77.704933,"eta":"","sch_arrivaltime":"18:47","sch_departuretime":"18:47","actual_arrivaltime":"","actual_departuretime":"","sch_tripstarttime":"18:20","sch_tripendtime":"18:20","lastlocationid":0,"currentlocationid":23914,"nextlocationid":0,"currentstop":null,"nextstop":null,"laststop":null,"stopCoveredStatus":0,"heading":287,"lastrefreshon":"16-10-2024 14:11:18","lastreceiveddatetimeflag":1,"tripposition":3}]},{"routeid":13078,"stationid":35243,"stationname":"Muttanalluru Cross","from":"Kuguru","to":"KR Market (Kalasipalya)","routeno":"342-I","distance_on_station":15.494,"centerlat":12.88733,"centerlong":77.73836,"responsecode":200,"isnotify":0,"vehicleDetails":[{"vehicleid":19720,"vehiclenumber":"KA57F2193","servicetypeid":72,"servicetype":"Non AC/Ordinary","centerlat":12.895585,"centerlong":77.704933,"eta":"","sch_arrivaltime":"18:50","sch_departuretime":"18:50","actual_arrivaltime":"","actual_departuretime":"","sch_tripstarttime":"18:20","sch_tripendtime":"18:20","lastlocationid":0,"currentlocationid":23914,"nextlocationid":0,"currentstop":null,"nextstop":null,"laststop":null,"stopCoveredStatus":0,"heading":287,"lastrefreshon":"16-10-2024 14:11:18","lastreceiveddatetimeflag":1,"tripposition":3}]},{"routeid":13078,"stationid":35238,"stationname":"Sulikunte","from":"Kuguru","to":"KR Market (Kalasipalya)","routeno":"342-I","distance_on_station":16.771,"centerlat":12.89228,"centerlong":77.72851,"responsecode":200,"isnotify":0,"vehicleDetails":[{"vehicleid":19720,"vehiclenumber":"KA57F2193","servicetypeid":72,"servicetype":"Non AC/Ordinary","centerlat":12.895585,"centerlong":77.704933,"eta":"","sch_arrivaltime":"18:52","sch_departuretime":"18:52","actual_arrivaltime":"","actual_departuretime":"","sch_tripstarttime":"18:20","sch_tripendtime":"18:20","lastlocationid":0,"currentlocationid":23914,"nextlocationid":0,"currentstop":null,"nextstop":null,"laststop":null,"stopCoveredStatus":0,"heading":287,"lastrefreshon":"16-10-2024 14:11:18","lastreceiveddatetimeflag":1,"tripposition":3}]},{"routeid":13078,"stationid":35239,"stationname":"Kodathi Gate","from":"Kuguru","to":"KR Market (Kalasipalya)","routeno":"342-I","distance_on_station":17.82,"centerlat":12.89653,"centerlong":77.7203,"responsecode":200,"isnotify":0,"vehicleDetails":[{"vehicleid":19720,"vehiclenumber":"KA57F2193","servicetypeid":72,"servicetype":"Non AC/Ordinary","centerlat":12.895585,"centerlong":77.704933,"eta":"","sch_arrivaltime":"18:54","sch_departuretime":"18:54","actual_arrivaltime":"","actual_departuretime":"","sch_tripstarttime":"18:20","sch_tripendtime":"18:20","lastlocationid":0,"currentlocationid":23914,"nextlocationid":0,"currentstop":null,"nextstop":null,"laststop":null,"stopCoveredStatus":0,"heading":287,"lastrefreshon":"16-10-2024 14:11:18","lastreceiveddatetimeflag":1,"tripposition":3}]},{"routeid":13078,"stationid":28169,"stationname":"Sarjapura Wipro Campus","from":"Kuguru","to":"KR Market (Kalasipalya)","routeno":"342-I","distance_on_station":18.609,"centerlat":12.89886,"centerlong":77.71369,"responsecode":200,"isnotify":0,"vehicleDetails":[{"vehicleid":19720,"vehiclenumber":"KA57F2193","servicetypeid":72,"servicetype":"Non AC/Ordinary","centerlat":12.895585,"centerlong":77.704933,"eta":"","sch_arrivaltime":"18:56","sch_departuretime":"18:56","actual_arrivaltime":"","actual_departuretime":"","sch_tripstarttime":"18:20","sch_tripendtime":"18:20","lastlocationid":0,"currentlocationid":23914,"nextlocationid":0,"currentstop":null,"nextstop":null,"laststop":null,"stopCoveredStatus":0,"heading":287,"lastrefreshon":"16-10-2024 14:11:18","lastreceiveddatetimeflag":1,"tripposition":3}]},{"routeid":13078,"stationid":23058,"stationname":"Ambedkar Nagara","from":"Kuguru","to":"KR Market (Kalasipalya)","routeno":"342-I","distance_on_station":18.703,"centerlat":12.89914,"centerlong":77.71286,"responsecode":200,"isnotify":0,"vehicleDetails":[{"vehicleid":19720,"vehiclenumber":"KA57F2193","servicetypeid":72,"servicetype":"Non AC/Ordinary","centerlat":12.895585,"centerlong":77.704933,"eta":"","sch_arrivaltime":"18:57","sch_departuretime":"18:57","actual_arrivaltime":"","actual_departuretime":"","sch_tripstarttime":"18:20","sch_tripendtime":"18:20","lastlocationid":0,"currentlocationid":23914,"nextlocationid":0,"currentstop":null,"nextstop":null,"laststop":null,"stopCoveredStatus":0,"heading":287,"lastrefreshon":"16-10-2024 14:11:18","lastreceiveddatetimeflag":1,"tripposition":3}]},{"routeid":13078,"stationid":23914,"stationname":"Carmelram Gate","from":"Kuguru","to":"KR Market (Kalasipalya)","routeno":"342-I","distance_on_station":19.824,"centerlat":12.90343,"centerlong":77.70399,"responsecode":200,"isnotify":0,"vehicleDetails":[{"vehicleid":19720,"vehiclenumber":"KA57F2193","servicetypeid":72,"servicetype":"Non AC/Ordinary","centerlat":12.895585,"centerlong":77.704933,"eta":"","sch_arrivaltime":"18:59","sch_departuretime":"18:59","actual_arrivaltime":"","actual_departuretime":"","sch_tripstarttime":"18:20","sch_tripendtime":"18:20","lastlocationid":0,"currentlocationid":23914,"nextlocationid":0,"currentstop":null,"nextstop":null,"laststop":null,"stopCoveredStatus":0,"heading":287,"lastrefreshon":"16-10-2024 14:11:18","lastreceiveddatetimeflag":1,"tripposition":3}]},{"routeid":13078,"stationid":35240,"stationname":"Doddakannalli","from":"Kuguru","to":"KR Market (Kalasipalya)","routeno":"342-I","distance_on_station":20.873,"centerlat":12.90719,"centerlong":77.69557,"responsecode":200,"isnotify":0,"vehicleDetails":[{"vehicleid":19720,"vehiclenumber":"KA57F2193","servicetypeid":72,"servicetype":"Non AC/Ordinary","centerlat":12.895585,"centerlong":77.704933,"eta":"","sch_arrivaltime":"19:01","sch_departuretime":"19:01","actual_arrivaltime":"","actual_departuretime":"","sch_tripstarttime":"18:20","sch_tripendtime":"18:20","lastlocationid":0,"currentlocationid":23914,"nextlocationid":0,"currentstop":null,"nextstop":null,"laststop":null,"stopCoveredStatus":0,"heading":287,"lastrefreshon":"16-10-2024 14:11:18","lastreceiveddatetimeflag":1,"tripposition":3}]},{"routeid":13078,"stationid":23392,"stationname":"Radhareddy Layout","from":"Kuguru","to":"KR Market (Kalasipalya)","routeno":"342-I","distance_on_station":21.538,"centerlat":12.90869,"centerlong":77.68985,"responsecode":200,"isnotify":0,"vehicleDetails":[{"vehicleid":19720,"vehiclenumber":"KA57F2193","servicetypeid":72,"servicetype":"Non AC/Ordinary","centerlat":12.895585,"centerlong":77.704933,"eta":"","sch_arrivaltime":"19:02","sch_departuretime":"19:02","actual_arrivaltime":"","actual_departuretime":"","sch_tripstarttime":"18:20","sch_tripendtime":"18:20","lastlocationid":0,"currentlocationid":23914,"nextlocationid":0,"currentstop":null,"nextstop":null,"laststop":null,"stopCoveredStatus":0,"heading":287,"lastrefreshon":"16-10-2024 14:11:18","lastreceiveddatetimeflag":1,"tripposition":3}]},{"routeid":13078,"stationid":23916,"stationname":"Junnasandra Gate Wipro Regional Office","from":"Kuguru","to":"KR Market (Kalasipalya)","routeno":"342-I","distance_on_station":22.182,"centerlat":12.91068,"centerlong":77.68451,"responsecode":200,"isnotify":0,"vehicleDetails":[{"vehicleid":19720,"vehiclenumber":"KA57F2193","servicetypeid":72,"servicetype":"Non AC/Ordinary","centerlat":12.895585,"centerlong":77.704933,"eta":"","sch_arrivaltime":"19:03","sch_departuretime":"19:03","actual_arrivaltime":"","actual_departuretime":"","sch_tripstarttime":"18:20","sch_tripendtime":"18:20","lastlocationid":0,"currentlocationid":23914,"nextlocationid":0,"currentstop":null,"nextstop":null,"laststop":null,"stopCoveredStatus":0,"heading":287,"lastrefreshon":"16-10-2024 14:11:18","lastreceiveddatetimeflag":1,"tripposition":3}]},{"routeid":13078,"stationid":23917,"stationname":"Kaikondrahalli","from":"Kuguru","to":"KR Market (Kalasipalya)","routeno":"342-I","distance_on_station":23.044,"centerlat":12.91392,"centerlong":77.67761,"responsecode":200,"isnotify":0,"vehicleDetails":[{"vehicleid":19720,"vehiclenumber":"KA57F2193","servicetypeid":72,"servicetype":"Non AC/Ordinary","centerlat":12.895585,"centerlong":77.704933,"eta":"","sch_arrivaltime":"19:05","sch_departuretime":"19:05","actual_arrivaltime":"","actual_departuretime":"","sch_tripstarttime":"18:20","sch_tripendtime":"18:20","lastlocationid":0,"currentlocationid":23914,"nextlocationid":0,"currentstop":null,"nextstop":null,"laststop":null,"stopCoveredStatus":0,"heading":287,"lastrefreshon":"16-10-2024 14:11:18","lastreceiveddatetimeflag":1,"tripposition":3}]},{"routeid":13078,"stationid":23918,"stationname":"Bellanduru Gate SJP Road","from":"Kuguru","to":"KR Market (Kalasipalya)","routeno":"342-I","distance_on_station":24.165,"centerlat":12.91864,"centerlong":77.66931,"responsecode":200,"isnotify":0,"vehicleDetails":[{"vehicleid":19720,"vehiclenumber":"KA57F2193","servicetypeid":72,"servicetype":"Non AC/Ordinary","centerlat":12.895585,"centerlong":77.704933,"eta":"","sch_arrivaltime":"19:08","sch_departuretime":"19:08","actual_arrivaltime":"","actual_departuretime":"","sch_tripstarttime":"18:20","sch_tripendtime":"18:20","lastlocationid":0,"currentlocationid":23914,"nextlocationid":0,"currentstop":null,"nextstop":null,"laststop":null,"stopCoveredStatus":0,"heading":287,"lastrefreshon":"16-10-2024 14:11:18","lastreceiveddatetimeflag":1,"tripposition":3}]},{"routeid":13078,"stationid":35771,"stationname":"Ibbaluru","from":"Kuguru","to":"KR Market (Kalasipalya)","routeno":"342-I","distance_on_station":25.069,"centerlat":12.92135,"centerlong":77.66195,"responsecode":200,"isnotify":0,"vehicleDetails":[{"vehicleid":19720,"vehiclenumber":"KA57F2193","servicetypeid":72,"servicetype":"Non AC/Ordinary","centerlat":12.895585,"centerlong":77.704933,"eta":"","sch_arrivaltime":"19:11","sch_departuretime":"19:11","actual_arrivaltime":"","actual_departuretime":"","sch_tripstarttime":"18:20","sch_tripendtime":"18:20","lastlocationid":0,"currentlocationid":23914,"nextlocationid":0,"currentstop":null,"nextstop":null,"laststop":null,"stopCoveredStatus":0,"heading":287,"lastrefreshon":"16-10-2024 14:11:18","lastreceiveddatetimeflag":1,"tripposition":3}]},{"routeid":13078,"stationid":24000,"stationname":"Agara Junction","from":"Kuguru","to":"KR Market (Kalasipalya)","routeno":"342-I","distance_on_station":26.543,"centerlat":12.92464,"centerlong":77.64937,"responsecode":200,"isnotify":0,"vehicleDetails":[{"vehicleid":19720,"vehiclenumber":"KA57F2193","servicetypeid":72,"servicetype":"Non AC/Ordinary","centerlat":12.895585,"centerlong":77.704933,"eta":"","sch_arrivaltime":"19:13","sch_departuretime":"19:13","actual_arrivaltime":"","actual_departuretime":"","sch_tripstarttime":"18:20","sch_tripendtime":"18:20","lastlocationid":0,"currentlocationid":23914,"nextlocationid":0,"currentstop":null,"nextstop":null,"laststop":null,"stopCoveredStatus":0,"heading":287,"lastrefreshon":"16-10-2024 14:11:18","lastreceiveddatetimeflag":1,"tripposition":3}]},{"routeid":13078,"stationid":23920,"stationname":"Jakkasandra","from":"Kuguru","to":"KR Market (Kalasipalya)","routeno":"342-I","distance_on_station":27.842,"centerlat":12.92454,"centerlong":77.63826,"responsecode":200,"isnotify":0,"vehicleDetails":[{"vehicleid":19720,"vehiclenumber":"KA57F2193","servicetypeid":72,"servicetype":"Non AC/Ordinary","centerlat":12.895585,"centerlong":77.704933,"eta":"","sch_arrivaltime":"19:15","sch_departuretime":"19:15","actual_arrivaltime":"","actual_departuretime":"","sch_tripstarttime":"18:20","sch_tripendtime":"18:20","lastlocationid":0,"currentlocationid":23914,"nextlocationid":0,"currentstop":null,"nextstop":null,"laststop":null,"stopCoveredStatus":0,"heading":287,"lastrefreshon":"16-10-2024 14:11:18","lastreceiveddatetimeflag":1,"tripposition":3}]},{"routeid":13078,"stationid":22892,"stationname":"Koramangala 1st Block","from":"Kuguru","to":"KR Market (Kalasipalya)","routeno":"342-I","distance_on_station":28.278,"centerlat":12.9249,"centerlong":77.63458,"responsecode":200,"isnotify":0,"vehicleDetails":[{"vehicleid":19720,"vehiclenumber":"KA57F2193","servicetypeid":72,"servicetype":"Non AC/Ordinary","centerlat":12.895585,"centerlong":77.704933,"eta":"","sch_arrivaltime":"19:16","sch_departuretime":"19:16","actual_arrivaltime":"","actual_departuretime":"","sch_tripstarttime":"18:20","sch_tripendtime":"18:20","lastlocationid":0,"currentlocationid":23914,"nextlocationid":0,"currentstop":null,"nextstop":null,"laststop":null,"stopCoveredStatus":0,"heading":287,"lastrefreshon":"16-10-2024 14:11:18","lastreceiveddatetimeflag":1,"tripposition":3}]},{"routeid":13078,"stationid":23921,"stationname":"St francis College","from":"Kuguru","to":"KR Market (Kalasipalya)","routeno":"342-I","distance_on_station":28.662,"centerlat":12.92432,"centerlong":77.63124,"responsecode":200,"isnotify":0,"vehicleDetails":[{"vehicleid":19720,"vehiclenumber":"KA57F2193","servicetypeid":72,"servicetype":"Non AC/Ordinary","centerlat":12.895585,"centerlong":77.704933,"eta":"","sch_arrivaltime":"19:17","sch_departuretime":"19:17","actual_arrivaltime":"","actual_departuretime":"","sch_tripstarttime":"18:20","sch_tripendtime":"18:20","lastlocationid":0,"currentlocationid":23914,"nextlocationid":0,"currentstop":null,"nextstop":null,"laststop":null,"stopCoveredStatus":0,"heading":287,"lastrefreshon":"16-10-2024 14:11:18","lastreceiveddatetimeflag":1,"tripposition":3}]},{"routeid":13078,"stationid":23333,"stationname":"Kudure Mukha Colony","from":"Kuguru","to":"KR Market (Kalasipalya)","routeno":"342-I","distance_on_station":29.327,"centerlat":12.92553,"centerlong":77.62563,"responsecode":200,"isnotify":0,"vehicleDetails":[{"vehicleid":19720,"vehiclenumber":"KA57F2193","servicetypeid":72,"servicetype":"Non AC/Ordinary","centerlat":12.895585,"centerlong":77.704933,"eta":"","sch_arrivaltime":"19:18","sch_departuretime":"19:18","actual_arrivaltime":"","actual_departuretime":"","sch_tripstarttime":"18:20","sch_tripendtime":"18:20","lastlocationid":0,"currentlocationid":23914,"nextlocationid":0,"currentstop":null,"nextstop":null,"laststop":null,"stopCoveredStatus":0,"heading":287,"lastrefreshon":"16-10-2024 14:11:18","lastreceiveddatetimeflag":1,"tripposition":3}]},{"routeid":13078,"stationid":23383,"stationname":"Koramangala Water Tank","from":"Kuguru","to":"KR Market (Kalasipalya)","routeno":"342-I","distance_on_station":29.918,"centerlat":12.92753,"centerlong":77.62075,"responsecode":200,"isnotify":0,"vehicleDetails":[{"vehicleid":19720,"vehiclenumber":"KA57F2193","servicetypeid":72,"servicetype":"Non AC/Ordinary","centerlat":12.895585,"centerlong":77.704933,"eta":"","sch_arrivaltime":"19:19","sch_departuretime":"19:19","actual_arrivaltime":"","actual_departuretime":"","sch_tripstarttime":"18:20","sch_tripendtime":"18:20","lastlocationid":0,"currentlocationid":23914,"nextlocationid":0,"currentstop":null,"nextstop":null,"laststop":null,"stopCoveredStatus":0,"heading":287,"lastrefreshon":"16-10-2024 14:11:18","lastreceiveddatetimeflag":1,"tripposition":3}]},{"routeid":13078,"stationid":35369,"stationname":"St Johns Hospital","from":"Kuguru","to":"KR Market (Kalasipalya)","routeno":"342-I","distance_on_station":30.5,"centerlat":12.92933,"centerlong":77.61594,"responsecode":200,"isnotify":0,"vehicleDetails":[{"vehicleid":19720,"vehiclenumber":"KA57F2193","servicetypeid":72,"servicetype":"Non AC/Ordinary","centerlat":12.895585,"centerlong":77.704933,"eta":"","sch_arrivaltime":"19:20","sch_departuretime":"19:20","actual_arrivaltime":"","actual_departuretime":"","sch_tripstarttime":"18:20","sch_tripendtime":"18:20","lastlocationid":0,"currentlocationid":23914,"nextlocationid":0,"currentstop":null,"nextstop":null,"laststop":null,"stopCoveredStatus":0,"heading":287,"lastrefreshon":"16-10-2024 14:11:18","lastreceiveddatetimeflag":1,"tripposition":3}]}],"mapData":[{"vehicleid":19720,"vehiclenumber":"KA57F2193","servicetypeid":72,"servicetype":"Non AC/Ordinary","centerlat":12.895585,"centerlong":77.704933,"eta":"","sch_arrivaltime":"19:20","sch_departuretime":"19:20","actual_arrivaltime":"","actual_departuretime":"","sch_tripstarttime":"18:20","sch_tripendtime":"18:20","lastlocationid":0,"currentlocationid":23914,"nextlocationid":0,"currentstop":null,"nextstop":null,"laststop":null,"stopCoveredStatus":0,"heading":287,"lastrefreshon":"16-10-2024 14:11:18","lastreceiveddatetimeflag":1,"tripposition":3}]},"message":"Success","issuccess":true,"exception":null,"rowCount":0,"responsecode":200}