{"up":{"data":[],"mapData":[]},"down":{"data":[{"routeid":13483,"stationid":38829,"stationname":"IGNOU Singena Agrahara","from":"IGNOU Singena Agrahara","to":"KR Market (Kalasipalya)","routeno":"349-J KMT-IGNOUS","distance_on_station":0,"centerlat":12.83776,"centerlong":77.70283,"responsecode":200,"isnotify":0,"vehicleDetails":[{"vehicleid":25611,"vehiclenumber":"KA57F5280","servicetypeid":72,"servicetype":"Non AC/Ordinary","centerlat":12.770061,"centerlong":77.701406,"eta":"","sch_arrivaltime":"09:20","sch_departuretime":"09:20","actual_arrivaltime":"","actual_departuretime":"","sch_tripstarttime":"09:20","sch_tripendtime":"09:20","lastlocationid":0,"currentlocationid":38829,"nextlocationid":0,"currentstop":null,"nextstop":null,"laststop":null,"stopCoveredStatus":0,"heading":20,"lastrefreshon":"05-10-2023 17:10:32","lastreceiveddatetimeflag":1,"tripposition":3}]},{"routeid":13483,"stationid":35681,"stationname":"Sampige Nagara 1","from":"IGNOU Singena Agrahara","to":"KR Market (Kalasipalya)","routeno":"349-J KMT-IGNOUS","distance_on_station":0.727,"centerlat":12.83929,"centerlong":77.69798,"responsecode":200,"isnotify":0,"vehicleDetails":[{"vehicleid":25611,"vehiclenumber":"KA57F5280","servicetypeid":72,"servicetype":"Non AC/Ordinary","centerlat":12.770061,"centerlong":77.701406,"eta":"","sch_arrivaltime":"09:22","sch_departuretime":"09:22","actual_arrivaltime":"","actual_departuretime":"","sch_tripstarttime":"09:20","sch_tripendtime":"09:20","lastlocationid":0,"currentlocationid":38829,"nextlocationid":0,"currentstop":null,"nextstop":null,"laststop":null,"stopCoveredStatus":0,"heading":20,"lastrefreshon":"05-10-2023 17:10:32","lastreceiveddatetimeflag":1,"tripposition":3}]},{"routeid":13483,"stationid":35058,"stationname":"Singena Agrahara Cross Fruits Market","from":"IGNOU Singena Agrahara","to":"KR Market (Kalasipalya)","routeno":"349-J KMT-IGNOUS","distance_on_station":2.068,"centerlat":12.84235,"centerlong":77.68709,"responsecode":200,"isnotify":0,"vehicleDetails":[{"vehicleid":25611,"vehiclenumber":"KA57F5280","servicetypeid":72,"servicetype":"Non AC/Ordinary","centerlat":12.770061,"centerlong":77.701406,"eta":"","sch_arrivaltime":"09:25","sch_departuretime":"09:25","actual_arrivaltime":"","actual_departuretime":"","sch_tripstarttime":"09:20","sch_tripendtime":"09:20","lastlocationid":0,"currentlocationid":38829,"nextlocationid":0,"currentstop":null,"nextstop":null,"laststop":null,"stopCoveredStatus":0,"heading":20,"lastrefreshon":"05-10-2023 17:10:32","lastreceiveddatetimeflag":1,"tripposition":3}]},{"routeid":13483,"stationid":22064,"stationname":"Huskur Gate","from":"IGNOU Singena Agrahara","to":"KR Market (Kalasipalya)","routeno":"349-J KMT-IGNOUS","distance_on_station":3.328,"centerlat":12.83603,"centerlong":77.67916,"responsecode":200,"isnotify":0,"vehicleDetails":[{"vehicleid":25611,"vehiclenumber":"KA57F5280","servicetypeid":72,"servicetype":"Non AC/Ordinary","centerlat":12.770061,"centerlong":77.701406,"eta":"","sch_arrivaltime":"09:29","sch_departuretime":"09:29","actual_arrivaltime":"","actual_departuretime":"","sch_tripstarttime":"09:20","sch_tripendtime":"09:20","lastlocationid":0,"currentlocationid":38829,"nextlocationid":0,"currentstop":null,"nextstop":null,"laststop":null,"stopCoveredStatus":0,"heading":20,"lastrefreshon":"05-10-2023 17:10:32","lastreceiveddatetimeflag":1,"tripposition":3}]},{"routeid":13483,"stationid":22595,"stationname":"Veerasandra","from":"IGNOU Singena Agrahara","to":"KR Market (Kalasipalya)","routeno":"349-J KMT-IGNOUS","distance_on_station":3.871,"centerlat":12.84012,"centerlong":77.67674,"responsecode":200,"isnotify":0,"vehicleDetails":[{"vehicleid":25611,"vehiclenumber":"KA57F5280","servicetypeid":72,"servicetype":"Non AC/Ordinary","centerlat":12.770061,"centerlong":77.701406,"eta":"","sch_arrivaltime":"09:30","sch_departuretime":"09:30","actual_arrivaltime":"","actual_departuretime":"","sch_tripstarttime":"09:20","sch_tripendtime":"09:20","lastlocationid":0,"currentlocationid":38829,"nextlocationid":0,"currentstop":null,"nextstop":null,"laststop":null,"stopCoveredStatus":0,"heading":20,"lastrefreshon":"05-10-2023 17:10:32","lastreceiveddatetimeflag":1,"tripposition":3}]},{"routeid":13483,"stationid":21934,"stationname":"Electronic City","from":"IGNOU Singena Agrahara","to":"KR Market (Kalasipalya)","routeno":"349-J KMT-IGNOUS","distance_on_station":4.966,"centerlat":12.84756,"centerlong":77.6707,"responsecode":200,"isnotify":0,"vehicleDetails":[{"vehicleid":25611,"vehiclenumber":"KA57F5280","servicetypeid":72,"servicetype":"Non AC/Ordinary","centerlat":12.770061,"centerlong":77.701406,"eta":"","sch_arrivaltime":"09:33","sch_departuretime":"09:33","actual_arrivaltime":"","actual_departuretime":"","sch_tripstarttime":"09:20","sch_tripendtime":"09:20","lastlocationid":0,"currentlocationid":38829,"nextlocationid":0,"currentstop":null,"nextstop":null,"laststop":null,"stopCoveredStatus":0,"heading":20,"lastrefreshon":"05-10-2023 17:10:32","lastreceiveddatetimeflag":1,"tripposition":3}]},{"routeid":13483,"stationid":20935,"stationname":"Konappana Agarhara","from":"IGNOU Singena Agrahara","to":"KR Market (Kalasipalya)","routeno":"349-J KMT-IGNOUS","distance_on_station":6.001,"centerlat":12.8548,"centerlong":77.66502,"responsecode":200,"isnotify":0,"vehicleDetails":[{"vehicleid":25611,"vehiclenumber":"KA57F5280","servicetypeid":72,"servicetype":"Non AC/Ordinary","centerlat":12.770061,"centerlong":77.701406,"eta":"","sch_arrivaltime":"09:35","sch_departuretime":"09:35","actual_arrivaltime":"","actual_departuretime":"","sch_tripstarttime":"09:20","sch_tripendtime":"09:20","lastlocationid":0,"currentlocationid":38829,"nextlocationid":0,"currentstop":null,"nextstop":null,"laststop":null,"stopCoveredStatus":0,"heading":20,"lastrefreshon":"05-10-2023 17:10:32","lastreceiveddatetimeflag":1,"tripposition":3}]},{"routeid":13483,"stationid":21090,"stationname":"Electronic City PESIT College","from":"IGNOU Singena Agrahara","to":"KR Market (Kalasipalya)","routeno":"349-J KMT-IGNOUS","distance_on_station":6.595,"centerlat":12.85897,"centerlong":77.66179,"responsecode":200,"isnotify":0,"vehicleDetails":[{"vehicleid":25611,"vehiclenumber":"KA57F5280","servicetypeid":72,"servicetype":"Non AC/Ordinary","centerlat":12.770061,"centerlong":77.701406,"eta":"","sch_arrivaltime":"09:36","sch_departuretime":"09:36","actual_arrivaltime":"","actual_departuretime":"","sch_tripstarttime":"09:20","sch_tripendtime":"09:20","lastlocationid":0,"currentlocationid":38829,"nextlocationid":0,"currentstop":null,"nextstop":null,"laststop":null,"stopCoveredStatus":0,"heading":20,"lastrefreshon":"05-10-2023 17:10:32","lastreceiveddatetimeflag":1,"tripposition":3}]},{"routeid":13483,"stationid":20841,"stationname":"Hosa Road","from":"IGNOU Singena Agrahara","to":"KR Market (Kalasipalya)","routeno":"349-J KMT-IGNOUS","distance_on_station":8.182,"centerlat":12.86988,"centerlong":77.65299,"responsecode":200,"isnotify":0,"vehicleDetails":[{"vehicleid":25611,"vehiclenumber":"KA57F5280","servicetypeid":72,"servicetype":"Non AC/Ordinary","centerlat":12.770061,"centerlong":77.701406,"eta":"","sch_arrivaltime":"09:39","sch_departuretime":"09:39","actual_arrivaltime":"","actual_departuretime":"","sch_tripstarttime":"09:20","sch_tripendtime":"09:20","lastlocationid":0,"currentlocationid":38829,"nextlocationid":0,"currentstop":null,"nextstop":null,"laststop":null,"stopCoveredStatus":0,"heading":20,"lastrefreshon":"05-10-2023 17:10:32","lastreceiveddatetimeflag":1,"tripposition":3}]},{"routeid":13483,"stationid":21182,"stationname":"Singasandra","from":"IGNOU Singena Agrahara","to":"KR Market (Kalasipalya)","routeno":"349-J KMT-IGNOUS","distance_on_station":9.267,"centerlat":12.8774,"centerlong":77.64704,"responsecode":200,"isnotify":0,"vehicleDetails":[{"vehicleid":25611,"vehiclenumber":"KA57F5280","servicetypeid":72,"servicetype":"Non AC/Ordinary","centerlat":12.770061,"centerlong":77.701406,"eta":"","sch_arrivaltime":"09:41","sch_departuretime":"09:41","actual_arrivaltime":"","actual_departuretime":"","sch_tripstarttime":"09:20","sch_tripendtime":"09:20","lastlocationid":0,"currentlocationid":38829,"nextlocationid":0,"currentstop":null,"nextstop":null,"laststop":null,"stopCoveredStatus":0,"heading":20,"lastrefreshon":"05-10-2023 17:10:32","lastreceiveddatetimeflag":1,"tripposition":3}]},{"routeid":13483,"stationid":20951,"stationname":"Kudlu Gate","from":"IGNOU Singena Agrahara","to":"KR Market (Kalasipalya)","routeno":"349-J KMT-IGNOUS","distance_on_station":10.895,"centerlat":12.88977,"centerlong":77.63918,"responsecode":200,"isnotify":0,"vehicleDetails":[{"vehicleid":25611,"vehiclenumber":"KA57F5280","servicetypeid":72,"servicetype":"Non AC/Ordinary","centerlat":12.770061,"centerlong":77.701406,"eta":"","sch_arrivaltime":"09:46","sch_departuretime":"09:46","actual_arrivaltime":"","actual_departuretime":"","sch_tripstarttime":"09:20","sch_tripendtime":"09:20","lastlocationid":0,"currentlocationid":38829,"nextlocationid":0,"currentstop":null,"nextstop":null,"laststop":null,"stopCoveredStatus":0,"heading":20,"lastrefreshon":"05-10-2023 17:10:32","lastreceiveddatetimeflag":1,"tripposition":3}]},{"routeid":13483,"stationid":20784,"stationname":"Garvebhavipalya","from":"IGNOU Singena Agrahara","to":"KR Market (Kalasipalya)","routeno":"349-J KMT-IGNOUS","distance_on_station":11.755,"centerlat":12.89609,"centerlong":77.63534,"responsecode":200,"isnotify":0,"vehicleDetails":[{"vehicleid":25611,"vehiclenumber":"KA57F5280","servicetypeid":72,"servicetype":"Non AC/Ordinary","centerlat":12.770061,"centerlong":77.701406,"eta":"","sch_arrivaltime":"09:48","sch_departuretime":"09:48","actual_arrivaltime":"","actual_departuretime":"","sch_tripstarttime":"09:20","sch_tripendtime":"09:20","lastlocationid":0,"currentlocationid":38829,"nextlocationid":0,"currentstop":null,"nextstop":null,"laststop":null,"stopCoveredStatus":0,"heading":20,"lastrefreshon":"05-10-2023 17:10:32","lastreceiveddatetimeflag":1,"tripposition":3}]},{"routeid":13483,"stationid":20675,"stationname":"Bommanahalli","from":"IGNOU Singena Agrahara","to":"KR Market (Kalasipalya)","routeno":"349-J KMT-IGNOUS","distance_on_station":12.913,"centerlat":12.90477,"centerlong":77.62999,"responsecode":200,"isnotify":0,"vehicleDetails":[{"vehicleid":25611,"vehiclenumber":"KA57F5280","servicetypeid":72,"servicetype":"Non AC/Ordinary","centerlat":12.770061,"centerlong":77.701406,"eta":"","sch_arrivaltime":"09:50","sch_departuretime":"09:50","actual_arrivaltime":"","actual_departuretime":"","sch_tripstarttime":"09:20","sch_tripendtime":"09:20","lastlocationid":0,"currentlocationid":38829,"nextlocationid":0,"currentstop":null,"nextstop":null,"laststop":null,"stopCoveredStatus":0,"heading":20,"lastrefreshon":"05-10-2023 17:10:32","lastreceiveddatetimeflag":1,"tripposition":3}]},{"routeid":13483,"stationid":21143,"stationname":"Roopena Agrahara","from":"IGNOU Singena Agrahara","to":"KR Market (Kalasipalya)","routeno":"349-J KMT-IGNOUS","distance_on_station":13.814,"centerlat":12.91158,"centerlong":77.62579,"responsecode":200,"isnotify":0,"vehicleDetails":[{"vehicleid":25611,"vehiclenumber":"KA57F5280","servicetypeid":72,"servicetype":"Non AC/Ordinary","centerlat":12.770061,"centerlong":77.701406,"eta":"","sch_arrivaltime":"09:53","sch_departuretime":"09:53","actual_arrivaltime":"","actual_departuretime":"","sch_tripstarttime":"09:20","sch_tripendtime":"09:20","lastlocationid":0,"currentlocationid":38829,"nextlocationid":0,"currentstop":null,"nextstop":null,"laststop":null,"stopCoveredStatus":0,"heading":20,"lastrefreshon":"05-10-2023 17:10:32","lastreceiveddatetimeflag":1,"tripposition":3}]},{"routeid":13483,"stationid":20974,"stationname":"Madivala","from":"IGNOU Singena Agrahara","to":"KR Market (Kalasipalya)","routeno":"349-J KMT-IGNOUS","distance_on_station":14.971,"centerlat":12.92023,"centerlong":77.62066,"responsecode":200,"isnotify":0,"vehicleDetails":[{"vehicleid":25611,"vehiclenumber":"KA57F5280","servicetypeid":72,"servicetype":"Non AC/Ordinary","centerlat":12.770061,"centerlong":77.701406,"eta":"","sch_arrivaltime":"09:56","sch_departuretime":"09:56","actual_arrivaltime":"","actual_departuretime":"","sch_tripstarttime":"09:20","sch_tripendtime":"09:20","lastlocationid":0,"currentlocationid":38829,"nextlocationid":0,"currentstop":null,"nextstop":null,"laststop":null,"stopCoveredStatus":0,"heading":20,"lastrefreshon":"05-10-2023 17:10:32","lastreceiveddatetimeflag":1,"tripposition":3}]},{"routeid":13483,"stationid":35646,"stationname":"Ayyappaswamy Temple Madivala","from":"IGNOU Singena Agrahara","to":"KR Market (Kalasipalya)","routeno":"349-J KMT-IGNOUS","distance_on_station":15.575,"centerlat":12.92478,"centerlong":77.61791,"responsecode":200,"isnotify":0,"vehicleDetails":[{"vehicleid":25611,"vehiclenumber":"KA57F5280","servicetypeid":72,"servicetype":"Non AC/Ordinary","centerlat":12.770061,"centerlong":77.701406,"eta":"","sch_arrivaltime":"09:59","sch_departuretime":"09:59","actual_arrivaltime":"","actual_departuretime":"","sch_tripstarttime":"09:20","sch_tripendtime":"09:20","lastlocationid":0,"currentlocationid":38829,"nextlocationid":0,"currentstop":null,"nextstop":null,"laststop":null,"stopCoveredStatus":0,"heading":20,"lastrefreshon":"05-10-2023 17:10:32","lastreceiveddatetimeflag":1,"tripposition":3}]},{"routeid":13483,"stationid":21192,"stationname":"St Johns Hospital","from":"IGNOU Singena Agrahara","to":"KR Market (Kalasipalya)","routeno":"349-J KMT-IGNOUS","distance_on_station":16.148,"centerlat":12.92909,"centerlong":77.61531,"responsecode":200,"isnotify":0,"vehicleDetails":[{"vehicleid":25611,"vehiclenumber":"KA57F5280","servicetypeid":72,"servicetype":"Non AC/Ordinary","centerlat":12.770061,"centerlong":77.701406,"eta":"","sch_arrivaltime":"10:01","sch_departuretime":"10:01","actual_arrivaltime":"","actual_departuretime":"","sch_tripstarttime":"09:20","sch_tripendtime":"09:20","lastlocationid":0,"currentlocationid":38829,"nextlocationid":0,"currentstop":null,"nextstop":null,"laststop":null,"stopCoveredStatus":0,"heading":20,"lastrefreshon":"05-10-2023 17:10:32","lastreceiveddatetimeflag":1,"tripposition":3}]},{"routeid":13483,"stationid":20881,"stationname":"Hosur Road junction","from":"IGNOU Singena Agrahara","to":"KR Market (Kalasipalya)","routeno":"349-J KMT-IGNOUS","distance_on_station":16.558,"centerlat":12.93201,"centerlong":77.61316,"responsecode":200,"isnotify":0,"vehicleDetails":[{"vehicleid":25611,"vehiclenumber":"KA57F5280","servicetypeid":72,"servicetype":"Non AC/Ordinary","centerlat":12.770061,"centerlong":77.701406,"eta":"","sch_arrivaltime":"10:02","sch_departuretime":"10:02","actual_arrivaltime":"","actual_departuretime":"","sch_tripstarttime":"09:20","sch_tripendtime":"09:20","lastlocationid":0,"currentlocationid":38829,"nextlocationid":0,"currentstop":null,"nextstop":null,"laststop":null,"stopCoveredStatus":0,"heading":20,"lastrefreshon":"05-10-2023 17:10:32","lastreceiveddatetimeflag":1,"tripposition":3}]},{"routeid":13483,"stationid":21034,"stationname":"Muneshwara Devasthana","from":"IGNOU Singena Agrahara","to":"KR Market (Kalasipalya)","routeno":"349-J KMT-IGNOUS","distance_on_station":17.449,"centerlat":12.93638,"centerlong":77.60651,"responsecode":200,"isnotify":0,"vehicleDetails":[{"vehicleid":25611,"vehiclenumber":"KA57F5280","servicetypeid":72,"servicetype":"Non AC/Ordinary","centerlat":12.770061,"centerlong":77.701406,"eta":"","sch_arrivaltime":"10:04","sch_departuretime":"10:04","actual_arrivaltime":"","actual_departuretime":"","sch_tripstarttime":"09:20","sch_tripendtime":"09:20","lastlocationid":0,"currentlocationid":38829,"nextlocationid":0,"currentstop":null,"nextstop":null,"laststop":null,"stopCoveredStatus":0,"heading":20,"lastrefreshon":"05-10-2023 17:10:32","lastreceiveddatetimeflag":1,"tripposition":3}]},{"routeid":13483,"stationid":20642,"stationname":"Bengaluru Dairy Circle","from":"IGNOU Singena Agrahara","to":"KR Market (Kalasipalya)","routeno":"349-J KMT-IGNOUS","distance_on_station":18.063,"centerlat":12.93709,"centerlong":77.60105,"responsecode":200,"isnotify":0,"vehicleDetails":[{"vehicleid":25611,"vehiclenumber":"KA57F5280","servicetypeid":72,"servicetype":"Non AC/Ordinary","centerlat":12.770061,"centerlong":77.701406,"eta":"","sch_arrivaltime":"10:05","sch_departuretime":"10:05","actual_arrivaltime":"","actual_departuretime":"","sch_tripstarttime":"09:20","sch_tripendtime":"09:20","lastlocationid":0,"currentlocationid":38829,"nextlocationid":0,"currentstop":null,"nextstop":null,"laststop":null,"stopCoveredStatus":0,"heading":20,"lastrefreshon":"05-10-2023 17:10:32","lastreceiveddatetimeflag":1,"tripposition":3}]},{"routeid":13483,"stationid":21065,"stationname":"Nimhans Hospital","from":"IGNOU Singena Agrahara","to":"KR Market (Kalasipalya)","routeno":"349-J KMT-IGNOUS","distance_on_station":18.442,"centerlat":12.93871,"centerlong":77.59824,"responsecode":200,"isnotify":0,"vehicleDetails":[{"vehicleid":25611,"vehiclenumber":"KA57F5280","servicetypeid":72,"servicetype":"Non AC/Ordinary","centerlat":12.770061,"centerlong":77.701406,"eta":"","sch_arrivaltime":"10:06","sch_departuretime":"10:06","actual_arrivaltime":"","actual_departuretime":"","sch_tripstarttime":"09:20","sch_tripendtime":"09:20","lastlocationid":0,"currentlocationid":38829,"nextlocationid":0,"currentstop":null,"nextstop":null,"laststop":null,"stopCoveredStatus":0,"heading":20,"lastrefreshon":"05-10-2023 17:10:32","lastreceiveddatetimeflag":1,"tripposition":3}]},{"routeid":13483,"stationid":20966,"stationname":"Lakkasandra","from":"IGNOU Singena Agrahara","to":"KR Market (Kalasipalya)","routeno":"349-J KMT-IGNOUS","distance_on_station":19.046,"centerlat":12.94383,"centerlong":77.59713,"responsecode":200,"isnotify":0,"vehicleDetails":[{"vehicleid":25611,"vehiclenumber":"KA57F5280","servicetypeid":72,"servicetype":"Non AC/Ordinary","centerlat":12.770061,"centerlong":77.701406,"eta":"","sch_arrivaltime":"10:08","sch_departuretime":"10:08","actual_arrivaltime":"","actual_departuretime":"","sch_tripstarttime":"09:20","sch_tripendtime":"09:20","lastlocationid":0,"currentlocationid":38829,"nextlocationid":0,"currentstop":null,"nextstop":null,"laststop":null,"stopCoveredStatus":0,"heading":20,"lastrefreshon":"05-10-2023 17:10:32","lastreceiveddatetimeflag":1,"tripposition":3}]},{"routeid":13483,"stationid":22929,"stationname":"7th Cross Wilson Garden","from":"IGNOU Singena Agrahara","to":"KR Market (Kalasipalya)","routeno":"349-J KMT-IGNOUS","distance_on_station":19.538,"centerlat":12.94699,"centerlong":77.59436,"responsecode":200,"isnotify":0,"vehicleDetails":[{"vehicleid":25611,"vehiclenumber":"KA57F5280","servicetypeid":72,"servicetype":"Non AC/Ordinary","centerlat":12.770061,"centerlong":77.701406,"eta":"","sch_arrivaltime":"10:10","sch_departuretime":"10:10","actual_arrivaltime":"","actual_departuretime":"","sch_tripstarttime":"09:20","sch_tripendtime":"09:20","lastlocationid":0,"currentlocationid":38829,"nextlocationid":0,"currentstop":null,"nextstop":null,"laststop":null,"stopCoveredStatus":0,"heading":20,"lastrefreshon":"05-10-2023 17:10:32","lastreceiveddatetimeflag":1,"tripposition":3}]},{"routeid":13483,"stationid":23922,"stationname":"Lalbagh Hopcoms","from":"IGNOU Singena Agrahara","to":"KR Market (Kalasipalya)","routeno":"349-J KMT-IGNOUS","distance_on_station":20.142,"centerlat":12.95122,"centerlong":77.59132,"responsecode":200,"isnotify":0,"vehicleDetails":[{"vehicleid":25611,"vehiclenumber":"KA57F5280","servicetypeid":72,"servicetype":"Non AC/Ordinary","centerlat":12.770061,"centerlong":77.701406,"eta":"","sch_arrivaltime":"10:12","sch_departuretime":"10:12","actual_arrivaltime":"","actual_departuretime":"","sch_tripstarttime":"09:20","sch_tripendtime":"09:20","lastlocationid":0,"currentlocationid":38829,"nextlocationid":0,"currentstop":null,"nextstop":null,"laststop":null,"stopCoveredStatus":0,"heading":20,"lastrefreshon":"05-10-2023 17:10:32","lastreceiveddatetimeflag":1,"tripposition":3}]},{"routeid":13483,"stationid":20967,"stationname":"Lalbagh Main Gate","from":"IGNOU Singena Agrahara","to":"KR Market (Kalasipalya)","routeno":"349-J KMT-IGNOUS","distance_on_station":21.002,"centerlat":12.95427,"centerlong":77.58449,"responsecode":200,"isnotify":0,"vehicleDetails":[{"vehicleid":25611,"vehiclenumber":"KA57F5280","servicetypeid":72,"servicetype":"Non AC/Ordinary","centerlat":12.770061,"centerlong":77.701406,"eta":"","sch_arrivaltime":"10:14","sch_departuretime":"10:14","actual_arrivaltime":"","actual_departuretime":"","sch_tripstarttime":"09:20","sch_tripendtime":"09:20","lastlocationid":0,"currentlocationid":38829,"nextlocationid":0,"currentstop":null,"nextstop":null,"laststop":null,"stopCoveredStatus":0,"heading":20,"lastrefreshon":"05-10-2023 17:10:32","lastreceiveddatetimeflag":1,"tripposition":3}]},{"routeid":13483,"stationid":21232,"stationname":"Town Hall","from":"IGNOU Singena Agrahara","to":"KR Market (Kalasipalya)","routeno":"349-J KMT-IGNOUS","distance_on_station":22.774,"centerlat":12.96355,"centerlong":77.58375,"responsecode":200,"isnotify":0,"vehicleDetails":[{"vehicleid":25611,"vehiclenumber":"KA57F5280","servicetypeid":72,"servicetype":"Non AC/Ordinary","centerlat":12.770061,"centerlong":77.701406,"eta":"","sch_arrivaltime":"10:22","sch_departuretime":"10:22","actual_arrivaltime":"","actual_departuretime":"","sch_tripstarttime":"09:20","sch_tripendtime":"09:20","lastlocationid":0,"currentlocationid":38829,"nextlocationid":0,"currentstop":null,"nextstop":null,"laststop":null,"stopCoveredStatus":0,"heading":20,"lastrefreshon":"05-10-2023 17:10:32","lastreceiveddatetimeflag":1,"tripposition":3}]},{"routeid":13483,"stationid":20945,"stationname":"KR Market (Kalasipalya)","from":"IGNOU Singena Agrahara","to":"KR Market (Kalasipalya)","routeno":"349-J KMT-IGNOUS","distance_on_station":23.9,"centerlat":12.96154,"centerlong":77.57736,"responsecode":200,"isnotify":0,"vehicleDetails":[{"vehicleid":25611,"vehiclenumber":"KA57F5280","servicetypeid":72,"servicetype":"Non AC/Ordinary","centerlat":12.770061,"centerlong":77.701406,"eta":"","sch_arrivaltime":"10:27","sch_departuretime":"10:27","actual_arrivaltime":"","actual_departuretime":"","sch_tripstarttime":"09:20","sch_tripendtime":"09:20","lastlocationid":0,"currentlocationid":38829,"nextlocationid":0,"currentstop":null,"nextstop":null,"laststop":null,"stopCoveredStatus":0,"heading":20,"lastrefreshon":"05-10-2023 17:10:32","lastreceiveddatetimeflag":1,"tripposition":3}]}],"mapData":[{"vehicleid":25611,"vehiclenumber":"KA57F5280","servicetypeid":72,"servicetype":"Non AC/Ordinary","centerlat":12.770061,"centerlong":77.701406,"eta":"","sch_arrivaltime":"10:27","sch_departuretime":"10:27","actual_arrivaltime":"","actual_departuretime":"","sch_tripstarttime":"09:20","sch_tripendtime":"09:20","lastlocationid":0,"currentlocationid":38829,"nextlocationid":0,"currentstop":null,"nextstop":null,"laststop":null,"stopCoveredStatus":0,"heading":20,"lastrefreshon":"05-10-2023 17:10:32","lastreceiveddatetimeflag":1,"tripposition":3}]},"message":"Success","issuccess":true,"exception":null,"rowCount":0,"responsecode":200}