{"up":{"data":[{"routeid":3937,"stationid":22199,"stationname":"KR Market","from":"KR Market","to":"Chikka Korati","routeno":"382-M","distance_on_station":0,"centerlat":12.96437,"centerlong":77.57736,"responsecode":200,"isnotify":0,"vehicleDetails":[]},{"routeid":3937,"stationid":21231,"stationname":"Town Hall","from":"KR Market","to":"Chikka Korati","routeno":"382-M","distance_on_station":0,"centerlat":12.96384,"centerlong":77.58434,"responsecode":200,"isnotify":0,"vehicleDetails":[]},{"routeid":3937,"stationid":20726,"stationname":"Corporation","from":"KR Market","to":"Chikka Korati","routeno":"382-M","distance_on_station":0,"centerlat":12.9682,"centerlong":77.58936,"responsecode":200,"isnotify":0,"vehicleDetails":[]},{"routeid":3937,"stationid":21193,"stationname":"St Josephs Indian School/ Malya Hospital","from":"KR Market","to":"Chikka Korati","routeno":"382-M","distance_on_station":0,"centerlat":12.97052,"centerlong":77.5943,"responsecode":200,"isnotify":0,"vehicleDetails":[]},{"routeid":3937,"stationid":21125,"stationname":"Richmond Circle","from":"KR Market","to":"Chikka Korati","routeno":"382-M","distance_on_station":0,"centerlat":12.96738,"centerlong":77.59946,"responsecode":200,"isnotify":0,"vehicleDetails":[]},{"routeid":3937,"stationid":21194,"stationname":"St Joseph College","from":"KR Market","to":"Chikka Korati","routeno":"382-M","distance_on_station":0,"centerlat":12.97036,"centerlong":77.60368,"responsecode":200,"isnotify":0,"vehicleDetails":[]},{"routeid":3937,"stationid":22278,"stationname":"Mayohall","from":"KR Market","to":"Chikka Korati","routeno":"382-M","distance_on_station":0,"centerlat":12.97336,"centerlong":77.6099,"responsecode":200,"isnotify":0,"vehicleDetails":[]},{"routeid":3937,"stationid":21020,"stationname":"MG Road Electric B Station","from":"KR Market","to":"Chikka Korati","routeno":"382-M","distance_on_station":0,"centerlat":12.97403,"centerlong":77.61279,"responsecode":200,"isnotify":0,"vehicleDetails":[]},{"routeid":3937,"stationid":21235,"stationname":"Lido Talkies","from":"KR Market","to":"Chikka Korati","routeno":"382-M","distance_on_station":0,"centerlat":12.97346,"centerlong":77.62005,"responsecode":200,"isnotify":0,"vehicleDetails":[]},{"routeid":3937,"stationid":21093,"stationname":"Philips Millenium Halasuru","from":"KR Market","to":"Chikka Korati","routeno":"382-M","distance_on_station":0,"centerlat":12.98196,"centerlong":77.62443,"responsecode":200,"isnotify":0,"vehicleDetails":[]},{"routeid":3937,"stationid":20805,"stationname":"Halasuru","from":"KR Market","to":"Chikka Korati","routeno":"382-M","distance_on_station":0,"centerlat":12.97949,"centerlong":77.62949,"responsecode":200,"isnotify":0,"vehicleDetails":[]},{"routeid":3937,"stationid":20741,"stationname":"Depot-06 Gate","from":"KR Market","to":"Chikka Korati","routeno":"382-M","distance_on_station":0,"centerlat":12.98255,"centerlong":77.63434,"responsecode":200,"isnotify":0,"vehicleDetails":[]},{"routeid":3937,"stationid":20672,"stationname":"Binnamangala","from":"KR Market","to":"Chikka Korati","routeno":"382-M","distance_on_station":0,"centerlat":12.98331,"centerlong":77.63834,"responsecode":200,"isnotify":0,"vehicleDetails":[]},{"routeid":3937,"stationid":22527,"stationname":"Swamy Vivekananda Metro Station/Isolation Hospital","from":"KR Market","to":"Chikka Korati","routeno":"382-M","distance_on_station":0,"centerlat":12.9859,"centerlong":77.6452,"responsecode":200,"isnotify":0,"vehicleDetails":[]},{"routeid":3937,"stationid":21060,"stationname":"NGEF","from":"KR Market","to":"Chikka Korati","routeno":"382-M","distance_on_station":0,"centerlat":12.98787,"centerlong":77.64987,"responsecode":200,"isnotify":0,"vehicleDetails":[]},{"routeid":3937,"stationid":20634,"stationname":"Bayyappanahalli Metro Station","from":"KR Market","to":"Chikka Korati","routeno":"382-M","distance_on_station":0,"centerlat":12.99001,"centerlong":77.65454,"responsecode":200,"isnotify":0,"vehicleDetails":[]},{"routeid":3937,"stationid":20656,"stationname":"Benniganahalli","from":"KR Market","to":"Chikka Korati","routeno":"382-M","distance_on_station":0,"centerlat":12.99428,"centerlong":77.6633,"responsecode":200,"isnotify":0,"vehicleDetails":[]},{"routeid":3937,"stationid":21229,"stationname":"Tin Factory","from":"KR Market","to":"Chikka Korati","routeno":"382-M","distance_on_station":0,"centerlat":12.99698,"centerlong":77.66937,"responsecode":200,"isnotify":0,"vehicleDetails":[]},{"routeid":3937,"stationid":20863,"stationname":"ITI Colony Gate","from":"KR Market","to":"Chikka Korati","routeno":"382-M","distance_on_station":0,"centerlat":13.00532,"centerlong":77.68522,"responsecode":200,"isnotify":0,"vehicleDetails":[]},{"routeid":3937,"stationid":22207,"stationname":"KR Pura Market","from":"KR Market","to":"Chikka Korati","routeno":"382-M","distance_on_station":0,"centerlat":13.00841,"centerlong":77.69403,"responsecode":200,"isnotify":0,"vehicleDetails":[]},{"routeid":3937,"stationid":22203,"stationname":"KR Pura Extension","from":"KR Market","to":"Chikka Korati","routeno":"382-M","distance_on_station":0,"centerlat":13.01172,"centerlong":77.69862,"responsecode":200,"isnotify":0,"vehicleDetails":[]},{"routeid":3937,"stationid":22536,"stationname":"TC Palya  Gate Hosakote Road","from":"KR Market","to":"Chikka Korati","routeno":"382-M","distance_on_station":0,"centerlat":13.01736,"centerlong":77.70462,"responsecode":200,"isnotify":0,"vehicleDetails":[]},{"routeid":3937,"stationid":21756,"stationname":"Bhattarahalli","from":"KR Market","to":"Chikka Korati","routeno":"382-M","distance_on_station":0,"centerlat":13.02046,"centerlong":77.70985,"responsecode":200,"isnotify":0,"vehicleDetails":[]},{"routeid":3937,"stationid":22496,"stationname":"SJES College","from":"KR Market","to":"Chikka Korati","routeno":"382-M","distance_on_station":0,"centerlat":13.02393,"centerlong":77.71589,"responsecode":200,"isnotify":0,"vehicleDetails":[]},{"routeid":3937,"stationid":33899,"stationname":"Medahalli","from":"KR Market","to":"Chikka Korati","routeno":"382-M","distance_on_station":0,"centerlat":13.02647,"centerlong":77.72054,"responsecode":200,"isnotify":0,"vehicleDetails":[]},{"routeid":3937,"stationid":21851,"stationname":"Cipla Avalahalli","from":"KR Market","to":"Chikka Korati","routeno":"382-M","distance_on_station":0,"centerlat":13.03263,"centerlong":77.73114,"responsecode":200,"isnotify":0,"vehicleDetails":[]},{"routeid":3937,"stationid":23219,"stationname":"Avalahalli Hosakote","from":"KR Market","to":"Chikka Korati","routeno":"382-M","distance_on_station":0,"centerlat":13.03605,"centerlong":77.7358,"responsecode":200,"isnotify":0,"vehicleDetails":[]},{"routeid":3937,"stationid":24455,"stationname":"Cheemasandra Gate","from":"KR Market","to":"Chikka Korati","routeno":"382-M","distance_on_station":0,"centerlat":13.03903,"centerlong":77.74008,"responsecode":200,"isnotify":0,"vehicleDetails":[]},{"routeid":3937,"stationid":21715,"stationname":"Bandapura Gate","from":"KR Market","to":"Chikka Korati","routeno":"382-M","distance_on_station":0,"centerlat":13.04228,"centerlong":77.74459,"responsecode":200,"isnotify":0,"vehicleDetails":[]},{"routeid":3937,"stationid":21791,"stationname":"Budigere Cross","from":"KR Market","to":"Chikka Korati","routeno":"382-M","distance_on_station":0,"centerlat":13.04651,"centerlong":77.75054,"responsecode":200,"isnotify":0,"vehicleDetails":[]},{"routeid":3937,"stationid":22456,"stationname":"Sapthagiri Convention Hall","from":"KR Market","to":"Chikka Korati","routeno":"382-M","distance_on_station":0,"centerlat":13.0509,"centerlong":77.75676,"responsecode":200,"isnotify":0,"vehicleDetails":[]},{"routeid":3937,"stationid":22155,"stationname":"Katamanallur Gate","from":"KR Market","to":"Chikka Korati","routeno":"382-M","distance_on_station":0,"centerlat":13.05373,"centerlong":77.76177,"responsecode":200,"isnotify":0,"vehicleDetails":[]},{"routeid":3937,"stationid":22054,"stationname":"Hosakote Kodi","from":"KR Market","to":"Chikka Korati","routeno":"382-M","distance_on_station":0,"centerlat":13.0565,"centerlong":77.76741,"responsecode":200,"isnotify":0,"vehicleDetails":[]},{"routeid":3937,"stationid":22056,"stationname":"Hosakote Toll","from":"KR Market","to":"Chikka Korati","routeno":"382-M","distance_on_station":0,"centerlat":13.05963,"centerlong":77.77057,"responsecode":200,"isnotify":0,"vehicleDetails":[]},{"routeid":3937,"stationid":22050,"stationname":"Hosakote High School","from":"KR Market","to":"Chikka Korati","routeno":"382-M","distance_on_station":0,"centerlat":13.07048,"centerlong":77.78364,"responsecode":200,"isnotify":0,"vehicleDetails":[]},{"routeid":3937,"stationid":32978,"stationname":"Hosakote K E B Circle","from":"KR Market","to":"Chikka Korati","routeno":"382-M","distance_on_station":0,"centerlat":13.07232,"centerlong":77.78701,"responsecode":200,"isnotify":0,"vehicleDetails":[]},{"routeid":3937,"stationid":28146,"stationname":"Santhe Gate","from":"KR Market","to":"Chikka Korati","routeno":"382-M","distance_on_station":0,"centerlat":13.07696,"centerlong":77.79507,"responsecode":200,"isnotify":0,"vehicleDetails":[]},{"routeid":3937,"stationid":32977,"stationname":"Hosakote Govt Hospital","from":"KR Market","to":"Chikka Korati","routeno":"382-M","distance_on_station":0,"centerlat":13.07754,"centerlong":77.80208,"responsecode":200,"isnotify":0,"vehicleDetails":[]},{"routeid":3937,"stationid":32403,"stationname":"Dandupalya Gate","from":"KR Market","to":"Chikka Korati","routeno":"382-M","distance_on_station":0,"centerlat":13.07728,"centerlong":77.80786,"responsecode":200,"isnotify":0,"vehicleDetails":[]},{"routeid":3937,"stationid":34014,"stationname":"MVJ Medical Hospital","from":"KR Market","to":"Chikka Korati","routeno":"382-M","distance_on_station":0,"centerlat":13.07944,"centerlong":77.81199,"responsecode":200,"isnotify":0,"vehicleDetails":[]},{"routeid":3937,"stationid":32981,"stationname":"Hotel Emerald","from":"KR Market","to":"Chikka Korati","routeno":"382-M","distance_on_station":0,"centerlat":13.08306,"centerlong":77.81843,"responsecode":200,"isnotify":0,"vehicleDetails":[]},{"routeid":3937,"stationid":33538,"stationname":"Kolathuru Gate","from":"KR Market","to":"Chikka Korati","routeno":"382-M","distance_on_station":0,"centerlat":13.08501,"centerlong":77.82512,"responsecode":200,"isnotify":0,"vehicleDetails":[]},{"routeid":3937,"stationid":25692,"stationname":"Halasahalli Cross","from":"KR Market","to":"Chikka Korati","routeno":"382-M","distance_on_station":0,"centerlat":13.09001,"centerlong":77.83611,"responsecode":200,"isnotify":0,"vehicleDetails":[]},{"routeid":3937,"stationid":25520,"stationname":"Gottipura Gate","from":"KR Market","to":"Chikka Korati","routeno":"382-M","distance_on_station":0,"centerlat":13.0948,"centerlong":77.84653,"responsecode":200,"isnotify":0,"vehicleDetails":[]},{"routeid":3937,"stationid":31854,"stationname":"Attivatta Gate","from":"KR Market","to":"Chikka Korati","routeno":"382-M","distance_on_station":0,"centerlat":13.09743,"centerlong":77.85521,"responsecode":200,"isnotify":0,"vehicleDetails":[]},{"routeid":3937,"stationid":23213,"stationname":"Atturu","from":"KR Market","to":"Chikka Korati","routeno":"382-M","distance_on_station":0,"centerlat":13.09877,"centerlong":77.85841,"responsecode":200,"isnotify":0,"vehicleDetails":[]},{"routeid":3937,"stationid":24434,"stationname":"Channapura Gate","from":"KR Market","to":"Chikka Korati","routeno":"382-M","distance_on_station":0,"centerlat":13.10328,"centerlong":77.86663,"responsecode":200,"isnotify":0,"vehicleDetails":[]},{"routeid":3937,"stationid":34025,"stationname":"Mylapura Gate","from":"KR Market","to":"Chikka Korati","routeno":"382-M","distance_on_station":0,"centerlat":13.10731,"centerlong":77.87333,"responsecode":200,"isnotify":0,"vehicleDetails":[]},{"routeid":3937,"stationid":33713,"stationname":"M Hosahalli Gate","from":"KR Market","to":"Chikka Korati","routeno":"382-M","distance_on_station":0,"centerlat":13.1094,"centerlong":77.87758,"responsecode":200,"isnotify":0,"vehicleDetails":[]},{"routeid":3937,"stationid":29069,"stationname":"Mugabala","from":"KR Market","to":"Chikka Korati","routeno":"382-M","distance_on_station":0,"centerlat":13.11977,"centerlong":77.88853,"responsecode":200,"isnotify":0,"vehicleDetails":[]},{"routeid":3937,"stationid":24605,"stationname":"Chikkanahalli Gate","from":"KR Market","to":"Chikka Korati","routeno":"382-M","distance_on_station":0,"centerlat":13.12584,"centerlong":77.90411,"responsecode":200,"isnotify":0,"vehicleDetails":[]},{"routeid":3937,"stationid":31643,"stationname":"Yalachahalli","from":"KR Market","to":"Chikka Korati","routeno":"382-M","distance_on_station":0,"centerlat":13.12778,"centerlong":77.91175,"responsecode":200,"isnotify":0,"vehicleDetails":[]},{"routeid":3937,"stationid":26837,"stationname":"Tavarekere Volvo","from":"KR Market","to":"Chikka Korati","routeno":"382-M","distance_on_station":0,"centerlat":13.12881,"centerlong":77.91534,"responsecode":200,"isnotify":0,"vehicleDetails":[]},{"routeid":3937,"stationid":34763,"stationname":"Tavarekere","from":"KR Market","to":"Chikka Korati","routeno":"382-M","distance_on_station":0,"centerlat":13.13183,"centerlong":77.9265,"responsecode":200,"isnotify":0,"vehicleDetails":[]},{"routeid":3937,"stationid":29653,"stationname":"Banamakanahalli Cross","from":"KR Market","to":"Chikka Korati","routeno":"382-M","distance_on_station":0,"centerlat":13.13457,"centerlong":77.93758,"responsecode":200,"isnotify":0,"vehicleDetails":[]},{"routeid":3937,"stationid":35611,"stationname":"Banamakanahalli","from":"KR Market","to":"Chikka Korati","routeno":"382-M","distance_on_station":0,"centerlat":13.1378,"centerlong":77.93778,"responsecode":200,"isnotify":0,"vehicleDetails":[]},{"routeid":3937,"stationid":22838,"stationname":"Yettakki","from":"KR Market","to":"Chikka Korati","routeno":"382-M","distance_on_station":0,"centerlat":13.15403,"centerlong":77.93323,"responsecode":200,"isnotify":0,"vehicleDetails":[]},{"routeid":3937,"stationid":29700,"stationname":"Bandihalii","from":"KR Market","to":"Chikka Korati","routeno":"382-M","distance_on_station":0,"centerlat":13.1617,"centerlong":77.93396,"responsecode":200,"isnotify":0,"vehicleDetails":[]},{"routeid":3937,"stationid":32174,"stationname":"Bylanarasapura","from":"KR Market","to":"Chikka Korati","routeno":"382-M","distance_on_station":0,"centerlat":13.17716,"centerlong":77.93476,"responsecode":200,"isnotify":0,"vehicleDetails":[]},{"routeid":3937,"stationid":32895,"stationname":"Hedakanahalli","from":"KR Market","to":"Chikka Korati","routeno":"382-M","distance_on_station":0,"centerlat":13.17957,"centerlong":77.95058,"responsecode":200,"isnotify":0,"vehicleDetails":[]},{"routeid":3937,"stationid":33575,"stationname":"Korathi","from":"KR Market","to":"Chikka Korati","routeno":"382-M","distance_on_station":0,"centerlat":13.18775,"centerlong":77.95848,"responsecode":200,"isnotify":0,"vehicleDetails":[]},{"routeid":3937,"stationid":24517,"stationname":"Chikka Korati","from":"KR Market","to":"Chikka Korati","routeno":"382-M","distance_on_station":0,"centerlat":13.19479,"centerlong":77.95712,"responsecode":200,"isnotify":0,"vehicleDetails":[]}],"mapData":[]},"down":{"data":[{"routeid":3941,"stationid":24517,"stationname":"Chikka Korati","from":"Chikka Korati","to":"KR Market","routeno":"382-M","distance_on_station":0,"centerlat":13.19479,"centerlong":77.95712,"responsecode":200,"isnotify":0,"vehicleDetails":[]},{"routeid":3941,"stationid":31240,"stationname":"Korathi","from":"Chikka Korati","to":"KR Market","routeno":"382-M","distance_on_station":0,"centerlat":13.18803,"centerlong":77.95858,"responsecode":200,"isnotify":0,"vehicleDetails":[]},{"routeid":3941,"stationid":25821,"stationname":"Hedakanahalli","from":"Chikka Korati","to":"KR Market","routeno":"382-M","distance_on_station":0,"centerlat":13.17903,"centerlong":77.9511,"responsecode":200,"isnotify":0,"vehicleDetails":[]},{"routeid":3941,"stationid":32175,"stationname":"Bylanarasapura","from":"Chikka Korati","to":"KR Market","routeno":"382-M","distance_on_station":0,"centerlat":13.17713,"centerlong":77.93478,"responsecode":200,"isnotify":0,"vehicleDetails":[]},{"routeid":3941,"stationid":29701,"stationname":"Bandihalli","from":"Chikka Korati","to":"KR Market","routeno":"382-M","distance_on_station":0,"centerlat":13.16217,"centerlong":77.9343,"responsecode":200,"isnotify":0,"vehicleDetails":[]},{"routeid":3941,"stationid":22839,"stationname":"Yettakki","from":"Chikka Korati","to":"KR Market","routeno":"382-M","distance_on_station":0,"centerlat":13.15399,"centerlong":77.93329,"responsecode":200,"isnotify":0,"vehicleDetails":[]},{"routeid":3941,"stationid":29652,"stationname":"Banamakanahalli","from":"Chikka Korati","to":"KR Market","routeno":"382-M","distance_on_station":0,"centerlat":13.14598,"centerlong":77.94433,"responsecode":200,"isnotify":0,"vehicleDetails":[]},{"routeid":3941,"stationid":35610,"stationname":"Banamakanahalli Cross","from":"Chikka Korati","to":"KR Market","routeno":"382-M","distance_on_station":0,"centerlat":13.13428,"centerlong":77.93738,"responsecode":200,"isnotify":0,"vehicleDetails":[]},{"routeid":3941,"stationid":34764,"stationname":"Tavarekere","from":"Chikka Korati","to":"KR Market","routeno":"382-M","distance_on_station":0,"centerlat":13.13156,"centerlong":77.92681,"responsecode":200,"isnotify":0,"vehicleDetails":[]},{"routeid":3941,"stationid":34767,"stationname":"Tavarekere Volvo","from":"Chikka Korati","to":"KR Market","routeno":"382-M","distance_on_station":0,"centerlat":13.12849,"centerlong":77.91557,"responsecode":200,"isnotify":0,"vehicleDetails":[]},{"routeid":3941,"stationid":35022,"stationname":"Yalachahalli","from":"Chikka Korati","to":"KR Market","routeno":"382-M","distance_on_station":0,"centerlat":13.12735,"centerlong":77.91178,"responsecode":200,"isnotify":0,"vehicleDetails":[]},{"routeid":3941,"stationid":32323,"stationname":"Chikkanahalli Gate","from":"Chikka Korati","to":"KR Market","routeno":"382-M","distance_on_station":0,"centerlat":13.12559,"centerlong":77.90421,"responsecode":200,"isnotify":0,"vehicleDetails":[]},{"routeid":3941,"stationid":33966,"stationname":"Mugabala","from":"Chikka Korati","to":"KR Market","routeno":"382-M","distance_on_station":0,"centerlat":13.11945,"centerlong":77.88874,"responsecode":200,"isnotify":0,"vehicleDetails":[]},{"routeid":3941,"stationid":28560,"stationname":"M Hosahalli Gate","from":"Chikka Korati","to":"KR Market","routeno":"382-M","distance_on_station":0,"centerlat":13.10917,"centerlong":77.87763,"responsecode":200,"isnotify":0,"vehicleDetails":[]},{"routeid":3941,"stationid":29173,"stationname":"Mylapura Gate","from":"Chikka Korati","to":"KR Market","routeno":"382-M","distance_on_station":0,"centerlat":13.10712,"centerlong":77.87341,"responsecode":200,"isnotify":0,"vehicleDetails":[]},{"routeid":3941,"stationid":32237,"stationname":"Channapura Gate","from":"Chikka Korati","to":"KR Market","routeno":"382-M","distance_on_station":0,"centerlat":13.10304,"centerlong":77.86669,"responsecode":200,"isnotify":0,"vehicleDetails":[]},{"routeid":3941,"stationid":23212,"stationname":"Atturu","from":"Chikka Korati","to":"KR Market","routeno":"382-M","distance_on_station":0,"centerlat":13.09855,"centerlong":77.85864,"responsecode":200,"isnotify":0,"vehicleDetails":[]},{"routeid":3941,"stationid":35663,"stationname":"Attivatta Gate","from":"Chikka Korati","to":"KR Market","routeno":"382-M","distance_on_station":0,"centerlat":13.09724,"centerlong":77.85527,"responsecode":200,"isnotify":0,"vehicleDetails":[]},{"routeid":3941,"stationid":32742,"stationname":"Gottipura Gate","from":"Chikka Korati","to":"KR Market","routeno":"382-M","distance_on_station":0,"centerlat":13.09467,"centerlong":77.8465,"responsecode":200,"isnotify":0,"vehicleDetails":[]},{"routeid":3941,"stationid":32828,"stationname":"Halasahalli Cross","from":"Chikka Korati","to":"KR Market","routeno":"382-M","distance_on_station":0,"centerlat":13.08981,"centerlong":77.83619,"responsecode":200,"isnotify":0,"vehicleDetails":[]},{"routeid":3941,"stationid":33539,"stationname":"Kolathuru Gate","from":"Chikka Korati","to":"KR Market","routeno":"382-M","distance_on_station":0,"centerlat":13.08494,"centerlong":77.82519,"responsecode":200,"isnotify":0,"vehicleDetails":[]},{"routeid":3941,"stationid":26004,"stationname":"Hotel Emerald","from":"Chikka Korati","to":"KR Market","routeno":"382-M","distance_on_station":0,"centerlat":13.08266,"centerlong":77.81852,"responsecode":200,"isnotify":0,"vehicleDetails":[]},{"routeid":3941,"stationid":32404,"stationname":"Dandupalya Gate","from":"Chikka Korati","to":"KR Market","routeno":"382-M","distance_on_station":0,"centerlat":13.07689,"centerlong":77.80804,"responsecode":200,"isnotify":0,"vehicleDetails":[]},{"routeid":3941,"stationid":32976,"stationname":"Hosakote Govt Hospital","from":"Chikka Korati","to":"KR Market","routeno":"382-M","distance_on_station":0,"centerlat":13.07725,"centerlong":77.80168,"responsecode":200,"isnotify":0,"vehicleDetails":[]},{"routeid":3941,"stationid":22454,"stationname":"Santhe Gate","from":"Chikka Korati","to":"KR Market","routeno":"382-M","distance_on_station":0,"centerlat":13.07669,"centerlong":77.79532,"responsecode":200,"isnotify":0,"vehicleDetails":[]},{"routeid":3941,"stationid":25997,"stationname":"Hosakote K E B Circle","from":"Chikka Korati","to":"KR Market","routeno":"382-M","distance_on_station":0,"centerlat":13.072,"centerlong":77.78705,"responsecode":200,"isnotify":0,"vehicleDetails":[]},{"routeid":3941,"stationid":36152,"stationname":"Hosakote Bus Station (TTMC)","from":"Chikka Korati","to":"KR Market","routeno":"382-M","distance_on_station":0,"centerlat":13.07031,"centerlong":77.78468,"responsecode":200,"isnotify":0,"vehicleDetails":[]},{"routeid":3941,"stationid":22051,"stationname":"Hosakote High School","from":"Chikka Korati","to":"KR Market","routeno":"382-M","distance_on_station":0,"centerlat":13.07012,"centerlong":77.78375,"responsecode":200,"isnotify":0,"vehicleDetails":[]},{"routeid":3941,"stationid":22057,"stationname":"Hosakote Toll","from":"Chikka Korati","to":"KR Market","routeno":"382-M","distance_on_station":0,"centerlat":13.0594,"centerlong":77.77087,"responsecode":200,"isnotify":0,"vehicleDetails":[]},{"routeid":3941,"stationid":22055,"stationname":"Hosakote Kodi","from":"Chikka Korati","to":"KR Market","routeno":"382-M","distance_on_station":0,"centerlat":13.05627,"centerlong":77.76775,"responsecode":200,"isnotify":0,"vehicleDetails":[]},{"routeid":3941,"stationid":22157,"stationname":"Katamanallur Gate","from":"Chikka Korati","to":"KR Market","routeno":"382-M","distance_on_station":0,"centerlat":13.05318,"centerlong":77.76161,"responsecode":200,"isnotify":0,"vehicleDetails":[]},{"routeid":3941,"stationid":22455,"stationname":"Sapthagiri Convention Hall","from":"Chikka Korati","to":"KR Market","routeno":"382-M","distance_on_station":0,"centerlat":13.05027,"centerlong":77.75648,"responsecode":200,"isnotify":0,"vehicleDetails":[]},{"routeid":3941,"stationid":21790,"stationname":"Budigere Cross","from":"Chikka Korati","to":"KR Market","routeno":"382-M","distance_on_station":0,"centerlat":13.04603,"centerlong":77.75054,"responsecode":200,"isnotify":0,"vehicleDetails":[]},{"routeid":3941,"stationid":21714,"stationname":"Bandapura Gate","from":"Chikka Korati","to":"KR Market","routeno":"382-M","distance_on_station":0,"centerlat":13.04174,"centerlong":77.74453,"responsecode":200,"isnotify":0,"vehicleDetails":[]},{"routeid":3941,"stationid":21680,"stationname":"Avalahalli Hosakote","from":"Chikka Korati","to":"KR Market","routeno":"382-M","distance_on_station":0,"centerlat":13.0355,"centerlong":77.73575,"responsecode":200,"isnotify":0,"vehicleDetails":[]},{"routeid":3941,"stationid":21850,"stationname":"Cipla Avalahalli","from":"Chikka Korati","to":"KR Market","routeno":"382-M","distance_on_station":0,"centerlat":13.03243,"centerlong":77.73148,"responsecode":200,"isnotify":0,"vehicleDetails":[]},{"routeid":3941,"stationid":28932,"stationname":"Medahalli","from":"Chikka Korati","to":"KR Market","routeno":"382-M","distance_on_station":0,"centerlat":13.02597,"centerlong":77.72036,"responsecode":200,"isnotify":0,"vehicleDetails":[]},{"routeid":3941,"stationid":22495,"stationname":"SJES College","from":"Chikka Korati","to":"KR Market","routeno":"382-M","distance_on_station":0,"centerlat":13.023,"centerlong":77.715,"responsecode":200,"isnotify":0,"vehicleDetails":[]},{"routeid":3941,"stationid":21755,"stationname":"Bhattarahalli","from":"Chikka Korati","to":"KR Market","routeno":"382-M","distance_on_station":0,"centerlat":13.01951,"centerlong":77.70898,"responsecode":200,"isnotify":0,"vehicleDetails":[]},{"routeid":3941,"stationid":22535,"stationname":"TC Palya  Gate Hosakote Road","from":"Chikka Korati","to":"KR Market","routeno":"382-M","distance_on_station":0,"centerlat":13.01705,"centerlong":77.7045,"responsecode":200,"isnotify":0,"vehicleDetails":[]},{"routeid":3941,"stationid":22202,"stationname":"KR Pura Extension","from":"Chikka Korati","to":"KR Market","routeno":"382-M","distance_on_station":0,"centerlat":13.01143,"centerlong":77.69869,"responsecode":200,"isnotify":0,"vehicleDetails":[]},{"routeid":3941,"stationid":22206,"stationname":"KR Pura Market","from":"Chikka Korati","to":"KR Market","routeno":"382-M","distance_on_station":0,"centerlat":13.00821,"centerlong":77.69535,"responsecode":200,"isnotify":0,"vehicleDetails":[]},{"routeid":3941,"stationid":22204,"stationname":"Krishnaraja Pura Govt Hospital","from":"Chikka Korati","to":"KR Market","routeno":"382-M","distance_on_station":0,"centerlat":13.00804,"centerlong":77.69217,"responsecode":200,"isnotify":0,"vehicleDetails":[]},{"routeid":3941,"stationid":20864,"stationname":"ITI Colony Gate","from":"Chikka Korati","to":"KR Market","routeno":"382-M","distance_on_station":0,"centerlat":13.00503,"centerlong":77.68506,"responsecode":200,"isnotify":0,"vehicleDetails":[]},{"routeid":3941,"stationid":21228,"stationname":"Tin Factory","from":"Chikka Korati","to":"KR Market","routeno":"382-M","distance_on_station":0,"centerlat":12.99645,"centerlong":77.66857,"responsecode":200,"isnotify":0,"vehicleDetails":[]},{"routeid":3941,"stationid":20657,"stationname":"Benniganahalli","from":"Chikka Korati","to":"KR Market","routeno":"382-M","distance_on_station":0,"centerlat":12.99406,"centerlong":77.6632,"responsecode":200,"isnotify":0,"vehicleDetails":[]},{"routeid":3941,"stationid":20635,"stationname":"Bayyappanahalli Metro Station","from":"Chikka Korati","to":"KR Market","routeno":"382-M","distance_on_station":0,"centerlat":12.98967,"centerlong":77.65404,"responsecode":200,"isnotify":0,"vehicleDetails":[]},{"routeid":3941,"stationid":21061,"stationname":"NGEF","from":"Chikka Korati","to":"KR Market","routeno":"382-M","distance_on_station":0,"centerlat":12.98771,"centerlong":77.64986,"responsecode":200,"isnotify":0,"vehicleDetails":[]},{"routeid":3941,"stationid":20862,"stationname":"Swamy Vivekananda Metro Station/Isolation Hospital","from":"Chikka Korati","to":"KR Market","routeno":"382-M","distance_on_station":0,"centerlat":12.98507,"centerlong":77.6434,"responsecode":200,"isnotify":0,"vehicleDetails":[]},{"routeid":3941,"stationid":20671,"stationname":"Binnamangala","from":"Chikka Korati","to":"KR Market","routeno":"382-M","distance_on_station":0,"centerlat":12.98384,"centerlong":77.64002,"responsecode":200,"isnotify":0,"vehicleDetails":[]},{"routeid":3941,"stationid":20742,"stationname":"Depot-06 Gate","from":"Chikka Korati","to":"KR Market","routeno":"382-M","distance_on_station":0,"centerlat":12.9824,"centerlong":77.6344,"responsecode":200,"isnotify":0,"vehicleDetails":[]},{"routeid":3941,"stationid":20806,"stationname":"Halasuru","from":"Chikka Korati","to":"KR Market","routeno":"382-M","distance_on_station":0,"centerlat":12.97793,"centerlong":77.6283,"responsecode":200,"isnotify":0,"vehicleDetails":[]},{"routeid":3941,"stationid":20969,"stationname":"Lido Talkies","from":"Chikka Korati","to":"KR Market","routeno":"382-M","distance_on_station":0,"centerlat":12.97277,"centerlong":77.62141,"responsecode":200,"isnotify":0,"vehicleDetails":[]},{"routeid":3941,"stationid":20846,"stationname":"Hosmat Hospital (DIG Office)","from":"Chikka Korati","to":"KR Market","routeno":"382-M","distance_on_station":0,"centerlat":12.96893,"centerlong":77.61529,"responsecode":200,"isnotify":0,"vehicleDetails":[]},{"routeid":3941,"stationid":20970,"stationname":"Life Style (Sacred Heart School)","from":"Chikka Korati","to":"KR Market","routeno":"382-M","distance_on_station":0,"centerlat":12.96692,"centerlong":77.61018,"responsecode":200,"isnotify":0,"vehicleDetails":[]},{"routeid":3941,"stationid":21126,"stationname":"Richmond Circle","from":"Chikka Korati","to":"KR Market","routeno":"382-M","distance_on_station":0,"centerlat":12.9658,"centerlong":77.60433,"responsecode":200,"isnotify":0,"vehicleDetails":[]},{"routeid":3941,"stationid":20727,"stationname":"Corporation","from":"Chikka Korati","to":"KR Market","routeno":"382-M","distance_on_station":0,"centerlat":12.96701,"centerlong":77.58822,"responsecode":200,"isnotify":0,"vehicleDetails":[]},{"routeid":3941,"stationid":21232,"stationname":"Town Hall","from":"Chikka Korati","to":"KR Market","routeno":"382-M","distance_on_station":0,"centerlat":12.96355,"centerlong":77.58375,"responsecode":200,"isnotify":0,"vehicleDetails":[]},{"routeid":3941,"stationid":22199,"stationname":"KR Market","from":"Chikka Korati","to":"KR Market","routeno":"382-M","distance_on_station":0,"centerlat":12.96437,"centerlong":77.57736,"responsecode":200,"isnotify":0,"vehicleDetails":[]}],"mapData":[]},"message":"Success","issuccess":true,"exception":null,"rowCount":0,"responsecode":200}