{"up":{"data":[{"routeid":6700,"stationid":20921,"stationname":"Kempegowda Bus Station","from":"Kempegowda Bus Station","to":"Dodda Nallala","routeno":"382-C KBS-DNH","distance_on_station":0,"centerlat":12.97751,"centerlong":77.57141,"responsecode":200,"isnotify":0,"vehicleDetails":[{"vehicleid":22089,"vehiclenumber":"KA57F4107","servicetypeid":72,"servicetype":"Non AC/Ordinary","centerlat":13.002149,"centerlong":77.679871,"eta":"","sch_arrivaltime":"15:15","sch_departuretime":"15:15","actual_arrivaltime":"14:24","actual_departuretime":"14:24","sch_tripstarttime":"15:15","sch_tripendtime":"15:15","lastlocationid":0,"currentlocationid":20863,"nextlocationid":0,"currentstop":null,"nextstop":null,"laststop":null,"stopCoveredStatus":1,"heading":59,"lastrefreshon":"11-03-2024 15:12:32","lastreceiveddatetimeflag":0,"tripposition":1}]},{"routeid":6700,"stationid":20981,"stationname":"Maharani College","from":"Kempegowda Bus Station","to":"Dodda Nallala","routeno":"382-C KBS-DNH","distance_on_station":1.736,"centerlat":12.97703,"centerlong":77.5858,"responsecode":200,"isnotify":0,"vehicleDetails":[{"vehicleid":22089,"vehiclenumber":"KA57F4107","servicetypeid":72,"servicetype":"Non AC/Ordinary","centerlat":13.002149,"centerlong":77.679871,"eta":"","sch_arrivaltime":"15:21","sch_departuretime":"15:21","actual_arrivaltime":"14:28","actual_departuretime":"14:28","sch_tripstarttime":"15:15","sch_tripendtime":"15:15","lastlocationid":0,"currentlocationid":20863,"nextlocationid":0,"currentstop":null,"nextstop":null,"laststop":null,"stopCoveredStatus":1,"heading":59,"lastrefreshon":"11-03-2024 15:12:32","lastreceiveddatetimeflag":0,"tripposition":1}]},{"routeid":6700,"stationid":20939,"stationname":"KR Circle","from":"Kempegowda Bus Station","to":"Dodda Nallala","routeno":"382-C KBS-DNH","distance_on_station":2.122,"centerlat":12.97386,"centerlong":77.58661,"responsecode":200,"isnotify":0,"vehicleDetails":[{"vehicleid":22089,"vehiclenumber":"KA57F4107","servicetypeid":72,"servicetype":"Non AC/Ordinary","centerlat":13.002149,"centerlong":77.679871,"eta":"","sch_arrivaltime":"15:22","sch_departuretime":"15:22","actual_arrivaltime":"14:30","actual_departuretime":"14:30","sch_tripstarttime":"15:15","sch_tripendtime":"15:15","lastlocationid":0,"currentlocationid":20863,"nextlocationid":0,"currentstop":null,"nextstop":null,"laststop":null,"stopCoveredStatus":1,"heading":59,"lastrefreshon":"11-03-2024 15:12:32","lastreceiveddatetimeflag":0,"tripposition":1}]},{"routeid":6700,"stationid":21195,"stationname":"St Marthas Hospital","from":"Kempegowda Bus Station","to":"Dodda Nallala","routeno":"382-C KBS-DNH","distance_on_station":2.552,"centerlat":12.96945,"centerlong":77.58716,"responsecode":200,"isnotify":0,"vehicleDetails":[{"vehicleid":22089,"vehiclenumber":"KA57F4107","servicetypeid":72,"servicetype":"Non AC/Ordinary","centerlat":13.002149,"centerlong":77.679871,"eta":"","sch_arrivaltime":"15:23","sch_departuretime":"15:23","actual_arrivaltime":"14:31","actual_departuretime":"14:31","sch_tripstarttime":"15:15","sch_tripendtime":"15:15","lastlocationid":0,"currentlocationid":20863,"nextlocationid":0,"currentstop":null,"nextstop":null,"laststop":null,"stopCoveredStatus":1,"heading":59,"lastrefreshon":"11-03-2024 15:12:32","lastreceiveddatetimeflag":0,"tripposition":1}]},{"routeid":6700,"stationid":20726,"stationname":"Corporation","from":"Kempegowda Bus Station","to":"Dodda Nallala","routeno":"382-C KBS-DNH","distance_on_station":2.878,"centerlat":12.96815,"centerlong":77.5893,"responsecode":200,"isnotify":0,"vehicleDetails":[{"vehicleid":22089,"vehiclenumber":"KA57F4107","servicetypeid":72,"servicetype":"Non AC/Ordinary","centerlat":13.002149,"centerlong":77.679871,"eta":"","sch_arrivaltime":"15:24","sch_departuretime":"15:24","actual_arrivaltime":"","actual_departuretime":"","sch_tripstarttime":"15:15","sch_tripendtime":"15:15","lastlocationid":0,"currentlocationid":20863,"nextlocationid":0,"currentstop":null,"nextstop":null,"laststop":null,"stopCoveredStatus":1,"heading":59,"lastrefreshon":"11-03-2024 15:12:32","lastreceiveddatetimeflag":0,"tripposition":3}]},{"routeid":6700,"stationid":21193,"stationname":"St Joseph's Indian School/ Malya Hospital","from":"Kempegowda Bus Station","to":"Dodda Nallala","routeno":"382-C KBS-DNH","distance_on_station":3.557,"centerlat":12.97052,"centerlong":77.5943,"responsecode":200,"isnotify":0,"vehicleDetails":[{"vehicleid":22089,"vehiclenumber":"KA57F4107","servicetypeid":72,"servicetype":"Non AC/Ordinary","centerlat":13.002149,"centerlong":77.679871,"eta":"","sch_arrivaltime":"15:26","sch_departuretime":"15:26","actual_arrivaltime":"","actual_departuretime":"","sch_tripstarttime":"15:15","sch_tripendtime":"15:15","lastlocationid":0,"currentlocationid":20863,"nextlocationid":0,"currentstop":null,"nextstop":null,"laststop":null,"stopCoveredStatus":1,"heading":59,"lastrefreshon":"11-03-2024 15:12:32","lastreceiveddatetimeflag":0,"tripposition":3}]},{"routeid":6700,"stationid":21125,"stationname":"Richmond Circle","from":"Kempegowda Bus Station","to":"Dodda Nallala","routeno":"382-C KBS-DNH","distance_on_station":4.537,"centerlat":12.96738,"centerlong":77.59946,"responsecode":200,"isnotify":0,"vehicleDetails":[{"vehicleid":22089,"vehiclenumber":"KA57F4107","servicetypeid":72,"servicetype":"Non AC/Ordinary","centerlat":13.002149,"centerlong":77.679871,"eta":"","sch_arrivaltime":"15:30","sch_departuretime":"15:30","actual_arrivaltime":"14:37","actual_departuretime":"14:37","sch_tripstarttime":"15:15","sch_tripendtime":"15:15","lastlocationid":0,"currentlocationid":20863,"nextlocationid":0,"currentstop":null,"nextstop":null,"laststop":null,"stopCoveredStatus":1,"heading":59,"lastrefreshon":"11-03-2024 15:12:32","lastreceiveddatetimeflag":0,"tripposition":1}]},{"routeid":6700,"stationid":21194,"stationname":"St Joseph College","from":"Kempegowda Bus Station","to":"Dodda Nallala","routeno":"382-C KBS-DNH","distance_on_station":5.018,"centerlat":12.97036,"centerlong":77.60368,"responsecode":200,"isnotify":0,"vehicleDetails":[{"vehicleid":22089,"vehiclenumber":"KA57F4107","servicetypeid":72,"servicetype":"Non AC/Ordinary","centerlat":13.002149,"centerlong":77.679871,"eta":"","sch_arrivaltime":"15:32","sch_departuretime":"15:32","actual_arrivaltime":"14:40","actual_departuretime":"14:40","sch_tripstarttime":"15:15","sch_tripendtime":"15:15","lastlocationid":0,"currentlocationid":20863,"nextlocationid":0,"currentstop":null,"nextstop":null,"laststop":null,"stopCoveredStatus":1,"heading":59,"lastrefreshon":"11-03-2024 15:12:32","lastreceiveddatetimeflag":0,"tripposition":1}]},{"routeid":6700,"stationid":22278,"stationname":"Mayohall","from":"Kempegowda Bus Station","to":"Dodda Nallala","routeno":"382-C KBS-DNH","distance_on_station":5.714,"centerlat":12.97336,"centerlong":77.6099,"responsecode":200,"isnotify":0,"vehicleDetails":[{"vehicleid":22089,"vehiclenumber":"KA57F4107","servicetypeid":72,"servicetype":"Non AC/Ordinary","centerlat":13.002149,"centerlong":77.679871,"eta":"","sch_arrivaltime":"15:36","sch_departuretime":"15:36","actual_arrivaltime":"14:43","actual_departuretime":"14:43","sch_tripstarttime":"15:15","sch_tripendtime":"15:15","lastlocationid":0,"currentlocationid":20863,"nextlocationid":0,"currentstop":null,"nextstop":null,"laststop":null,"stopCoveredStatus":1,"heading":59,"lastrefreshon":"11-03-2024 15:12:32","lastreceiveddatetimeflag":0,"tripposition":1}]},{"routeid":6700,"stationid":21020,"stationname":"MG Road Electric B Station","from":"Kempegowda Bus Station","to":"Dodda Nallala","routeno":"382-C KBS-DNH","distance_on_station":6.006,"centerlat":12.97403,"centerlong":77.61279,"responsecode":200,"isnotify":0,"vehicleDetails":[{"vehicleid":22089,"vehiclenumber":"KA57F4107","servicetypeid":72,"servicetype":"Non AC/Ordinary","centerlat":13.002149,"centerlong":77.679871,"eta":"","sch_arrivaltime":"15:37","sch_departuretime":"15:37","actual_arrivaltime":"","actual_departuretime":"","sch_tripstarttime":"15:15","sch_tripendtime":"15:15","lastlocationid":0,"currentlocationid":20863,"nextlocationid":0,"currentstop":null,"nextstop":null,"laststop":null,"stopCoveredStatus":1,"heading":59,"lastrefreshon":"11-03-2024 15:12:32","lastreceiveddatetimeflag":0,"tripposition":3}]},{"routeid":6700,"stationid":21235,"stationname":"Lido Talkies","from":"Kempegowda Bus Station","to":"Dodda Nallala","routeno":"382-C KBS-DNH","distance_on_station":6.754,"centerlat":12.97346,"centerlong":77.62005,"responsecode":200,"isnotify":0,"vehicleDetails":[{"vehicleid":22089,"vehiclenumber":"KA57F4107","servicetypeid":72,"servicetype":"Non AC/Ordinary","centerlat":13.002149,"centerlong":77.679871,"eta":"","sch_arrivaltime":"15:40","sch_departuretime":"15:40","actual_arrivaltime":"14:47","actual_departuretime":"14:48","sch_tripstarttime":"15:15","sch_tripendtime":"15:15","lastlocationid":0,"currentlocationid":20863,"nextlocationid":0,"currentstop":null,"nextstop":null,"laststop":null,"stopCoveredStatus":1,"heading":59,"lastrefreshon":"11-03-2024 15:12:32","lastreceiveddatetimeflag":0,"tripposition":1}]},{"routeid":6700,"stationid":21093,"stationname":"Philips Millenium Halasuru","from":"Kempegowda Bus Station","to":"Dodda Nallala","routeno":"382-C KBS-DNH","distance_on_station":7.776,"centerlat":12.98196,"centerlong":77.62443,"responsecode":200,"isnotify":0,"vehicleDetails":[{"vehicleid":22089,"vehiclenumber":"KA57F4107","servicetypeid":72,"servicetype":"Non AC/Ordinary","centerlat":13.002149,"centerlong":77.679871,"eta":"","sch_arrivaltime":"15:43","sch_departuretime":"15:43","actual_arrivaltime":"14:51","actual_departuretime":"14:51","sch_tripstarttime":"15:15","sch_tripendtime":"15:15","lastlocationid":0,"currentlocationid":20863,"nextlocationid":0,"currentstop":null,"nextstop":null,"laststop":null,"stopCoveredStatus":1,"heading":59,"lastrefreshon":"11-03-2024 15:12:32","lastreceiveddatetimeflag":0,"tripposition":1}]},{"routeid":6700,"stationid":20805,"stationname":"Halasuru","from":"Kempegowda Bus Station","to":"Dodda Nallala","routeno":"382-C KBS-DNH","distance_on_station":8.515,"centerlat":12.97968,"centerlong":77.62956,"responsecode":200,"isnotify":0,"vehicleDetails":[{"vehicleid":22089,"vehiclenumber":"KA57F4107","servicetypeid":72,"servicetype":"Non AC/Ordinary","centerlat":13.002149,"centerlong":77.679871,"eta":"","sch_arrivaltime":"15:47","sch_departuretime":"15:47","actual_arrivaltime":"14:53","actual_departuretime":"14:53","sch_tripstarttime":"15:15","sch_tripendtime":"15:15","lastlocationid":0,"currentlocationid":20863,"nextlocationid":0,"currentstop":null,"nextstop":null,"laststop":null,"stopCoveredStatus":1,"heading":59,"lastrefreshon":"11-03-2024 15:12:32","lastreceiveddatetimeflag":0,"tripposition":1}]},{"routeid":6700,"stationid":20741,"stationname":"Depot-06 Gate","from":"Kempegowda Bus Station","to":"Dodda Nallala","routeno":"382-C KBS-DNH","distance_on_station":9.134,"centerlat":12.98262,"centerlong":77.63503,"responsecode":200,"isnotify":0,"vehicleDetails":[{"vehicleid":22089,"vehiclenumber":"KA57F4107","servicetypeid":72,"servicetype":"Non AC/Ordinary","centerlat":13.002149,"centerlong":77.679871,"eta":"","sch_arrivaltime":"15:50","sch_departuretime":"15:50","actual_arrivaltime":"14:55","actual_departuretime":"14:55","sch_tripstarttime":"15:15","sch_tripendtime":"15:15","lastlocationid":0,"currentlocationid":20863,"nextlocationid":0,"currentstop":null,"nextstop":null,"laststop":null,"stopCoveredStatus":1,"heading":59,"lastrefreshon":"11-03-2024 15:12:32","lastreceiveddatetimeflag":0,"tripposition":1}]},{"routeid":6700,"stationid":20672,"stationname":"Binnamangala","from":"Kempegowda Bus Station","to":"Dodda Nallala","routeno":"382-C KBS-DNH","distance_on_station":9.538,"centerlat":12.98331,"centerlong":77.63834,"responsecode":200,"isnotify":0,"vehicleDetails":[{"vehicleid":22089,"vehiclenumber":"KA57F4107","servicetypeid":72,"servicetype":"Non AC/Ordinary","centerlat":13.002149,"centerlong":77.679871,"eta":"","sch_arrivaltime":"15:53","sch_departuretime":"15:53","actual_arrivaltime":"14:56","actual_departuretime":"14:56","sch_tripstarttime":"15:15","sch_tripendtime":"15:15","lastlocationid":0,"currentlocationid":20863,"nextlocationid":0,"currentstop":null,"nextstop":null,"laststop":null,"stopCoveredStatus":1,"heading":59,"lastrefreshon":"11-03-2024 15:12:32","lastreceiveddatetimeflag":0,"tripposition":1}]},{"routeid":6700,"stationid":22527,"stationname":"Swamy Vivekananda Metro Station/Isolation Hospital","from":"Kempegowda Bus Station","to":"Dodda Nallala","routeno":"382-C KBS-DNH","distance_on_station":10.139,"centerlat":12.9859,"centerlong":77.6452,"responsecode":200,"isnotify":0,"vehicleDetails":[{"vehicleid":22089,"vehiclenumber":"KA57F4107","servicetypeid":72,"servicetype":"Non AC/Ordinary","centerlat":13.002149,"centerlong":77.679871,"eta":"","sch_arrivaltime":"15:56","sch_departuretime":"15:56","actual_arrivaltime":"14:58","actual_departuretime":"14:59","sch_tripstarttime":"15:15","sch_tripendtime":"15:15","lastlocationid":0,"currentlocationid":20863,"nextlocationid":0,"currentstop":null,"nextstop":null,"laststop":null,"stopCoveredStatus":1,"heading":59,"lastrefreshon":"11-03-2024 15:12:32","lastreceiveddatetimeflag":0,"tripposition":1}]},{"routeid":6700,"stationid":21060,"stationname":"NGEF","from":"Kempegowda Bus Station","to":"Dodda Nallala","routeno":"382-C KBS-DNH","distance_on_station":10.612,"centerlat":12.98787,"centerlong":77.64987,"responsecode":200,"isnotify":0,"vehicleDetails":[{"vehicleid":22089,"vehiclenumber":"KA57F4107","servicetypeid":72,"servicetype":"Non AC/Ordinary","centerlat":13.002149,"centerlong":77.679871,"eta":"","sch_arrivaltime":"15:58","sch_departuretime":"15:58","actual_arrivaltime":"15:00","actual_departuretime":"15:00","sch_tripstarttime":"15:15","sch_tripendtime":"15:15","lastlocationid":0,"currentlocationid":20863,"nextlocationid":0,"currentstop":null,"nextstop":null,"laststop":null,"stopCoveredStatus":1,"heading":59,"lastrefreshon":"11-03-2024 15:12:32","lastreceiveddatetimeflag":0,"tripposition":1}]},{"routeid":6700,"stationid":20634,"stationname":"Bayyappanahalli Metro Station","from":"Kempegowda Bus Station","to":"Dodda Nallala","routeno":"382-C KBS-DNH","distance_on_station":11.093,"centerlat":12.99001,"centerlong":77.65454,"responsecode":200,"isnotify":0,"vehicleDetails":[{"vehicleid":22089,"vehiclenumber":"KA57F4107","servicetypeid":72,"servicetype":"Non AC/Ordinary","centerlat":13.002149,"centerlong":77.679871,"eta":"","sch_arrivaltime":"15:59","sch_departuretime":"15:59","actual_arrivaltime":"15:01","actual_departuretime":"15:02","sch_tripstarttime":"15:15","sch_tripendtime":"15:15","lastlocationid":0,"currentlocationid":20863,"nextlocationid":0,"currentstop":null,"nextstop":null,"laststop":null,"stopCoveredStatus":1,"heading":59,"lastrefreshon":"11-03-2024 15:12:32","lastreceiveddatetimeflag":0,"tripposition":1}]},{"routeid":6700,"stationid":20656,"stationname":"Benniganahalli","from":"Kempegowda Bus Station","to":"Dodda Nallala","routeno":"382-C KBS-DNH","distance_on_station":12.004,"centerlat":12.99428,"centerlong":77.6633,"responsecode":200,"isnotify":0,"vehicleDetails":[{"vehicleid":22089,"vehiclenumber":"KA57F4107","servicetypeid":72,"servicetype":"Non AC/Ordinary","centerlat":13.002149,"centerlong":77.679871,"eta":"","sch_arrivaltime":"16:01","sch_departuretime":"16:01","actual_arrivaltime":"15:07","actual_departuretime":"15:07","sch_tripstarttime":"15:15","sch_tripendtime":"15:15","lastlocationid":0,"currentlocationid":20863,"nextlocationid":0,"currentstop":null,"nextstop":null,"laststop":null,"stopCoveredStatus":1,"heading":59,"lastrefreshon":"11-03-2024 15:12:32","lastreceiveddatetimeflag":0,"tripposition":1}]},{"routeid":6700,"stationid":21229,"stationname":"Tin Factory","from":"Kempegowda Bus Station","to":"Dodda Nallala","routeno":"382-C KBS-DNH","distance_on_station":12.639,"centerlat":12.99709,"centerlong":77.66946,"responsecode":200,"isnotify":0,"vehicleDetails":[{"vehicleid":22089,"vehiclenumber":"KA57F4107","servicetypeid":72,"servicetype":"Non AC/Ordinary","centerlat":13.002149,"centerlong":77.679871,"eta":"","sch_arrivaltime":"16:02","sch_departuretime":"16:02","actual_arrivaltime":"15:09","actual_departuretime":"15:10","sch_tripstarttime":"15:15","sch_tripendtime":"15:15","lastlocationid":0,"currentlocationid":20863,"nextlocationid":0,"currentstop":null,"nextstop":null,"laststop":null,"stopCoveredStatus":1,"heading":59,"lastrefreshon":"11-03-2024 15:12:32","lastreceiveddatetimeflag":0,"tripposition":1}]},{"routeid":6700,"stationid":20863,"stationname":"ITI Colony Gate","from":"Kempegowda Bus Station","to":"Dodda Nallala","routeno":"382-C KBS-DNH","distance_on_station":14.315,"centerlat":13.00532,"centerlong":77.68522,"responsecode":200,"isnotify":0,"vehicleDetails":[{"vehicleid":22089,"vehiclenumber":"KA57F4107","servicetypeid":72,"servicetype":"Non AC/Ordinary","centerlat":13.002149,"centerlong":77.679871,"eta":"2024-03-11 15:15:00","sch_arrivaltime":"16:05","sch_departuretime":"16:05","actual_arrivaltime":"","actual_departuretime":"","sch_tripstarttime":"15:15","sch_tripendtime":"15:15","lastlocationid":0,"currentlocationid":20863,"nextlocationid":0,"currentstop":null,"nextstop":null,"laststop":null,"stopCoveredStatus":0,"heading":59,"lastrefreshon":"11-03-2024 15:12:32","lastreceiveddatetimeflag":0,"tripposition":3}]},{"routeid":6700,"stationid":22207,"stationname":"KR Pura Market","from":"Kempegowda Bus Station","to":"Dodda Nallala","routeno":"382-C KBS-DNH","distance_on_station":15.191,"centerlat":13.00841,"centerlong":77.69403,"responsecode":200,"isnotify":0,"vehicleDetails":[{"vehicleid":22089,"vehiclenumber":"KA57F4107","servicetypeid":72,"servicetype":"Non AC/Ordinary","centerlat":13.002149,"centerlong":77.679871,"eta":"2024-03-11 15:20:00","sch_arrivaltime":"16:07","sch_departuretime":"16:07","actual_arrivaltime":"","actual_departuretime":"","sch_tripstarttime":"15:15","sch_tripendtime":"15:15","lastlocationid":0,"currentlocationid":20863,"nextlocationid":0,"currentstop":null,"nextstop":null,"laststop":null,"stopCoveredStatus":0,"heading":59,"lastrefreshon":"11-03-2024 15:12:32","lastreceiveddatetimeflag":0,"tripposition":3}]},{"routeid":6700,"stationid":22203,"stationname":"KR Pura Extension","from":"Kempegowda Bus Station","to":"Dodda Nallala","routeno":"382-C KBS-DNH","distance_on_station":15.767,"centerlat":13.01172,"centerlong":77.69862,"responsecode":200,"isnotify":0,"vehicleDetails":[{"vehicleid":22089,"vehiclenumber":"KA57F4107","servicetypeid":72,"servicetype":"Non AC/Ordinary","centerlat":13.002149,"centerlong":77.679871,"eta":"2024-03-11 15:22:00","sch_arrivaltime":"16:09","sch_departuretime":"16:09","actual_arrivaltime":"","actual_departuretime":"","sch_tripstarttime":"15:15","sch_tripendtime":"15:15","lastlocationid":0,"currentlocationid":20863,"nextlocationid":0,"currentstop":null,"nextstop":null,"laststop":null,"stopCoveredStatus":0,"heading":59,"lastrefreshon":"11-03-2024 15:12:32","lastreceiveddatetimeflag":0,"tripposition":3}]},{"routeid":6700,"stationid":22536,"stationname":"TC Palya  Gate Hosakote Road","from":"Kempegowda Bus Station","to":"Dodda Nallala","routeno":"382-C KBS-DNH","distance_on_station":16.575,"centerlat":13.01736,"centerlong":77.70462,"responsecode":200,"isnotify":0,"vehicleDetails":[{"vehicleid":22089,"vehiclenumber":"KA57F4107","servicetypeid":72,"servicetype":"Non AC/Ordinary","centerlat":13.002149,"centerlong":77.679871,"eta":"2024-03-11 15:26:00","sch_arrivaltime":"16:13","sch_departuretime":"16:13","actual_arrivaltime":"","actual_departuretime":"","sch_tripstarttime":"15:15","sch_tripendtime":"15:15","lastlocationid":0,"currentlocationid":20863,"nextlocationid":0,"currentstop":null,"nextstop":null,"laststop":null,"stopCoveredStatus":0,"heading":59,"lastrefreshon":"11-03-2024 15:12:32","lastreceiveddatetimeflag":0,"tripposition":3}]},{"routeid":6700,"stationid":21756,"stationname":"Bhattarahalli","from":"Kempegowda Bus Station","to":"Dodda Nallala","routeno":"382-C KBS-DNH","distance_on_station":17.133,"centerlat":13.02046,"centerlong":77.70985,"responsecode":200,"isnotify":0,"vehicleDetails":[{"vehicleid":22089,"vehiclenumber":"KA57F4107","servicetypeid":72,"servicetype":"Non AC/Ordinary","centerlat":13.002149,"centerlong":77.679871,"eta":"2024-03-11 15:27:00","sch_arrivaltime":"16:15","sch_departuretime":"16:15","actual_arrivaltime":"","actual_departuretime":"","sch_tripstarttime":"15:15","sch_tripendtime":"15:15","lastlocationid":0,"currentlocationid":20863,"nextlocationid":0,"currentstop":null,"nextstop":null,"laststop":null,"stopCoveredStatus":0,"heading":59,"lastrefreshon":"11-03-2024 15:12:32","lastreceiveddatetimeflag":0,"tripposition":3}]},{"routeid":6700,"stationid":22496,"stationname":"SJES College","from":"Kempegowda Bus Station","to":"Dodda Nallala","routeno":"382-C KBS-DNH","distance_on_station":17.795,"centerlat":13.02393,"centerlong":77.71589,"responsecode":200,"isnotify":0,"vehicleDetails":[{"vehicleid":22089,"vehiclenumber":"KA57F4107","servicetypeid":72,"servicetype":"Non AC/Ordinary","centerlat":13.002149,"centerlong":77.679871,"eta":"2024-03-11 15:30:00","sch_arrivaltime":"16:17","sch_departuretime":"16:17","actual_arrivaltime":"","actual_departuretime":"","sch_tripstarttime":"15:15","sch_tripendtime":"15:15","lastlocationid":0,"currentlocationid":20863,"nextlocationid":0,"currentstop":null,"nextstop":null,"laststop":null,"stopCoveredStatus":0,"heading":59,"lastrefreshon":"11-03-2024 15:12:32","lastreceiveddatetimeflag":0,"tripposition":3}]},{"routeid":6700,"stationid":33899,"stationname":"Medahalli","from":"Kempegowda Bus Station","to":"Dodda Nallala","routeno":"382-C KBS-DNH","distance_on_station":18.276,"centerlat":13.02647,"centerlong":77.72054,"responsecode":200,"isnotify":0,"vehicleDetails":[{"vehicleid":22089,"vehiclenumber":"KA57F4107","servicetypeid":72,"servicetype":"Non AC/Ordinary","centerlat":13.002149,"centerlong":77.679871,"eta":"2024-03-11 15:31:00","sch_arrivaltime":"16:19","sch_departuretime":"16:19","actual_arrivaltime":"","actual_departuretime":"","sch_tripstarttime":"15:15","sch_tripendtime":"15:15","lastlocationid":0,"currentlocationid":20863,"nextlocationid":0,"currentstop":null,"nextstop":null,"laststop":null,"stopCoveredStatus":0,"heading":59,"lastrefreshon":"11-03-2024 15:12:32","lastreceiveddatetimeflag":0,"tripposition":3}]},{"routeid":6700,"stationid":21851,"stationname":"Cipla Avalahalli","from":"Kempegowda Bus Station","to":"Dodda Nallala","routeno":"382-C KBS-DNH","distance_on_station":19.445,"centerlat":13.03263,"centerlong":77.73114,"responsecode":200,"isnotify":0,"vehicleDetails":[{"vehicleid":22089,"vehiclenumber":"KA57F4107","servicetypeid":72,"servicetype":"Non AC/Ordinary","centerlat":13.002149,"centerlong":77.679871,"eta":"2024-03-11 15:35:00","sch_arrivaltime":"16:23","sch_departuretime":"16:23","actual_arrivaltime":"","actual_departuretime":"","sch_tripstarttime":"15:15","sch_tripendtime":"15:15","lastlocationid":0,"currentlocationid":20863,"nextlocationid":0,"currentstop":null,"nextstop":null,"laststop":null,"stopCoveredStatus":0,"heading":59,"lastrefreshon":"11-03-2024 15:12:32","lastreceiveddatetimeflag":0,"tripposition":3}]},{"routeid":6700,"stationid":23219,"stationname":"Avalahalli Hosakote","from":"Kempegowda Bus Station","to":"Dodda Nallala","routeno":"382-C KBS-DNH","distance_on_station":19.994,"centerlat":13.03605,"centerlong":77.7358,"responsecode":200,"isnotify":0,"vehicleDetails":[{"vehicleid":22089,"vehiclenumber":"KA57F4107","servicetypeid":72,"servicetype":"Non AC/Ordinary","centerlat":13.002149,"centerlong":77.679871,"eta":"2024-03-11 15:37:00","sch_arrivaltime":"16:26","sch_departuretime":"16:26","actual_arrivaltime":"","actual_departuretime":"","sch_tripstarttime":"15:15","sch_tripendtime":"15:15","lastlocationid":0,"currentlocationid":20863,"nextlocationid":0,"currentstop":null,"nextstop":null,"laststop":null,"stopCoveredStatus":0,"heading":59,"lastrefreshon":"11-03-2024 15:12:32","lastreceiveddatetimeflag":0,"tripposition":3}]},{"routeid":6700,"stationid":24455,"stationname":"Cheemasandra Gate","from":"Kempegowda Bus Station","to":"Dodda Nallala","routeno":"382-C KBS-DNH","distance_on_station":20.476,"centerlat":13.03903,"centerlong":77.74008,"responsecode":200,"isnotify":0,"vehicleDetails":[{"vehicleid":22089,"vehiclenumber":"KA57F4107","servicetypeid":72,"servicetype":"Non AC/Ordinary","centerlat":13.002149,"centerlong":77.679871,"eta":"2024-03-11 15:39:00","sch_arrivaltime":"16:29","sch_departuretime":"16:29","actual_arrivaltime":"","actual_departuretime":"","sch_tripstarttime":"15:15","sch_tripendtime":"15:15","lastlocationid":0,"currentlocationid":20863,"nextlocationid":0,"currentstop":null,"nextstop":null,"laststop":null,"stopCoveredStatus":0,"heading":59,"lastrefreshon":"11-03-2024 15:12:32","lastreceiveddatetimeflag":0,"tripposition":3}]},{"routeid":6700,"stationid":21715,"stationname":"Bandapura Gate","from":"Kempegowda Bus Station","to":"Dodda Nallala","routeno":"382-C KBS-DNH","distance_on_station":21,"centerlat":13.04228,"centerlong":77.74459,"responsecode":200,"isnotify":0,"vehicleDetails":[{"vehicleid":22089,"vehiclenumber":"KA57F4107","servicetypeid":72,"servicetype":"Non AC/Ordinary","centerlat":13.002149,"centerlong":77.679871,"eta":"2024-03-11 15:41:00","sch_arrivaltime":"16:30","sch_departuretime":"16:30","actual_arrivaltime":"","actual_departuretime":"","sch_tripstarttime":"15:15","sch_tripendtime":"15:15","lastlocationid":0,"currentlocationid":20863,"nextlocationid":0,"currentstop":null,"nextstop":null,"laststop":null,"stopCoveredStatus":0,"heading":59,"lastrefreshon":"11-03-2024 15:12:32","lastreceiveddatetimeflag":0,"tripposition":3}]},{"routeid":6700,"stationid":21791,"stationname":"Budigere Cross","from":"Kempegowda Bus Station","to":"Dodda Nallala","routeno":"382-C KBS-DNH","distance_on_station":21.679,"centerlat":13.04651,"centerlong":77.75054,"responsecode":200,"isnotify":0,"vehicleDetails":[{"vehicleid":22089,"vehiclenumber":"KA57F4107","servicetypeid":72,"servicetype":"Non AC/Ordinary","centerlat":13.002149,"centerlong":77.679871,"eta":"2024-03-11 15:43:00","sch_arrivaltime":"16:32","sch_departuretime":"16:32","actual_arrivaltime":"","actual_departuretime":"","sch_tripstarttime":"15:15","sch_tripendtime":"15:15","lastlocationid":0,"currentlocationid":20863,"nextlocationid":0,"currentstop":null,"nextstop":null,"laststop":null,"stopCoveredStatus":0,"heading":59,"lastrefreshon":"11-03-2024 15:12:32","lastreceiveddatetimeflag":0,"tripposition":3}]},{"routeid":6700,"stationid":22456,"stationname":"Sapthagiri Convention Hall","from":"Kempegowda Bus Station","to":"Dodda Nallala","routeno":"382-C KBS-DNH","distance_on_station":22.4,"centerlat":13.0509,"centerlong":77.75676,"responsecode":200,"isnotify":0,"vehicleDetails":[{"vehicleid":22089,"vehiclenumber":"KA57F4107","servicetypeid":72,"servicetype":"Non AC/Ordinary","centerlat":13.002149,"centerlong":77.679871,"eta":"2024-03-11 15:46:00","sch_arrivaltime":"16:33","sch_departuretime":"16:33","actual_arrivaltime":"","actual_departuretime":"","sch_tripstarttime":"15:15","sch_tripendtime":"15:15","lastlocationid":0,"currentlocationid":20863,"nextlocationid":0,"currentstop":null,"nextstop":null,"laststop":null,"stopCoveredStatus":0,"heading":59,"lastrefreshon":"11-03-2024 15:12:32","lastreceiveddatetimeflag":0,"tripposition":3}]},{"routeid":6700,"stationid":22155,"stationname":"Katamanallur Gate","from":"Kempegowda Bus Station","to":"Dodda Nallala","routeno":"382-C KBS-DNH","distance_on_station":22.942,"centerlat":13.05373,"centerlong":77.76177,"responsecode":200,"isnotify":0,"vehicleDetails":[{"vehicleid":22089,"vehiclenumber":"KA57F4107","servicetypeid":72,"servicetype":"Non AC/Ordinary","centerlat":13.002149,"centerlong":77.679871,"eta":"2024-03-11 15:47:00","sch_arrivaltime":"16:37","sch_departuretime":"16:37","actual_arrivaltime":"","actual_departuretime":"","sch_tripstarttime":"15:15","sch_tripendtime":"15:15","lastlocationid":0,"currentlocationid":20863,"nextlocationid":0,"currentstop":null,"nextstop":null,"laststop":null,"stopCoveredStatus":0,"heading":59,"lastrefreshon":"11-03-2024 15:12:32","lastreceiveddatetimeflag":0,"tripposition":3}]},{"routeid":6700,"stationid":22054,"stationname":"Hosakote Kodi","from":"Kempegowda Bus Station","to":"Dodda Nallala","routeno":"382-C KBS-DNH","distance_on_station":23.535,"centerlat":13.0565,"centerlong":77.76741,"responsecode":200,"isnotify":0,"vehicleDetails":[{"vehicleid":22089,"vehiclenumber":"KA57F4107","servicetypeid":72,"servicetype":"Non AC/Ordinary","centerlat":13.002149,"centerlong":77.679871,"eta":"2024-03-11 15:49:00","sch_arrivaltime":"16:38","sch_departuretime":"16:38","actual_arrivaltime":"","actual_departuretime":"","sch_tripstarttime":"15:15","sch_tripendtime":"15:15","lastlocationid":0,"currentlocationid":20863,"nextlocationid":0,"currentstop":null,"nextstop":null,"laststop":null,"stopCoveredStatus":0,"heading":59,"lastrefreshon":"11-03-2024 15:12:32","lastreceiveddatetimeflag":0,"tripposition":3}]},{"routeid":6700,"stationid":22056,"stationname":"Hosakote Toll","from":"Kempegowda Bus Station","to":"Dodda Nallala","routeno":"382-C KBS-DNH","distance_on_station":23.956,"centerlat":13.05963,"centerlong":77.77057,"responsecode":200,"isnotify":0,"vehicleDetails":[{"vehicleid":22089,"vehiclenumber":"KA57F4107","servicetypeid":72,"servicetype":"Non AC/Ordinary","centerlat":13.002149,"centerlong":77.679871,"eta":"2024-03-11 15:51:00","sch_arrivaltime":"16:39","sch_departuretime":"16:39","actual_arrivaltime":"","actual_departuretime":"","sch_tripstarttime":"15:15","sch_tripendtime":"15:15","lastlocationid":0,"currentlocationid":20863,"nextlocationid":0,"currentstop":null,"nextstop":null,"laststop":null,"stopCoveredStatus":0,"heading":59,"lastrefreshon":"11-03-2024 15:12:32","lastreceiveddatetimeflag":0,"tripposition":3}]},{"routeid":6700,"stationid":22050,"stationname":"Hosakote High School","from":"Kempegowda Bus Station","to":"Dodda Nallala","routeno":"382-C KBS-DNH","distance_on_station":25.545,"centerlat":13.07033,"centerlong":77.78338,"responsecode":200,"isnotify":0,"vehicleDetails":[{"vehicleid":22089,"vehiclenumber":"KA57F4107","servicetypeid":72,"servicetype":"Non AC/Ordinary","centerlat":13.002149,"centerlong":77.679871,"eta":"2024-03-11 15:56:00","sch_arrivaltime":"16:42","sch_departuretime":"16:42","actual_arrivaltime":"","actual_departuretime":"","sch_tripstarttime":"15:15","sch_tripendtime":"15:15","lastlocationid":0,"currentlocationid":20863,"nextlocationid":0,"currentstop":null,"nextstop":null,"laststop":null,"stopCoveredStatus":0,"heading":59,"lastrefreshon":"11-03-2024 15:12:32","lastreceiveddatetimeflag":0,"tripposition":3}]},{"routeid":6700,"stationid":32978,"stationname":"Hosakote K E B Circle","from":"Kempegowda Bus Station","to":"Dodda Nallala","routeno":"382-C KBS-DNH","distance_on_station":25.932,"centerlat":13.07232,"centerlong":77.78701,"responsecode":200,"isnotify":0,"vehicleDetails":[{"vehicleid":22089,"vehiclenumber":"KA57F4107","servicetypeid":72,"servicetype":"Non AC/Ordinary","centerlat":13.002149,"centerlong":77.679871,"eta":"2024-03-11 15:57:00","sch_arrivaltime":"16:44","sch_departuretime":"16:44","actual_arrivaltime":"","actual_departuretime":"","sch_tripstarttime":"15:15","sch_tripendtime":"15:15","lastlocationid":0,"currentlocationid":20863,"nextlocationid":0,"currentstop":null,"nextstop":null,"laststop":null,"stopCoveredStatus":0,"heading":59,"lastrefreshon":"11-03-2024 15:12:32","lastreceiveddatetimeflag":0,"tripposition":3}]},{"routeid":6700,"stationid":28146,"stationname":"Santhe Gate","from":"Kempegowda Bus Station","to":"Dodda Nallala","routeno":"382-C KBS-DNH","distance_on_station":26.808,"centerlat":13.07696,"centerlong":77.79507,"responsecode":200,"isnotify":0,"vehicleDetails":[{"vehicleid":22089,"vehiclenumber":"KA57F4107","servicetypeid":72,"servicetype":"Non AC/Ordinary","centerlat":13.002149,"centerlong":77.679871,"eta":"2024-03-11 15:59:00","sch_arrivaltime":"16:46","sch_departuretime":"16:46","actual_arrivaltime":"","actual_departuretime":"","sch_tripstarttime":"15:15","sch_tripendtime":"15:15","lastlocationid":0,"currentlocationid":20863,"nextlocationid":0,"currentstop":null,"nextstop":null,"laststop":null,"stopCoveredStatus":0,"heading":59,"lastrefreshon":"11-03-2024 15:12:32","lastreceiveddatetimeflag":0,"tripposition":3}]},{"routeid":6700,"stationid":32977,"stationname":"Hosakote Govt Hospital","from":"Kempegowda Bus Station","to":"Dodda Nallala","routeno":"382-C KBS-DNH","distance_on_station":27.47,"centerlat":13.07754,"centerlong":77.80208,"responsecode":200,"isnotify":0,"vehicleDetails":[{"vehicleid":22089,"vehiclenumber":"KA57F4107","servicetypeid":72,"servicetype":"Non AC/Ordinary","centerlat":13.002149,"centerlong":77.679871,"eta":"2024-03-11 16:01:00","sch_arrivaltime":"16:47","sch_departuretime":"16:47","actual_arrivaltime":"","actual_departuretime":"","sch_tripstarttime":"15:15","sch_tripendtime":"15:15","lastlocationid":0,"currentlocationid":20863,"nextlocationid":0,"currentstop":null,"nextstop":null,"laststop":null,"stopCoveredStatus":0,"heading":59,"lastrefreshon":"11-03-2024 15:12:32","lastreceiveddatetimeflag":0,"tripposition":3}]},{"routeid":6700,"stationid":32403,"stationname":"Dandupalya Gate","from":"Kempegowda Bus Station","to":"Dodda Nallala","routeno":"382-C KBS-DNH","distance_on_station":28.011,"centerlat":13.07728,"centerlong":77.80786,"responsecode":200,"isnotify":0,"vehicleDetails":[{"vehicleid":22089,"vehiclenumber":"KA57F4107","servicetypeid":72,"servicetype":"Non AC/Ordinary","centerlat":13.002149,"centerlong":77.679871,"eta":"2024-03-11 16:03:00","sch_arrivaltime":"16:48","sch_departuretime":"16:48","actual_arrivaltime":"","actual_departuretime":"","sch_tripstarttime":"15:15","sch_tripendtime":"15:15","lastlocationid":0,"currentlocationid":20863,"nextlocationid":0,"currentstop":null,"nextstop":null,"laststop":null,"stopCoveredStatus":0,"heading":59,"lastrefreshon":"11-03-2024 15:12:32","lastreceiveddatetimeflag":0,"tripposition":3}]},{"routeid":6700,"stationid":34014,"stationname":"MVJ Medical Hospital","from":"Kempegowda Bus Station","to":"Dodda Nallala","routeno":"382-C KBS-DNH","distance_on_station":28.449,"centerlat":13.07944,"centerlong":77.81199,"responsecode":200,"isnotify":0,"vehicleDetails":[{"vehicleid":22089,"vehiclenumber":"KA57F4107","servicetypeid":72,"servicetype":"Non AC/Ordinary","centerlat":13.002149,"centerlong":77.679871,"eta":"2024-03-11 16:05:00","sch_arrivaltime":"16:49","sch_departuretime":"16:49","actual_arrivaltime":"","actual_departuretime":"","sch_tripstarttime":"15:15","sch_tripendtime":"15:15","lastlocationid":0,"currentlocationid":20863,"nextlocationid":0,"currentstop":null,"nextstop":null,"laststop":null,"stopCoveredStatus":0,"heading":59,"lastrefreshon":"11-03-2024 15:12:32","lastreceiveddatetimeflag":0,"tripposition":3}]},{"routeid":6700,"stationid":32981,"stationname":"Hotel Emerald","from":"Kempegowda Bus Station","to":"Dodda Nallala","routeno":"382-C KBS-DNH","distance_on_station":29.145,"centerlat":13.08306,"centerlong":77.81843,"responsecode":200,"isnotify":0,"vehicleDetails":[{"vehicleid":22089,"vehiclenumber":"KA57F4107","servicetypeid":72,"servicetype":"Non AC/Ordinary","centerlat":13.002149,"centerlong":77.679871,"eta":"2024-03-11 16:07:00","sch_arrivaltime":"16:51","sch_departuretime":"16:51","actual_arrivaltime":"","actual_departuretime":"","sch_tripstarttime":"15:15","sch_tripendtime":"15:15","lastlocationid":0,"currentlocationid":20863,"nextlocationid":0,"currentstop":null,"nextstop":null,"laststop":null,"stopCoveredStatus":0,"heading":59,"lastrefreshon":"11-03-2024 15:12:32","lastreceiveddatetimeflag":0,"tripposition":3}]},{"routeid":6700,"stationid":33538,"stationname":"Kolathuru Gate","from":"Kempegowda Bus Station","to":"Dodda Nallala","routeno":"382-C KBS-DNH","distance_on_station":29.807,"centerlat":13.08501,"centerlong":77.82512,"responsecode":200,"isnotify":0,"vehicleDetails":[{"vehicleid":22089,"vehiclenumber":"KA57F4107","servicetypeid":72,"servicetype":"Non AC/Ordinary","centerlat":13.002149,"centerlong":77.679871,"eta":"2024-03-11 16:09:00","sch_arrivaltime":"16:52","sch_departuretime":"16:52","actual_arrivaltime":"","actual_departuretime":"","sch_tripstarttime":"15:15","sch_tripendtime":"15:15","lastlocationid":0,"currentlocationid":20863,"nextlocationid":0,"currentstop":null,"nextstop":null,"laststop":null,"stopCoveredStatus":0,"heading":59,"lastrefreshon":"11-03-2024 15:12:32","lastreceiveddatetimeflag":0,"tripposition":3}]},{"routeid":6700,"stationid":25692,"stationname":"Halasahalli Cross","from":"Kempegowda Bus Station","to":"Dodda Nallala","routeno":"382-C KBS-DNH","distance_on_station":30.967,"centerlat":13.09001,"centerlong":77.83611,"responsecode":200,"isnotify":0,"vehicleDetails":[{"vehicleid":22089,"vehiclenumber":"KA57F4107","servicetypeid":72,"servicetype":"Non AC/Ordinary","centerlat":13.002149,"centerlong":77.679871,"eta":"2024-03-11 16:13:00","sch_arrivaltime":"16:53","sch_departuretime":"16:53","actual_arrivaltime":"","actual_departuretime":"","sch_tripstarttime":"15:15","sch_tripendtime":"15:15","lastlocationid":0,"currentlocationid":20863,"nextlocationid":0,"currentstop":null,"nextstop":null,"laststop":null,"stopCoveredStatus":0,"heading":59,"lastrefreshon":"11-03-2024 15:12:32","lastreceiveddatetimeflag":0,"tripposition":3}]},{"routeid":6700,"stationid":25520,"stationname":"Gottipura Gate","from":"Kempegowda Bus Station","to":"Dodda Nallala","routeno":"382-C KBS-DNH","distance_on_station":32.041,"centerlat":13.0948,"centerlong":77.84653,"responsecode":200,"isnotify":0,"vehicleDetails":[{"vehicleid":22089,"vehiclenumber":"KA57F4107","servicetypeid":72,"servicetype":"Non AC/Ordinary","centerlat":13.002149,"centerlong":77.679871,"eta":"2024-03-11 16:16:00","sch_arrivaltime":"16:54","sch_departuretime":"16:54","actual_arrivaltime":"","actual_departuretime":"","sch_tripstarttime":"15:15","sch_tripendtime":"15:15","lastlocationid":0,"currentlocationid":20863,"nextlocationid":0,"currentstop":null,"nextstop":null,"laststop":null,"stopCoveredStatus":0,"heading":59,"lastrefreshon":"11-03-2024 15:12:32","lastreceiveddatetimeflag":0,"tripposition":3}]},{"routeid":6700,"stationid":31854,"stationname":"Attivatta Gate","from":"Kempegowda Bus Station","to":"Dodda Nallala","routeno":"382-C KBS-DNH","distance_on_station":32.892,"centerlat":13.09743,"centerlong":77.85521,"responsecode":200,"isnotify":0,"vehicleDetails":[{"vehicleid":22089,"vehiclenumber":"KA57F4107","servicetypeid":72,"servicetype":"Non AC/Ordinary","centerlat":13.002149,"centerlong":77.679871,"eta":"2024-03-11 16:19:00","sch_arrivaltime":"16:55","sch_departuretime":"16:55","actual_arrivaltime":"","actual_departuretime":"","sch_tripstarttime":"15:15","sch_tripendtime":"15:15","lastlocationid":0,"currentlocationid":20863,"nextlocationid":0,"currentstop":null,"nextstop":null,"laststop":null,"stopCoveredStatus":0,"heading":59,"lastrefreshon":"11-03-2024 15:12:32","lastreceiveddatetimeflag":0,"tripposition":3}]},{"routeid":6700,"stationid":23213,"stationname":"Atturu","from":"Kempegowda Bus Station","to":"Dodda Nallala","routeno":"382-C KBS-DNH","distance_on_station":33.21,"centerlat":13.09877,"centerlong":77.85841,"responsecode":200,"isnotify":0,"vehicleDetails":[{"vehicleid":22089,"vehiclenumber":"KA57F4107","servicetypeid":72,"servicetype":"Non AC/Ordinary","centerlat":13.002149,"centerlong":77.679871,"eta":"2024-03-11 16:20:00","sch_arrivaltime":"16:56","sch_departuretime":"16:56","actual_arrivaltime":"","actual_departuretime":"","sch_tripstarttime":"15:15","sch_tripendtime":"15:15","lastlocationid":0,"currentlocationid":20863,"nextlocationid":0,"currentstop":null,"nextstop":null,"laststop":null,"stopCoveredStatus":0,"heading":59,"lastrefreshon":"11-03-2024 15:12:32","lastreceiveddatetimeflag":0,"tripposition":3}]},{"routeid":6700,"stationid":24434,"stationname":"Channapura Gate","from":"Kempegowda Bus Station","to":"Dodda Nallala","routeno":"382-C KBS-DNH","distance_on_station":34.095,"centerlat":13.10328,"centerlong":77.86663,"responsecode":200,"isnotify":0,"vehicleDetails":[{"vehicleid":22089,"vehiclenumber":"KA57F4107","servicetypeid":72,"servicetype":"Non AC/Ordinary","centerlat":13.002149,"centerlong":77.679871,"eta":"2024-03-11 16:23:00","sch_arrivaltime":"16:57","sch_departuretime":"16:57","actual_arrivaltime":"","actual_departuretime":"","sch_tripstarttime":"15:15","sch_tripendtime":"15:15","lastlocationid":0,"currentlocationid":20863,"nextlocationid":0,"currentstop":null,"nextstop":null,"laststop":null,"stopCoveredStatus":0,"heading":59,"lastrefreshon":"11-03-2024 15:12:32","lastreceiveddatetimeflag":0,"tripposition":3}]},{"routeid":6700,"stationid":34025,"stationname":"Mylapura Gate","from":"Kempegowda Bus Station","to":"Dodda Nallala","routeno":"382-C KBS-DNH","distance_on_station":34.825,"centerlat":13.10731,"centerlong":77.87333,"responsecode":200,"isnotify":0,"vehicleDetails":[{"vehicleid":22089,"vehiclenumber":"KA57F4107","servicetypeid":72,"servicetype":"Non AC/Ordinary","centerlat":13.002149,"centerlong":77.679871,"eta":"2024-03-11 16:25:00","sch_arrivaltime":"16:58","sch_departuretime":"16:58","actual_arrivaltime":"","actual_departuretime":"","sch_tripstarttime":"15:15","sch_tripendtime":"15:15","lastlocationid":0,"currentlocationid":20863,"nextlocationid":0,"currentstop":null,"nextstop":null,"laststop":null,"stopCoveredStatus":0,"heading":59,"lastrefreshon":"11-03-2024 15:12:32","lastreceiveddatetimeflag":0,"tripposition":3}]},{"routeid":6700,"stationid":33713,"stationname":"M Hosahalli Gate","from":"Kempegowda Bus Station","to":"Dodda Nallala","routeno":"382-C KBS-DNH","distance_on_station":35.272,"centerlat":13.1094,"centerlong":77.87758,"responsecode":200,"isnotify":0,"vehicleDetails":[{"vehicleid":22089,"vehiclenumber":"KA57F4107","servicetypeid":72,"servicetype":"Non AC/Ordinary","centerlat":13.002149,"centerlong":77.679871,"eta":"2024-03-11 16:27:00","sch_arrivaltime":"16:59","sch_departuretime":"16:59","actual_arrivaltime":"","actual_departuretime":"","sch_tripstarttime":"15:15","sch_tripendtime":"15:15","lastlocationid":0,"currentlocationid":20863,"nextlocationid":0,"currentstop":null,"nextstop":null,"laststop":null,"stopCoveredStatus":0,"heading":59,"lastrefreshon":"11-03-2024 15:12:32","lastreceiveddatetimeflag":0,"tripposition":3}]},{"routeid":6700,"stationid":29069,"stationname":"Mugabala","from":"Kempegowda Bus Station","to":"Dodda Nallala","routeno":"382-C KBS-DNH","distance_on_station":36.707,"centerlat":13.11977,"centerlong":77.88853,"responsecode":200,"isnotify":0,"vehicleDetails":[{"vehicleid":22089,"vehiclenumber":"KA57F4107","servicetypeid":72,"servicetype":"Non AC/Ordinary","centerlat":13.002149,"centerlong":77.679871,"eta":"2024-03-11 16:32:00","sch_arrivaltime":"17:00","sch_departuretime":"17:00","actual_arrivaltime":"","actual_departuretime":"","sch_tripstarttime":"15:15","sch_tripendtime":"15:15","lastlocationid":0,"currentlocationid":20863,"nextlocationid":0,"currentstop":null,"nextstop":null,"laststop":null,"stopCoveredStatus":0,"heading":59,"lastrefreshon":"11-03-2024 15:12:32","lastreceiveddatetimeflag":0,"tripposition":3}]},{"routeid":6700,"stationid":24605,"stationname":"Chikkanahalli Gate","from":"Kempegowda Bus Station","to":"Dodda Nallala","routeno":"382-C KBS-DNH","distance_on_station":38.417,"centerlat":13.12584,"centerlong":77.90411,"responsecode":200,"isnotify":0,"vehicleDetails":[{"vehicleid":22089,"vehiclenumber":"KA57F4107","servicetypeid":72,"servicetype":"Non AC/Ordinary","centerlat":13.002149,"centerlong":77.679871,"eta":"2024-03-11 16:37:00","sch_arrivaltime":"17:02","sch_departuretime":"17:02","actual_arrivaltime":"","actual_departuretime":"","sch_tripstarttime":"15:15","sch_tripendtime":"15:15","lastlocationid":0,"currentlocationid":20863,"nextlocationid":0,"currentstop":null,"nextstop":null,"laststop":null,"stopCoveredStatus":0,"heading":59,"lastrefreshon":"11-03-2024 15:12:32","lastreceiveddatetimeflag":0,"tripposition":3}]},{"routeid":6700,"stationid":34468,"stationname":"Sapalamma Devi Temple","from":"Kempegowda Bus Station","to":"Dodda Nallala","routeno":"382-C KBS-DNH","distance_on_station":41.235,"centerlat":13.09789,"centerlong":77.91117,"responsecode":200,"isnotify":0,"vehicleDetails":[{"vehicleid":22089,"vehiclenumber":"KA57F4107","servicetypeid":72,"servicetype":"Non AC/Ordinary","centerlat":13.002149,"centerlong":77.679871,"eta":"2024-03-11 16:47:00","sch_arrivaltime":"17:07","sch_departuretime":"17:07","actual_arrivaltime":"","actual_departuretime":"","sch_tripstarttime":"15:15","sch_tripendtime":"15:15","lastlocationid":0,"currentlocationid":20863,"nextlocationid":0,"currentstop":null,"nextstop":null,"laststop":null,"stopCoveredStatus":0,"heading":59,"lastrefreshon":"11-03-2024 15:12:32","lastreceiveddatetimeflag":0,"tripposition":3}]},{"routeid":6700,"stationid":32284,"stationname":"Chikka Nallala","from":"Kempegowda Bus Station","to":"Dodda Nallala","routeno":"382-C KBS-DNH","distance_on_station":43.168,"centerlat":13.09694,"centerlong":77.89533,"responsecode":200,"isnotify":0,"vehicleDetails":[{"vehicleid":22089,"vehiclenumber":"KA57F4107","servicetypeid":72,"servicetype":"Non AC/Ordinary","centerlat":13.002149,"centerlong":77.679871,"eta":"2024-03-11 16:53:00","sch_arrivaltime":"17:12","sch_departuretime":"17:12","actual_arrivaltime":"","actual_departuretime":"","sch_tripstarttime":"15:15","sch_tripendtime":"15:15","lastlocationid":0,"currentlocationid":20863,"nextlocationid":0,"currentstop":null,"nextstop":null,"laststop":null,"stopCoveredStatus":0,"heading":59,"lastrefreshon":"11-03-2024 15:12:32","lastreceiveddatetimeflag":0,"tripposition":3}]},{"routeid":6700,"stationid":32514,"stationname":"Dodda Nallala","from":"Kempegowda Bus Station","to":"Dodda Nallala","routeno":"382-C KBS-DNH","distance_on_station":44.5,"centerlat":13.08426,"centerlong":77.89664,"responsecode":200,"isnotify":0,"vehicleDetails":[{"vehicleid":22089,"vehiclenumber":"KA57F4107","servicetypeid":72,"servicetype":"Non AC/Ordinary","centerlat":13.002149,"centerlong":77.679871,"eta":"2024-03-11 16:58:00","sch_arrivaltime":"17:16","sch_departuretime":"17:16","actual_arrivaltime":"","actual_departuretime":"","sch_tripstarttime":"15:15","sch_tripendtime":"15:15","lastlocationid":0,"currentlocationid":20863,"nextlocationid":0,"currentstop":null,"nextstop":null,"laststop":null,"stopCoveredStatus":0,"heading":59,"lastrefreshon":"11-03-2024 15:12:32","lastreceiveddatetimeflag":0,"tripposition":1}]}],"mapData":[{"vehicleid":22089,"vehiclenumber":"KA57F4107","servicetypeid":72,"servicetype":"Non AC/Ordinary","centerlat":13.002149,"centerlong":77.679871,"eta":"2024-03-11 16:58:00","sch_arrivaltime":"17:16","sch_departuretime":"17:16","actual_arrivaltime":"","actual_departuretime":"","sch_tripstarttime":"15:15","sch_tripendtime":"15:15","lastlocationid":0,"currentlocationid":20863,"nextlocationid":0,"currentstop":null,"nextstop":null,"laststop":null,"stopCoveredStatus":0,"heading":59,"lastrefreshon":"11-03-2024 15:12:32","lastreceiveddatetimeflag":0,"tripposition":1}]},"down":{"data":[],"mapData":[]},"message":"Success","issuccess":true,"exception":null,"rowCount":0,"responsecode":200}