{"up":{"data":[{"routeid":13745,"stationid":25532,"stationname":"Govt First Grade College Bidadi","from":"Govt First Grade College Bidadi","to":"Yeshawanthapura Bus Station","routeno":"401-Z GFGC-YBS","distance_on_station":0,"centerlat":12.80684,"centerlong":77.38906,"responsecode":200,"isnotify":0,"vehicleDetails":[{"vehicleid":21982,"vehiclenumber":"KA57F0817","servicetypeid":72,"servicetype":"Non AC/Ordinary","centerlat":12.769424,"centerlong":77.413605,"eta":"","sch_arrivaltime":"09:15","sch_departuretime":"09:15","actual_arrivaltime":"","actual_departuretime":"","sch_tripstarttime":"09:15","sch_tripendtime":"09:15","lastlocationid":0,"currentlocationid":21477,"nextlocationid":0,"currentstop":null,"nextstop":null,"laststop":null,"stopCoveredStatus":0,"heading":69,"lastrefreshon":"13-10-2024 00:08:42","lastreceiveddatetimeflag":0,"tripposition":3}]},{"routeid":13745,"stationid":33481,"stationname":"KHB Colony","from":"Govt First Grade College Bidadi","to":"Yeshawanthapura Bus Station","routeno":"401-Z GFGC-YBS","distance_on_station":0.653,"centerlat":12.80269,"centerlong":77.38586,"responsecode":200,"isnotify":0,"vehicleDetails":[{"vehicleid":21982,"vehiclenumber":"KA57F0817","servicetypeid":72,"servicetype":"Non AC/Ordinary","centerlat":12.769424,"centerlong":77.413605,"eta":"","sch_arrivaltime":"09:17","sch_departuretime":"09:17","actual_arrivaltime":"","actual_departuretime":"","sch_tripstarttime":"09:15","sch_tripendtime":"09:15","lastlocationid":0,"currentlocationid":21477,"nextlocationid":0,"currentstop":null,"nextstop":null,"laststop":null,"stopCoveredStatus":0,"heading":69,"lastrefreshon":"13-10-2024 00:08:42","lastreceiveddatetimeflag":0,"tripposition":3}]},{"routeid":13745,"stationid":21465,"stationname":"Bidadi","from":"Govt First Grade College Bidadi","to":"Yeshawanthapura Bus Station","routeno":"401-Z GFGC-YBS","distance_on_station":1.692,"centerlat":12.79678,"centerlong":77.38496,"responsecode":200,"isnotify":0,"vehicleDetails":[{"vehicleid":21982,"vehiclenumber":"KA57F0817","servicetypeid":72,"servicetype":"Non AC/Ordinary","centerlat":12.769424,"centerlong":77.413605,"eta":"","sch_arrivaltime":"09:24","sch_departuretime":"09:24","actual_arrivaltime":"","actual_departuretime":"","sch_tripstarttime":"09:15","sch_tripendtime":"09:15","lastlocationid":0,"currentlocationid":21477,"nextlocationid":0,"currentstop":null,"nextstop":null,"laststop":null,"stopCoveredStatus":0,"heading":69,"lastrefreshon":"13-10-2024 00:08:42","lastreceiveddatetimeflag":0,"tripposition":3}]},{"routeid":13745,"stationid":21467,"stationname":"Bidadi Railway Station","from":"Govt First Grade College Bidadi","to":"Yeshawanthapura Bus Station","routeno":"401-Z GFGC-YBS","distance_on_station":2.457,"centerlat":12.79976,"centerlong":77.39082,"responsecode":200,"isnotify":0,"vehicleDetails":[{"vehicleid":21982,"vehiclenumber":"KA57F0817","servicetypeid":72,"servicetype":"Non AC/Ordinary","centerlat":12.769424,"centerlong":77.413605,"eta":"","sch_arrivaltime":"09:25","sch_departuretime":"09:25","actual_arrivaltime":"","actual_departuretime":"","sch_tripstarttime":"09:15","sch_tripendtime":"09:15","lastlocationid":0,"currentlocationid":21477,"nextlocationid":0,"currentstop":null,"nextstop":null,"laststop":null,"stopCoveredStatus":0,"heading":69,"lastrefreshon":"13-10-2024 00:08:42","lastreceiveddatetimeflag":0,"tripposition":3}]},{"routeid":13745,"stationid":21477,"stationname":"Byramangala Cross","from":"Govt First Grade College Bidadi","to":"Yeshawanthapura Bus Station","routeno":"401-Z GFGC-YBS","distance_on_station":3.242,"centerlat":12.80246,"centerlong":77.39725,"responsecode":200,"isnotify":0,"vehicleDetails":[{"vehicleid":21982,"vehiclenumber":"KA57F0817","servicetypeid":72,"servicetype":"Non AC/Ordinary","centerlat":12.769424,"centerlong":77.413605,"eta":"","sch_arrivaltime":"09:26","sch_departuretime":"09:26","actual_arrivaltime":"","actual_departuretime":"","sch_tripstarttime":"09:15","sch_tripendtime":"09:15","lastlocationid":0,"currentlocationid":21477,"nextlocationid":0,"currentstop":null,"nextstop":null,"laststop":null,"stopCoveredStatus":0,"heading":69,"lastrefreshon":"13-10-2024 00:08:42","lastreceiveddatetimeflag":0,"tripposition":3}]},{"routeid":13745,"stationid":21469,"stationname":"Billa Kempanahalli Gate","from":"Govt First Grade College Bidadi","to":"Yeshawanthapura Bus Station","routeno":"401-Z GFGC-YBS","distance_on_station":4.557,"centerlat":12.81204,"centerlong":77.40384,"responsecode":200,"isnotify":0,"vehicleDetails":[{"vehicleid":21982,"vehiclenumber":"KA57F0817","servicetypeid":72,"servicetype":"Non AC/Ordinary","centerlat":12.769424,"centerlong":77.413605,"eta":"","sch_arrivaltime":"09:28","sch_departuretime":"09:28","actual_arrivaltime":"","actual_departuretime":"","sch_tripstarttime":"09:15","sch_tripendtime":"09:15","lastlocationid":0,"currentlocationid":21477,"nextlocationid":0,"currentstop":null,"nextstop":null,"laststop":null,"stopCoveredStatus":0,"heading":69,"lastrefreshon":"13-10-2024 00:08:42","lastreceiveddatetimeflag":0,"tripposition":3}]},{"routeid":13745,"stationid":21551,"stationname":"Kadumane Hotel","from":"Govt First Grade College Bidadi","to":"Yeshawanthapura Bus Station","routeno":"401-Z GFGC-YBS","distance_on_station":5.088,"centerlat":12.81546,"centerlong":77.40725,"responsecode":200,"isnotify":0,"vehicleDetails":[{"vehicleid":21982,"vehiclenumber":"KA57F0817","servicetypeid":72,"servicetype":"Non AC/Ordinary","centerlat":12.769424,"centerlong":77.413605,"eta":"","sch_arrivaltime":"09:29","sch_departuretime":"09:29","actual_arrivaltime":"","actual_departuretime":"","sch_tripstarttime":"09:15","sch_tripendtime":"09:15","lastlocationid":0,"currentlocationid":21477,"nextlocationid":0,"currentstop":null,"nextstop":null,"laststop":null,"stopCoveredStatus":0,"heading":69,"lastrefreshon":"13-10-2024 00:08:42","lastreceiveddatetimeflag":0,"tripposition":3}]},{"routeid":13745,"stationid":21590,"stationname":"Railway Gate Lakshmisagara","from":"Govt First Grade College Bidadi","to":"Yeshawanthapura Bus Station","routeno":"401-Z GFGC-YBS","distance_on_station":6.189,"centerlat":12.82382,"centerlong":77.41081,"responsecode":200,"isnotify":0,"vehicleDetails":[{"vehicleid":21982,"vehiclenumber":"KA57F0817","servicetypeid":72,"servicetype":"Non AC/Ordinary","centerlat":12.769424,"centerlong":77.413605,"eta":"","sch_arrivaltime":"09:30","sch_departuretime":"09:30","actual_arrivaltime":"","actual_departuretime":"","sch_tripstarttime":"09:15","sch_tripendtime":"09:15","lastlocationid":0,"currentlocationid":21477,"nextlocationid":0,"currentstop":null,"nextstop":null,"laststop":null,"stopCoveredStatus":0,"heading":69,"lastrefreshon":"13-10-2024 00:08:42","lastreceiveddatetimeflag":0,"tripposition":3}]},{"routeid":13745,"stationid":21622,"stationname":"Veeranjaneya Temple","from":"Govt First Grade College Bidadi","to":"Yeshawanthapura Bus Station","routeno":"401-Z GFGC-YBS","distance_on_station":6.8,"centerlat":12.82904,"centerlong":77.41214,"responsecode":200,"isnotify":0,"vehicleDetails":[{"vehicleid":21982,"vehiclenumber":"KA57F0817","servicetypeid":72,"servicetype":"Non AC/Ordinary","centerlat":12.769424,"centerlong":77.413605,"eta":"","sch_arrivaltime":"09:31","sch_departuretime":"09:31","actual_arrivaltime":"","actual_departuretime":"","sch_tripstarttime":"09:15","sch_tripendtime":"09:15","lastlocationid":0,"currentlocationid":21477,"nextlocationid":0,"currentstop":null,"nextstop":null,"laststop":null,"stopCoveredStatus":0,"heading":69,"lastrefreshon":"13-10-2024 00:08:42","lastreceiveddatetimeflag":0,"tripposition":3}]},{"routeid":13745,"stationid":21284,"stationname":"Manchanayakanahalli Gate","from":"Govt First Grade College Bidadi","to":"Yeshawanthapura Bus Station","routeno":"401-Z GFGC-YBS","distance_on_station":7.494,"centerlat":12.83476,"centerlong":77.41421,"responsecode":200,"isnotify":0,"vehicleDetails":[{"vehicleid":21982,"vehiclenumber":"KA57F0817","servicetypeid":72,"servicetype":"Non AC/Ordinary","centerlat":12.769424,"centerlong":77.413605,"eta":"","sch_arrivaltime":"09:32","sch_departuretime":"09:32","actual_arrivaltime":"","actual_departuretime":"","sch_tripstarttime":"09:15","sch_tripendtime":"09:15","lastlocationid":0,"currentlocationid":21477,"nextlocationid":0,"currentstop":null,"nextstop":null,"laststop":null,"stopCoveredStatus":0,"heading":69,"lastrefreshon":"13-10-2024 00:08:42","lastreceiveddatetimeflag":0,"tripposition":3}]},{"routeid":13745,"stationid":21169,"stationname":"Sheshagirihalli","from":"Govt First Grade College Bidadi","to":"Yeshawanthapura Bus Station","routeno":"401-Z GFGC-YBS","distance_on_station":8.809,"centerlat":12.84359,"centerlong":77.42102,"responsecode":200,"isnotify":0,"vehicleDetails":[{"vehicleid":21982,"vehiclenumber":"KA57F0817","servicetypeid":72,"servicetype":"Non AC/Ordinary","centerlat":12.769424,"centerlong":77.413605,"eta":"","sch_arrivaltime":"09:33","sch_departuretime":"09:33","actual_arrivaltime":"","actual_departuretime":"","sch_tripstarttime":"09:15","sch_tripendtime":"09:15","lastlocationid":0,"currentlocationid":21477,"nextlocationid":0,"currentstop":null,"nextstop":null,"laststop":null,"stopCoveredStatus":0,"heading":69,"lastrefreshon":"13-10-2024 00:08:42","lastreceiveddatetimeflag":0,"tripposition":3}]},{"routeid":13745,"stationid":20734,"stationname":"Dalai Lama College","from":"Govt First Grade College Bidadi","to":"Yeshawanthapura Bus Station","routeno":"401-Z GFGC-YBS","distance_on_station":9.665,"centerlat":12.85056,"centerlong":77.42409,"responsecode":200,"isnotify":0,"vehicleDetails":[{"vehicleid":21982,"vehiclenumber":"KA57F0817","servicetypeid":72,"servicetype":"Non AC/Ordinary","centerlat":12.769424,"centerlong":77.413605,"eta":"","sch_arrivaltime":"09:34","sch_departuretime":"09:34","actual_arrivaltime":"","actual_departuretime":"","sch_tripstarttime":"09:15","sch_tripendtime":"09:15","lastlocationid":0,"currentlocationid":21477,"nextlocationid":0,"currentstop":null,"nextstop":null,"laststop":null,"stopCoveredStatus":0,"heading":69,"lastrefreshon":"13-10-2024 00:08:42","lastreceiveddatetimeflag":0,"tripposition":3}]},{"routeid":13745,"stationid":20829,"stationname":"Hejjala Cross","from":"Govt First Grade College Bidadi","to":"Yeshawanthapura Bus Station","routeno":"401-Z GFGC-YBS","distance_on_station":10.267,"centerlat":12.85539,"centerlong":77.4264,"responsecode":200,"isnotify":0,"vehicleDetails":[{"vehicleid":21982,"vehiclenumber":"KA57F0817","servicetypeid":72,"servicetype":"Non AC/Ordinary","centerlat":12.769424,"centerlong":77.413605,"eta":"","sch_arrivaltime":"09:35","sch_departuretime":"09:35","actual_arrivaltime":"","actual_departuretime":"","sch_tripstarttime":"09:15","sch_tripendtime":"09:15","lastlocationid":0,"currentlocationid":21477,"nextlocationid":0,"currentstop":null,"nextstop":null,"laststop":null,"stopCoveredStatus":0,"heading":69,"lastrefreshon":"13-10-2024 00:08:42","lastreceiveddatetimeflag":0,"tripposition":3}]},{"routeid":13745,"stationid":20911,"stationname":"Kanminake Colony","from":"Govt First Grade College Bidadi","to":"Yeshawanthapura Bus Station","routeno":"401-Z GFGC-YBS","distance_on_station":10.685,"centerlat":12.85818,"centerlong":77.42896,"responsecode":200,"isnotify":0,"vehicleDetails":[{"vehicleid":21982,"vehiclenumber":"KA57F0817","servicetypeid":72,"servicetype":"Non AC/Ordinary","centerlat":12.769424,"centerlong":77.413605,"eta":"","sch_arrivaltime":"09:36","sch_departuretime":"09:36","actual_arrivaltime":"","actual_departuretime":"","sch_tripstarttime":"09:15","sch_tripendtime":"09:15","lastlocationid":0,"currentlocationid":21477,"nextlocationid":0,"currentstop":null,"nextstop":null,"laststop":null,"stopCoveredStatus":0,"heading":69,"lastrefreshon":"13-10-2024 00:08:42","lastreceiveddatetimeflag":0,"tripposition":3}]},{"routeid":13745,"stationid":20909,"stationname":"Kanminake","from":"Govt First Grade College Bidadi","to":"Yeshawanthapura Bus Station","routeno":"401-Z GFGC-YBS","distance_on_station":11.439,"centerlat":12.86317,"centerlong":77.43352,"responsecode":200,"isnotify":0,"vehicleDetails":[{"vehicleid":21982,"vehiclenumber":"KA57F0817","servicetypeid":72,"servicetype":"Non AC/Ordinary","centerlat":12.769424,"centerlong":77.413605,"eta":"","sch_arrivaltime":"09:37","sch_departuretime":"09:37","actual_arrivaltime":"","actual_departuretime":"","sch_tripstarttime":"09:15","sch_tripendtime":"09:15","lastlocationid":0,"currentlocationid":21477,"nextlocationid":0,"currentstop":null,"nextstop":null,"laststop":null,"stopCoveredStatus":0,"heading":69,"lastrefreshon":"13-10-2024 00:08:42","lastreceiveddatetimeflag":0,"tripposition":3}]},{"routeid":13745,"stationid":21208,"stationname":"Swami Narayana Gurukula","from":"Govt First Grade College Bidadi","to":"Yeshawanthapura Bus Station","routeno":"401-Z GFGC-YBS","distance_on_station":11.97,"centerlat":12.8667,"centerlong":77.43659,"responsecode":200,"isnotify":0,"vehicleDetails":[{"vehicleid":21982,"vehiclenumber":"KA57F0817","servicetypeid":72,"servicetype":"Non AC/Ordinary","centerlat":12.769424,"centerlong":77.413605,"eta":"","sch_arrivaltime":"09:38","sch_departuretime":"09:38","actual_arrivaltime":"","actual_departuretime":"","sch_tripstarttime":"09:15","sch_tripendtime":"09:15","lastlocationid":0,"currentlocationid":21477,"nextlocationid":0,"currentstop":null,"nextstop":null,"laststop":null,"stopCoveredStatus":0,"heading":69,"lastrefreshon":"13-10-2024 00:08:42","lastreceiveddatetimeflag":0,"tripposition":3}]},{"routeid":13745,"stationid":21087,"stationname":"Pepsi Gate","from":"Govt First Grade College Bidadi","to":"Yeshawanthapura Bus Station","routeno":"401-Z GFGC-YBS","distance_on_station":12.683,"centerlat":12.87243,"centerlong":77.4394,"responsecode":200,"isnotify":0,"vehicleDetails":[{"vehicleid":21982,"vehiclenumber":"KA57F0817","servicetypeid":72,"servicetype":"Non AC/Ordinary","centerlat":12.769424,"centerlong":77.413605,"eta":"","sch_arrivaltime":"09:39","sch_departuretime":"09:39","actual_arrivaltime":"","actual_departuretime":"","sch_tripstarttime":"09:15","sch_tripendtime":"09:15","lastlocationid":0,"currentlocationid":21477,"nextlocationid":0,"currentstop":null,"nextstop":null,"laststop":null,"stopCoveredStatus":0,"heading":69,"lastrefreshon":"13-10-2024 00:08:42","lastreceiveddatetimeflag":0,"tripposition":3}]},{"routeid":13745,"stationid":20954,"stationname":"Kumbalagodu","from":"Govt First Grade College Bidadi","to":"Yeshawanthapura Bus Station","routeno":"401-Z GFGC-YBS","distance_on_station":13.662,"centerlat":12.87861,"centerlong":77.44539,"responsecode":200,"isnotify":0,"vehicleDetails":[{"vehicleid":21982,"vehiclenumber":"KA57F0817","servicetypeid":72,"servicetype":"Non AC/Ordinary","centerlat":12.769424,"centerlong":77.413605,"eta":"","sch_arrivaltime":"09:40","sch_departuretime":"09:40","actual_arrivaltime":"","actual_departuretime":"","sch_tripstarttime":"09:15","sch_tripendtime":"09:15","lastlocationid":0,"currentlocationid":21477,"nextlocationid":0,"currentstop":null,"nextstop":null,"laststop":null,"stopCoveredStatus":0,"heading":69,"lastrefreshon":"13-10-2024 00:08:42","lastreceiveddatetimeflag":0,"tripposition":3}]},{"routeid":13745,"stationid":27956,"stationname":"Ramohalli Cross","from":"Govt First Grade College Bidadi","to":"Yeshawanthapura Bus Station","routeno":"401-Z GFGC-YBS","distance_on_station":14.804,"centerlat":12.88701,"centerlong":77.45112,"responsecode":200,"isnotify":0,"vehicleDetails":[{"vehicleid":21982,"vehiclenumber":"KA57F0817","servicetypeid":72,"servicetype":"Non AC/Ordinary","centerlat":12.769424,"centerlong":77.413605,"eta":"","sch_arrivaltime":"09:41","sch_departuretime":"09:41","actual_arrivaltime":"","actual_departuretime":"","sch_tripstarttime":"09:15","sch_tripendtime":"09:15","lastlocationid":0,"currentlocationid":21477,"nextlocationid":0,"currentstop":null,"nextstop":null,"laststop":null,"stopCoveredStatus":0,"heading":69,"lastrefreshon":"13-10-2024 00:08:42","lastreceiveddatetimeflag":0,"tripposition":3}]},{"routeid":13745,"stationid":30477,"stationname":"Juggath Pharma","from":"Govt First Grade College Bidadi","to":"Yeshawanthapura Bus Station","routeno":"401-Z GFGC-YBS","distance_on_station":15.446,"centerlat":12.89106,"centerlong":77.45517,"responsecode":200,"isnotify":0,"vehicleDetails":[{"vehicleid":21982,"vehiclenumber":"KA57F0817","servicetypeid":72,"servicetype":"Non AC/Ordinary","centerlat":12.769424,"centerlong":77.413605,"eta":"","sch_arrivaltime":"09:42","sch_departuretime":"09:42","actual_arrivaltime":"","actual_departuretime":"","sch_tripstarttime":"09:15","sch_tripendtime":"09:15","lastlocationid":0,"currentlocationid":21477,"nextlocationid":0,"currentstop":null,"nextstop":null,"laststop":null,"stopCoveredStatus":0,"heading":69,"lastrefreshon":"13-10-2024 00:08:42","lastreceiveddatetimeflag":0,"tripposition":3}]},{"routeid":13745,"stationid":20605,"stationname":"Anchepalya","from":"Govt First Grade College Bidadi","to":"Yeshawanthapura Bus Station","routeno":"401-Z GFGC-YBS","distance_on_station":15.762,"centerlat":12.8926,"centerlong":77.45753,"responsecode":200,"isnotify":0,"vehicleDetails":[{"vehicleid":21982,"vehiclenumber":"KA57F0817","servicetypeid":72,"servicetype":"Non AC/Ordinary","centerlat":12.769424,"centerlong":77.413605,"eta":"","sch_arrivaltime":"09:43","sch_departuretime":"09:43","actual_arrivaltime":"","actual_departuretime":"","sch_tripstarttime":"09:15","sch_tripendtime":"09:15","lastlocationid":0,"currentlocationid":21477,"nextlocationid":0,"currentstop":null,"nextstop":null,"laststop":null,"stopCoveredStatus":0,"heading":69,"lastrefreshon":"13-10-2024 00:08:42","lastreceiveddatetimeflag":0,"tripposition":3}]},{"routeid":13745,"stationid":21142,"stationname":"RR Medical College","from":"Govt First Grade College Bidadi","to":"Yeshawanthapura Bus Station","routeno":"401-Z GFGC-YBS","distance_on_station":16.303,"centerlat":12.89633,"centerlong":77.46058,"responsecode":200,"isnotify":0,"vehicleDetails":[{"vehicleid":21982,"vehiclenumber":"KA57F0817","servicetypeid":72,"servicetype":"Non AC/Ordinary","centerlat":12.769424,"centerlong":77.413605,"eta":"","sch_arrivaltime":"09:44","sch_departuretime":"09:44","actual_arrivaltime":"","actual_departuretime":"","sch_tripstarttime":"09:15","sch_tripendtime":"09:15","lastlocationid":0,"currentlocationid":21477,"nextlocationid":0,"currentstop":null,"nextstop":null,"laststop":null,"stopCoveredStatus":0,"heading":69,"lastrefreshon":"13-10-2024 00:08:42","lastreceiveddatetimeflag":0,"tripposition":3}]},{"routeid":13745,"stationid":20628,"stationname":"Basavanagara Kengeri","from":"Govt First Grade College Bidadi","to":"Yeshawanthapura Bus Station","routeno":"401-Z GFGC-YBS","distance_on_station":17.23,"centerlat":12.90106,"centerlong":77.46733,"responsecode":200,"isnotify":0,"vehicleDetails":[{"vehicleid":21982,"vehiclenumber":"KA57F0817","servicetypeid":72,"servicetype":"Non AC/Ordinary","centerlat":12.769424,"centerlong":77.413605,"eta":"","sch_arrivaltime":"09:45","sch_departuretime":"09:45","actual_arrivaltime":"","actual_departuretime":"","sch_tripstarttime":"09:15","sch_tripendtime":"09:15","lastlocationid":0,"currentlocationid":21477,"nextlocationid":0,"currentstop":null,"nextstop":null,"laststop":null,"stopCoveredStatus":0,"heading":69,"lastrefreshon":"13-10-2024 00:08:42","lastreceiveddatetimeflag":0,"tripposition":3}]},{"routeid":13745,"stationid":21063,"stationname":"NICE Road Kengeri Road Junction","from":"Govt First Grade College Bidadi","to":"Yeshawanthapura Bus Station","routeno":"401-Z GFGC-YBS","distance_on_station":17.536,"centerlat":12.90277,"centerlong":77.46944,"responsecode":200,"isnotify":0,"vehicleDetails":[{"vehicleid":21982,"vehiclenumber":"KA57F0817","servicetypeid":72,"servicetype":"Non AC/Ordinary","centerlat":12.769424,"centerlong":77.413605,"eta":"","sch_arrivaltime":"09:46","sch_departuretime":"09:46","actual_arrivaltime":"","actual_departuretime":"","sch_tripstarttime":"09:15","sch_tripendtime":"09:15","lastlocationid":0,"currentlocationid":21477,"nextlocationid":0,"currentstop":null,"nextstop":null,"laststop":null,"stopCoveredStatus":0,"heading":69,"lastrefreshon":"13-10-2024 00:08:42","lastreceiveddatetimeflag":0,"tripposition":3}]},{"routeid":13745,"stationid":21095,"stationname":"Kengeri Police Station","from":"Govt First Grade College Bidadi","to":"Yeshawanthapura Bus Station","routeno":"401-Z GFGC-YBS","distance_on_station":19.229,"centerlat":12.91044,"centerlong":77.48206,"responsecode":200,"isnotify":0,"vehicleDetails":[{"vehicleid":21982,"vehiclenumber":"KA57F0817","servicetypeid":72,"servicetype":"Non AC/Ordinary","centerlat":12.769424,"centerlong":77.413605,"eta":"","sch_arrivaltime":"09:48","sch_departuretime":"09:48","actual_arrivaltime":"","actual_departuretime":"","sch_tripstarttime":"09:15","sch_tripendtime":"09:15","lastlocationid":0,"currentlocationid":21477,"nextlocationid":0,"currentstop":null,"nextstop":null,"laststop":null,"stopCoveredStatus":0,"heading":69,"lastrefreshon":"13-10-2024 00:08:42","lastreceiveddatetimeflag":0,"tripposition":3}]},{"routeid":13745,"stationid":20926,"stationname":"Kengeri Bus Station","from":"Govt First Grade College Bidadi","to":"Yeshawanthapura Bus Station","routeno":"401-Z GFGC-YBS","distance_on_station":19.953,"centerlat":12.91406,"centerlong":77.48645,"responsecode":200,"isnotify":0,"vehicleDetails":[{"vehicleid":21982,"vehiclenumber":"KA57F0817","servicetypeid":72,"servicetype":"Non AC/Ordinary","centerlat":12.769424,"centerlong":77.413605,"eta":"","sch_arrivaltime":"09:49","sch_departuretime":"09:49","actual_arrivaltime":"","actual_departuretime":"","sch_tripstarttime":"09:15","sch_tripendtime":"09:15","lastlocationid":0,"currentlocationid":21477,"nextlocationid":0,"currentstop":null,"nextstop":null,"laststop":null,"stopCoveredStatus":0,"heading":69,"lastrefreshon":"13-10-2024 00:08:42","lastreceiveddatetimeflag":0,"tripposition":3}]},{"routeid":13745,"stationid":20925,"stationname":"Kengeri Bus Station","from":"Govt First Grade College Bidadi","to":"Yeshawanthapura Bus Station","routeno":"401-Z GFGC-YBS","distance_on_station":20.636,"centerlat":12.91379,"centerlong":77.4871,"responsecode":200,"isnotify":0,"vehicleDetails":[{"vehicleid":21982,"vehiclenumber":"KA57F0817","servicetypeid":72,"servicetype":"Non AC/Ordinary","centerlat":12.769424,"centerlong":77.413605,"eta":"","sch_arrivaltime":"09:53","sch_departuretime":"09:53","actual_arrivaltime":"","actual_departuretime":"","sch_tripstarttime":"09:15","sch_tripendtime":"09:15","lastlocationid":0,"currentlocationid":21477,"nextlocationid":0,"currentstop":null,"nextstop":null,"laststop":null,"stopCoveredStatus":0,"heading":69,"lastrefreshon":"13-10-2024 00:08:42","lastreceiveddatetimeflag":0,"tripposition":3}]},{"routeid":13745,"stationid":21094,"stationname":"Kengeri Police Station","from":"Govt First Grade College Bidadi","to":"Yeshawanthapura Bus Station","routeno":"401-Z GFGC-YBS","distance_on_station":21.512,"centerlat":12.91007,"centerlong":77.48146,"responsecode":200,"isnotify":0,"vehicleDetails":[{"vehicleid":21982,"vehiclenumber":"KA57F0817","servicetypeid":72,"servicetype":"Non AC/Ordinary","centerlat":12.769424,"centerlong":77.413605,"eta":"","sch_arrivaltime":"09:58","sch_departuretime":"09:58","actual_arrivaltime":"","actual_departuretime":"","sch_tripstarttime":"09:15","sch_tripendtime":"09:15","lastlocationid":0,"currentlocationid":21477,"nextlocationid":0,"currentstop":null,"nextstop":null,"laststop":null,"stopCoveredStatus":0,"heading":69,"lastrefreshon":"13-10-2024 00:08:42","lastreceiveddatetimeflag":0,"tripposition":3}]},{"routeid":13745,"stationid":20782,"stationname":"Kengeri Ganesha Temple","from":"Govt First Grade College Bidadi","to":"Yeshawanthapura Bus Station","routeno":"401-Z GFGC-YBS","distance_on_station":22.196,"centerlat":12.91126,"centerlong":77.48029,"responsecode":200,"isnotify":0,"vehicleDetails":[{"vehicleid":21982,"vehiclenumber":"KA57F0817","servicetypeid":72,"servicetype":"Non AC/Ordinary","centerlat":12.769424,"centerlong":77.413605,"eta":"","sch_arrivaltime":"09:59","sch_departuretime":"09:59","actual_arrivaltime":"","actual_departuretime":"","sch_tripstarttime":"09:15","sch_tripendtime":"09:15","lastlocationid":0,"currentlocationid":21477,"nextlocationid":0,"currentstop":null,"nextstop":null,"laststop":null,"stopCoveredStatus":0,"heading":69,"lastrefreshon":"13-10-2024 00:08:42","lastreceiveddatetimeflag":0,"tripposition":3}]},{"routeid":13745,"stationid":20882,"stationname":"Kommaghatta Junction","from":"Govt First Grade College Bidadi","to":"Yeshawanthapura Bus Station","routeno":"401-Z GFGC-YBS","distance_on_station":22.563,"centerlat":12.91431,"centerlong":77.48141,"responsecode":200,"isnotify":0,"vehicleDetails":[{"vehicleid":21982,"vehiclenumber":"KA57F0817","servicetypeid":72,"servicetype":"Non AC/Ordinary","centerlat":12.769424,"centerlong":77.413605,"eta":"","sch_arrivaltime":"10:00","sch_departuretime":"10:00","actual_arrivaltime":"","actual_departuretime":"","sch_tripstarttime":"09:15","sch_tripendtime":"09:15","lastlocationid":0,"currentlocationid":21477,"nextlocationid":0,"currentstop":null,"nextstop":null,"laststop":null,"stopCoveredStatus":0,"heading":69,"lastrefreshon":"13-10-2024 00:08:42","lastreceiveddatetimeflag":0,"tripposition":3}]},{"routeid":13745,"stationid":22165,"stationname":"Kengeri Post Office","from":"Govt First Grade College Bidadi","to":"Yeshawanthapura Bus Station","routeno":"401-Z GFGC-YBS","distance_on_station":22.685,"centerlat":12.91536,"centerlong":77.48182,"responsecode":200,"isnotify":0,"vehicleDetails":[{"vehicleid":21982,"vehiclenumber":"KA57F0817","servicetypeid":72,"servicetype":"Non AC/Ordinary","centerlat":12.769424,"centerlong":77.413605,"eta":"","sch_arrivaltime":"10:01","sch_departuretime":"10:01","actual_arrivaltime":"","actual_departuretime":"","sch_tripstarttime":"09:15","sch_tripendtime":"09:15","lastlocationid":0,"currentlocationid":21477,"nextlocationid":0,"currentstop":null,"nextstop":null,"laststop":null,"stopCoveredStatus":0,"heading":69,"lastrefreshon":"13-10-2024 00:08:42","lastreceiveddatetimeflag":0,"tripposition":3}]},{"routeid":13745,"stationid":21110,"stationname":"Kengeri Railway Station","from":"Govt First Grade College Bidadi","to":"Yeshawanthapura Bus Station","routeno":"401-Z GFGC-YBS","distance_on_station":22.848,"centerlat":12.9168,"centerlong":77.48235,"responsecode":200,"isnotify":0,"vehicleDetails":[{"vehicleid":21982,"vehiclenumber":"KA57F0817","servicetypeid":72,"servicetype":"Non AC/Ordinary","centerlat":12.769424,"centerlong":77.413605,"eta":"","sch_arrivaltime":"10:02","sch_departuretime":"10:02","actual_arrivaltime":"","actual_departuretime":"","sch_tripstarttime":"09:15","sch_tripendtime":"09:15","lastlocationid":0,"currentlocationid":21477,"nextlocationid":0,"currentstop":null,"nextstop":null,"laststop":null,"stopCoveredStatus":0,"heading":69,"lastrefreshon":"13-10-2024 00:08:42","lastreceiveddatetimeflag":0,"tripposition":3}]},{"routeid":13745,"stationid":22167,"stationname":"Kengeri Satellite Town","from":"Govt First Grade College Bidadi","to":"Yeshawanthapura Bus Station","routeno":"401-Z GFGC-YBS","distance_on_station":23.643,"centerlat":12.92332,"centerlong":77.48474,"responsecode":200,"isnotify":0,"vehicleDetails":[{"vehicleid":21982,"vehiclenumber":"KA57F0817","servicetypeid":72,"servicetype":"Non AC/Ordinary","centerlat":12.769424,"centerlong":77.413605,"eta":"","sch_arrivaltime":"10:03","sch_departuretime":"10:03","actual_arrivaltime":"","actual_departuretime":"","sch_tripstarttime":"09:15","sch_tripendtime":"09:15","lastlocationid":0,"currentlocationid":21477,"nextlocationid":0,"currentstop":null,"nextstop":null,"laststop":null,"stopCoveredStatus":0,"heading":69,"lastrefreshon":"13-10-2024 00:08:42","lastreceiveddatetimeflag":0,"tripposition":3}]},{"routeid":13745,"stationid":20923,"stationname":"Kengeri Church","from":"Govt First Grade College Bidadi","to":"Yeshawanthapura Bus Station","routeno":"401-Z GFGC-YBS","distance_on_station":24.224,"centerlat":12.9282,"centerlong":77.48642,"responsecode":200,"isnotify":0,"vehicleDetails":[{"vehicleid":21982,"vehiclenumber":"KA57F0817","servicetypeid":72,"servicetype":"Non AC/Ordinary","centerlat":12.769424,"centerlong":77.413605,"eta":"","sch_arrivaltime":"10:04","sch_departuretime":"10:04","actual_arrivaltime":"","actual_departuretime":"","sch_tripstarttime":"09:15","sch_tripendtime":"09:15","lastlocationid":0,"currentlocationid":21477,"nextlocationid":0,"currentstop":null,"nextstop":null,"laststop":null,"stopCoveredStatus":0,"heading":69,"lastrefreshon":"13-10-2024 00:08:42","lastreceiveddatetimeflag":0,"tripposition":3}]},{"routeid":13745,"stationid":22665,"stationname":"Shirke KHB Quarters","from":"Govt First Grade College Bidadi","to":"Yeshawanthapura Bus Station","routeno":"401-Z GFGC-YBS","distance_on_station":24.602,"centerlat":12.93133,"centerlong":77.48751,"responsecode":200,"isnotify":0,"vehicleDetails":[{"vehicleid":21982,"vehiclenumber":"KA57F0817","servicetypeid":72,"servicetype":"Non AC/Ordinary","centerlat":12.769424,"centerlong":77.413605,"eta":"","sch_arrivaltime":"10:05","sch_departuretime":"10:05","actual_arrivaltime":"","actual_departuretime":"","sch_tripstarttime":"09:15","sch_tripendtime":"09:15","lastlocationid":0,"currentlocationid":21477,"nextlocationid":0,"currentstop":null,"nextstop":null,"laststop":null,"stopCoveredStatus":0,"heading":69,"lastrefreshon":"13-10-2024 00:08:42","lastreceiveddatetimeflag":0,"tripposition":3}]},{"routeid":13745,"stationid":22323,"stationname":"Nagadevanahalli","from":"Govt First Grade College Bidadi","to":"Yeshawanthapura Bus Station","routeno":"401-Z GFGC-YBS","distance_on_station":25.53,"centerlat":12.93597,"centerlong":77.49235,"responsecode":200,"isnotify":0,"vehicleDetails":[{"vehicleid":21982,"vehiclenumber":"KA57F0817","servicetypeid":72,"servicetype":"Non AC/Ordinary","centerlat":12.769424,"centerlong":77.413605,"eta":"","sch_arrivaltime":"10:06","sch_departuretime":"10:06","actual_arrivaltime":"","actual_departuretime":"","sch_tripstarttime":"09:15","sch_tripendtime":"09:15","lastlocationid":0,"currentlocationid":21477,"nextlocationid":0,"currentstop":null,"nextstop":null,"laststop":null,"stopCoveredStatus":0,"heading":69,"lastrefreshon":"13-10-2024 00:08:42","lastreceiveddatetimeflag":0,"tripposition":3}]},{"routeid":13745,"stationid":22162,"stationname":"Kenchanapura Cross","from":"Govt First Grade College Bidadi","to":"Yeshawanthapura Bus Station","routeno":"401-Z GFGC-YBS","distance_on_station":26.172,"centerlat":12.94151,"centerlong":77.49343,"responsecode":200,"isnotify":0,"vehicleDetails":[{"vehicleid":21982,"vehiclenumber":"KA57F0817","servicetypeid":72,"servicetype":"Non AC/Ordinary","centerlat":12.769424,"centerlong":77.413605,"eta":"","sch_arrivaltime":"10:07","sch_departuretime":"10:07","actual_arrivaltime":"","actual_departuretime":"","sch_tripstarttime":"09:15","sch_tripendtime":"09:15","lastlocationid":0,"currentlocationid":21477,"nextlocationid":0,"currentstop":null,"nextstop":null,"laststop":null,"stopCoveredStatus":0,"heading":69,"lastrefreshon":"13-10-2024 00:08:42","lastreceiveddatetimeflag":0,"tripposition":3}]},{"routeid":13745,"stationid":22265,"stationname":"Mariyappanapalya","from":"Govt First Grade College Bidadi","to":"Yeshawanthapura Bus Station","routeno":"401-Z GFGC-YBS","distance_on_station":26.651,"centerlat":12.94527,"centerlong":77.4954,"responsecode":200,"isnotify":0,"vehicleDetails":[{"vehicleid":21982,"vehiclenumber":"KA57F0817","servicetypeid":72,"servicetype":"Non AC/Ordinary","centerlat":12.769424,"centerlong":77.413605,"eta":"","sch_arrivaltime":"10:08","sch_departuretime":"10:08","actual_arrivaltime":"","actual_departuretime":"","sch_tripstarttime":"09:15","sch_tripendtime":"09:15","lastlocationid":0,"currentlocationid":21477,"nextlocationid":0,"currentstop":null,"nextstop":null,"laststop":null,"stopCoveredStatus":0,"heading":69,"lastrefreshon":"13-10-2024 00:08:42","lastreceiveddatetimeflag":0,"tripposition":3}]},{"routeid":13745,"stationid":22407,"stationname":"PVP School","from":"Govt First Grade College Bidadi","to":"Yeshawanthapura Bus Station","routeno":"401-Z GFGC-YBS","distance_on_station":27.1,"centerlat":12.94882,"centerlong":77.49715,"responsecode":200,"isnotify":0,"vehicleDetails":[{"vehicleid":21982,"vehiclenumber":"KA57F0817","servicetypeid":72,"servicetype":"Non AC/Ordinary","centerlat":12.769424,"centerlong":77.413605,"eta":"","sch_arrivaltime":"10:09","sch_departuretime":"10:09","actual_arrivaltime":"","actual_departuretime":"","sch_tripstarttime":"09:15","sch_tripendtime":"09:15","lastlocationid":0,"currentlocationid":21477,"nextlocationid":0,"currentstop":null,"nextstop":null,"laststop":null,"stopCoveredStatus":0,"heading":69,"lastrefreshon":"13-10-2024 00:08:42","lastreceiveddatetimeflag":0,"tripposition":3}]},{"routeid":13745,"stationid":21747,"stationname":"Univesity Quarters","from":"Govt First Grade College Bidadi","to":"Yeshawanthapura Bus Station","routeno":"401-Z GFGC-YBS","distance_on_station":27.681,"centerlat":12.9528,"centerlong":77.50008,"responsecode":200,"isnotify":0,"vehicleDetails":[{"vehicleid":21982,"vehiclenumber":"KA57F0817","servicetypeid":72,"servicetype":"Non AC/Ordinary","centerlat":12.769424,"centerlong":77.413605,"eta":"","sch_arrivaltime":"10:10","sch_departuretime":"10:10","actual_arrivaltime":"","actual_departuretime":"","sch_tripstarttime":"09:15","sch_tripendtime":"09:15","lastlocationid":0,"currentlocationid":21477,"nextlocationid":0,"currentstop":null,"nextstop":null,"laststop":null,"stopCoveredStatus":0,"heading":69,"lastrefreshon":"13-10-2024 00:08:42","lastreceiveddatetimeflag":0,"tripposition":3}]},{"routeid":13745,"stationid":22245,"stationname":"Mallathahalli Cross","from":"Govt First Grade College Bidadi","to":"Yeshawanthapura Bus Station","routeno":"401-Z GFGC-YBS","distance_on_station":28.364,"centerlat":12.95793,"centerlong":77.50326,"responsecode":200,"isnotify":0,"vehicleDetails":[{"vehicleid":21982,"vehiclenumber":"KA57F0817","servicetypeid":72,"servicetype":"Non AC/Ordinary","centerlat":12.769424,"centerlong":77.413605,"eta":"","sch_arrivaltime":"10:11","sch_departuretime":"10:11","actual_arrivaltime":"","actual_departuretime":"","sch_tripstarttime":"09:15","sch_tripendtime":"09:15","lastlocationid":0,"currentlocationid":21477,"nextlocationid":0,"currentstop":null,"nextstop":null,"laststop":null,"stopCoveredStatus":0,"heading":69,"lastrefreshon":"13-10-2024 00:08:42","lastreceiveddatetimeflag":0,"tripposition":3}]},{"routeid":13745,"stationid":22170,"stationname":"Kengunte Circle","from":"Govt First Grade College Bidadi","to":"Yeshawanthapura Bus Station","routeno":"401-Z GFGC-YBS","distance_on_station":28.69,"centerlat":12.96064,"centerlong":77.50435,"responsecode":200,"isnotify":0,"vehicleDetails":[{"vehicleid":21982,"vehiclenumber":"KA57F0817","servicetypeid":72,"servicetype":"Non AC/Ordinary","centerlat":12.769424,"centerlong":77.413605,"eta":"","sch_arrivaltime":"10:12","sch_departuretime":"10:12","actual_arrivaltime":"","actual_departuretime":"","sch_tripstarttime":"09:15","sch_tripendtime":"09:15","lastlocationid":0,"currentlocationid":21477,"nextlocationid":0,"currentstop":null,"nextstop":null,"laststop":null,"stopCoveredStatus":0,"heading":69,"lastrefreshon":"13-10-2024 00:08:42","lastreceiveddatetimeflag":0,"tripposition":3}]},{"routeid":13745,"stationid":21454,"stationname":"Ambedkar Institute of Technology","from":"Govt First Grade College Bidadi","to":"Yeshawanthapura Bus Station","routeno":"401-Z GFGC-YBS","distance_on_station":28.986,"centerlat":12.96319,"centerlong":77.50502,"responsecode":200,"isnotify":0,"vehicleDetails":[{"vehicleid":21982,"vehiclenumber":"KA57F0817","servicetypeid":72,"servicetype":"Non AC/Ordinary","centerlat":12.769424,"centerlong":77.413605,"eta":"","sch_arrivaltime":"10:13","sch_departuretime":"10:13","actual_arrivaltime":"","actual_departuretime":"","sch_tripstarttime":"09:15","sch_tripendtime":"09:15","lastlocationid":0,"currentlocationid":21477,"nextlocationid":0,"currentstop":null,"nextstop":null,"laststop":null,"stopCoveredStatus":0,"heading":69,"lastrefreshon":"13-10-2024 00:08:42","lastreceiveddatetimeflag":0,"tripposition":3}]},{"routeid":13745,"stationid":35400,"stationname":"Deepa Complex","from":"Govt First Grade College Bidadi","to":"Yeshawanthapura Bus Station","routeno":"401-Z GFGC-YBS","distance_on_station":29.424,"centerlat":12.96698,"centerlong":77.50519,"responsecode":200,"isnotify":0,"vehicleDetails":[{"vehicleid":21982,"vehiclenumber":"KA57F0817","servicetypeid":72,"servicetype":"Non AC/Ordinary","centerlat":12.769424,"centerlong":77.413605,"eta":"","sch_arrivaltime":"10:14","sch_departuretime":"10:14","actual_arrivaltime":"","actual_departuretime":"","sch_tripstarttime":"09:15","sch_tripendtime":"09:15","lastlocationid":0,"currentlocationid":21477,"nextlocationid":0,"currentstop":null,"nextstop":null,"laststop":null,"stopCoveredStatus":0,"heading":69,"lastrefreshon":"13-10-2024 00:08:42","lastreceiveddatetimeflag":0,"tripposition":3}]},{"routeid":13745,"stationid":21584,"stationname":"Papareddypalya","from":"Govt First Grade College Bidadi","to":"Yeshawanthapura Bus Station","routeno":"401-Z GFGC-YBS","distance_on_station":30.056,"centerlat":12.97202,"centerlong":77.50772,"responsecode":200,"isnotify":0,"vehicleDetails":[{"vehicleid":21982,"vehiclenumber":"KA57F0817","servicetypeid":72,"servicetype":"Non AC/Ordinary","centerlat":12.769424,"centerlong":77.413605,"eta":"","sch_arrivaltime":"10:15","sch_departuretime":"10:15","actual_arrivaltime":"","actual_departuretime":"","sch_tripstarttime":"09:15","sch_tripendtime":"09:15","lastlocationid":0,"currentlocationid":21477,"nextlocationid":0,"currentstop":null,"nextstop":null,"laststop":null,"stopCoveredStatus":0,"heading":69,"lastrefreshon":"13-10-2024 00:08:42","lastreceiveddatetimeflag":0,"tripposition":3}]},{"routeid":13745,"stationid":21451,"stationname":"Aladamara Papareddypalya","from":"Govt First Grade College Bidadi","to":"Yeshawanthapura Bus Station","routeno":"401-Z GFGC-YBS","distance_on_station":30.444,"centerlat":12.97505,"centerlong":77.50941,"responsecode":200,"isnotify":0,"vehicleDetails":[{"vehicleid":21982,"vehiclenumber":"KA57F0817","servicetypeid":72,"servicetype":"Non AC/Ordinary","centerlat":12.769424,"centerlong":77.413605,"eta":"","sch_arrivaltime":"10:16","sch_departuretime":"10:16","actual_arrivaltime":"","actual_departuretime":"","sch_tripstarttime":"09:15","sch_tripendtime":"09:15","lastlocationid":0,"currentlocationid":21477,"nextlocationid":0,"currentstop":null,"nextstop":null,"laststop":null,"stopCoveredStatus":0,"heading":69,"lastrefreshon":"13-10-2024 00:08:42","lastreceiveddatetimeflag":0,"tripposition":3}]},{"routeid":13745,"stationid":35397,"stationname":"BDA Complex Nagarabhavi","from":"Govt First Grade College Bidadi","to":"Yeshawanthapura Bus Station","routeno":"401-Z GFGC-YBS","distance_on_station":30.974,"centerlat":12.97958,"centerlong":77.51064,"responsecode":200,"isnotify":0,"vehicleDetails":[{"vehicleid":21982,"vehiclenumber":"KA57F0817","servicetypeid":72,"servicetype":"Non AC/Ordinary","centerlat":12.769424,"centerlong":77.413605,"eta":"","sch_arrivaltime":"10:17","sch_departuretime":"10:17","actual_arrivaltime":"","actual_departuretime":"","sch_tripstarttime":"09:15","sch_tripendtime":"09:15","lastlocationid":0,"currentlocationid":21477,"nextlocationid":0,"currentstop":null,"nextstop":null,"laststop":null,"stopCoveredStatus":0,"heading":69,"lastrefreshon":"13-10-2024 00:08:42","lastreceiveddatetimeflag":0,"tripposition":3}]},{"routeid":13745,"stationid":22615,"stationname":"Vokkaliga School Kottigepalya","from":"Govt First Grade College Bidadi","to":"Yeshawanthapura Bus Station","routeno":"401-Z GFGC-YBS","distance_on_station":31.739,"centerlat":12.98604,"centerlong":77.51153,"responsecode":200,"isnotify":0,"vehicleDetails":[{"vehicleid":21982,"vehiclenumber":"KA57F0817","servicetypeid":72,"servicetype":"Non AC/Ordinary","centerlat":12.769424,"centerlong":77.413605,"eta":"","sch_arrivaltime":"10:18","sch_departuretime":"10:18","actual_arrivaltime":"","actual_departuretime":"","sch_tripstarttime":"09:15","sch_tripendtime":"09:15","lastlocationid":0,"currentlocationid":21477,"nextlocationid":0,"currentstop":null,"nextstop":null,"laststop":null,"stopCoveredStatus":0,"heading":69,"lastrefreshon":"13-10-2024 00:08:42","lastreceiveddatetimeflag":0,"tripposition":3}]},{"routeid":13745,"stationid":20936,"stationname":"Kottigepalya","from":"Govt First Grade College Bidadi","to":"Yeshawanthapura Bus Station","routeno":"401-Z GFGC-YBS","distance_on_station":32.177,"centerlat":12.98786,"centerlong":77.51405,"responsecode":200,"isnotify":0,"vehicleDetails":[{"vehicleid":21982,"vehiclenumber":"KA57F0817","servicetypeid":72,"servicetype":"Non AC/Ordinary","centerlat":12.769424,"centerlong":77.413605,"eta":"","sch_arrivaltime":"10:19","sch_departuretime":"10:19","actual_arrivaltime":"","actual_departuretime":"","sch_tripstarttime":"09:15","sch_tripendtime":"09:15","lastlocationid":0,"currentlocationid":21477,"nextlocationid":0,"currentstop":null,"nextstop":null,"laststop":null,"stopCoveredStatus":0,"heading":69,"lastrefreshon":"13-10-2024 00:08:42","lastreceiveddatetimeflag":0,"tripposition":3}]},{"routeid":13745,"stationid":35413,"stationname":"Summanahalli","from":"Govt First Grade College Bidadi","to":"Yeshawanthapura Bus Station","routeno":"401-Z GFGC-YBS","distance_on_station":32.829,"centerlat":12.98824,"centerlong":77.5195,"responsecode":200,"isnotify":0,"vehicleDetails":[{"vehicleid":21982,"vehiclenumber":"KA57F0817","servicetypeid":72,"servicetype":"Non AC/Ordinary","centerlat":12.769424,"centerlong":77.413605,"eta":"","sch_arrivaltime":"10:20","sch_departuretime":"10:20","actual_arrivaltime":"","actual_departuretime":"","sch_tripstarttime":"09:15","sch_tripendtime":"09:15","lastlocationid":0,"currentlocationid":21477,"nextlocationid":0,"currentstop":null,"nextstop":null,"laststop":null,"stopCoveredStatus":0,"heading":69,"lastrefreshon":"13-10-2024 00:08:42","lastreceiveddatetimeflag":0,"tripposition":3}]},{"routeid":13745,"stationid":33695,"stationname":"Lurdubayi Samudaya Bhavana","from":"Govt First Grade College Bidadi","to":"Yeshawanthapura Bus Station","routeno":"401-Z GFGC-YBS","distance_on_station":33.982,"centerlat":12.99752,"centerlong":77.52334,"responsecode":200,"isnotify":0,"vehicleDetails":[{"vehicleid":21982,"vehiclenumber":"KA57F0817","servicetypeid":72,"servicetype":"Non AC/Ordinary","centerlat":12.769424,"centerlong":77.413605,"eta":"","sch_arrivaltime":"10:21","sch_departuretime":"10:21","actual_arrivaltime":"","actual_departuretime":"","sch_tripstarttime":"09:15","sch_tripendtime":"09:15","lastlocationid":0,"currentlocationid":21477,"nextlocationid":0,"currentstop":null,"nextstop":null,"laststop":null,"stopCoveredStatus":0,"heading":69,"lastrefreshon":"13-10-2024 00:08:42","lastreceiveddatetimeflag":0,"tripposition":3}]},{"routeid":13745,"stationid":33443,"stationname":"Kempegowda Arch","from":"Govt First Grade College Bidadi","to":"Yeshawanthapura Bus Station","routeno":"401-Z GFGC-YBS","distance_on_station":34.512,"centerlat":13.00171,"centerlong":77.52538,"responsecode":200,"isnotify":0,"vehicleDetails":[{"vehicleid":21982,"vehiclenumber":"KA57F0817","servicetypeid":72,"servicetype":"Non AC/Ordinary","centerlat":12.769424,"centerlong":77.413605,"eta":"","sch_arrivaltime":"10:22","sch_departuretime":"10:22","actual_arrivaltime":"","actual_departuretime":"","sch_tripstarttime":"09:15","sch_tripendtime":"09:15","lastlocationid":0,"currentlocationid":21477,"nextlocationid":0,"currentstop":null,"nextstop":null,"laststop":null,"stopCoveredStatus":0,"heading":69,"lastrefreshon":"13-10-2024 00:08:42","lastreceiveddatetimeflag":0,"tripposition":3}]},{"routeid":13745,"stationid":28439,"stationname":"Laggere Bridge","from":"Govt First Grade College Bidadi","to":"Yeshawanthapura Bus Station","routeno":"401-Z GFGC-YBS","distance_on_station":35.297,"centerlat":13.00843,"centerlong":77.52664,"responsecode":200,"isnotify":0,"vehicleDetails":[{"vehicleid":21982,"vehiclenumber":"KA57F0817","servicetypeid":72,"servicetype":"Non AC/Ordinary","centerlat":12.769424,"centerlong":77.413605,"eta":"","sch_arrivaltime":"10:23","sch_departuretime":"10:23","actual_arrivaltime":"","actual_departuretime":"","sch_tripstarttime":"09:15","sch_tripendtime":"09:15","lastlocationid":0,"currentlocationid":21477,"nextlocationid":0,"currentstop":null,"nextstop":null,"laststop":null,"stopCoveredStatus":0,"heading":69,"lastrefreshon":"13-10-2024 00:08:42","lastreceiveddatetimeflag":0,"tripposition":3}]},{"routeid":13745,"stationid":27499,"stationname":"Nandini Layout Ring Road","from":"Govt First Grade College Bidadi","to":"Yeshawanthapura Bus Station","routeno":"401-Z GFGC-YBS","distance_on_station":35.725,"centerlat":13.0116,"centerlong":77.52853,"responsecode":200,"isnotify":0,"vehicleDetails":[{"vehicleid":21982,"vehiclenumber":"KA57F0817","servicetypeid":72,"servicetype":"Non AC/Ordinary","centerlat":12.769424,"centerlong":77.413605,"eta":"","sch_arrivaltime":"10:24","sch_departuretime":"10:24","actual_arrivaltime":"","actual_departuretime":"","sch_tripstarttime":"09:15","sch_tripendtime":"09:15","lastlocationid":0,"currentlocationid":21477,"nextlocationid":0,"currentstop":null,"nextstop":null,"laststop":null,"stopCoveredStatus":0,"heading":69,"lastrefreshon":"13-10-2024 00:08:42","lastreceiveddatetimeflag":0,"tripposition":3}]},{"routeid":13745,"stationid":29289,"stationname":"Nandhini Layout","from":"Govt First Grade College Bidadi","to":"Yeshawanthapura Bus Station","routeno":"401-Z GFGC-YBS","distance_on_station":36.143,"centerlat":13.01473,"centerlong":77.53052,"responsecode":200,"isnotify":0,"vehicleDetails":[{"vehicleid":21982,"vehiclenumber":"KA57F0817","servicetypeid":72,"servicetype":"Non AC/Ordinary","centerlat":12.769424,"centerlong":77.413605,"eta":"","sch_arrivaltime":"10:25","sch_departuretime":"10:25","actual_arrivaltime":"","actual_departuretime":"","sch_tripstarttime":"09:15","sch_tripendtime":"09:15","lastlocationid":0,"currentlocationid":21477,"nextlocationid":0,"currentstop":null,"nextstop":null,"laststop":null,"stopCoveredStatus":0,"heading":69,"lastrefreshon":"13-10-2024 00:08:42","lastreceiveddatetimeflag":0,"tripposition":3}]},{"routeid":13745,"stationid":34344,"stationname":"Rajkumar Punya Bhoomi","from":"Govt First Grade College Bidadi","to":"Yeshawanthapura Bus Station","routeno":"401-Z GFGC-YBS","distance_on_station":36.551,"centerlat":13.01818,"centerlong":77.53163,"responsecode":200,"isnotify":0,"vehicleDetails":[{"vehicleid":21982,"vehiclenumber":"KA57F0817","servicetypeid":72,"servicetype":"Non AC/Ordinary","centerlat":12.769424,"centerlong":77.413605,"eta":"","sch_arrivaltime":"10:26","sch_departuretime":"10:26","actual_arrivaltime":"","actual_departuretime":"","sch_tripstarttime":"09:15","sch_tripendtime":"09:15","lastlocationid":0,"currentlocationid":21477,"nextlocationid":0,"currentstop":null,"nextstop":null,"laststop":null,"stopCoveredStatus":0,"heading":69,"lastrefreshon":"13-10-2024 00:08:42","lastreceiveddatetimeflag":0,"tripposition":3}]},{"routeid":13745,"stationid":35254,"stationname":"Kanteerava Studio","from":"Govt First Grade College Bidadi","to":"Yeshawanthapura Bus Station","routeno":"401-Z GFGC-YBS","distance_on_station":37.071,"centerlat":13.02263,"centerlong":77.5327,"responsecode":200,"isnotify":0,"vehicleDetails":[{"vehicleid":21982,"vehiclenumber":"KA57F0817","servicetypeid":72,"servicetype":"Non AC/Ordinary","centerlat":12.769424,"centerlong":77.413605,"eta":"","sch_arrivaltime":"10:27","sch_departuretime":"10:27","actual_arrivaltime":"","actual_departuretime":"","sch_tripstarttime":"09:15","sch_tripendtime":"09:15","lastlocationid":0,"currentlocationid":21477,"nextlocationid":0,"currentstop":null,"nextstop":null,"laststop":null,"stopCoveredStatus":0,"heading":69,"lastrefreshon":"13-10-2024 00:08:42","lastreceiveddatetimeflag":0,"tripposition":3}]},{"routeid":13745,"stationid":24014,"stationname":"Modern Food Goraguntepalya","from":"Govt First Grade College Bidadi","to":"Yeshawanthapura Bus Station","routeno":"401-Z GFGC-YBS","distance_on_station":37.356,"centerlat":13.02482,"centerlong":77.53395,"responsecode":200,"isnotify":0,"vehicleDetails":[{"vehicleid":21982,"vehiclenumber":"KA57F0817","servicetypeid":72,"servicetype":"Non AC/Ordinary","centerlat":12.769424,"centerlong":77.413605,"eta":"","sch_arrivaltime":"10:28","sch_departuretime":"10:28","actual_arrivaltime":"","actual_departuretime":"","sch_tripstarttime":"09:15","sch_tripendtime":"09:15","lastlocationid":0,"currentlocationid":21477,"nextlocationid":0,"currentstop":null,"nextstop":null,"laststop":null,"stopCoveredStatus":0,"heading":69,"lastrefreshon":"13-10-2024 00:08:42","lastreceiveddatetimeflag":0,"tripposition":3}]},{"routeid":13745,"stationid":24015,"stationname":"Reliance Petrol Bunk Goraguntepalya","from":"Govt First Grade College Bidadi","to":"Yeshawanthapura Bus Station","routeno":"401-Z GFGC-YBS","distance_on_station":37.846,"centerlat":13.02861,"centerlong":77.53612,"responsecode":200,"isnotify":0,"vehicleDetails":[{"vehicleid":21982,"vehiclenumber":"KA57F0817","servicetypeid":72,"servicetype":"Non AC/Ordinary","centerlat":12.769424,"centerlong":77.413605,"eta":"","sch_arrivaltime":"10:29","sch_departuretime":"10:29","actual_arrivaltime":"","actual_departuretime":"","sch_tripstarttime":"09:15","sch_tripendtime":"09:15","lastlocationid":0,"currentlocationid":21477,"nextlocationid":0,"currentstop":null,"nextstop":null,"laststop":null,"stopCoveredStatus":0,"heading":69,"lastrefreshon":"13-10-2024 00:08:42","lastreceiveddatetimeflag":0,"tripposition":3}]},{"routeid":13745,"stationid":30400,"stationname":"Goraguntepalya  Ring Road","from":"Govt First Grade College Bidadi","to":"Yeshawanthapura Bus Station","routeno":"401-Z GFGC-YBS","distance_on_station":38.019,"centerlat":13.02993,"centerlong":77.53688,"responsecode":200,"isnotify":0,"vehicleDetails":[{"vehicleid":21982,"vehiclenumber":"KA57F0817","servicetypeid":72,"servicetype":"Non AC/Ordinary","centerlat":12.769424,"centerlong":77.413605,"eta":"","sch_arrivaltime":"10:30","sch_departuretime":"10:30","actual_arrivaltime":"","actual_departuretime":"","sch_tripstarttime":"09:15","sch_tripendtime":"09:15","lastlocationid":0,"currentlocationid":21477,"nextlocationid":0,"currentstop":null,"nextstop":null,"laststop":null,"stopCoveredStatus":0,"heading":69,"lastrefreshon":"13-10-2024 00:08:42","lastreceiveddatetimeflag":0,"tripposition":3}]},{"routeid":13745,"stationid":20789,"stationname":"Goraguntepalya","from":"Govt First Grade College Bidadi","to":"Yeshawanthapura Bus Station","routeno":"401-Z GFGC-YBS","distance_on_station":38.6,"centerlat":13.02835,"centerlong":77.54123,"responsecode":200,"isnotify":0,"vehicleDetails":[{"vehicleid":21982,"vehiclenumber":"KA57F0817","servicetypeid":72,"servicetype":"Non AC/Ordinary","centerlat":12.769424,"centerlong":77.413605,"eta":"","sch_arrivaltime":"10:32","sch_departuretime":"10:32","actual_arrivaltime":"","actual_departuretime":"","sch_tripstarttime":"09:15","sch_tripendtime":"09:15","lastlocationid":0,"currentlocationid":21477,"nextlocationid":0,"currentstop":null,"nextstop":null,"laststop":null,"stopCoveredStatus":0,"heading":69,"lastrefreshon":"13-10-2024 00:08:42","lastreceiveddatetimeflag":0,"tripposition":3}]},{"routeid":13745,"stationid":21017,"stationname":"MEI Factory","from":"Govt First Grade College Bidadi","to":"Yeshawanthapura Bus Station","routeno":"401-Z GFGC-YBS","distance_on_station":38.998,"centerlat":13.02652,"centerlong":77.54439,"responsecode":200,"isnotify":0,"vehicleDetails":[{"vehicleid":21982,"vehiclenumber":"KA57F0817","servicetypeid":72,"servicetype":"Non AC/Ordinary","centerlat":12.769424,"centerlong":77.413605,"eta":"","sch_arrivaltime":"10:33","sch_departuretime":"10:33","actual_arrivaltime":"","actual_departuretime":"","sch_tripstarttime":"09:15","sch_tripendtime":"09:15","lastlocationid":0,"currentlocationid":21477,"nextlocationid":0,"currentstop":null,"nextstop":null,"laststop":null,"stopCoveredStatus":0,"heading":69,"lastrefreshon":"13-10-2024 00:08:42","lastreceiveddatetimeflag":0,"tripposition":3}]},{"routeid":13745,"stationid":21132,"stationname":"RMC Yard (Yeshawanthapura New Railway Station)","from":"Govt First Grade College Bidadi","to":"Yeshawanthapura Bus Station","routeno":"401-Z GFGC-YBS","distance_on_station":39.436,"centerlat":13.02462,"centerlong":77.54776,"responsecode":200,"isnotify":0,"vehicleDetails":[{"vehicleid":21982,"vehiclenumber":"KA57F0817","servicetypeid":72,"servicetype":"Non AC/Ordinary","centerlat":12.769424,"centerlong":77.413605,"eta":"","sch_arrivaltime":"10:34","sch_departuretime":"10:34","actual_arrivaltime":"","actual_departuretime":"","sch_tripstarttime":"09:15","sch_tripendtime":"09:15","lastlocationid":0,"currentlocationid":21477,"nextlocationid":0,"currentstop":null,"nextstop":null,"laststop":null,"stopCoveredStatus":0,"heading":69,"lastrefreshon":"13-10-2024 00:08:42","lastreceiveddatetimeflag":0,"tripposition":3}]},{"routeid":13745,"stationid":20792,"stationname":"Govardhan Talkies","from":"Govt First Grade College Bidadi","to":"Yeshawanthapura Bus Station","routeno":"401-Z GFGC-YBS","distance_on_station":40.405,"centerlat":13.01853,"centerlong":77.55339,"responsecode":200,"isnotify":0,"vehicleDetails":[{"vehicleid":21982,"vehiclenumber":"KA57F0817","servicetypeid":72,"servicetype":"Non AC/Ordinary","centerlat":12.769424,"centerlong":77.413605,"eta":"","sch_arrivaltime":"10:35","sch_departuretime":"10:35","actual_arrivaltime":"","actual_departuretime":"","sch_tripstarttime":"09:15","sch_tripendtime":"09:15","lastlocationid":0,"currentlocationid":21477,"nextlocationid":0,"currentstop":null,"nextstop":null,"laststop":null,"stopCoveredStatus":0,"heading":69,"lastrefreshon":"13-10-2024 00:08:42","lastreceiveddatetimeflag":0,"tripposition":3}]},{"routeid":13745,"stationid":24016,"stationname":"Yeshawanthapura Bus Station","from":"Govt First Grade College Bidadi","to":"Yeshawanthapura Bus Station","routeno":"401-Z GFGC-YBS","distance_on_station":41.2,"centerlat":13.01771,"centerlong":77.55657,"responsecode":200,"isnotify":0,"vehicleDetails":[{"vehicleid":21982,"vehiclenumber":"KA57F0817","servicetypeid":72,"servicetype":"Non AC/Ordinary","centerlat":12.769424,"centerlong":77.413605,"eta":"","sch_arrivaltime":"10:38","sch_departuretime":"10:38","actual_arrivaltime":"","actual_departuretime":"","sch_tripstarttime":"09:15","sch_tripendtime":"09:15","lastlocationid":0,"currentlocationid":21477,"nextlocationid":0,"currentstop":null,"nextstop":null,"laststop":null,"stopCoveredStatus":0,"heading":69,"lastrefreshon":"13-10-2024 00:08:42","lastreceiveddatetimeflag":0,"tripposition":3}]}],"mapData":[{"vehicleid":21982,"vehiclenumber":"KA57F0817","servicetypeid":72,"servicetype":"Non AC/Ordinary","centerlat":12.769424,"centerlong":77.413605,"eta":"","sch_arrivaltime":"10:38","sch_departuretime":"10:38","actual_arrivaltime":"","actual_departuretime":"","sch_tripstarttime":"09:15","sch_tripendtime":"09:15","lastlocationid":0,"currentlocationid":21477,"nextlocationid":0,"currentstop":null,"nextstop":null,"laststop":null,"stopCoveredStatus":0,"heading":69,"lastrefreshon":"13-10-2024 00:08:42","lastreceiveddatetimeflag":0,"tripposition":3}]},"down":{"data":[],"mapData":[]},"message":"Success","issuccess":true,"exception":null,"rowCount":0,"responsecode":200}