{"up":{"data":[{"routeid":2292,"stationid":30474,"stationname":"Judicial Layout Water Tank","from":"Judicial Layout Water Tank","to":"Shivajinagara Bus Station","routeno":"402-D JLOW-VSD-SBS","distance_on_station":0,"centerlat":13.07748,"centerlong":77.58263,"responsecode":200,"isnotify":0,"vehicleDetails":[{"vehicleid":19603,"vehiclenumber":"KA57F2931","servicetypeid":72,"servicetype":"Non AC/Ordinary","centerlat":13.022418,"centerlong":77.584785,"eta":"","sch_arrivaltime":"09:20","sch_departuretime":"09:20","actual_arrivaltime":"","actual_departuretime":"","sch_tripstarttime":"09:20","sch_tripendtime":"09:20","lastlocationid":0,"currentlocationid":32640,"nextlocationid":0,"currentstop":null,"nextstop":null,"laststop":null,"stopCoveredStatus":1,"heading":189,"lastrefreshon":"19-12-2023 09:58:38","lastreceiveddatetimeflag":0,"tripposition":1}]},{"routeid":2292,"stationid":33181,"stationname":"Judical Layout Jn of 14th Cross","from":"Judicial Layout Water Tank","to":"Shivajinagara Bus Station","routeno":"402-D JLOW-VSD-SBS","distance_on_station":0.407,"centerlat":13.0834,"centerlong":77.58475,"responsecode":200,"isnotify":0,"vehicleDetails":[{"vehicleid":19603,"vehiclenumber":"KA57F2931","servicetypeid":72,"servicetype":"Non AC/Ordinary","centerlat":13.022418,"centerlong":77.584785,"eta":"","sch_arrivaltime":"09:22","sch_departuretime":"09:22","actual_arrivaltime":"","actual_departuretime":"","sch_tripstarttime":"09:20","sch_tripendtime":"09:20","lastlocationid":0,"currentlocationid":32640,"nextlocationid":0,"currentstop":null,"nextstop":null,"laststop":null,"stopCoveredStatus":1,"heading":189,"lastrefreshon":"19-12-2023 09:58:38","lastreceiveddatetimeflag":0,"tripposition":3}]},{"routeid":2292,"stationid":30475,"stationname":"Judicial Layout YHK","from":"Judicial Layout Water Tank","to":"Shivajinagara Bus Station","routeno":"402-D JLOW-VSD-SBS","distance_on_station":0.908,"centerlat":13.08868,"centerlong":77.58239,"responsecode":200,"isnotify":0,"vehicleDetails":[{"vehicleid":19603,"vehiclenumber":"KA57F2931","servicetypeid":72,"servicetype":"Non AC/Ordinary","centerlat":13.022418,"centerlong":77.584785,"eta":"","sch_arrivaltime":"09:24","sch_departuretime":"09:24","actual_arrivaltime":"","actual_departuretime":"","sch_tripstarttime":"09:20","sch_tripendtime":"09:20","lastlocationid":0,"currentlocationid":32640,"nextlocationid":0,"currentstop":null,"nextstop":null,"laststop":null,"stopCoveredStatus":1,"heading":189,"lastrefreshon":"19-12-2023 09:58:38","lastreceiveddatetimeflag":0,"tripposition":3}]},{"routeid":2292,"stationid":21835,"stationname":"Chikka Bommasandra Cross","from":"Judicial Layout Water Tank","to":"Shivajinagara Bus Station","routeno":"402-D JLOW-VSD-SBS","distance_on_station":1.288,"centerlat":13.09356,"centerlong":77.58241,"responsecode":200,"isnotify":0,"vehicleDetails":[{"vehicleid":19603,"vehiclenumber":"KA57F2931","servicetypeid":72,"servicetype":"Non AC/Ordinary","centerlat":13.022418,"centerlong":77.584785,"eta":"","sch_arrivaltime":"09:27","sch_departuretime":"09:27","actual_arrivaltime":"","actual_departuretime":"","sch_tripstarttime":"09:20","sch_tripendtime":"09:20","lastlocationid":0,"currentlocationid":32640,"nextlocationid":0,"currentstop":null,"nextstop":null,"laststop":null,"stopCoveredStatus":1,"heading":189,"lastrefreshon":"19-12-2023 09:58:38","lastreceiveddatetimeflag":0,"tripposition":3}]},{"routeid":2292,"stationid":22476,"stationname":"Sharavathi Hotel","from":"Judicial Layout Water Tank","to":"Shivajinagara Bus Station","routeno":"402-D JLOW-VSD-SBS","distance_on_station":1.583,"centerlat":13.09789,"centerlong":77.58435,"responsecode":200,"isnotify":0,"vehicleDetails":[{"vehicleid":19603,"vehiclenumber":"KA57F2931","servicetypeid":72,"servicetype":"Non AC/Ordinary","centerlat":13.022418,"centerlong":77.584785,"eta":"","sch_arrivaltime":"09:28","sch_departuretime":"09:28","actual_arrivaltime":"","actual_departuretime":"","sch_tripstarttime":"09:20","sch_tripendtime":"09:20","lastlocationid":0,"currentlocationid":32640,"nextlocationid":0,"currentstop":null,"nextstop":null,"laststop":null,"stopCoveredStatus":1,"heading":189,"lastrefreshon":"19-12-2023 09:58:38","lastreceiveddatetimeflag":0,"tripposition":3}]},{"routeid":2292,"stationid":22482,"stationname":"Sheshadripuram College","from":"Judicial Layout Water Tank","to":"Shivajinagara Bus Station","routeno":"402-D JLOW-VSD-SBS","distance_on_station":1.873,"centerlat":13.09943,"centerlong":77.58817,"responsecode":200,"isnotify":0,"vehicleDetails":[{"vehicleid":19603,"vehiclenumber":"KA57F2931","servicetypeid":72,"servicetype":"Non AC/Ordinary","centerlat":13.022418,"centerlong":77.584785,"eta":"","sch_arrivaltime":"09:29","sch_departuretime":"09:29","actual_arrivaltime":"","actual_departuretime":"","sch_tripstarttime":"09:20","sch_tripendtime":"09:20","lastlocationid":0,"currentlocationid":32640,"nextlocationid":0,"currentstop":null,"nextstop":null,"laststop":null,"stopCoveredStatus":1,"heading":189,"lastrefreshon":"19-12-2023 09:58:38","lastreceiveddatetimeflag":0,"tripposition":3}]},{"routeid":2292,"stationid":22357,"stationname":"NES Office","from":"Judicial Layout Water Tank","to":"Shivajinagara Bus Station","routeno":"402-D JLOW-VSD-SBS","distance_on_station":2.151,"centerlat":13.09784,"centerlong":77.59167,"responsecode":200,"isnotify":0,"vehicleDetails":[{"vehicleid":19603,"vehiclenumber":"KA57F2931","servicetypeid":72,"servicetype":"Non AC/Ordinary","centerlat":13.022418,"centerlong":77.584785,"eta":"","sch_arrivaltime":"09:30","sch_departuretime":"09:30","actual_arrivaltime":"","actual_departuretime":"","sch_tripstarttime":"09:20","sch_tripendtime":"09:20","lastlocationid":0,"currentlocationid":32640,"nextlocationid":0,"currentstop":null,"nextstop":null,"laststop":null,"stopCoveredStatus":1,"heading":189,"lastrefreshon":"19-12-2023 09:58:38","lastreceiveddatetimeflag":0,"tripposition":3}]},{"routeid":2292,"stationid":22845,"stationname":"Yalahanka Police Station","from":"Judicial Layout Water Tank","to":"Shivajinagara Bus Station","routeno":"402-D JLOW-VSD-SBS","distance_on_station":2.413,"centerlat":13.09478,"centerlong":77.59442,"responsecode":200,"isnotify":0,"vehicleDetails":[{"vehicleid":19603,"vehiclenumber":"KA57F2931","servicetypeid":72,"servicetype":"Non AC/Ordinary","centerlat":13.022418,"centerlong":77.584785,"eta":"","sch_arrivaltime":"09:34","sch_departuretime":"09:34","actual_arrivaltime":"","actual_departuretime":"","sch_tripstarttime":"09:20","sch_tripendtime":"09:20","lastlocationid":0,"currentlocationid":32640,"nextlocationid":0,"currentstop":null,"nextstop":null,"laststop":null,"stopCoveredStatus":1,"heading":189,"lastrefreshon":"19-12-2023 09:58:38","lastreceiveddatetimeflag":0,"tripposition":3}]},{"routeid":2292,"stationid":35608,"stationname":"Allalasandra Gate","from":"Judicial Layout Water Tank","to":"Shivajinagara Bus Station","routeno":"402-D JLOW-VSD-SBS","distance_on_station":2.904,"centerlat":13.08686,"centerlong":77.59386,"responsecode":200,"isnotify":0,"vehicleDetails":[{"vehicleid":19603,"vehiclenumber":"KA57F2931","servicetypeid":72,"servicetype":"Non AC/Ordinary","centerlat":13.022418,"centerlong":77.584785,"eta":"","sch_arrivaltime":"09:35","sch_departuretime":"09:35","actual_arrivaltime":"09:28","actual_departuretime":"09:28","sch_tripstarttime":"09:20","sch_tripendtime":"09:20","lastlocationid":0,"currentlocationid":32640,"nextlocationid":0,"currentstop":null,"nextstop":null,"laststop":null,"stopCoveredStatus":1,"heading":189,"lastrefreshon":"19-12-2023 09:58:38","lastreceiveddatetimeflag":0,"tripposition":1}]},{"routeid":2292,"stationid":35376,"stationname":"Jakkur Aerodrum","from":"Judicial Layout Water Tank","to":"Shivajinagara Bus Station","routeno":"402-D JLOW-VSD-SBS","distance_on_station":3.534,"centerlat":13.07701,"centerlong":77.59301,"responsecode":200,"isnotify":0,"vehicleDetails":[{"vehicleid":19603,"vehiclenumber":"KA57F2931","servicetypeid":72,"servicetype":"Non AC/Ordinary","centerlat":13.022418,"centerlong":77.584785,"eta":"","sch_arrivaltime":"09:36","sch_departuretime":"09:36","actual_arrivaltime":"09:31","actual_departuretime":"09:31","sch_tripstarttime":"09:20","sch_tripendtime":"09:20","lastlocationid":0,"currentlocationid":32640,"nextlocationid":0,"currentstop":null,"nextstop":null,"laststop":null,"stopCoveredStatus":1,"heading":189,"lastrefreshon":"19-12-2023 09:58:38","lastreceiveddatetimeflag":0,"tripposition":1}]},{"routeid":2292,"stationid":35685,"stationname":"GKVK GATE","from":"Judicial Layout Water Tank","to":"Shivajinagara Bus Station","routeno":"402-D JLOW-VSD-SBS","distance_on_station":3.796,"centerlat":13.07276,"centerlong":77.59292,"responsecode":200,"isnotify":0,"vehicleDetails":[{"vehicleid":19603,"vehiclenumber":"KA57F2931","servicetypeid":72,"servicetype":"Non AC/Ordinary","centerlat":13.022418,"centerlong":77.584785,"eta":"","sch_arrivaltime":"09:37","sch_departuretime":"09:37","actual_arrivaltime":"09:33","actual_departuretime":"09:33","sch_tripstarttime":"09:20","sch_tripendtime":"09:20","lastlocationid":0,"currentlocationid":32640,"nextlocationid":0,"currentstop":null,"nextstop":null,"laststop":null,"stopCoveredStatus":1,"heading":189,"lastrefreshon":"19-12-2023 09:58:38","lastreceiveddatetimeflag":0,"tripposition":1}]},{"routeid":2292,"stationid":35273,"stationname":"Byatarayanapura","from":"Judicial Layout Water Tank","to":"Shivajinagara Bus Station","routeno":"402-D JLOW-VSD-SBS","distance_on_station":4.158,"centerlat":13.0669,"centerlong":77.5933,"responsecode":200,"isnotify":0,"vehicleDetails":[{"vehicleid":19603,"vehiclenumber":"KA57F2931","servicetypeid":72,"servicetype":"Non AC/Ordinary","centerlat":13.022418,"centerlong":77.584785,"eta":"","sch_arrivaltime":"09:38","sch_departuretime":"09:38","actual_arrivaltime":"09:34","actual_departuretime":"09:35","sch_tripstarttime":"09:20","sch_tripendtime":"09:20","lastlocationid":0,"currentlocationid":32640,"nextlocationid":0,"currentstop":null,"nextstop":null,"laststop":null,"stopCoveredStatus":1,"heading":189,"lastrefreshon":"19-12-2023 09:58:38","lastreceiveddatetimeflag":0,"tripposition":1}]},{"routeid":2292,"stationid":35129,"stationname":"Kodigehalli Gate","from":"Judicial Layout Water Tank","to":"Shivajinagara Bus Station","routeno":"402-D JLOW-VSD-SBS","distance_on_station":4.754,"centerlat":13.05734,"centerlong":77.59368,"responsecode":200,"isnotify":0,"vehicleDetails":[{"vehicleid":19603,"vehiclenumber":"KA57F2931","servicetypeid":72,"servicetype":"Non AC/Ordinary","centerlat":13.022418,"centerlong":77.584785,"eta":"","sch_arrivaltime":"09:39","sch_departuretime":"09:39","actual_arrivaltime":"09:36","actual_departuretime":"09:37","sch_tripstarttime":"09:20","sch_tripendtime":"09:20","lastlocationid":0,"currentlocationid":32640,"nextlocationid":0,"currentstop":null,"nextstop":null,"laststop":null,"stopCoveredStatus":1,"heading":189,"lastrefreshon":"19-12-2023 09:58:38","lastreceiveddatetimeflag":0,"tripposition":1}]},{"routeid":2292,"stationid":28995,"stationname":"Military Dairy Farm (Esteem Mall)","from":"Judicial Layout Water Tank","to":"Shivajinagara Bus Station","routeno":"402-D JLOW-VSD-SBS","distance_on_station":5.217,"centerlat":13.05021,"centerlong":77.593,"responsecode":200,"isnotify":0,"vehicleDetails":[{"vehicleid":19603,"vehiclenumber":"KA57F2931","servicetypeid":72,"servicetype":"Non AC/Ordinary","centerlat":13.022418,"centerlong":77.584785,"eta":"","sch_arrivaltime":"09:41","sch_departuretime":"09:41","actual_arrivaltime":"09:41","actual_departuretime":"09:42","sch_tripstarttime":"09:20","sch_tripendtime":"09:20","lastlocationid":0,"currentlocationid":32640,"nextlocationid":0,"currentstop":null,"nextstop":null,"laststop":null,"stopCoveredStatus":1,"heading":189,"lastrefreshon":"19-12-2023 09:58:38","lastreceiveddatetimeflag":0,"tripposition":1}]},{"routeid":2292,"stationid":37944,"stationname":"Hebbala Bridge","from":"Judicial Layout Water Tank","to":"Shivajinagara Bus Station","routeno":"402-D JLOW-VSD-SBS","distance_on_station":5.741,"centerlat":13.04294,"centerlong":77.59145,"responsecode":200,"isnotify":0,"vehicleDetails":[{"vehicleid":19603,"vehiclenumber":"KA57F2931","servicetypeid":72,"servicetype":"Non AC/Ordinary","centerlat":13.022418,"centerlong":77.584785,"eta":"","sch_arrivaltime":"09:46","sch_departuretime":"09:46","actual_arrivaltime":"09:48","actual_departuretime":"09:49","sch_tripstarttime":"09:20","sch_tripendtime":"09:20","lastlocationid":0,"currentlocationid":32640,"nextlocationid":0,"currentstop":null,"nextstop":null,"laststop":null,"stopCoveredStatus":1,"heading":189,"lastrefreshon":"19-12-2023 09:58:38","lastreceiveddatetimeflag":0,"tripposition":1}]},{"routeid":2292,"stationid":25816,"stationname":"Hebbala","from":"Judicial Layout Water Tank","to":"Shivajinagara Bus Station","routeno":"402-D JLOW-VSD-SBS","distance_on_station":6.276,"centerlat":13.03917,"centerlong":77.58951,"responsecode":200,"isnotify":0,"vehicleDetails":[{"vehicleid":19603,"vehiclenumber":"KA57F2931","servicetypeid":72,"servicetype":"Non AC/Ordinary","centerlat":13.022418,"centerlong":77.584785,"eta":"","sch_arrivaltime":"09:52","sch_departuretime":"09:52","actual_arrivaltime":"09:52","actual_departuretime":"09:53","sch_tripstarttime":"09:20","sch_tripendtime":"09:20","lastlocationid":0,"currentlocationid":32640,"nextlocationid":0,"currentstop":null,"nextstop":null,"laststop":null,"stopCoveredStatus":1,"heading":189,"lastrefreshon":"19-12-2023 09:58:38","lastreceiveddatetimeflag":0,"tripposition":1}]},{"routeid":2292,"stationid":20694,"stationname":"Canara Bank Hebbala","from":"Judicial Layout Water Tank","to":"Shivajinagara Bus Station","routeno":"402-D JLOW-VSD-SBS","distance_on_station":6.471,"centerlat":13.0357,"centerlong":77.58909,"responsecode":200,"isnotify":0,"vehicleDetails":[{"vehicleid":19603,"vehiclenumber":"KA57F2931","servicetypeid":72,"servicetype":"Non AC/Ordinary","centerlat":13.022418,"centerlong":77.584785,"eta":"","sch_arrivaltime":"09:53","sch_departuretime":"09:53","actual_arrivaltime":"09:54","actual_departuretime":"09:54","sch_tripstarttime":"09:20","sch_tripendtime":"09:20","lastlocationid":0,"currentlocationid":32640,"nextlocationid":0,"currentstop":null,"nextstop":null,"laststop":null,"stopCoveredStatus":1,"heading":189,"lastrefreshon":"19-12-2023 09:58:38","lastreceiveddatetimeflag":0,"tripposition":1}]},{"routeid":2292,"stationid":21253,"stationname":"Veterinary Hospital","from":"Judicial Layout Water Tank","to":"Shivajinagara Bus Station","routeno":"402-D JLOW-VSD-SBS","distance_on_station":6.844,"centerlat":13.03018,"centerlong":77.58697,"responsecode":200,"isnotify":0,"vehicleDetails":[{"vehicleid":19603,"vehiclenumber":"KA57F2931","servicetypeid":72,"servicetype":"Non AC/Ordinary","centerlat":13.022418,"centerlong":77.584785,"eta":"","sch_arrivaltime":"09:54","sch_departuretime":"09:54","actual_arrivaltime":"09:56","actual_departuretime":"09:56","sch_tripstarttime":"09:20","sch_tripendtime":"09:20","lastlocationid":0,"currentlocationid":32640,"nextlocationid":0,"currentstop":null,"nextstop":null,"laststop":null,"stopCoveredStatus":1,"heading":189,"lastrefreshon":"19-12-2023 09:58:38","lastreceiveddatetimeflag":0,"tripposition":1}]},{"routeid":2292,"stationid":20699,"stationname":"CBI","from":"Judicial Layout Water Tank","to":"Shivajinagara Bus Station","routeno":"402-D JLOW-VSD-SBS","distance_on_station":7.084,"centerlat":13.02653,"centerlong":77.58565,"responsecode":200,"isnotify":0,"vehicleDetails":[{"vehicleid":19603,"vehiclenumber":"KA57F2931","servicetypeid":72,"servicetype":"Non AC/Ordinary","centerlat":13.022418,"centerlong":77.584785,"eta":"2023-12-19 09:59:00","sch_arrivaltime":"09:55","sch_departuretime":"09:55","actual_arrivaltime":"","actual_departuretime":"","sch_tripstarttime":"09:20","sch_tripendtime":"09:20","lastlocationid":0,"currentlocationid":32640,"nextlocationid":0,"currentstop":null,"nextstop":null,"laststop":null,"stopCoveredStatus":1,"heading":189,"lastrefreshon":"19-12-2023 09:58:38","lastreceiveddatetimeflag":0,"tripposition":3}]},{"routeid":2292,"stationid":32640,"stationname":"Gangenahalli","from":"Judicial Layout Water Tank","to":"Shivajinagara Bus Station","routeno":"402-D JLOW-VSD-SBS","distance_on_station":7.34,"centerlat":13.02256,"centerlong":77.58457,"responsecode":200,"isnotify":0,"vehicleDetails":[{"vehicleid":19603,"vehiclenumber":"KA57F2931","servicetypeid":72,"servicetype":"Non AC/Ordinary","centerlat":13.022418,"centerlong":77.584785,"eta":"2023-12-19 10:00:00","sch_arrivaltime":"09:56","sch_departuretime":"09:56","actual_arrivaltime":"09:58","actual_departuretime":"","sch_tripstarttime":"09:20","sch_tripendtime":"09:20","lastlocationid":0,"currentlocationid":32640,"nextlocationid":0,"currentstop":null,"nextstop":null,"laststop":null,"stopCoveredStatus":1,"heading":189,"lastrefreshon":"19-12-2023 09:58:38","lastreceiveddatetimeflag":0,"tripposition":2}]},{"routeid":2292,"stationid":21018,"stationname":"Mekhri Circle","from":"Judicial Layout Water Tank","to":"Shivajinagara Bus Station","routeno":"402-D JLOW-VSD-SBS","distance_on_station":7.541,"centerlat":13.01756,"centerlong":77.584,"responsecode":200,"isnotify":0,"vehicleDetails":[{"vehicleid":19603,"vehiclenumber":"KA57F2931","servicetypeid":72,"servicetype":"Non AC/Ordinary","centerlat":13.022418,"centerlong":77.584785,"eta":"2023-12-19 10:01:00","sch_arrivaltime":"09:57","sch_departuretime":"09:57","actual_arrivaltime":"","actual_departuretime":"","sch_tripstarttime":"09:20","sch_tripendtime":"09:20","lastlocationid":0,"currentlocationid":32640,"nextlocationid":0,"currentstop":null,"nextstop":null,"laststop":null,"stopCoveredStatus":0,"heading":189,"lastrefreshon":"19-12-2023 09:58:38","lastreceiveddatetimeflag":0,"tripposition":3}]},{"routeid":2292,"stationid":21075,"stationname":"Palace Ground","from":"Judicial Layout Water Tank","to":"Shivajinagara Bus Station","routeno":"402-D JLOW-VSD-SBS","distance_on_station":8.093,"centerlat":13.01061,"centerlong":77.58399,"responsecode":200,"isnotify":0,"vehicleDetails":[{"vehicleid":19603,"vehiclenumber":"KA57F2931","servicetypeid":72,"servicetype":"Non AC/Ordinary","centerlat":13.022418,"centerlong":77.584785,"eta":"2023-12-19 10:02:00","sch_arrivaltime":"09:58","sch_departuretime":"09:58","actual_arrivaltime":"","actual_departuretime":"","sch_tripstarttime":"09:20","sch_tripendtime":"09:20","lastlocationid":0,"currentlocationid":32640,"nextlocationid":0,"currentstop":null,"nextstop":null,"laststop":null,"stopCoveredStatus":0,"heading":189,"lastrefreshon":"19-12-2023 09:58:38","lastreceiveddatetimeflag":0,"tripposition":3}]},{"routeid":2292,"stationid":21129,"stationname":"RM Guttahalli","from":"Judicial Layout Water Tank","to":"Shivajinagara Bus Station","routeno":"402-D JLOW-VSD-SBS","distance_on_station":8.745,"centerlat":13.00009,"centerlong":77.58425,"responsecode":200,"isnotify":0,"vehicleDetails":[{"vehicleid":19603,"vehiclenumber":"KA57F2931","servicetypeid":72,"servicetype":"Non AC/Ordinary","centerlat":13.022418,"centerlong":77.584785,"eta":"2023-12-19 10:05:00","sch_arrivaltime":"10:01","sch_departuretime":"10:01","actual_arrivaltime":"","actual_departuretime":"","sch_tripstarttime":"09:20","sch_tripendtime":"09:20","lastlocationid":0,"currentlocationid":32640,"nextlocationid":0,"currentstop":null,"nextstop":null,"laststop":null,"stopCoveredStatus":0,"heading":189,"lastrefreshon":"19-12-2023 09:58:38","lastreceiveddatetimeflag":0,"tripposition":3}]},{"routeid":2292,"stationid":24174,"stationname":"Sophiya School","from":"Judicial Layout Water Tank","to":"Shivajinagara Bus Station","routeno":"402-D JLOW-VSD-SBS","distance_on_station":9.748,"centerlat":12.98573,"centerlong":77.58934,"responsecode":200,"isnotify":0,"vehicleDetails":[{"vehicleid":19603,"vehiclenumber":"KA57F2931","servicetypeid":72,"servicetype":"Non AC/Ordinary","centerlat":13.022418,"centerlong":77.584785,"eta":"2023-12-19 10:10:00","sch_arrivaltime":"10:06","sch_departuretime":"10:06","actual_arrivaltime":"","actual_departuretime":"","sch_tripstarttime":"09:20","sch_tripendtime":"09:20","lastlocationid":0,"currentlocationid":32640,"nextlocationid":0,"currentstop":null,"nextstop":null,"laststop":null,"stopCoveredStatus":0,"heading":189,"lastrefreshon":"19-12-2023 09:58:38","lastreceiveddatetimeflag":0,"tripposition":3}]},{"routeid":2292,"stationid":21217,"stationname":"Telephone Exchange AGO/VSD","from":"Judicial Layout Water Tank","to":"Shivajinagara Bus Station","routeno":"402-D JLOW-VSD-SBS","distance_on_station":9.993,"centerlat":12.98219,"centerlong":77.58869,"responsecode":200,"isnotify":0,"vehicleDetails":[{"vehicleid":19603,"vehiclenumber":"KA57F2931","servicetypeid":72,"servicetype":"Non AC/Ordinary","centerlat":13.022418,"centerlong":77.584785,"eta":"2023-12-19 10:12:00","sch_arrivaltime":"10:08","sch_departuretime":"10:08","actual_arrivaltime":"","actual_departuretime":"","sch_tripstarttime":"09:20","sch_tripendtime":"09:20","lastlocationid":0,"currentlocationid":32640,"nextlocationid":0,"currentstop":null,"nextstop":null,"laststop":null,"stopCoveredStatus":0,"heading":189,"lastrefreshon":"19-12-2023 09:58:38","lastreceiveddatetimeflag":0,"tripposition":3}]},{"routeid":2292,"stationid":20981,"stationname":"Maharani College","from":"Judicial Layout Water Tank","to":"Shivajinagara Bus Station","routeno":"402-D JLOW-VSD-SBS","distance_on_station":10.551,"centerlat":12.97703,"centerlong":77.5858,"responsecode":200,"isnotify":0,"vehicleDetails":[{"vehicleid":19603,"vehiclenumber":"KA57F2931","servicetypeid":72,"servicetype":"Non AC/Ordinary","centerlat":13.022418,"centerlong":77.584785,"eta":"2023-12-19 10:16:00","sch_arrivaltime":"10:10","sch_departuretime":"10:10","actual_arrivaltime":"","actual_departuretime":"","sch_tripstarttime":"09:20","sch_tripendtime":"09:20","lastlocationid":0,"currentlocationid":32640,"nextlocationid":0,"currentstop":null,"nextstop":null,"laststop":null,"stopCoveredStatus":0,"heading":189,"lastrefreshon":"19-12-2023 09:58:38","lastreceiveddatetimeflag":0,"tripposition":3}]},{"routeid":2292,"stationid":21259,"stationname":"Vidhana Soudha Karnataka High Court","from":"Judicial Layout Water Tank","to":"Shivajinagara Bus Station","routeno":"402-D JLOW-VSD-SBS","distance_on_station":11.013,"centerlat":12.9802,"centerlong":77.59296,"responsecode":200,"isnotify":0,"vehicleDetails":[{"vehicleid":19603,"vehiclenumber":"KA57F2931","servicetypeid":72,"servicetype":"Non AC/Ordinary","centerlat":13.022418,"centerlong":77.584785,"eta":"2023-12-19 10:19:00","sch_arrivaltime":"10:12","sch_departuretime":"10:12","actual_arrivaltime":"","actual_departuretime":"","sch_tripstarttime":"09:20","sch_tripendtime":"09:20","lastlocationid":0,"currentlocationid":32640,"nextlocationid":0,"currentstop":null,"nextstop":null,"laststop":null,"stopCoveredStatus":0,"heading":189,"lastrefreshon":"19-12-2023 09:58:38","lastreceiveddatetimeflag":0,"tripposition":3}]},{"routeid":2292,"stationid":20855,"stationname":"Indian Express","from":"Judicial Layout Water Tank","to":"Shivajinagara Bus Station","routeno":"402-D JLOW-VSD-SBS","distance_on_station":11.549,"centerlat":12.98408,"centerlong":77.59827,"responsecode":200,"isnotify":0,"vehicleDetails":[{"vehicleid":19603,"vehiclenumber":"KA57F2931","servicetypeid":72,"servicetype":"Non AC/Ordinary","centerlat":13.022418,"centerlong":77.584785,"eta":"2023-12-19 10:22:00","sch_arrivaltime":"10:15","sch_departuretime":"10:15","actual_arrivaltime":"","actual_departuretime":"","sch_tripstarttime":"09:20","sch_tripendtime":"09:20","lastlocationid":0,"currentlocationid":32640,"nextlocationid":0,"currentstop":null,"nextstop":null,"laststop":null,"stopCoveredStatus":0,"heading":189,"lastrefreshon":"19-12-2023 09:58:38","lastreceiveddatetimeflag":0,"tripposition":3}]},{"routeid":2292,"stationid":21173,"stationname":"Shivajinagara Bus Station","from":"Judicial Layout Water Tank","to":"Shivajinagara Bus Station","routeno":"402-D JLOW-VSD-SBS","distance_on_station":12,"centerlat":12.98328,"centerlong":77.60304,"responsecode":200,"isnotify":0,"vehicleDetails":[{"vehicleid":19603,"vehiclenumber":"KA57F2931","servicetypeid":72,"servicetype":"Non AC/Ordinary","centerlat":13.022418,"centerlong":77.584785,"eta":"2023-12-19 10:26:00","sch_arrivaltime":"10:19","sch_departuretime":"10:19","actual_arrivaltime":"","actual_departuretime":"","sch_tripstarttime":"09:20","sch_tripendtime":"09:20","lastlocationid":0,"currentlocationid":32640,"nextlocationid":0,"currentstop":null,"nextstop":null,"laststop":null,"stopCoveredStatus":0,"heading":189,"lastrefreshon":"19-12-2023 09:58:38","lastreceiveddatetimeflag":0,"tripposition":1}]}],"mapData":[{"vehicleid":19603,"vehiclenumber":"KA57F2931","servicetypeid":72,"servicetype":"Non AC/Ordinary","centerlat":13.022418,"centerlong":77.584785,"eta":"2023-12-19 10:26:00","sch_arrivaltime":"10:19","sch_departuretime":"10:19","actual_arrivaltime":"","actual_departuretime":"","sch_tripstarttime":"09:20","sch_tripendtime":"09:20","lastlocationid":0,"currentlocationid":32640,"nextlocationid":0,"currentstop":null,"nextstop":null,"laststop":null,"stopCoveredStatus":0,"heading":189,"lastrefreshon":"19-12-2023 09:58:38","lastreceiveddatetimeflag":0,"tripposition":1}]},"down":{"data":[],"mapData":[]},"message":"Success","issuccess":true,"exception":null,"rowCount":0,"responsecode":200}