{"up":{"data":[{"routeid":7881,"stationid":21288,"stationname":"Yeshawanthapura Bus Station","from":"Yeshawanthapura Bus Station","to":"Mysore Road Bus Station","routeno":"410-FA YTTMC-MRBS","distance_on_station":0,"centerlat":13.01801,"centerlong":77.55662,"responsecode":200,"isnotify":0,"vehicleDetails":[{"vehicleid":11791,"vehiclenumber":"KA01F8772","servicetypeid":72,"servicetype":"Non AC/Ordinary","centerlat":12.949641,"centerlong":77.536636,"eta":"","sch_arrivaltime":"12:55","sch_departuretime":"12:55","actual_arrivaltime":"12:52","actual_departuretime":"12:52","sch_tripstarttime":"12:55","sch_tripendtime":"12:55","lastlocationid":0,"currentlocationid":20661,"nextlocationid":0,"currentstop":null,"nextstop":null,"laststop":null,"stopCoveredStatus":1,"heading":56,"lastrefreshon":"09-03-2024 13:54:34","lastreceiveddatetimeflag":0,"tripposition":1}]},{"routeid":7881,"stationid":20791,"stationname":"Govardhan Talkies","from":"Yeshawanthapura Bus Station","to":"Mysore Road Bus Station","routeno":"410-FA YTTMC-MRBS","distance_on_station":0.954,"centerlat":13.02,"centerlong":77.55274,"responsecode":200,"isnotify":0,"vehicleDetails":[{"vehicleid":11791,"vehiclenumber":"KA01F8772","servicetypeid":72,"servicetype":"Non AC/Ordinary","centerlat":12.949641,"centerlong":77.536636,"eta":"","sch_arrivaltime":"12:59","sch_departuretime":"12:59","actual_arrivaltime":"","actual_departuretime":"","sch_tripstarttime":"12:55","sch_tripendtime":"12:55","lastlocationid":0,"currentlocationid":20661,"nextlocationid":0,"currentstop":null,"nextstop":null,"laststop":null,"stopCoveredStatus":1,"heading":56,"lastrefreshon":"09-03-2024 13:54:34","lastreceiveddatetimeflag":0,"tripposition":3}]},{"routeid":7881,"stationid":21131,"stationname":"RMC Yard (Yashawanthapura New Railway Station)","from":"Yeshawanthapura Bus Station","to":"Mysore Road Bus Station","routeno":"410-FA YTTMC-MRBS","distance_on_station":1.514,"centerlat":13.02366,"centerlong":77.54877,"responsecode":200,"isnotify":0,"vehicleDetails":[{"vehicleid":11791,"vehiclenumber":"KA01F8772","servicetypeid":72,"servicetype":"Non AC/Ordinary","centerlat":12.949641,"centerlong":77.536636,"eta":"","sch_arrivaltime":"13:00","sch_departuretime":"13:00","actual_arrivaltime":"","actual_departuretime":"","sch_tripstarttime":"12:55","sch_tripendtime":"12:55","lastlocationid":0,"currentlocationid":20661,"nextlocationid":0,"currentstop":null,"nextstop":null,"laststop":null,"stopCoveredStatus":1,"heading":56,"lastrefreshon":"09-03-2024 13:54:34","lastreceiveddatetimeflag":0,"tripposition":3}]},{"routeid":7881,"stationid":21016,"stationname":"MEI Factory","from":"Yeshawanthapura Bus Station","to":"Mysore Road Bus Station","routeno":"410-FA YTTMC-MRBS","distance_on_station":2.064,"centerlat":13.0264,"centerlong":77.54402,"responsecode":200,"isnotify":0,"vehicleDetails":[{"vehicleid":11791,"vehiclenumber":"KA01F8772","servicetypeid":72,"servicetype":"Non AC/Ordinary","centerlat":12.949641,"centerlong":77.536636,"eta":"","sch_arrivaltime":"13:02","sch_departuretime":"13:02","actual_arrivaltime":"12:57","actual_departuretime":"12:57","sch_tripstarttime":"12:55","sch_tripendtime":"12:55","lastlocationid":0,"currentlocationid":20661,"nextlocationid":0,"currentstop":null,"nextstop":null,"laststop":null,"stopCoveredStatus":1,"heading":56,"lastrefreshon":"09-03-2024 13:54:34","lastreceiveddatetimeflag":0,"tripposition":1}]},{"routeid":7881,"stationid":20790,"stationname":"Goraguntepalya","from":"Yeshawanthapura Bus Station","to":"Mysore Road Bus Station","routeno":"410-FA YTTMC-MRBS","distance_on_station":2.569,"centerlat":13.02895,"centerlong":77.5395,"responsecode":200,"isnotify":0,"vehicleDetails":[{"vehicleid":11791,"vehiclenumber":"KA01F8772","servicetypeid":72,"servicetype":"Non AC/Ordinary","centerlat":12.949641,"centerlong":77.536636,"eta":"","sch_arrivaltime":"13:03","sch_departuretime":"13:03","actual_arrivaltime":"13:00","actual_departuretime":"13:00","sch_tripstarttime":"12:55","sch_tripendtime":"12:55","lastlocationid":0,"currentlocationid":20661,"nextlocationid":0,"currentstop":null,"nextstop":null,"laststop":null,"stopCoveredStatus":1,"heading":56,"lastrefreshon":"09-03-2024 13:54:34","lastreceiveddatetimeflag":0,"tripposition":1}]},{"routeid":7881,"stationid":33154,"stationname":"Goraguntepalya  Ring Road","from":"Yeshawanthapura Bus Station","to":"Mysore Road Bus Station","routeno":"410-FA YTTMC-MRBS","distance_on_station":2.872,"centerlat":13.02997,"centerlong":77.53707,"responsecode":200,"isnotify":0,"vehicleDetails":[{"vehicleid":11791,"vehiclenumber":"KA01F8772","servicetypeid":72,"servicetype":"Non AC/Ordinary","centerlat":12.949641,"centerlong":77.536636,"eta":"","sch_arrivaltime":"13:04","sch_departuretime":"13:04","actual_arrivaltime":"13:06","actual_departuretime":"13:06","sch_tripstarttime":"12:55","sch_tripendtime":"12:55","lastlocationid":0,"currentlocationid":20661,"nextlocationid":0,"currentstop":null,"nextstop":null,"laststop":null,"stopCoveredStatus":1,"heading":56,"lastrefreshon":"09-03-2024 13:54:34","lastreceiveddatetimeflag":0,"tripposition":1}]},{"routeid":7881,"stationid":24002,"stationname":"Reliance Petrol Bunk Goraguntepalya","from":"Yeshawanthapura Bus Station","to":"Mysore Road Bus Station","routeno":"410-FA YTTMC-MRBS","distance_on_station":3.028,"centerlat":13.02866,"centerlong":77.5363,"responsecode":200,"isnotify":0,"vehicleDetails":[{"vehicleid":11791,"vehiclenumber":"KA01F8772","servicetypeid":72,"servicetype":"Non AC/Ordinary","centerlat":12.949641,"centerlong":77.536636,"eta":"","sch_arrivaltime":"13:05","sch_departuretime":"13:05","actual_arrivaltime":"13:06","actual_departuretime":"13:06","sch_tripstarttime":"12:55","sch_tripendtime":"12:55","lastlocationid":0,"currentlocationid":20661,"nextlocationid":0,"currentstop":null,"nextstop":null,"laststop":null,"stopCoveredStatus":1,"heading":56,"lastrefreshon":"09-03-2024 13:54:34","lastreceiveddatetimeflag":0,"tripposition":1}]},{"routeid":7881,"stationid":24003,"stationname":"Modern Food Goraguntepalya","from":"Yeshawanthapura Bus Station","to":"Mysore Road Bus Station","routeno":"410-FA YTTMC-MRBS","distance_on_station":3.468,"centerlat":13.02483,"centerlong":77.53414,"responsecode":200,"isnotify":0,"vehicleDetails":[{"vehicleid":11791,"vehiclenumber":"KA01F8772","servicetypeid":72,"servicetype":"Non AC/Ordinary","centerlat":12.949641,"centerlong":77.536636,"eta":"","sch_arrivaltime":"13:06","sch_departuretime":"13:06","actual_arrivaltime":"13:07","actual_departuretime":"13:07","sch_tripstarttime":"12:55","sch_tripendtime":"12:55","lastlocationid":0,"currentlocationid":20661,"nextlocationid":0,"currentstop":null,"nextstop":null,"laststop":null,"stopCoveredStatus":1,"heading":56,"lastrefreshon":"09-03-2024 13:54:34","lastreceiveddatetimeflag":0,"tripposition":1}]},{"routeid":7881,"stationid":33342,"stationname":"Kanteerava Studio","from":"Yeshawanthapura Bus Station","to":"Mysore Road Bus Station","routeno":"410-FA YTTMC-MRBS","distance_on_station":3.862,"centerlat":13.02138,"centerlong":77.53252,"responsecode":200,"isnotify":0,"vehicleDetails":[{"vehicleid":11791,"vehiclenumber":"KA01F8772","servicetypeid":72,"servicetype":"Non AC/Ordinary","centerlat":12.949641,"centerlong":77.536636,"eta":"","sch_arrivaltime":"13:07","sch_departuretime":"13:07","actual_arrivaltime":"13:08","actual_departuretime":"13:08","sch_tripstarttime":"12:55","sch_tripendtime":"12:55","lastlocationid":0,"currentlocationid":20661,"nextlocationid":0,"currentstop":null,"nextstop":null,"laststop":null,"stopCoveredStatus":1,"heading":56,"lastrefreshon":"09-03-2024 13:54:34","lastreceiveddatetimeflag":0,"tripposition":1}]},{"routeid":7881,"stationid":34345,"stationname":"Rajkumar Punya Bhoomi","from":"Yeshawanthapura Bus Station","to":"Mysore Road Bus Station","routeno":"410-FA YTTMC-MRBS","distance_on_station":4.156,"centerlat":13.01859,"centerlong":77.5319,"responsecode":200,"isnotify":0,"vehicleDetails":[{"vehicleid":11791,"vehiclenumber":"KA01F8772","servicetypeid":72,"servicetype":"Non AC/Ordinary","centerlat":12.949641,"centerlong":77.536636,"eta":"","sch_arrivaltime":"13:08","sch_departuretime":"13:08","actual_arrivaltime":"13:09","actual_departuretime":"13:09","sch_tripstarttime":"12:55","sch_tripendtime":"12:55","lastlocationid":0,"currentlocationid":20661,"nextlocationid":0,"currentstop":null,"nextstop":null,"laststop":null,"stopCoveredStatus":1,"heading":56,"lastrefreshon":"09-03-2024 13:54:34","lastreceiveddatetimeflag":0,"tripposition":1}]},{"routeid":7881,"stationid":34086,"stationname":"Nandhini Layout","from":"Yeshawanthapura Bus Station","to":"Mysore Road Bus Station","routeno":"410-FA YTTMC-MRBS","distance_on_station":4.587,"centerlat":13.01466,"centerlong":77.5307,"responsecode":200,"isnotify":0,"vehicleDetails":[{"vehicleid":11791,"vehiclenumber":"KA01F8772","servicetypeid":72,"servicetype":"Non AC/Ordinary","centerlat":12.949641,"centerlong":77.536636,"eta":"","sch_arrivaltime":"13:09","sch_departuretime":"13:09","actual_arrivaltime":"","actual_departuretime":"","sch_tripstarttime":"12:55","sch_tripendtime":"12:55","lastlocationid":0,"currentlocationid":20661,"nextlocationid":0,"currentstop":null,"nextstop":null,"laststop":null,"stopCoveredStatus":1,"heading":56,"lastrefreshon":"09-03-2024 13:54:34","lastreceiveddatetimeflag":0,"tripposition":3}]},{"routeid":7881,"stationid":29290,"stationname":"Nandini Layout Ring Road","from":"Yeshawanthapura Bus Station","to":"Mysore Road Bus Station","routeno":"410-FA YTTMC-MRBS","distance_on_station":4.954,"centerlat":13.01159,"centerlong":77.52872,"responsecode":200,"isnotify":0,"vehicleDetails":[{"vehicleid":11791,"vehiclenumber":"KA01F8772","servicetypeid":72,"servicetype":"Non AC/Ordinary","centerlat":12.949641,"centerlong":77.536636,"eta":"","sch_arrivaltime":"13:10","sch_departuretime":"13:10","actual_arrivaltime":"","actual_departuretime":"","sch_tripstarttime":"12:55","sch_tripendtime":"12:55","lastlocationid":0,"currentlocationid":20661,"nextlocationid":0,"currentstop":null,"nextstop":null,"laststop":null,"stopCoveredStatus":1,"heading":56,"lastrefreshon":"09-03-2024 13:54:34","lastreceiveddatetimeflag":0,"tripposition":3}]},{"routeid":7881,"stationid":33650,"stationname":"Laggere Bridge","from":"Yeshawanthapura Bus Station","to":"Mysore Road Bus Station","routeno":"410-FA YTTMC-MRBS","distance_on_station":5.422,"centerlat":13.00756,"centerlong":77.52678,"responsecode":200,"isnotify":0,"vehicleDetails":[{"vehicleid":11791,"vehiclenumber":"KA01F8772","servicetypeid":72,"servicetype":"Non AC/Ordinary","centerlat":12.949641,"centerlong":77.536636,"eta":"","sch_arrivaltime":"13:11","sch_departuretime":"13:11","actual_arrivaltime":"13:11","actual_departuretime":"13:11","sch_tripstarttime":"12:55","sch_tripendtime":"12:55","lastlocationid":0,"currentlocationid":20661,"nextlocationid":0,"currentstop":null,"nextstop":null,"laststop":null,"stopCoveredStatus":1,"heading":56,"lastrefreshon":"09-03-2024 13:54:34","lastreceiveddatetimeflag":0,"tripposition":1}]},{"routeid":7881,"stationid":30988,"stationname":"Kempegowda Arch","from":"Yeshawanthapura Bus Station","to":"Mysore Road Bus Station","routeno":"410-FA YTTMC-MRBS","distance_on_station":6.037,"centerlat":13.00174,"centerlong":77.52556,"responsecode":200,"isnotify":0,"vehicleDetails":[{"vehicleid":11791,"vehiclenumber":"KA01F8772","servicetypeid":72,"servicetype":"Non AC/Ordinary","centerlat":12.949641,"centerlong":77.536636,"eta":"","sch_arrivaltime":"13:12","sch_departuretime":"13:12","actual_arrivaltime":"13:13","actual_departuretime":"13:13","sch_tripstarttime":"12:55","sch_tripendtime":"12:55","lastlocationid":0,"currentlocationid":20661,"nextlocationid":0,"currentstop":null,"nextstop":null,"laststop":null,"stopCoveredStatus":1,"heading":56,"lastrefreshon":"09-03-2024 13:54:34","lastreceiveddatetimeflag":0,"tripposition":1}]},{"routeid":7881,"stationid":28518,"stationname":"Lurdubayi Samudaya Bhavana","from":"Yeshawanthapura Bus Station","to":"Mysore Road Bus Station","routeno":"410-FA YTTMC-MRBS","distance_on_station":6.541,"centerlat":12.99723,"centerlong":77.52339,"responsecode":200,"isnotify":0,"vehicleDetails":[{"vehicleid":11791,"vehiclenumber":"KA01F8772","servicetypeid":72,"servicetype":"Non AC/Ordinary","centerlat":12.949641,"centerlong":77.536636,"eta":"","sch_arrivaltime":"13:13","sch_departuretime":"13:13","actual_arrivaltime":"13:14","actual_departuretime":"13:14","sch_tripstarttime":"12:55","sch_tripendtime":"12:55","lastlocationid":0,"currentlocationid":20661,"nextlocationid":0,"currentstop":null,"nextstop":null,"laststop":null,"stopCoveredStatus":1,"heading":56,"lastrefreshon":"09-03-2024 13:54:34","lastreceiveddatetimeflag":0,"tripposition":1}]},{"routeid":7881,"stationid":21887,"stationname":"Depot-31 Gate","from":"Yeshawanthapura Bus Station","to":"Mysore Road Bus Station","routeno":"410-FA YTTMC-MRBS","distance_on_station":7,"centerlat":12.99311,"centerlong":77.52146,"responsecode":200,"isnotify":0,"vehicleDetails":[{"vehicleid":11791,"vehiclenumber":"KA01F8772","servicetypeid":72,"servicetype":"Non AC/Ordinary","centerlat":12.949641,"centerlong":77.536636,"eta":"","sch_arrivaltime":"13:14","sch_departuretime":"13:14","actual_arrivaltime":"13:15","actual_departuretime":"13:15","sch_tripstarttime":"12:55","sch_tripendtime":"12:55","lastlocationid":0,"currentlocationid":20661,"nextlocationid":0,"currentstop":null,"nextstop":null,"laststop":null,"stopCoveredStatus":1,"heading":56,"lastrefreshon":"09-03-2024 13:54:34","lastreceiveddatetimeflag":0,"tripposition":1}]},{"routeid":7881,"stationid":26750,"stationname":"Summanahalli","from":"Yeshawanthapura Bus Station","to":"Mysore Road Bus Station","routeno":"410-FA YTTMC-MRBS","distance_on_station":7.725,"centerlat":12.98631,"centerlong":77.51934,"responsecode":200,"isnotify":0,"vehicleDetails":[{"vehicleid":11791,"vehiclenumber":"KA01F8772","servicetypeid":72,"servicetype":"Non AC/Ordinary","centerlat":12.949641,"centerlong":77.536636,"eta":"","sch_arrivaltime":"13:15","sch_departuretime":"13:15","actual_arrivaltime":"13:17","actual_departuretime":"13:19","sch_tripstarttime":"12:55","sch_tripendtime":"12:55","lastlocationid":0,"currentlocationid":20661,"nextlocationid":0,"currentstop":null,"nextstop":null,"laststop":null,"stopCoveredStatus":1,"heading":56,"lastrefreshon":"09-03-2024 13:54:34","lastreceiveddatetimeflag":0,"tripposition":1}]},{"routeid":7881,"stationid":33759,"stationname":"Malagala","from":"Yeshawanthapura Bus Station","to":"Mysore Road Bus Station","routeno":"410-FA YTTMC-MRBS","distance_on_station":8.624,"centerlat":12.97863,"centerlong":77.51525,"responsecode":200,"isnotify":0,"vehicleDetails":[{"vehicleid":11791,"vehiclenumber":"KA01F8772","servicetypeid":72,"servicetype":"Non AC/Ordinary","centerlat":12.949641,"centerlong":77.536636,"eta":"","sch_arrivaltime":"13:17","sch_departuretime":"13:17","actual_arrivaltime":"13:20","actual_departuretime":"13:20","sch_tripstarttime":"12:55","sch_tripendtime":"12:55","lastlocationid":0,"currentlocationid":20661,"nextlocationid":0,"currentstop":null,"nextstop":null,"laststop":null,"stopCoveredStatus":1,"heading":56,"lastrefreshon":"09-03-2024 13:54:34","lastreceiveddatetimeflag":0,"tripposition":1}]},{"routeid":7881,"stationid":29809,"stationname":"BDA Complex Cross Nagarabhavi","from":"Yeshawanthapura Bus Station","to":"Mysore Road Bus Station","routeno":"410-FA YTTMC-MRBS","distance_on_station":9.339,"centerlat":12.97211,"centerlong":77.51293,"responsecode":200,"isnotify":0,"vehicleDetails":[{"vehicleid":11791,"vehiclenumber":"KA01F8772","servicetypeid":72,"servicetype":"Non AC/Ordinary","centerlat":12.949641,"centerlong":77.536636,"eta":"","sch_arrivaltime":"13:18","sch_departuretime":"13:18","actual_arrivaltime":"13:21","actual_departuretime":"13:22","sch_tripstarttime":"12:55","sch_tripendtime":"12:55","lastlocationid":0,"currentlocationid":20661,"nextlocationid":0,"currentstop":null,"nextstop":null,"laststop":null,"stopCoveredStatus":1,"heading":56,"lastrefreshon":"09-03-2024 13:54:34","lastreceiveddatetimeflag":0,"tripposition":1}]},{"routeid":7881,"stationid":34041,"stationname":"Nagarabhavi Circle","from":"Yeshawanthapura Bus Station","to":"Mysore Road Bus Station","routeno":"410-FA YTTMC-MRBS","distance_on_station":10.927,"centerlat":12.95907,"centerlong":77.51686,"responsecode":200,"isnotify":0,"vehicleDetails":[{"vehicleid":11791,"vehiclenumber":"KA01F8772","servicetypeid":72,"servicetype":"Non AC/Ordinary","centerlat":12.949641,"centerlong":77.536636,"eta":"","sch_arrivaltime":"13:20","sch_departuretime":"13:20","actual_arrivaltime":"13:24","actual_departuretime":"13:25","sch_tripstarttime":"12:55","sch_tripendtime":"12:55","lastlocationid":0,"currentlocationid":20661,"nextlocationid":0,"currentstop":null,"nextstop":null,"laststop":null,"stopCoveredStatus":1,"heading":56,"lastrefreshon":"09-03-2024 13:54:34","lastreceiveddatetimeflag":0,"tripposition":1}]},{"routeid":7881,"stationid":22896,"stationname":"1st Stage 3rd Block Nagarabhavi (Nayandahalli)","from":"Yeshawanthapura Bus Station","to":"Mysore Road Bus Station","routeno":"410-FA YTTMC-MRBS","distance_on_station":11.716,"centerlat":12.95302,"centerlong":77.52026,"responsecode":200,"isnotify":0,"vehicleDetails":[{"vehicleid":11791,"vehiclenumber":"KA01F8772","servicetypeid":72,"servicetype":"Non AC/Ordinary","centerlat":12.949641,"centerlong":77.536636,"eta":"","sch_arrivaltime":"13:21","sch_departuretime":"13:21","actual_arrivaltime":"13:26","actual_departuretime":"13:26","sch_tripstarttime":"12:55","sch_tripendtime":"12:55","lastlocationid":0,"currentlocationid":20661,"nextlocationid":0,"currentstop":null,"nextstop":null,"laststop":null,"stopCoveredStatus":1,"heading":56,"lastrefreshon":"09-03-2024 13:54:34","lastreceiveddatetimeflag":0,"tripposition":1}]},{"routeid":7881,"stationid":21580,"stationname":"Mysore Road Metro Station","from":"Yeshawanthapura Bus Station","to":"Mysore Road Bus Station","routeno":"410-FA YTTMC-MRBS","distance_on_station":13.018,"centerlat":12.94633,"centerlong":77.52972,"responsecode":200,"isnotify":0,"vehicleDetails":[{"vehicleid":11791,"vehiclenumber":"KA01F8772","servicetypeid":72,"servicetype":"Non AC/Ordinary","centerlat":12.949641,"centerlong":77.536636,"eta":"","sch_arrivaltime":"13:24","sch_departuretime":"13:24","actual_arrivaltime":"13:29","actual_departuretime":"13:30","sch_tripstarttime":"12:55","sch_tripendtime":"12:55","lastlocationid":0,"currentlocationid":20661,"nextlocationid":0,"currentstop":null,"nextstop":null,"laststop":null,"stopCoveredStatus":1,"heading":56,"lastrefreshon":"09-03-2024 13:54:34","lastreceiveddatetimeflag":0,"tripposition":1}]},{"routeid":7881,"stationid":20661,"stationname":"BHEL","from":"Yeshawanthapura Bus Station","to":"Mysore Road Bus Station","routeno":"410-FA YTTMC-MRBS","distance_on_station":13.651,"centerlat":12.94874,"centerlong":77.53559,"responsecode":200,"isnotify":0,"vehicleDetails":[{"vehicleid":11791,"vehiclenumber":"KA01F8772","servicetypeid":72,"servicetype":"Non AC/Ordinary","centerlat":12.949641,"centerlong":77.536636,"eta":"","sch_arrivaltime":"13:25","sch_departuretime":"13:25","actual_arrivaltime":"13:31","actual_departuretime":"13:32","sch_tripstarttime":"12:55","sch_tripendtime":"12:55","lastlocationid":0,"currentlocationid":20661,"nextlocationid":0,"currentstop":null,"nextstop":null,"laststop":null,"stopCoveredStatus":1,"heading":56,"lastrefreshon":"09-03-2024 13:54:34","lastreceiveddatetimeflag":0,"tripposition":1}]},{"routeid":7881,"stationid":20739,"stationname":"Deepanjalinagara","from":"Yeshawanthapura Bus Station","to":"Mysore Road Bus Station","routeno":"410-FA YTTMC-MRBS","distance_on_station":14.009,"centerlat":12.9514,"centerlong":77.53724,"responsecode":200,"isnotify":0,"vehicleDetails":[{"vehicleid":11791,"vehiclenumber":"KA01F8772","servicetypeid":72,"servicetype":"Non AC/Ordinary","centerlat":12.949641,"centerlong":77.536636,"eta":"2024-03-09 13:55:00","sch_arrivaltime":"13:26","sch_departuretime":"13:26","actual_arrivaltime":"","actual_departuretime":"","sch_tripstarttime":"12:55","sch_tripendtime":"12:55","lastlocationid":0,"currentlocationid":20661,"nextlocationid":0,"currentstop":null,"nextstop":null,"laststop":null,"stopCoveredStatus":0,"heading":56,"lastrefreshon":"09-03-2024 13:54:34","lastreceiveddatetimeflag":0,"tripposition":3}]},{"routeid":7881,"stationid":21042,"stationname":"Mysore Road Bus Station","from":"Yeshawanthapura Bus Station","to":"Mysore Road Bus Station","routeno":"410-FA YTTMC-MRBS","distance_on_station":15,"centerlat":12.95357,"centerlong":77.54374,"responsecode":200,"isnotify":0,"vehicleDetails":[{"vehicleid":11791,"vehiclenumber":"KA01F8772","servicetypeid":72,"servicetype":"Non AC/Ordinary","centerlat":12.949641,"centerlong":77.536636,"eta":"2024-03-09 13:56:00","sch_arrivaltime":"13:33","sch_departuretime":"13:33","actual_arrivaltime":"","actual_departuretime":"","sch_tripstarttime":"12:55","sch_tripendtime":"12:55","lastlocationid":0,"currentlocationid":20661,"nextlocationid":0,"currentstop":null,"nextstop":null,"laststop":null,"stopCoveredStatus":0,"heading":56,"lastrefreshon":"09-03-2024 13:54:34","lastreceiveddatetimeflag":0,"tripposition":1}]}],"mapData":[{"vehicleid":11791,"vehiclenumber":"KA01F8772","servicetypeid":72,"servicetype":"Non AC/Ordinary","centerlat":12.949641,"centerlong":77.536636,"eta":"2024-03-09 13:56:00","sch_arrivaltime":"13:33","sch_departuretime":"13:33","actual_arrivaltime":"","actual_departuretime":"","sch_tripstarttime":"12:55","sch_tripendtime":"12:55","lastlocationid":0,"currentlocationid":20661,"nextlocationid":0,"currentstop":null,"nextstop":null,"laststop":null,"stopCoveredStatus":0,"heading":56,"lastrefreshon":"09-03-2024 13:54:34","lastreceiveddatetimeflag":0,"tripposition":1}]},"down":{"data":[{"routeid":7893,"stationid":21042,"stationname":"Mysore Road Bus Station","from":"Mysore Road Bus Station","to":"Yeshawanthapura Bus Station","routeno":"410-FA YTTMC-MRBS","distance_on_station":0,"centerlat":12.95357,"centerlong":77.54374,"responsecode":200,"isnotify":0,"vehicleDetails":[{"vehicleid":11742,"vehiclenumber":"KA57F3057","servicetypeid":72,"servicetype":"Non AC/Ordinary","centerlat":12.953846,"centerlong":77.544037,"eta":"","sch_arrivaltime":"12:20","sch_departuretime":"12:20","actual_arrivaltime":"13:02","actual_departuretime":"13:02","sch_tripstarttime":"12:20","sch_tripendtime":"12:20","lastlocationid":0,"currentlocationid":21042,"nextlocationid":0,"currentstop":null,"nextstop":null,"laststop":null,"stopCoveredStatus":1,"heading":189,"lastrefreshon":"09-03-2024 13:54:34","lastreceiveddatetimeflag":0,"tripposition":1}]},{"routeid":7893,"stationid":20664,"stationname":"BHEL","from":"Mysore Road Bus Station","to":"Yeshawanthapura Bus Station","routeno":"410-FA YTTMC-MRBS","distance_on_station":0.992,"centerlat":12.94872,"centerlong":77.53583,"responsecode":200,"isnotify":0,"vehicleDetails":[{"vehicleid":11742,"vehiclenumber":"KA57F3057","servicetypeid":72,"servicetype":"Non AC/Ordinary","centerlat":12.953846,"centerlong":77.544037,"eta":"","sch_arrivaltime":"12:25","sch_departuretime":"12:25","actual_arrivaltime":"13:05","actual_departuretime":"13:05","sch_tripstarttime":"12:20","sch_tripendtime":"12:20","lastlocationid":0,"currentlocationid":21042,"nextlocationid":0,"currentstop":null,"nextstop":null,"laststop":null,"stopCoveredStatus":1,"heading":189,"lastrefreshon":"09-03-2024 13:54:34","lastreceiveddatetimeflag":0,"tripposition":1}]},{"routeid":7893,"stationid":23370,"stationname":"Mysore Road Metro Station","from":"Mysore Road Bus Station","to":"Yeshawanthapura Bus Station","routeno":"410-FA YTTMC-MRBS","distance_on_station":1.591,"centerlat":12.94636,"centerlong":77.53046,"responsecode":200,"isnotify":0,"vehicleDetails":[{"vehicleid":11742,"vehiclenumber":"KA57F3057","servicetypeid":72,"servicetype":"Non AC/Ordinary","centerlat":12.953846,"centerlong":77.544037,"eta":"","sch_arrivaltime":"12:26","sch_departuretime":"12:26","actual_arrivaltime":"13:07","actual_departuretime":"13:07","sch_tripstarttime":"12:20","sch_tripendtime":"12:20","lastlocationid":0,"currentlocationid":21042,"nextlocationid":0,"currentstop":null,"nextstop":null,"laststop":null,"stopCoveredStatus":1,"heading":189,"lastrefreshon":"09-03-2024 13:54:34","lastreceiveddatetimeflag":0,"tripposition":1}]},{"routeid":7893,"stationid":34321,"stationname":"Nayandahalli Junction","from":"Mysore Road Bus Station","to":"Yeshawanthapura Bus Station","routeno":"410-FA YTTMC-MRBS","distance_on_station":2.068,"centerlat":12.94552,"centerlong":77.52755,"responsecode":200,"isnotify":0,"vehicleDetails":[{"vehicleid":11742,"vehiclenumber":"KA57F3057","servicetypeid":72,"servicetype":"Non AC/Ordinary","centerlat":12.953846,"centerlong":77.544037,"eta":"","sch_arrivaltime":"12:27","sch_departuretime":"12:27","actual_arrivaltime":"13:09","actual_departuretime":"13:09","sch_tripstarttime":"12:20","sch_tripendtime":"12:20","lastlocationid":0,"currentlocationid":21042,"nextlocationid":0,"currentstop":null,"nextstop":null,"laststop":null,"stopCoveredStatus":1,"heading":189,"lastrefreshon":"09-03-2024 13:54:34","lastreceiveddatetimeflag":0,"tripposition":1}]},{"routeid":7893,"stationid":22897,"stationname":"1st Stage 3rd Block Nagarabhavi (Summanahalli)","from":"Mysore Road Bus Station","to":"Yeshawanthapura Bus Station","routeno":"410-FA YTTMC-MRBS","distance_on_station":3.051,"centerlat":12.95286,"centerlong":77.52017,"responsecode":200,"isnotify":0,"vehicleDetails":[{"vehicleid":11742,"vehiclenumber":"KA57F3057","servicetypeid":72,"servicetype":"Non AC/Ordinary","centerlat":12.953846,"centerlong":77.544037,"eta":"","sch_arrivaltime":"12:28","sch_departuretime":"12:28","actual_arrivaltime":"13:11","actual_departuretime":"13:11","sch_tripstarttime":"12:20","sch_tripendtime":"12:20","lastlocationid":0,"currentlocationid":21042,"nextlocationid":0,"currentstop":null,"nextstop":null,"laststop":null,"stopCoveredStatus":1,"heading":189,"lastrefreshon":"09-03-2024 13:54:34","lastreceiveddatetimeflag":0,"tripposition":1}]},{"routeid":7893,"stationid":29205,"stationname":"Nagarabhavi Circle","from":"Mysore Road Bus Station","to":"Yeshawanthapura Bus Station","routeno":"410-FA YTTMC-MRBS","distance_on_station":3.846,"centerlat":12.95894,"centerlong":77.51681,"responsecode":200,"isnotify":0,"vehicleDetails":[{"vehicleid":11742,"vehiclenumber":"KA57F3057","servicetypeid":72,"servicetype":"Non AC/Ordinary","centerlat":12.953846,"centerlong":77.544037,"eta":"","sch_arrivaltime":"12:29","sch_departuretime":"12:29","actual_arrivaltime":"13:30","actual_departuretime":"13:32","sch_tripstarttime":"12:20","sch_tripendtime":"12:20","lastlocationid":0,"currentlocationid":21042,"nextlocationid":0,"currentstop":null,"nextstop":null,"laststop":null,"stopCoveredStatus":1,"heading":189,"lastrefreshon":"09-03-2024 13:54:34","lastreceiveddatetimeflag":0,"tripposition":1}]},{"routeid":7893,"stationid":31929,"stationname":"BDA Complex Cross Nagarabhavi","from":"Mysore Road Bus Station","to":"Yeshawanthapura Bus Station","routeno":"410-FA YTTMC-MRBS","distance_on_station":5.465,"centerlat":12.97199,"centerlong":77.51278,"responsecode":200,"isnotify":0,"vehicleDetails":[{"vehicleid":11742,"vehiclenumber":"KA57F3057","servicetypeid":72,"servicetype":"Non AC/Ordinary","centerlat":12.953846,"centerlong":77.544037,"eta":"","sch_arrivaltime":"12:32","sch_departuretime":"12:32","actual_arrivaltime":"13:15","actual_departuretime":"13:15","sch_tripstarttime":"12:20","sch_tripendtime":"12:20","lastlocationid":0,"currentlocationid":21042,"nextlocationid":0,"currentstop":null,"nextstop":null,"laststop":null,"stopCoveredStatus":0,"heading":189,"lastrefreshon":"09-03-2024 13:54:34","lastreceiveddatetimeflag":0,"tripposition":1}]},{"routeid":7893,"stationid":28656,"stationname":"Malagala","from":"Mysore Road Bus Station","to":"Yeshawanthapura Bus Station","routeno":"410-FA YTTMC-MRBS","distance_on_station":6.195,"centerlat":12.97856,"centerlong":77.51502,"responsecode":200,"isnotify":0,"vehicleDetails":[{"vehicleid":11742,"vehiclenumber":"KA57F3057","servicetypeid":72,"servicetype":"Non AC/Ordinary","centerlat":12.953846,"centerlong":77.544037,"eta":"","sch_arrivaltime":"12:33","sch_departuretime":"12:33","actual_arrivaltime":"13:16","actual_departuretime":"13:16","sch_tripstarttime":"12:20","sch_tripendtime":"12:20","lastlocationid":0,"currentlocationid":21042,"nextlocationid":0,"currentstop":null,"nextstop":null,"laststop":null,"stopCoveredStatus":0,"heading":189,"lastrefreshon":"09-03-2024 13:54:34","lastreceiveddatetimeflag":0,"tripposition":1}]},{"routeid":7893,"stationid":35413,"stationname":"Summanahalli","from":"Mysore Road Bus Station","to":"Yeshawanthapura Bus Station","routeno":"410-FA YTTMC-MRBS","distance_on_station":7.336,"centerlat":12.98824,"centerlong":77.5195,"responsecode":200,"isnotify":0,"vehicleDetails":[{"vehicleid":11742,"vehiclenumber":"KA57F3057","servicetypeid":72,"servicetype":"Non AC/Ordinary","centerlat":12.953846,"centerlong":77.544037,"eta":"2024-03-09 13:55:00","sch_arrivaltime":"12:36","sch_departuretime":"12:36","actual_arrivaltime":"","actual_departuretime":"","sch_tripstarttime":"12:20","sch_tripendtime":"12:20","lastlocationid":0,"currentlocationid":21042,"nextlocationid":0,"currentstop":null,"nextstop":null,"laststop":null,"stopCoveredStatus":0,"heading":189,"lastrefreshon":"09-03-2024 13:54:34","lastreceiveddatetimeflag":0,"tripposition":3}]},{"routeid":7893,"stationid":35917,"stationname":"Depot-31 Gate","from":"Mysore Road Bus Station","to":"Yeshawanthapura Bus Station","routeno":"410-FA YTTMC-MRBS","distance_on_station":7.87,"centerlat":12.99311,"centerlong":77.5213,"responsecode":200,"isnotify":0,"vehicleDetails":[{"vehicleid":11742,"vehiclenumber":"KA57F3057","servicetypeid":72,"servicetype":"Non AC/Ordinary","centerlat":12.953846,"centerlong":77.544037,"eta":"2024-03-09 13:56:00","sch_arrivaltime":"12:37","sch_departuretime":"12:37","actual_arrivaltime":"","actual_departuretime":"","sch_tripstarttime":"12:20","sch_tripendtime":"12:20","lastlocationid":0,"currentlocationid":21042,"nextlocationid":0,"currentstop":null,"nextstop":null,"laststop":null,"stopCoveredStatus":0,"heading":189,"lastrefreshon":"09-03-2024 13:54:34","lastreceiveddatetimeflag":0,"tripposition":3}]},{"routeid":7893,"stationid":33695,"stationname":"Lurdubayi Samudaya Bhavana","from":"Mysore Road Bus Station","to":"Yeshawanthapura Bus Station","routeno":"410-FA YTTMC-MRBS","distance_on_station":8.375,"centerlat":12.99752,"centerlong":77.52334,"responsecode":200,"isnotify":0,"vehicleDetails":[{"vehicleid":11742,"vehiclenumber":"KA57F3057","servicetypeid":72,"servicetype":"Non AC/Ordinary","centerlat":12.953846,"centerlong":77.544037,"eta":"2024-03-09 13:57:00","sch_arrivaltime":"12:38","sch_departuretime":"12:38","actual_arrivaltime":"","actual_departuretime":"","sch_tripstarttime":"12:20","sch_tripendtime":"12:20","lastlocationid":0,"currentlocationid":21042,"nextlocationid":0,"currentstop":null,"nextstop":null,"laststop":null,"stopCoveredStatus":0,"heading":189,"lastrefreshon":"09-03-2024 13:54:34","lastreceiveddatetimeflag":0,"tripposition":3}]},{"routeid":7893,"stationid":33443,"stationname":"Kempegowda Arch","from":"Mysore Road Bus Station","to":"Yeshawanthapura Bus Station","routeno":"410-FA YTTMC-MRBS","distance_on_station":8.862,"centerlat":13.00171,"centerlong":77.52538,"responsecode":200,"isnotify":0,"vehicleDetails":[{"vehicleid":11742,"vehiclenumber":"KA57F3057","servicetypeid":72,"servicetype":"Non AC/Ordinary","centerlat":12.953846,"centerlong":77.544037,"eta":"2024-03-09 13:58:00","sch_arrivaltime":"12:39","sch_departuretime":"12:39","actual_arrivaltime":"","actual_departuretime":"","sch_tripstarttime":"12:20","sch_tripendtime":"12:20","lastlocationid":0,"currentlocationid":21042,"nextlocationid":0,"currentstop":null,"nextstop":null,"laststop":null,"stopCoveredStatus":0,"heading":189,"lastrefreshon":"09-03-2024 13:54:34","lastreceiveddatetimeflag":0,"tripposition":3}]},{"routeid":7893,"stationid":28439,"stationname":"Laggere Bridge","from":"Mysore Road Bus Station","to":"Yeshawanthapura Bus Station","routeno":"410-FA YTTMC-MRBS","distance_on_station":9.582,"centerlat":13.00843,"centerlong":77.52664,"responsecode":200,"isnotify":0,"vehicleDetails":[{"vehicleid":11742,"vehiclenumber":"KA57F3057","servicetypeid":72,"servicetype":"Non AC/Ordinary","centerlat":12.953846,"centerlong":77.544037,"eta":"2024-03-09 13:59:00","sch_arrivaltime":"12:40","sch_departuretime":"12:40","actual_arrivaltime":"","actual_departuretime":"","sch_tripstarttime":"12:20","sch_tripendtime":"12:20","lastlocationid":0,"currentlocationid":21042,"nextlocationid":0,"currentstop":null,"nextstop":null,"laststop":null,"stopCoveredStatus":0,"heading":189,"lastrefreshon":"09-03-2024 13:54:34","lastreceiveddatetimeflag":0,"tripposition":3}]},{"routeid":7893,"stationid":27499,"stationname":"Nandini Layout Ring Road","from":"Mysore Road Bus Station","to":"Yeshawanthapura Bus Station","routeno":"410-FA YTTMC-MRBS","distance_on_station":9.975,"centerlat":13.0116,"centerlong":77.52853,"responsecode":200,"isnotify":0,"vehicleDetails":[{"vehicleid":11742,"vehiclenumber":"KA57F3057","servicetypeid":72,"servicetype":"Non AC/Ordinary","centerlat":12.953846,"centerlong":77.544037,"eta":"2024-03-09 14:00:00","sch_arrivaltime":"12:41","sch_departuretime":"12:41","actual_arrivaltime":"","actual_departuretime":"","sch_tripstarttime":"12:20","sch_tripendtime":"12:20","lastlocationid":0,"currentlocationid":21042,"nextlocationid":0,"currentstop":null,"nextstop":null,"laststop":null,"stopCoveredStatus":0,"heading":189,"lastrefreshon":"09-03-2024 13:54:34","lastreceiveddatetimeflag":0,"tripposition":3}]},{"routeid":7893,"stationid":29289,"stationname":"Nandhini Layout","from":"Mysore Road Bus Station","to":"Yeshawanthapura Bus Station","routeno":"410-FA YTTMC-MRBS","distance_on_station":10.359,"centerlat":13.01473,"centerlong":77.53052,"responsecode":200,"isnotify":0,"vehicleDetails":[{"vehicleid":11742,"vehiclenumber":"KA57F3057","servicetypeid":72,"servicetype":"Non AC/Ordinary","centerlat":12.953846,"centerlong":77.544037,"eta":"2024-03-09 14:01:00","sch_arrivaltime":"12:42","sch_departuretime":"12:42","actual_arrivaltime":"","actual_departuretime":"","sch_tripstarttime":"12:20","sch_tripendtime":"12:20","lastlocationid":0,"currentlocationid":21042,"nextlocationid":0,"currentstop":null,"nextstop":null,"laststop":null,"stopCoveredStatus":0,"heading":189,"lastrefreshon":"09-03-2024 13:54:34","lastreceiveddatetimeflag":0,"tripposition":3}]},{"routeid":7893,"stationid":34344,"stationname":"Rajkumar Punya Bhoomi","from":"Mysore Road Bus Station","to":"Yeshawanthapura Bus Station","routeno":"410-FA YTTMC-MRBS","distance_on_station":10.733,"centerlat":13.01818,"centerlong":77.53163,"responsecode":200,"isnotify":0,"vehicleDetails":[{"vehicleid":11742,"vehiclenumber":"KA57F3057","servicetypeid":72,"servicetype":"Non AC/Ordinary","centerlat":12.953846,"centerlong":77.544037,"eta":"2024-03-09 14:02:00","sch_arrivaltime":"12:43","sch_departuretime":"12:43","actual_arrivaltime":"","actual_departuretime":"","sch_tripstarttime":"12:20","sch_tripendtime":"12:20","lastlocationid":0,"currentlocationid":21042,"nextlocationid":0,"currentstop":null,"nextstop":null,"laststop":null,"stopCoveredStatus":0,"heading":189,"lastrefreshon":"09-03-2024 13:54:34","lastreceiveddatetimeflag":0,"tripposition":3}]},{"routeid":7893,"stationid":35254,"stationname":"Kanteerava Studio","from":"Mysore Road Bus Station","to":"Yeshawanthapura Bus Station","routeno":"410-FA YTTMC-MRBS","distance_on_station":11.21,"centerlat":13.02263,"centerlong":77.5327,"responsecode":200,"isnotify":0,"vehicleDetails":[{"vehicleid":11742,"vehiclenumber":"KA57F3057","servicetypeid":72,"servicetype":"Non AC/Ordinary","centerlat":12.953846,"centerlong":77.544037,"eta":"2024-03-09 14:03:00","sch_arrivaltime":"12:44","sch_departuretime":"12:44","actual_arrivaltime":"","actual_departuretime":"","sch_tripstarttime":"12:20","sch_tripendtime":"12:20","lastlocationid":0,"currentlocationid":21042,"nextlocationid":0,"currentstop":null,"nextstop":null,"laststop":null,"stopCoveredStatus":0,"heading":189,"lastrefreshon":"09-03-2024 13:54:34","lastreceiveddatetimeflag":0,"tripposition":3}]},{"routeid":7893,"stationid":24014,"stationname":"Modern Food Goraguntepalya","from":"Mysore Road Bus Station","to":"Yeshawanthapura Bus Station","routeno":"410-FA YTTMC-MRBS","distance_on_station":11.472,"centerlat":13.02482,"centerlong":77.53395,"responsecode":200,"isnotify":0,"vehicleDetails":[{"vehicleid":11742,"vehiclenumber":"KA57F3057","servicetypeid":72,"servicetype":"Non AC/Ordinary","centerlat":12.953846,"centerlong":77.544037,"eta":"2024-03-09 14:04:00","sch_arrivaltime":"12:45","sch_departuretime":"12:45","actual_arrivaltime":"","actual_departuretime":"","sch_tripstarttime":"12:20","sch_tripendtime":"12:20","lastlocationid":0,"currentlocationid":21042,"nextlocationid":0,"currentstop":null,"nextstop":null,"laststop":null,"stopCoveredStatus":0,"heading":189,"lastrefreshon":"09-03-2024 13:54:34","lastreceiveddatetimeflag":0,"tripposition":3}]},{"routeid":7893,"stationid":24015,"stationname":"Reliance Petrol Bunk Goraguntepalya","from":"Mysore Road Bus Station","to":"Yeshawanthapura Bus Station","routeno":"410-FA YTTMC-MRBS","distance_on_station":11.921,"centerlat":13.02861,"centerlong":77.53612,"responsecode":200,"isnotify":0,"vehicleDetails":[{"vehicleid":11742,"vehiclenumber":"KA57F3057","servicetypeid":72,"servicetype":"Non AC/Ordinary","centerlat":12.953846,"centerlong":77.544037,"eta":"2024-03-09 14:05:00","sch_arrivaltime":"12:46","sch_departuretime":"12:46","actual_arrivaltime":"","actual_departuretime":"","sch_tripstarttime":"12:20","sch_tripendtime":"12:20","lastlocationid":0,"currentlocationid":21042,"nextlocationid":0,"currentstop":null,"nextstop":null,"laststop":null,"stopCoveredStatus":0,"heading":189,"lastrefreshon":"09-03-2024 13:54:34","lastreceiveddatetimeflag":0,"tripposition":3}]},{"routeid":7893,"stationid":30400,"stationname":"Goraguntepalya  Ring Road","from":"Mysore Road Bus Station","to":"Yeshawanthapura Bus Station","routeno":"410-FA YTTMC-MRBS","distance_on_station":12.071,"centerlat":13.02993,"centerlong":77.53688,"responsecode":200,"isnotify":0,"vehicleDetails":[{"vehicleid":11742,"vehiclenumber":"KA57F3057","servicetypeid":72,"servicetype":"Non AC/Ordinary","centerlat":12.953846,"centerlong":77.544037,"eta":"2024-03-09 14:06:00","sch_arrivaltime":"12:47","sch_departuretime":"12:47","actual_arrivaltime":"","actual_departuretime":"","sch_tripstarttime":"12:20","sch_tripendtime":"12:20","lastlocationid":0,"currentlocationid":21042,"nextlocationid":0,"currentstop":null,"nextstop":null,"laststop":null,"stopCoveredStatus":0,"heading":189,"lastrefreshon":"09-03-2024 13:54:34","lastreceiveddatetimeflag":0,"tripposition":3}]},{"routeid":7893,"stationid":20789,"stationname":"Goraguntepalya","from":"Mysore Road Bus Station","to":"Yeshawanthapura Bus Station","routeno":"410-FA YTTMC-MRBS","distance_on_station":12.567,"centerlat":13.02835,"centerlong":77.54123,"responsecode":200,"isnotify":0,"vehicleDetails":[{"vehicleid":11742,"vehiclenumber":"KA57F3057","servicetypeid":72,"servicetype":"Non AC/Ordinary","centerlat":12.953846,"centerlong":77.544037,"eta":"2024-03-09 14:07:00","sch_arrivaltime":"12:49","sch_departuretime":"12:49","actual_arrivaltime":"","actual_departuretime":"","sch_tripstarttime":"12:20","sch_tripendtime":"12:20","lastlocationid":0,"currentlocationid":21042,"nextlocationid":0,"currentstop":null,"nextstop":null,"laststop":null,"stopCoveredStatus":0,"heading":189,"lastrefreshon":"09-03-2024 13:54:34","lastreceiveddatetimeflag":0,"tripposition":3}]},{"routeid":7893,"stationid":21017,"stationname":"MEI Factory","from":"Mysore Road Bus Station","to":"Yeshawanthapura Bus Station","routeno":"410-FA YTTMC-MRBS","distance_on_station":12.979,"centerlat":13.02652,"centerlong":77.54439,"responsecode":200,"isnotify":0,"vehicleDetails":[{"vehicleid":11742,"vehiclenumber":"KA57F3057","servicetypeid":72,"servicetype":"Non AC/Ordinary","centerlat":12.953846,"centerlong":77.544037,"eta":"2024-03-09 14:08:00","sch_arrivaltime":"12:50","sch_departuretime":"12:50","actual_arrivaltime":"","actual_departuretime":"","sch_tripstarttime":"12:20","sch_tripendtime":"12:20","lastlocationid":0,"currentlocationid":21042,"nextlocationid":0,"currentstop":null,"nextstop":null,"laststop":null,"stopCoveredStatus":0,"heading":189,"lastrefreshon":"09-03-2024 13:54:34","lastreceiveddatetimeflag":0,"tripposition":3}]},{"routeid":7893,"stationid":21132,"stationname":"RMC Yard (Yeshawanthapura New Railway Station)","from":"Mysore Road Bus Station","to":"Yeshawanthapura Bus Station","routeno":"410-FA YTTMC-MRBS","distance_on_station":13.381,"centerlat":13.02462,"centerlong":77.54776,"responsecode":200,"isnotify":0,"vehicleDetails":[{"vehicleid":11742,"vehiclenumber":"KA57F3057","servicetypeid":72,"servicetype":"Non AC/Ordinary","centerlat":12.953846,"centerlong":77.544037,"eta":"2024-03-09 14:09:00","sch_arrivaltime":"12:51","sch_departuretime":"12:51","actual_arrivaltime":"","actual_departuretime":"","sch_tripstarttime":"12:20","sch_tripendtime":"12:20","lastlocationid":0,"currentlocationid":21042,"nextlocationid":0,"currentstop":null,"nextstop":null,"laststop":null,"stopCoveredStatus":0,"heading":189,"lastrefreshon":"09-03-2024 13:54:34","lastreceiveddatetimeflag":0,"tripposition":3}]},{"routeid":7893,"stationid":20792,"stationname":"Govardhan Talkies","from":"Mysore Road Bus Station","to":"Yeshawanthapura Bus Station","routeno":"410-FA YTTMC-MRBS","distance_on_station":14.27,"centerlat":13.01853,"centerlong":77.55339,"responsecode":200,"isnotify":0,"vehicleDetails":[{"vehicleid":11742,"vehiclenumber":"KA57F3057","servicetypeid":72,"servicetype":"Non AC/Ordinary","centerlat":12.953846,"centerlong":77.544037,"eta":"2024-03-09 14:10:00","sch_arrivaltime":"12:52","sch_departuretime":"12:52","actual_arrivaltime":"","actual_departuretime":"","sch_tripstarttime":"12:20","sch_tripendtime":"12:20","lastlocationid":0,"currentlocationid":21042,"nextlocationid":0,"currentstop":null,"nextstop":null,"laststop":null,"stopCoveredStatus":0,"heading":189,"lastrefreshon":"09-03-2024 13:54:34","lastreceiveddatetimeflag":0,"tripposition":3}]},{"routeid":7893,"stationid":24016,"stationname":"Yeshawanthapura Bus Station","from":"Mysore Road Bus Station","to":"Yeshawanthapura Bus Station","routeno":"410-FA YTTMC-MRBS","distance_on_station":15,"centerlat":13.01771,"centerlong":77.55657,"responsecode":200,"isnotify":0,"vehicleDetails":[{"vehicleid":11742,"vehiclenumber":"KA57F3057","servicetypeid":72,"servicetype":"Non AC/Ordinary","centerlat":12.953846,"centerlong":77.544037,"eta":"2024-03-09 14:11:00","sch_arrivaltime":"12:57","sch_departuretime":"12:57","actual_arrivaltime":"","actual_departuretime":"","sch_tripstarttime":"12:20","sch_tripendtime":"12:20","lastlocationid":0,"currentlocationid":21042,"nextlocationid":0,"currentstop":null,"nextstop":null,"laststop":null,"stopCoveredStatus":0,"heading":189,"lastrefreshon":"09-03-2024 13:54:34","lastreceiveddatetimeflag":0,"tripposition":1}]}],"mapData":[{"vehicleid":11742,"vehiclenumber":"KA57F3057","servicetypeid":72,"servicetype":"Non AC/Ordinary","centerlat":12.953846,"centerlong":77.544037,"eta":"2024-03-09 14:11:00","sch_arrivaltime":"12:57","sch_departuretime":"12:57","actual_arrivaltime":"","actual_departuretime":"","sch_tripstarttime":"12:20","sch_tripendtime":"12:20","lastlocationid":0,"currentlocationid":21042,"nextlocationid":0,"currentstop":null,"nextstop":null,"laststop":null,"stopCoveredStatus":0,"heading":189,"lastrefreshon":"09-03-2024 13:54:34","lastreceiveddatetimeflag":0,"tripposition":1}]},"message":"Success","issuccess":true,"exception":null,"rowCount":0,"responsecode":200}