{"up":{"data":[{"routeid":5211,"stationid":22046,"stationname":"Hosakote Bus Stand (Old)","from":"Hosakote Bus Stand (Old)","to":"Goraguntepalya","routeno":"500-HG","distance_on_station":0,"centerlat":13.0787,"centerlong":77.78774,"responsecode":200,"isnotify":0,"vehicleDetails":[{"vehicleid":20081,"vehiclenumber":"KA57F1975","servicetypeid":72,"servicetype":"Non AC/Ordinary","centerlat":13.031388,"centerlong":77.63031,"eta":"","sch_arrivaltime":"16:05","sch_departuretime":"16:05","actual_arrivaltime":"","actual_departuretime":"","sch_tripstarttime":"16:05","sch_tripendtime":"16:05","lastlocationid":0,"currentlocationid":21528,"nextlocationid":0,"currentstop":null,"nextstop":null,"laststop":null,"stopCoveredStatus":1,"heading":336,"lastrefreshon":"09-03-2024 17:12:21","lastreceiveddatetimeflag":0,"tripposition":1},{"vehicleid":22098,"vehiclenumber":"KA57F4188","servicetypeid":72,"servicetype":"Non AC/Ordinary","centerlat":13.030087,"centerlong":77.630859,"eta":"","sch_arrivaltime":"14:40","sch_departuretime":"14:40","actual_arrivaltime":"","actual_departuretime":"","sch_tripstarttime":"14:40","sch_tripendtime":"14:40","lastlocationid":0,"currentlocationid":21528,"nextlocationid":0,"currentstop":null,"nextstop":null,"laststop":null,"stopCoveredStatus":1,"heading":156,"lastrefreshon":"09-03-2024 17:11:21","lastreceiveddatetimeflag":0,"tripposition":1}]},{"routeid":5211,"stationid":22049,"stationname":"Hosakote Flower Market","from":"Hosakote Bus Stand (Old)","to":"Goraguntepalya","routeno":"500-HG","distance_on_station":0.662,"centerlat":13.07531,"centerlong":77.78639,"responsecode":200,"isnotify":0,"vehicleDetails":[{"vehicleid":20081,"vehiclenumber":"KA57F1975","servicetypeid":72,"servicetype":"Non AC/Ordinary","centerlat":13.031388,"centerlong":77.63031,"eta":"","sch_arrivaltime":"16:06","sch_departuretime":"16:06","actual_arrivaltime":"","actual_departuretime":"","sch_tripstarttime":"16:05","sch_tripendtime":"16:05","lastlocationid":0,"currentlocationid":21528,"nextlocationid":0,"currentstop":null,"nextstop":null,"laststop":null,"stopCoveredStatus":1,"heading":336,"lastrefreshon":"09-03-2024 17:12:21","lastreceiveddatetimeflag":0,"tripposition":3},{"vehicleid":22098,"vehiclenumber":"KA57F4188","servicetypeid":72,"servicetype":"Non AC/Ordinary","centerlat":13.030087,"centerlong":77.630859,"eta":"","sch_arrivaltime":"14:41","sch_departuretime":"14:41","actual_arrivaltime":"","actual_departuretime":"","sch_tripstarttime":"14:40","sch_tripendtime":"14:40","lastlocationid":0,"currentlocationid":21528,"nextlocationid":0,"currentstop":null,"nextstop":null,"laststop":null,"stopCoveredStatus":1,"heading":156,"lastrefreshon":"09-03-2024 17:11:21","lastreceiveddatetimeflag":0,"tripposition":3}]},{"routeid":5211,"stationid":25997,"stationname":"Hosakote K E B Circle","from":"Hosakote Bus Stand (Old)","to":"Goraguntepalya","routeno":"500-HG","distance_on_station":1.044,"centerlat":13.072,"centerlong":77.78705,"responsecode":200,"isnotify":0,"vehicleDetails":[{"vehicleid":20081,"vehiclenumber":"KA57F1975","servicetypeid":72,"servicetype":"Non AC/Ordinary","centerlat":13.031388,"centerlong":77.63031,"eta":"","sch_arrivaltime":"16:07","sch_departuretime":"16:07","actual_arrivaltime":"","actual_departuretime":"","sch_tripstarttime":"16:05","sch_tripendtime":"16:05","lastlocationid":0,"currentlocationid":21528,"nextlocationid":0,"currentstop":null,"nextstop":null,"laststop":null,"stopCoveredStatus":1,"heading":336,"lastrefreshon":"09-03-2024 17:12:21","lastreceiveddatetimeflag":0,"tripposition":3},{"vehicleid":22098,"vehiclenumber":"KA57F4188","servicetypeid":72,"servicetype":"Non AC/Ordinary","centerlat":13.030087,"centerlong":77.630859,"eta":"","sch_arrivaltime":"14:42","sch_departuretime":"14:42","actual_arrivaltime":"","actual_departuretime":"","sch_tripstarttime":"14:40","sch_tripendtime":"14:40","lastlocationid":0,"currentlocationid":21528,"nextlocationid":0,"currentstop":null,"nextstop":null,"laststop":null,"stopCoveredStatus":1,"heading":156,"lastrefreshon":"09-03-2024 17:11:21","lastreceiveddatetimeflag":0,"tripposition":3}]},{"routeid":5211,"stationid":36152,"stationname":"Hosakote Bus Station (TTMC)","from":"Hosakote Bus Stand (Old)","to":"Goraguntepalya","routeno":"500-HG","distance_on_station":1.416,"centerlat":13.07031,"centerlong":77.78468,"responsecode":200,"isnotify":0,"vehicleDetails":[{"vehicleid":20081,"vehiclenumber":"KA57F1975","servicetypeid":72,"servicetype":"Non AC/Ordinary","centerlat":13.031388,"centerlong":77.63031,"eta":"","sch_arrivaltime":"16:10","sch_departuretime":"16:10","actual_arrivaltime":"16:19","actual_departuretime":"16:19","sch_tripstarttime":"16:05","sch_tripendtime":"16:05","lastlocationid":0,"currentlocationid":21528,"nextlocationid":0,"currentstop":null,"nextstop":null,"laststop":null,"stopCoveredStatus":1,"heading":336,"lastrefreshon":"09-03-2024 17:12:21","lastreceiveddatetimeflag":0,"tripposition":1},{"vehicleid":22098,"vehiclenumber":"KA57F4188","servicetypeid":72,"servicetype":"Non AC/Ordinary","centerlat":13.030087,"centerlong":77.630859,"eta":"","sch_arrivaltime":"14:45","sch_departuretime":"14:45","actual_arrivaltime":"14:25","actual_departuretime":"14:25","sch_tripstarttime":"14:40","sch_tripendtime":"14:40","lastlocationid":0,"currentlocationid":21528,"nextlocationid":0,"currentstop":null,"nextstop":null,"laststop":null,"stopCoveredStatus":1,"heading":156,"lastrefreshon":"09-03-2024 17:11:21","lastreceiveddatetimeflag":0,"tripposition":1}]},{"routeid":5211,"stationid":22051,"stationname":"Hosakote High School","from":"Hosakote Bus Stand (Old)","to":"Goraguntepalya","routeno":"500-HG","distance_on_station":1.551,"centerlat":13.07012,"centerlong":77.78375,"responsecode":200,"isnotify":0,"vehicleDetails":[{"vehicleid":20081,"vehiclenumber":"KA57F1975","servicetypeid":72,"servicetype":"Non AC/Ordinary","centerlat":13.031388,"centerlong":77.63031,"eta":"","sch_arrivaltime":"16:13","sch_departuretime":"16:13","actual_arrivaltime":"16:19","actual_departuretime":"16:20","sch_tripstarttime":"16:05","sch_tripendtime":"16:05","lastlocationid":0,"currentlocationid":21528,"nextlocationid":0,"currentstop":null,"nextstop":null,"laststop":null,"stopCoveredStatus":1,"heading":336,"lastrefreshon":"09-03-2024 17:12:21","lastreceiveddatetimeflag":0,"tripposition":1},{"vehicleid":22098,"vehiclenumber":"KA57F4188","servicetypeid":72,"servicetype":"Non AC/Ordinary","centerlat":13.030087,"centerlong":77.630859,"eta":"","sch_arrivaltime":"14:48","sch_departuretime":"14:48","actual_arrivaltime":"14:25","actual_departuretime":"14:25","sch_tripstarttime":"14:40","sch_tripendtime":"14:40","lastlocationid":0,"currentlocationid":21528,"nextlocationid":0,"currentstop":null,"nextstop":null,"laststop":null,"stopCoveredStatus":1,"heading":156,"lastrefreshon":"09-03-2024 17:11:21","lastreceiveddatetimeflag":0,"tripposition":1}]},{"routeid":5211,"stationid":22057,"stationname":"Hosakote Toll","from":"Hosakote Bus Stand (Old)","to":"Goraguntepalya","routeno":"500-HG","distance_on_station":3.473,"centerlat":13.0594,"centerlong":77.77087,"responsecode":200,"isnotify":0,"vehicleDetails":[{"vehicleid":22098,"vehiclenumber":"KA57F4188","servicetypeid":72,"servicetype":"Non AC/Ordinary","centerlat":13.030087,"centerlong":77.630859,"eta":"","sch_arrivaltime":"14:51","sch_departuretime":"14:51","actual_arrivaltime":"14:30","actual_departuretime":"14:30","sch_tripstarttime":"14:40","sch_tripendtime":"14:40","lastlocationid":0,"currentlocationid":21528,"nextlocationid":0,"currentstop":null,"nextstop":null,"laststop":null,"stopCoveredStatus":1,"heading":156,"lastrefreshon":"09-03-2024 17:11:21","lastreceiveddatetimeflag":0,"tripposition":1},{"vehicleid":20081,"vehiclenumber":"KA57F1975","servicetypeid":72,"servicetype":"Non AC/Ordinary","centerlat":13.031388,"centerlong":77.63031,"eta":"","sch_arrivaltime":"16:16","sch_departuretime":"16:16","actual_arrivaltime":"16:24","actual_departuretime":"16:24","sch_tripstarttime":"16:05","sch_tripendtime":"16:05","lastlocationid":0,"currentlocationid":21528,"nextlocationid":0,"currentstop":null,"nextstop":null,"laststop":null,"stopCoveredStatus":1,"heading":336,"lastrefreshon":"09-03-2024 17:12:21","lastreceiveddatetimeflag":0,"tripposition":1}]},{"routeid":5211,"stationid":22055,"stationname":"Hosakote Kodi","from":"Hosakote Bus Stand (Old)","to":"Goraguntepalya","routeno":"500-HG","distance_on_station":4.042,"centerlat":13.05627,"centerlong":77.76775,"responsecode":200,"isnotify":0,"vehicleDetails":[{"vehicleid":22098,"vehiclenumber":"KA57F4188","servicetypeid":72,"servicetype":"Non AC/Ordinary","centerlat":13.030087,"centerlong":77.630859,"eta":"","sch_arrivaltime":"14:52","sch_departuretime":"14:52","actual_arrivaltime":"14:32","actual_departuretime":"14:32","sch_tripstarttime":"14:40","sch_tripendtime":"14:40","lastlocationid":0,"currentlocationid":21528,"nextlocationid":0,"currentstop":null,"nextstop":null,"laststop":null,"stopCoveredStatus":1,"heading":156,"lastrefreshon":"09-03-2024 17:11:21","lastreceiveddatetimeflag":0,"tripposition":1},{"vehicleid":20081,"vehiclenumber":"KA57F1975","servicetypeid":72,"servicetype":"Non AC/Ordinary","centerlat":13.031388,"centerlong":77.63031,"eta":"","sch_arrivaltime":"16:17","sch_departuretime":"16:17","actual_arrivaltime":"16:25","actual_departuretime":"16:25","sch_tripstarttime":"16:05","sch_tripendtime":"16:05","lastlocationid":0,"currentlocationid":21528,"nextlocationid":0,"currentstop":null,"nextstop":null,"laststop":null,"stopCoveredStatus":1,"heading":336,"lastrefreshon":"09-03-2024 17:12:21","lastreceiveddatetimeflag":0,"tripposition":1}]},{"routeid":5211,"stationid":22157,"stationname":"Katamanallur Gate","from":"Hosakote Bus Stand (Old)","to":"Goraguntepalya","routeno":"500-HG","distance_on_station":4.703,"centerlat":13.05318,"centerlong":77.76161,"responsecode":200,"isnotify":0,"vehicleDetails":[{"vehicleid":22098,"vehiclenumber":"KA57F4188","servicetypeid":72,"servicetype":"Non AC/Ordinary","centerlat":13.030087,"centerlong":77.630859,"eta":"","sch_arrivaltime":"14:53","sch_departuretime":"14:53","actual_arrivaltime":"14:34","actual_departuretime":"14:35","sch_tripstarttime":"14:40","sch_tripendtime":"14:40","lastlocationid":0,"currentlocationid":21528,"nextlocationid":0,"currentstop":null,"nextstop":null,"laststop":null,"stopCoveredStatus":1,"heading":156,"lastrefreshon":"09-03-2024 17:11:21","lastreceiveddatetimeflag":0,"tripposition":1},{"vehicleid":20081,"vehiclenumber":"KA57F1975","servicetypeid":72,"servicetype":"Non AC/Ordinary","centerlat":13.031388,"centerlong":77.63031,"eta":"","sch_arrivaltime":"16:18","sch_departuretime":"16:18","actual_arrivaltime":"16:27","actual_departuretime":"16:28","sch_tripstarttime":"16:05","sch_tripendtime":"16:05","lastlocationid":0,"currentlocationid":21528,"nextlocationid":0,"currentstop":null,"nextstop":null,"laststop":null,"stopCoveredStatus":1,"heading":336,"lastrefreshon":"09-03-2024 17:12:21","lastreceiveddatetimeflag":0,"tripposition":1}]},{"routeid":5211,"stationid":22455,"stationname":"Sapthagiri Convention Hall","from":"Hosakote Bus Stand (Old)","to":"Goraguntepalya","routeno":"500-HG","distance_on_station":5.417,"centerlat":13.05027,"centerlong":77.75648,"responsecode":200,"isnotify":0,"vehicleDetails":[{"vehicleid":22098,"vehiclenumber":"KA57F4188","servicetypeid":72,"servicetype":"Non AC/Ordinary","centerlat":13.030087,"centerlong":77.630859,"eta":"","sch_arrivaltime":"14:55","sch_departuretime":"14:55","actual_arrivaltime":"14:36","actual_departuretime":"14:36","sch_tripstarttime":"14:40","sch_tripendtime":"14:40","lastlocationid":0,"currentlocationid":21528,"nextlocationid":0,"currentstop":null,"nextstop":null,"laststop":null,"stopCoveredStatus":1,"heading":156,"lastrefreshon":"09-03-2024 17:11:21","lastreceiveddatetimeflag":0,"tripposition":1},{"vehicleid":20081,"vehiclenumber":"KA57F1975","servicetypeid":72,"servicetype":"Non AC/Ordinary","centerlat":13.031388,"centerlong":77.63031,"eta":"","sch_arrivaltime":"16:20","sch_departuretime":"16:20","actual_arrivaltime":"16:29","actual_departuretime":"16:29","sch_tripstarttime":"16:05","sch_tripendtime":"16:05","lastlocationid":0,"currentlocationid":21528,"nextlocationid":0,"currentstop":null,"nextstop":null,"laststop":null,"stopCoveredStatus":1,"heading":336,"lastrefreshon":"09-03-2024 17:12:21","lastreceiveddatetimeflag":0,"tripposition":1}]},{"routeid":5211,"stationid":21790,"stationname":"Budigere Cross","from":"Hosakote Bus Stand (Old)","to":"Goraguntepalya","routeno":"500-HG","distance_on_station":6.244,"centerlat":13.04603,"centerlong":77.75054,"responsecode":200,"isnotify":0,"vehicleDetails":[{"vehicleid":22098,"vehiclenumber":"KA57F4188","servicetypeid":72,"servicetype":"Non AC/Ordinary","centerlat":13.030087,"centerlong":77.630859,"eta":"","sch_arrivaltime":"14:56","sch_departuretime":"14:56","actual_arrivaltime":"14:38","actual_departuretime":"14:39","sch_tripstarttime":"14:40","sch_tripendtime":"14:40","lastlocationid":0,"currentlocationid":21528,"nextlocationid":0,"currentstop":null,"nextstop":null,"laststop":null,"stopCoveredStatus":1,"heading":156,"lastrefreshon":"09-03-2024 17:11:21","lastreceiveddatetimeflag":0,"tripposition":1},{"vehicleid":20081,"vehiclenumber":"KA57F1975","servicetypeid":72,"servicetype":"Non AC/Ordinary","centerlat":13.031388,"centerlong":77.63031,"eta":"","sch_arrivaltime":"16:21","sch_departuretime":"16:21","actual_arrivaltime":"16:30","actual_departuretime":"16:31","sch_tripstarttime":"16:05","sch_tripendtime":"16:05","lastlocationid":0,"currentlocationid":21528,"nextlocationid":0,"currentstop":null,"nextstop":null,"laststop":null,"stopCoveredStatus":1,"heading":336,"lastrefreshon":"09-03-2024 17:12:21","lastreceiveddatetimeflag":0,"tripposition":1}]},{"routeid":5211,"stationid":21714,"stationname":"Bandapura Gate","from":"Hosakote Bus Stand (Old)","to":"Goraguntepalya","routeno":"500-HG","distance_on_station":7.122,"centerlat":13.04174,"centerlong":77.74453,"responsecode":200,"isnotify":0,"vehicleDetails":[{"vehicleid":22098,"vehiclenumber":"KA57F4188","servicetypeid":72,"servicetype":"Non AC/Ordinary","centerlat":13.030087,"centerlong":77.630859,"eta":"","sch_arrivaltime":"14:57","sch_departuretime":"14:57","actual_arrivaltime":"14:40","actual_departuretime":"14:40","sch_tripstarttime":"14:40","sch_tripendtime":"14:40","lastlocationid":0,"currentlocationid":21528,"nextlocationid":0,"currentstop":null,"nextstop":null,"laststop":null,"stopCoveredStatus":1,"heading":156,"lastrefreshon":"09-03-2024 17:11:21","lastreceiveddatetimeflag":0,"tripposition":1},{"vehicleid":20081,"vehiclenumber":"KA57F1975","servicetypeid":72,"servicetype":"Non AC/Ordinary","centerlat":13.031388,"centerlong":77.63031,"eta":"","sch_arrivaltime":"16:22","sch_departuretime":"16:22","actual_arrivaltime":"16:33","actual_departuretime":"16:33","sch_tripstarttime":"16:05","sch_tripendtime":"16:05","lastlocationid":0,"currentlocationid":21528,"nextlocationid":0,"currentstop":null,"nextstop":null,"laststop":null,"stopCoveredStatus":1,"heading":336,"lastrefreshon":"09-03-2024 17:12:21","lastreceiveddatetimeflag":0,"tripposition":1}]},{"routeid":5211,"stationid":21830,"stationname":"Cheemasandra Gate","from":"Hosakote Bus Stand (Old)","to":"Goraguntepalya","routeno":"500-HG","distance_on_station":7.65,"centerlat":13.03878,"centerlong":77.74042,"responsecode":200,"isnotify":0,"vehicleDetails":[{"vehicleid":22098,"vehiclenumber":"KA57F4188","servicetypeid":72,"servicetype":"Non AC/Ordinary","centerlat":13.030087,"centerlong":77.630859,"eta":"","sch_arrivaltime":"14:58","sch_departuretime":"14:58","actual_arrivaltime":"14:41","actual_departuretime":"14:41","sch_tripstarttime":"14:40","sch_tripendtime":"14:40","lastlocationid":0,"currentlocationid":21528,"nextlocationid":0,"currentstop":null,"nextstop":null,"laststop":null,"stopCoveredStatus":1,"heading":156,"lastrefreshon":"09-03-2024 17:11:21","lastreceiveddatetimeflag":0,"tripposition":1},{"vehicleid":20081,"vehiclenumber":"KA57F1975","servicetypeid":72,"servicetype":"Non AC/Ordinary","centerlat":13.031388,"centerlong":77.63031,"eta":"","sch_arrivaltime":"16:23","sch_departuretime":"16:23","actual_arrivaltime":"16:34","actual_departuretime":"16:34","sch_tripstarttime":"16:05","sch_tripendtime":"16:05","lastlocationid":0,"currentlocationid":21528,"nextlocationid":0,"currentstop":null,"nextstop":null,"laststop":null,"stopCoveredStatus":1,"heading":336,"lastrefreshon":"09-03-2024 17:12:21","lastreceiveddatetimeflag":0,"tripposition":1}]},{"routeid":5211,"stationid":21680,"stationname":"Avalahalli Hosakote","from":"Hosakote Bus Stand (Old)","to":"Goraguntepalya","routeno":"500-HG","distance_on_station":8.301,"centerlat":13.0355,"centerlong":77.73575,"responsecode":200,"isnotify":0,"vehicleDetails":[{"vehicleid":22098,"vehiclenumber":"KA57F4188","servicetypeid":72,"servicetype":"Non AC/Ordinary","centerlat":13.030087,"centerlong":77.630859,"eta":"","sch_arrivaltime":"14:59","sch_departuretime":"14:59","actual_arrivaltime":"14:43","actual_departuretime":"14:43","sch_tripstarttime":"14:40","sch_tripendtime":"14:40","lastlocationid":0,"currentlocationid":21528,"nextlocationid":0,"currentstop":null,"nextstop":null,"laststop":null,"stopCoveredStatus":1,"heading":156,"lastrefreshon":"09-03-2024 17:11:21","lastreceiveddatetimeflag":0,"tripposition":1},{"vehicleid":20081,"vehiclenumber":"KA57F1975","servicetypeid":72,"servicetype":"Non AC/Ordinary","centerlat":13.031388,"centerlong":77.63031,"eta":"","sch_arrivaltime":"16:24","sch_departuretime":"16:24","actual_arrivaltime":"16:35","actual_departuretime":"16:36","sch_tripstarttime":"16:05","sch_tripendtime":"16:05","lastlocationid":0,"currentlocationid":21528,"nextlocationid":0,"currentstop":null,"nextstop":null,"laststop":null,"stopCoveredStatus":1,"heading":336,"lastrefreshon":"09-03-2024 17:12:21","lastreceiveddatetimeflag":0,"tripposition":1}]},{"routeid":5211,"stationid":21850,"stationname":"Cipla Avalahalli","from":"Hosakote Bus Stand (Old)","to":"Goraguntepalya","routeno":"500-HG","distance_on_station":8.9,"centerlat":13.03243,"centerlong":77.73148,"responsecode":200,"isnotify":0,"vehicleDetails":[{"vehicleid":22098,"vehiclenumber":"KA57F4188","servicetypeid":72,"servicetype":"Non AC/Ordinary","centerlat":13.030087,"centerlong":77.630859,"eta":"","sch_arrivaltime":"15:00","sch_departuretime":"15:00","actual_arrivaltime":"14:44","actual_departuretime":"14:44","sch_tripstarttime":"14:40","sch_tripendtime":"14:40","lastlocationid":0,"currentlocationid":21528,"nextlocationid":0,"currentstop":null,"nextstop":null,"laststop":null,"stopCoveredStatus":1,"heading":156,"lastrefreshon":"09-03-2024 17:11:21","lastreceiveddatetimeflag":0,"tripposition":1},{"vehicleid":20081,"vehiclenumber":"KA57F1975","servicetypeid":72,"servicetype":"Non AC/Ordinary","centerlat":13.031388,"centerlong":77.63031,"eta":"","sch_arrivaltime":"16:25","sch_departuretime":"16:25","actual_arrivaltime":"","actual_departuretime":"","sch_tripstarttime":"16:05","sch_tripendtime":"16:05","lastlocationid":0,"currentlocationid":21528,"nextlocationid":0,"currentstop":null,"nextstop":null,"laststop":null,"stopCoveredStatus":1,"heading":336,"lastrefreshon":"09-03-2024 17:12:21","lastreceiveddatetimeflag":0,"tripposition":3}]},{"routeid":5211,"stationid":28932,"stationname":"Medahalli","from":"Hosakote Bus Stand (Old)","to":"Goraguntepalya","routeno":"500-HG","distance_on_station":10.286,"centerlat":13.02597,"centerlong":77.72036,"responsecode":200,"isnotify":0,"vehicleDetails":[{"vehicleid":22098,"vehiclenumber":"KA57F4188","servicetypeid":72,"servicetype":"Non AC/Ordinary","centerlat":13.030087,"centerlong":77.630859,"eta":"","sch_arrivaltime":"15:02","sch_departuretime":"15:02","actual_arrivaltime":"14:47","actual_departuretime":"14:47","sch_tripstarttime":"14:40","sch_tripendtime":"14:40","lastlocationid":0,"currentlocationid":21528,"nextlocationid":0,"currentstop":null,"nextstop":null,"laststop":null,"stopCoveredStatus":1,"heading":156,"lastrefreshon":"09-03-2024 17:11:21","lastreceiveddatetimeflag":0,"tripposition":1},{"vehicleid":20081,"vehiclenumber":"KA57F1975","servicetypeid":72,"servicetype":"Non AC/Ordinary","centerlat":13.031388,"centerlong":77.63031,"eta":"","sch_arrivaltime":"16:27","sch_departuretime":"16:27","actual_arrivaltime":"16:40","actual_departuretime":"16:40","sch_tripstarttime":"16:05","sch_tripendtime":"16:05","lastlocationid":0,"currentlocationid":21528,"nextlocationid":0,"currentstop":null,"nextstop":null,"laststop":null,"stopCoveredStatus":1,"heading":336,"lastrefreshon":"09-03-2024 17:12:21","lastreceiveddatetimeflag":0,"tripposition":1}]},{"routeid":5211,"stationid":22495,"stationname":"SJES College","from":"Hosakote Bus Stand (Old)","to":"Goraguntepalya","routeno":"500-HG","distance_on_station":10.989,"centerlat":13.023,"centerlong":77.715,"responsecode":200,"isnotify":0,"vehicleDetails":[{"vehicleid":22098,"vehiclenumber":"KA57F4188","servicetypeid":72,"servicetype":"Non AC/Ordinary","centerlat":13.030087,"centerlong":77.630859,"eta":"","sch_arrivaltime":"15:03","sch_departuretime":"15:03","actual_arrivaltime":"14:48","actual_departuretime":"14:48","sch_tripstarttime":"14:40","sch_tripendtime":"14:40","lastlocationid":0,"currentlocationid":21528,"nextlocationid":0,"currentstop":null,"nextstop":null,"laststop":null,"stopCoveredStatus":1,"heading":156,"lastrefreshon":"09-03-2024 17:11:21","lastreceiveddatetimeflag":0,"tripposition":1},{"vehicleid":20081,"vehiclenumber":"KA57F1975","servicetypeid":72,"servicetype":"Non AC/Ordinary","centerlat":13.031388,"centerlong":77.63031,"eta":"","sch_arrivaltime":"16:28","sch_departuretime":"16:28","actual_arrivaltime":"16:42","actual_departuretime":"16:42","sch_tripstarttime":"16:05","sch_tripendtime":"16:05","lastlocationid":0,"currentlocationid":21528,"nextlocationid":0,"currentstop":null,"nextstop":null,"laststop":null,"stopCoveredStatus":1,"heading":336,"lastrefreshon":"09-03-2024 17:12:21","lastreceiveddatetimeflag":0,"tripposition":1}]},{"routeid":5211,"stationid":21755,"stationname":"Bhattarahalli","from":"Hosakote Bus Stand (Old)","to":"Goraguntepalya","routeno":"500-HG","distance_on_station":11.816,"centerlat":13.01951,"centerlong":77.70898,"responsecode":200,"isnotify":0,"vehicleDetails":[{"vehicleid":22098,"vehiclenumber":"KA57F4188","servicetypeid":72,"servicetype":"Non AC/Ordinary","centerlat":13.030087,"centerlong":77.630859,"eta":"","sch_arrivaltime":"15:05","sch_departuretime":"15:05","actual_arrivaltime":"14:50","actual_departuretime":"14:54","sch_tripstarttime":"14:40","sch_tripendtime":"14:40","lastlocationid":0,"currentlocationid":21528,"nextlocationid":0,"currentstop":null,"nextstop":null,"laststop":null,"stopCoveredStatus":1,"heading":156,"lastrefreshon":"09-03-2024 17:11:21","lastreceiveddatetimeflag":0,"tripposition":1},{"vehicleid":20081,"vehiclenumber":"KA57F1975","servicetypeid":72,"servicetype":"Non AC/Ordinary","centerlat":13.031388,"centerlong":77.63031,"eta":"","sch_arrivaltime":"16:30","sch_departuretime":"16:30","actual_arrivaltime":"16:44","actual_departuretime":"16:44","sch_tripstarttime":"16:05","sch_tripendtime":"16:05","lastlocationid":0,"currentlocationid":21528,"nextlocationid":0,"currentstop":null,"nextstop":null,"laststop":null,"stopCoveredStatus":1,"heading":336,"lastrefreshon":"09-03-2024 17:12:21","lastreceiveddatetimeflag":0,"tripposition":1}]},{"routeid":5211,"stationid":22535,"stationname":"TC Palya  Gate Hosakote Road","from":"Hosakote Bus Stand (Old)","to":"Goraguntepalya","routeno":"500-HG","distance_on_station":12.394,"centerlat":13.01705,"centerlong":77.7045,"responsecode":200,"isnotify":0,"vehicleDetails":[{"vehicleid":22098,"vehiclenumber":"KA57F4188","servicetypeid":72,"servicetype":"Non AC/Ordinary","centerlat":13.030087,"centerlong":77.630859,"eta":"","sch_arrivaltime":"15:06","sch_departuretime":"15:06","actual_arrivaltime":"14:56","actual_departuretime":"14:56","sch_tripstarttime":"14:40","sch_tripendtime":"14:40","lastlocationid":0,"currentlocationid":21528,"nextlocationid":0,"currentstop":null,"nextstop":null,"laststop":null,"stopCoveredStatus":1,"heading":156,"lastrefreshon":"09-03-2024 17:11:21","lastreceiveddatetimeflag":0,"tripposition":1},{"vehicleid":20081,"vehiclenumber":"KA57F1975","servicetypeid":72,"servicetype":"Non AC/Ordinary","centerlat":13.031388,"centerlong":77.63031,"eta":"","sch_arrivaltime":"16:31","sch_departuretime":"16:31","actual_arrivaltime":"16:46","actual_departuretime":"16:46","sch_tripstarttime":"16:05","sch_tripendtime":"16:05","lastlocationid":0,"currentlocationid":21528,"nextlocationid":0,"currentstop":null,"nextstop":null,"laststop":null,"stopCoveredStatus":1,"heading":336,"lastrefreshon":"09-03-2024 17:12:21","lastreceiveddatetimeflag":0,"tripposition":1}]},{"routeid":5211,"stationid":22202,"stationname":"KR Pura Extension","from":"Hosakote Bus Stand (Old)","to":"Goraguntepalya","routeno":"500-HG","distance_on_station":13.346,"centerlat":13.01143,"centerlong":77.69869,"responsecode":200,"isnotify":0,"vehicleDetails":[{"vehicleid":22098,"vehiclenumber":"KA57F4188","servicetypeid":72,"servicetype":"Non AC/Ordinary","centerlat":13.030087,"centerlong":77.630859,"eta":"","sch_arrivaltime":"15:07","sch_departuretime":"15:07","actual_arrivaltime":"14:58","actual_departuretime":"14:58","sch_tripstarttime":"14:40","sch_tripendtime":"14:40","lastlocationid":0,"currentlocationid":21528,"nextlocationid":0,"currentstop":null,"nextstop":null,"laststop":null,"stopCoveredStatus":1,"heading":156,"lastrefreshon":"09-03-2024 17:11:21","lastreceiveddatetimeflag":0,"tripposition":1},{"vehicleid":20081,"vehiclenumber":"KA57F1975","servicetypeid":72,"servicetype":"Non AC/Ordinary","centerlat":13.031388,"centerlong":77.63031,"eta":"","sch_arrivaltime":"16:32","sch_departuretime":"16:32","actual_arrivaltime":"16:48","actual_departuretime":"16:48","sch_tripstarttime":"16:05","sch_tripendtime":"16:05","lastlocationid":0,"currentlocationid":21528,"nextlocationid":0,"currentstop":null,"nextstop":null,"laststop":null,"stopCoveredStatus":1,"heading":336,"lastrefreshon":"09-03-2024 17:12:21","lastreceiveddatetimeflag":0,"tripposition":1}]},{"routeid":5211,"stationid":22206,"stationname":"KR Pura Market","from":"Hosakote Bus Stand (Old)","to":"Goraguntepalya","routeno":"500-HG","distance_on_station":13.893,"centerlat":13.00821,"centerlong":77.69535,"responsecode":200,"isnotify":0,"vehicleDetails":[{"vehicleid":22098,"vehiclenumber":"KA57F4188","servicetypeid":72,"servicetype":"Non AC/Ordinary","centerlat":13.030087,"centerlong":77.630859,"eta":"","sch_arrivaltime":"15:08","sch_departuretime":"15:08","actual_arrivaltime":"14:59","actual_departuretime":"15:00","sch_tripstarttime":"14:40","sch_tripendtime":"14:40","lastlocationid":0,"currentlocationid":21528,"nextlocationid":0,"currentstop":null,"nextstop":null,"laststop":null,"stopCoveredStatus":1,"heading":156,"lastrefreshon":"09-03-2024 17:11:21","lastreceiveddatetimeflag":0,"tripposition":1},{"vehicleid":20081,"vehiclenumber":"KA57F1975","servicetypeid":72,"servicetype":"Non AC/Ordinary","centerlat":13.031388,"centerlong":77.63031,"eta":"","sch_arrivaltime":"16:33","sch_departuretime":"16:33","actual_arrivaltime":"16:49","actual_departuretime":"16:50","sch_tripstarttime":"16:05","sch_tripendtime":"16:05","lastlocationid":0,"currentlocationid":21528,"nextlocationid":0,"currentstop":null,"nextstop":null,"laststop":null,"stopCoveredStatus":1,"heading":336,"lastrefreshon":"09-03-2024 17:12:21","lastreceiveddatetimeflag":0,"tripposition":1}]},{"routeid":5211,"stationid":22204,"stationname":"Krishnaraja Pura Govt Hospital","from":"Hosakote Bus Stand (Old)","to":"Goraguntepalya","routeno":"500-HG","distance_on_station":14.224,"centerlat":13.00804,"centerlong":77.69217,"responsecode":200,"isnotify":0,"vehicleDetails":[{"vehicleid":22098,"vehiclenumber":"KA57F4188","servicetypeid":72,"servicetype":"Non AC/Ordinary","centerlat":13.030087,"centerlong":77.630859,"eta":"","sch_arrivaltime":"15:09","sch_departuretime":"15:09","actual_arrivaltime":"15:01","actual_departuretime":"15:01","sch_tripstarttime":"14:40","sch_tripendtime":"14:40","lastlocationid":0,"currentlocationid":21528,"nextlocationid":0,"currentstop":null,"nextstop":null,"laststop":null,"stopCoveredStatus":1,"heading":156,"lastrefreshon":"09-03-2024 17:11:21","lastreceiveddatetimeflag":0,"tripposition":1},{"vehicleid":20081,"vehiclenumber":"KA57F1975","servicetypeid":72,"servicetype":"Non AC/Ordinary","centerlat":13.031388,"centerlong":77.63031,"eta":"","sch_arrivaltime":"16:34","sch_departuretime":"16:34","actual_arrivaltime":"16:51","actual_departuretime":"16:51","sch_tripstarttime":"16:05","sch_tripendtime":"16:05","lastlocationid":0,"currentlocationid":21528,"nextlocationid":0,"currentstop":null,"nextstop":null,"laststop":null,"stopCoveredStatus":1,"heading":336,"lastrefreshon":"09-03-2024 17:12:21","lastreceiveddatetimeflag":0,"tripposition":1}]},{"routeid":5211,"stationid":21228,"stationname":"Tin Factory","from":"Hosakote Bus Stand (Old)","to":"Goraguntepalya","routeno":"500-HG","distance_on_station":17.212,"centerlat":12.99645,"centerlong":77.66857,"responsecode":200,"isnotify":0,"vehicleDetails":[{"vehicleid":22098,"vehiclenumber":"KA57F4188","servicetypeid":72,"servicetype":"Non AC/Ordinary","centerlat":13.030087,"centerlong":77.630859,"eta":"","sch_arrivaltime":"15:13","sch_departuretime":"15:13","actual_arrivaltime":"15:07","actual_departuretime":"15:09","sch_tripstarttime":"14:40","sch_tripendtime":"14:40","lastlocationid":0,"currentlocationid":21528,"nextlocationid":0,"currentstop":null,"nextstop":null,"laststop":null,"stopCoveredStatus":1,"heading":156,"lastrefreshon":"09-03-2024 17:11:21","lastreceiveddatetimeflag":0,"tripposition":1},{"vehicleid":20081,"vehiclenumber":"KA57F1975","servicetypeid":72,"servicetype":"Non AC/Ordinary","centerlat":13.031388,"centerlong":77.63031,"eta":"","sch_arrivaltime":"16:38","sch_departuretime":"16:38","actual_arrivaltime":"16:55","actual_departuretime":"16:58","sch_tripstarttime":"16:05","sch_tripendtime":"16:05","lastlocationid":0,"currentlocationid":21528,"nextlocationid":0,"currentstop":null,"nextstop":null,"laststop":null,"stopCoveredStatus":1,"heading":336,"lastrefreshon":"09-03-2024 17:12:21","lastreceiveddatetimeflag":0,"tripposition":1}]},{"routeid":5211,"stationid":20915,"stationname":"Kasthurinagara","from":"Hosakote Bus Stand (Old)","to":"Goraguntepalya","routeno":"500-HG","distance_on_station":18.638,"centerlat":13.00397,"centerlong":77.66313,"responsecode":200,"isnotify":0,"vehicleDetails":[{"vehicleid":22098,"vehiclenumber":"KA57F4188","servicetypeid":72,"servicetype":"Non AC/Ordinary","centerlat":13.030087,"centerlong":77.630859,"eta":"","sch_arrivaltime":"15:14","sch_departuretime":"15:14","actual_arrivaltime":"15:12","actual_departuretime":"15:12","sch_tripstarttime":"14:40","sch_tripendtime":"14:40","lastlocationid":0,"currentlocationid":21528,"nextlocationid":0,"currentstop":null,"nextstop":null,"laststop":null,"stopCoveredStatus":1,"heading":156,"lastrefreshon":"09-03-2024 17:11:21","lastreceiveddatetimeflag":0,"tripposition":1},{"vehicleid":20081,"vehiclenumber":"KA57F1975","servicetypeid":72,"servicetype":"Non AC/Ordinary","centerlat":13.031388,"centerlong":77.63031,"eta":"","sch_arrivaltime":"16:39","sch_departuretime":"16:39","actual_arrivaltime":"17:01","actual_departuretime":"17:01","sch_tripstarttime":"16:05","sch_tripendtime":"16:05","lastlocationid":0,"currentlocationid":21528,"nextlocationid":0,"currentstop":null,"nextstop":null,"laststop":null,"stopCoveredStatus":1,"heading":336,"lastrefreshon":"09-03-2024 17:12:21","lastreceiveddatetimeflag":0,"tripposition":1}]},{"routeid":5211,"stationid":22651,"stationname":"B Channasandra Bridge(Ramamurthy Nagara Ring Road)","from":"Hosakote Bus Stand (Old)","to":"Goraguntepalya","routeno":"500-HG","distance_on_station":19.486,"centerlat":13.0112,"centerlong":77.66232,"responsecode":200,"isnotify":0,"vehicleDetails":[{"vehicleid":22098,"vehiclenumber":"KA57F4188","servicetypeid":72,"servicetype":"Non AC/Ordinary","centerlat":13.030087,"centerlong":77.630859,"eta":"","sch_arrivaltime":"15:15","sch_departuretime":"15:15","actual_arrivaltime":"15:14","actual_departuretime":"15:14","sch_tripstarttime":"14:40","sch_tripendtime":"14:40","lastlocationid":0,"currentlocationid":21528,"nextlocationid":0,"currentstop":null,"nextstop":null,"laststop":null,"stopCoveredStatus":1,"heading":156,"lastrefreshon":"09-03-2024 17:11:21","lastreceiveddatetimeflag":0,"tripposition":1},{"vehicleid":20081,"vehiclenumber":"KA57F1975","servicetypeid":72,"servicetype":"Non AC/Ordinary","centerlat":13.031388,"centerlong":77.63031,"eta":"","sch_arrivaltime":"16:40","sch_departuretime":"16:40","actual_arrivaltime":"17:02","actual_departuretime":"17:03","sch_tripstarttime":"16:05","sch_tripendtime":"16:05","lastlocationid":0,"currentlocationid":21528,"nextlocationid":0,"currentstop":null,"nextstop":null,"laststop":null,"stopCoveredStatus":1,"heading":336,"lastrefreshon":"09-03-2024 17:12:21","lastreceiveddatetimeflag":0,"tripposition":1}]},{"routeid":5211,"stationid":21264,"stationname":"Vijaya Bank Colony Ring Road","from":"Hosakote Bus Stand (Old)","to":"Goraguntepalya","routeno":"500-HG","distance_on_station":20.272,"centerlat":13.01695,"centerlong":77.66021,"responsecode":200,"isnotify":0,"vehicleDetails":[{"vehicleid":22098,"vehiclenumber":"KA57F4188","servicetypeid":72,"servicetype":"Non AC/Ordinary","centerlat":13.030087,"centerlong":77.630859,"eta":"","sch_arrivaltime":"15:16","sch_departuretime":"15:16","actual_arrivaltime":"15:15","actual_departuretime":"15:16","sch_tripstarttime":"14:40","sch_tripendtime":"14:40","lastlocationid":0,"currentlocationid":21528,"nextlocationid":0,"currentstop":null,"nextstop":null,"laststop":null,"stopCoveredStatus":1,"heading":156,"lastrefreshon":"09-03-2024 17:11:21","lastreceiveddatetimeflag":0,"tripposition":1},{"vehicleid":20081,"vehiclenumber":"KA57F1975","servicetypeid":72,"servicetype":"Non AC/Ordinary","centerlat":13.031388,"centerlong":77.63031,"eta":"","sch_arrivaltime":"16:41","sch_departuretime":"16:41","actual_arrivaltime":"17:04","actual_departuretime":"17:05","sch_tripstarttime":"16:05","sch_tripendtime":"16:05","lastlocationid":0,"currentlocationid":21528,"nextlocationid":0,"currentstop":null,"nextstop":null,"laststop":null,"stopCoveredStatus":1,"heading":336,"lastrefreshon":"09-03-2024 17:12:21","lastreceiveddatetimeflag":0,"tripposition":1}]},{"routeid":5211,"stationid":20839,"stationname":"Horamavu","from":"Hosakote Bus Stand (Old)","to":"Goraguntepalya","routeno":"500-HG","distance_on_station":20.974,"centerlat":13.01969,"centerlong":77.6539,"responsecode":200,"isnotify":0,"vehicleDetails":[{"vehicleid":22098,"vehiclenumber":"KA57F4188","servicetypeid":72,"servicetype":"Non AC/Ordinary","centerlat":13.030087,"centerlong":77.630859,"eta":"","sch_arrivaltime":"15:17","sch_departuretime":"15:17","actual_arrivaltime":"15:17","actual_departuretime":"15:17","sch_tripstarttime":"14:40","sch_tripendtime":"14:40","lastlocationid":0,"currentlocationid":21528,"nextlocationid":0,"currentstop":null,"nextstop":null,"laststop":null,"stopCoveredStatus":1,"heading":156,"lastrefreshon":"09-03-2024 17:11:21","lastreceiveddatetimeflag":0,"tripposition":1},{"vehicleid":20081,"vehiclenumber":"KA57F1975","servicetypeid":72,"servicetype":"Non AC/Ordinary","centerlat":13.031388,"centerlong":77.63031,"eta":"","sch_arrivaltime":"16:42","sch_departuretime":"16:42","actual_arrivaltime":"17:06","actual_departuretime":"17:06","sch_tripstarttime":"16:05","sch_tripendtime":"16:05","lastlocationid":0,"currentlocationid":21528,"nextlocationid":0,"currentstop":null,"nextstop":null,"laststop":null,"stopCoveredStatus":1,"heading":336,"lastrefreshon":"09-03-2024 17:12:21","lastreceiveddatetimeflag":0,"tripposition":1}]},{"routeid":5211,"stationid":20617,"stationname":"Babusabpalya","from":"Hosakote Bus Stand (Old)","to":"Goraguntepalya","routeno":"500-HG","distance_on_station":21.884,"centerlat":13.0226,"centerlong":77.64702,"responsecode":200,"isnotify":0,"vehicleDetails":[{"vehicleid":22098,"vehiclenumber":"KA57F4188","servicetypeid":72,"servicetype":"Non AC/Ordinary","centerlat":13.030087,"centerlong":77.630859,"eta":"","sch_arrivaltime":"15:18","sch_departuretime":"15:18","actual_arrivaltime":"15:18","actual_departuretime":"15:18","sch_tripstarttime":"14:40","sch_tripendtime":"14:40","lastlocationid":0,"currentlocationid":21528,"nextlocationid":0,"currentstop":null,"nextstop":null,"laststop":null,"stopCoveredStatus":1,"heading":156,"lastrefreshon":"09-03-2024 17:11:21","lastreceiveddatetimeflag":0,"tripposition":1},{"vehicleid":20081,"vehiclenumber":"KA57F1975","servicetypeid":72,"servicetype":"Non AC/Ordinary","centerlat":13.031388,"centerlong":77.63031,"eta":"","sch_arrivaltime":"16:43","sch_departuretime":"16:43","actual_arrivaltime":"17:08","actual_departuretime":"17:08","sch_tripstarttime":"16:05","sch_tripendtime":"16:05","lastlocationid":0,"currentlocationid":21528,"nextlocationid":0,"currentstop":null,"nextstop":null,"laststop":null,"stopCoveredStatus":1,"heading":336,"lastrefreshon":"09-03-2024 17:12:21","lastreceiveddatetimeflag":0,"tripposition":1}]},{"routeid":5211,"stationid":21450,"stationname":"80 feet Road Kalyananagara","from":"Hosakote Bus Stand (Old)","to":"Goraguntepalya","routeno":"500-HG","distance_on_station":22.69,"centerlat":13.02546,"centerlong":77.64042,"responsecode":200,"isnotify":0,"vehicleDetails":[{"vehicleid":22098,"vehiclenumber":"KA57F4188","servicetypeid":72,"servicetype":"Non AC/Ordinary","centerlat":13.030087,"centerlong":77.630859,"eta":"","sch_arrivaltime":"15:19","sch_departuretime":"15:19","actual_arrivaltime":"15:19","actual_departuretime":"15:19","sch_tripstarttime":"14:40","sch_tripendtime":"14:40","lastlocationid":0,"currentlocationid":21528,"nextlocationid":0,"currentstop":null,"nextstop":null,"laststop":null,"stopCoveredStatus":1,"heading":156,"lastrefreshon":"09-03-2024 17:11:21","lastreceiveddatetimeflag":0,"tripposition":1},{"vehicleid":20081,"vehiclenumber":"KA57F1975","servicetypeid":72,"servicetype":"Non AC/Ordinary","centerlat":13.031388,"centerlong":77.63031,"eta":"","sch_arrivaltime":"16:44","sch_departuretime":"16:44","actual_arrivaltime":"17:09","actual_departuretime":"17:09","sch_tripstarttime":"16:05","sch_tripendtime":"16:05","lastlocationid":0,"currentlocationid":21528,"nextlocationid":0,"currentstop":null,"nextstop":null,"laststop":null,"stopCoveredStatus":1,"heading":336,"lastrefreshon":"09-03-2024 17:12:21","lastreceiveddatetimeflag":0,"tripposition":1}]},{"routeid":5211,"stationid":20904,"stationname":"Kalyananagara","from":"Hosakote Bus Stand (Old)","to":"Goraguntepalya","routeno":"500-HG","distance_on_station":22.99,"centerlat":13.0264,"centerlong":77.63642,"responsecode":200,"isnotify":0,"vehicleDetails":[{"vehicleid":22098,"vehiclenumber":"KA57F4188","servicetypeid":72,"servicetype":"Non AC/Ordinary","centerlat":13.030087,"centerlong":77.630859,"eta":"","sch_arrivaltime":"15:20","sch_departuretime":"15:20","actual_arrivaltime":"15:20","actual_departuretime":"15:20","sch_tripstarttime":"14:40","sch_tripendtime":"14:40","lastlocationid":0,"currentlocationid":21528,"nextlocationid":0,"currentstop":null,"nextstop":null,"laststop":null,"stopCoveredStatus":1,"heading":156,"lastrefreshon":"09-03-2024 17:11:21","lastreceiveddatetimeflag":0,"tripposition":1},{"vehicleid":20081,"vehiclenumber":"KA57F1975","servicetypeid":72,"servicetype":"Non AC/Ordinary","centerlat":13.031388,"centerlong":77.63031,"eta":"","sch_arrivaltime":"16:45","sch_departuretime":"16:45","actual_arrivaltime":"17:10","actual_departuretime":"17:10","sch_tripstarttime":"16:05","sch_tripendtime":"16:05","lastlocationid":0,"currentlocationid":21528,"nextlocationid":0,"currentstop":null,"nextstop":null,"laststop":null,"stopCoveredStatus":1,"heading":336,"lastrefreshon":"09-03-2024 17:12:21","lastreceiveddatetimeflag":0,"tripposition":1}]},{"routeid":5211,"stationid":21528,"stationname":"Hennur Junction","from":"Hosakote Bus Stand (Old)","to":"Goraguntepalya","routeno":"500-HG","distance_on_station":23.869,"centerlat":13.02948,"centerlong":77.63125,"responsecode":200,"isnotify":0,"vehicleDetails":[{"vehicleid":22098,"vehiclenumber":"KA57F4188","servicetypeid":72,"servicetype":"Non AC/Ordinary","centerlat":13.030087,"centerlong":77.630859,"eta":"","sch_arrivaltime":"15:21","sch_departuretime":"15:21","actual_arrivaltime":"15:21","actual_departuretime":"15:21","sch_tripstarttime":"14:40","sch_tripendtime":"14:40","lastlocationid":0,"currentlocationid":21528,"nextlocationid":0,"currentstop":null,"nextstop":null,"laststop":null,"stopCoveredStatus":1,"heading":156,"lastrefreshon":"09-03-2024 17:11:21","lastreceiveddatetimeflag":0,"tripposition":1},{"vehicleid":20081,"vehiclenumber":"KA57F1975","servicetypeid":72,"servicetype":"Non AC/Ordinary","centerlat":13.031388,"centerlong":77.63031,"eta":"2024-03-09 17:13:00","sch_arrivaltime":"16:46","sch_departuretime":"16:46","actual_arrivaltime":"","actual_departuretime":"","sch_tripstarttime":"16:05","sch_tripendtime":"16:05","lastlocationid":0,"currentlocationid":21528,"nextlocationid":0,"currentstop":null,"nextstop":null,"laststop":null,"stopCoveredStatus":0,"heading":336,"lastrefreshon":"09-03-2024 17:12:21","lastreceiveddatetimeflag":0,"tripposition":3}]},{"routeid":5211,"stationid":20816,"stationname":"HBR Layout","from":"Hosakote Bus Stand (Old)","to":"Goraguntepalya","routeno":"500-HG","distance_on_station":24.572,"centerlat":13.035,"centerlong":77.62849,"responsecode":200,"isnotify":0,"vehicleDetails":[{"vehicleid":22098,"vehiclenumber":"KA57F4188","servicetypeid":72,"servicetype":"Non AC/Ordinary","centerlat":13.030087,"centerlong":77.630859,"eta":"","sch_arrivaltime":"15:22","sch_departuretime":"15:22","actual_arrivaltime":"17:09","actual_departuretime":"17:10","sch_tripstarttime":"14:40","sch_tripendtime":"14:40","lastlocationid":0,"currentlocationid":21528,"nextlocationid":0,"currentstop":null,"nextstop":null,"laststop":null,"stopCoveredStatus":1,"heading":156,"lastrefreshon":"09-03-2024 17:11:21","lastreceiveddatetimeflag":0,"tripposition":1},{"vehicleid":20081,"vehiclenumber":"KA57F1975","servicetypeid":72,"servicetype":"Non AC/Ordinary","centerlat":13.031388,"centerlong":77.63031,"eta":"2024-03-09 17:14:00","sch_arrivaltime":"16:47","sch_departuretime":"16:47","actual_arrivaltime":"","actual_departuretime":"","sch_tripstarttime":"16:05","sch_tripendtime":"16:05","lastlocationid":0,"currentlocationid":21528,"nextlocationid":0,"currentstop":null,"nextstop":null,"laststop":null,"stopCoveredStatus":0,"heading":336,"lastrefreshon":"09-03-2024 17:12:21","lastreceiveddatetimeflag":0,"tripposition":3}]},{"routeid":5211,"stationid":20885,"stationname":"Nagawara Junction","from":"Hosakote Bus Stand (Old)","to":"Goraguntepalya","routeno":"500-HG","distance_on_station":25.358,"centerlat":13.04046,"centerlong":77.62408,"responsecode":200,"isnotify":0,"vehicleDetails":[{"vehicleid":22098,"vehiclenumber":"KA57F4188","servicetypeid":72,"servicetype":"Non AC/Ordinary","centerlat":13.030087,"centerlong":77.630859,"eta":"","sch_arrivaltime":"15:24","sch_departuretime":"15:24","actual_arrivaltime":"15:25","actual_departuretime":"15:26","sch_tripstarttime":"14:40","sch_tripendtime":"14:40","lastlocationid":0,"currentlocationid":21528,"nextlocationid":0,"currentstop":null,"nextstop":null,"laststop":null,"stopCoveredStatus":0,"heading":156,"lastrefreshon":"09-03-2024 17:11:21","lastreceiveddatetimeflag":0,"tripposition":1},{"vehicleid":20081,"vehiclenumber":"KA57F1975","servicetypeid":72,"servicetype":"Non AC/Ordinary","centerlat":13.031388,"centerlong":77.63031,"eta":"2024-03-09 17:15:00","sch_arrivaltime":"16:49","sch_departuretime":"16:49","actual_arrivaltime":"","actual_departuretime":"","sch_tripstarttime":"16:05","sch_tripendtime":"16:05","lastlocationid":0,"currentlocationid":21528,"nextlocationid":0,"currentstop":null,"nextstop":null,"laststop":null,"stopCoveredStatus":0,"heading":336,"lastrefreshon":"09-03-2024 17:12:21","lastreceiveddatetimeflag":0,"tripposition":3}]},{"routeid":5211,"stationid":20999,"stationname":"Manyatha Tech Park","from":"Hosakote Bus Stand (Old)","to":"Goraguntepalya","routeno":"500-HG","distance_on_station":25.73,"centerlat":13.04109,"centerlong":77.61995,"responsecode":200,"isnotify":0,"vehicleDetails":[{"vehicleid":22098,"vehiclenumber":"KA57F4188","servicetypeid":72,"servicetype":"Non AC/Ordinary","centerlat":13.030087,"centerlong":77.630859,"eta":"","sch_arrivaltime":"15:25","sch_departuretime":"15:25","actual_arrivaltime":"17:07","actual_departuretime":"17:07","sch_tripstarttime":"14:40","sch_tripendtime":"14:40","lastlocationid":0,"currentlocationid":21528,"nextlocationid":0,"currentstop":null,"nextstop":null,"laststop":null,"stopCoveredStatus":0,"heading":156,"lastrefreshon":"09-03-2024 17:11:21","lastreceiveddatetimeflag":0,"tripposition":1},{"vehicleid":20081,"vehiclenumber":"KA57F1975","servicetypeid":72,"servicetype":"Non AC/Ordinary","centerlat":13.031388,"centerlong":77.63031,"eta":"2024-03-09 17:16:00","sch_arrivaltime":"16:50","sch_departuretime":"16:50","actual_arrivaltime":"","actual_departuretime":"","sch_tripstarttime":"16:05","sch_tripendtime":"16:05","lastlocationid":0,"currentlocationid":21528,"nextlocationid":0,"currentstop":null,"nextstop":null,"laststop":null,"stopCoveredStatus":0,"heading":336,"lastrefreshon":"09-03-2024 17:12:21","lastreceiveddatetimeflag":0,"tripposition":3}]},{"routeid":5211,"stationid":21252,"stationname":"Veerannapalya","from":"Hosakote Bus Stand (Old)","to":"Goraguntepalya","routeno":"500-HG","distance_on_station":26.608,"centerlat":13.04214,"centerlong":77.61359,"responsecode":200,"isnotify":0,"vehicleDetails":[{"vehicleid":22098,"vehiclenumber":"KA57F4188","servicetypeid":72,"servicetype":"Non AC/Ordinary","centerlat":13.030087,"centerlong":77.630859,"eta":"","sch_arrivaltime":"15:27","sch_departuretime":"15:27","actual_arrivaltime":"15:27","actual_departuretime":"15:28","sch_tripstarttime":"14:40","sch_tripendtime":"14:40","lastlocationid":0,"currentlocationid":21528,"nextlocationid":0,"currentstop":null,"nextstop":null,"laststop":null,"stopCoveredStatus":0,"heading":156,"lastrefreshon":"09-03-2024 17:11:21","lastreceiveddatetimeflag":0,"tripposition":1},{"vehicleid":20081,"vehiclenumber":"KA57F1975","servicetypeid":72,"servicetype":"Non AC/Ordinary","centerlat":13.031388,"centerlong":77.63031,"eta":"2024-03-09 17:17:00","sch_arrivaltime":"16:52","sch_departuretime":"16:52","actual_arrivaltime":"","actual_departuretime":"","sch_tripstarttime":"16:05","sch_tripendtime":"16:05","lastlocationid":0,"currentlocationid":21528,"nextlocationid":0,"currentstop":null,"nextstop":null,"laststop":null,"stopCoveredStatus":0,"heading":336,"lastrefreshon":"09-03-2024 17:12:21","lastreceiveddatetimeflag":0,"tripposition":3}]},{"routeid":5211,"stationid":20920,"stationname":"Kempapura","from":"Hosakote Bus Stand (Old)","to":"Goraguntepalya","routeno":"500-HG","distance_on_station":28.097,"centerlat":13.0436,"centerlong":77.60121,"responsecode":200,"isnotify":0,"vehicleDetails":[{"vehicleid":22098,"vehiclenumber":"KA57F4188","servicetypeid":72,"servicetype":"Non AC/Ordinary","centerlat":13.030087,"centerlong":77.630859,"eta":"","sch_arrivaltime":"15:30","sch_departuretime":"15:30","actual_arrivaltime":"15:31","actual_departuretime":"15:31","sch_tripstarttime":"14:40","sch_tripendtime":"14:40","lastlocationid":0,"currentlocationid":21528,"nextlocationid":0,"currentstop":null,"nextstop":null,"laststop":null,"stopCoveredStatus":0,"heading":156,"lastrefreshon":"09-03-2024 17:11:21","lastreceiveddatetimeflag":0,"tripposition":1},{"vehicleid":20081,"vehiclenumber":"KA57F1975","servicetypeid":72,"servicetype":"Non AC/Ordinary","centerlat":13.031388,"centerlong":77.63031,"eta":"2024-03-09 17:20:00","sch_arrivaltime":"16:55","sch_departuretime":"16:55","actual_arrivaltime":"","actual_departuretime":"","sch_tripstarttime":"16:05","sch_tripendtime":"16:05","lastlocationid":0,"currentlocationid":21528,"nextlocationid":0,"currentstop":null,"nextstop":null,"laststop":null,"stopCoveredStatus":0,"heading":336,"lastrefreshon":"09-03-2024 17:12:21","lastreceiveddatetimeflag":0,"tripposition":3}]},{"routeid":5211,"stationid":21527,"stationname":"Hebbala Bridge","from":"Hosakote Bus Stand (Old)","to":"Goraguntepalya","routeno":"500-HG","distance_on_station":29.41,"centerlat":13.04274,"centerlong":77.58967,"responsecode":200,"isnotify":0,"vehicleDetails":[{"vehicleid":22098,"vehiclenumber":"KA57F4188","servicetypeid":72,"servicetype":"Non AC/Ordinary","centerlat":13.030087,"centerlong":77.630859,"eta":"","sch_arrivaltime":"15:32","sch_departuretime":"15:32","actual_arrivaltime":"15:35","actual_departuretime":"15:36","sch_tripstarttime":"14:40","sch_tripendtime":"14:40","lastlocationid":0,"currentlocationid":21528,"nextlocationid":0,"currentstop":null,"nextstop":null,"laststop":null,"stopCoveredStatus":0,"heading":156,"lastrefreshon":"09-03-2024 17:11:21","lastreceiveddatetimeflag":0,"tripposition":1},{"vehicleid":20081,"vehiclenumber":"KA57F1975","servicetypeid":72,"servicetype":"Non AC/Ordinary","centerlat":13.031388,"centerlong":77.63031,"eta":"2024-03-09 17:23:00","sch_arrivaltime":"16:57","sch_departuretime":"16:57","actual_arrivaltime":"","actual_departuretime":"","sch_tripstarttime":"16:05","sch_tripendtime":"16:05","lastlocationid":0,"currentlocationid":21528,"nextlocationid":0,"currentstop":null,"nextstop":null,"laststop":null,"stopCoveredStatus":0,"heading":336,"lastrefreshon":"09-03-2024 17:12:21","lastreceiveddatetimeflag":0,"tripposition":3}]},{"routeid":5211,"stationid":20659,"stationname":"Bhadrappa Layout","from":"Hosakote Bus Stand (Old)","to":"Goraguntepalya","routeno":"500-HG","distance_on_station":31.105,"centerlat":13.0472,"centerlong":77.57339,"responsecode":200,"isnotify":0,"vehicleDetails":[{"vehicleid":22098,"vehiclenumber":"KA57F4188","servicetypeid":72,"servicetype":"Non AC/Ordinary","centerlat":13.030087,"centerlong":77.630859,"eta":"","sch_arrivaltime":"15:34","sch_departuretime":"15:34","actual_arrivaltime":"15:39","actual_departuretime":"15:39","sch_tripstarttime":"14:40","sch_tripendtime":"14:40","lastlocationid":0,"currentlocationid":21528,"nextlocationid":0,"currentstop":null,"nextstop":null,"laststop":null,"stopCoveredStatus":0,"heading":156,"lastrefreshon":"09-03-2024 17:11:21","lastreceiveddatetimeflag":0,"tripposition":1},{"vehicleid":20081,"vehiclenumber":"KA57F1975","servicetypeid":72,"servicetype":"Non AC/Ordinary","centerlat":13.031388,"centerlong":77.63031,"eta":"2024-03-09 17:26:00","sch_arrivaltime":"16:59","sch_departuretime":"16:59","actual_arrivaltime":"","actual_departuretime":"","sch_tripstarttime":"16:05","sch_tripendtime":"16:05","lastlocationid":0,"currentlocationid":21528,"nextlocationid":0,"currentstop":null,"nextstop":null,"laststop":null,"stopCoveredStatus":0,"heading":336,"lastrefreshon":"09-03-2024 17:12:21","lastreceiveddatetimeflag":0,"tripposition":3}]},{"routeid":5211,"stationid":20758,"stationname":"Devinagara Cross","from":"Hosakote Bus Stand (Old)","to":"Goraguntepalya","routeno":"500-HG","distance_on_station":31.849,"centerlat":13.04692,"centerlong":77.5692,"responsecode":200,"isnotify":0,"vehicleDetails":[{"vehicleid":22098,"vehiclenumber":"KA57F4188","servicetypeid":72,"servicetype":"Non AC/Ordinary","centerlat":13.030087,"centerlong":77.630859,"eta":"","sch_arrivaltime":"15:35","sch_departuretime":"15:35","actual_arrivaltime":"15:40","actual_departuretime":"15:40","sch_tripstarttime":"14:40","sch_tripendtime":"14:40","lastlocationid":0,"currentlocationid":21528,"nextlocationid":0,"currentstop":null,"nextstop":null,"laststop":null,"stopCoveredStatus":0,"heading":156,"lastrefreshon":"09-03-2024 17:11:21","lastreceiveddatetimeflag":0,"tripposition":1},{"vehicleid":20081,"vehiclenumber":"KA57F1975","servicetypeid":72,"servicetype":"Non AC/Ordinary","centerlat":13.031388,"centerlong":77.63031,"eta":"2024-03-09 17:27:00","sch_arrivaltime":"17:00","sch_departuretime":"17:00","actual_arrivaltime":"","actual_departuretime":"","sch_tripstarttime":"16:05","sch_tripendtime":"16:05","lastlocationid":0,"currentlocationid":21528,"nextlocationid":0,"currentstop":null,"nextstop":null,"laststop":null,"stopCoveredStatus":0,"heading":336,"lastrefreshon":"09-03-2024 17:12:21","lastreceiveddatetimeflag":0,"tripposition":3}]},{"routeid":5211,"stationid":20962,"stationname":"Kuvempu Circle","from":"Hosakote Bus Stand (Old)","to":"Goraguntepalya","routeno":"500-HG","distance_on_station":32.645,"centerlat":13.04457,"centerlong":77.56281,"responsecode":200,"isnotify":0,"vehicleDetails":[{"vehicleid":22098,"vehiclenumber":"KA57F4188","servicetypeid":72,"servicetype":"Non AC/Ordinary","centerlat":13.030087,"centerlong":77.630859,"eta":"","sch_arrivaltime":"15:36","sch_departuretime":"15:36","actual_arrivaltime":"15:41","actual_departuretime":"15:41","sch_tripstarttime":"14:40","sch_tripendtime":"14:40","lastlocationid":0,"currentlocationid":21528,"nextlocationid":0,"currentstop":null,"nextstop":null,"laststop":null,"stopCoveredStatus":0,"heading":156,"lastrefreshon":"09-03-2024 17:11:21","lastreceiveddatetimeflag":0,"tripposition":1},{"vehicleid":20081,"vehiclenumber":"KA57F1975","servicetypeid":72,"servicetype":"Non AC/Ordinary","centerlat":13.031388,"centerlong":77.63031,"eta":"2024-03-09 17:29:00","sch_arrivaltime":"17:01","sch_departuretime":"17:01","actual_arrivaltime":"","actual_departuretime":"","sch_tripstarttime":"16:05","sch_tripendtime":"16:05","lastlocationid":0,"currentlocationid":21528,"nextlocationid":0,"currentstop":null,"nextstop":null,"laststop":null,"stopCoveredStatus":0,"heading":336,"lastrefreshon":"09-03-2024 17:12:21","lastreceiveddatetimeflag":0,"tripposition":3}]},{"routeid":5211,"stationid":21571,"stationname":"MES Road","from":"Hosakote Bus Stand (Old)","to":"Goraguntepalya","routeno":"500-HG","distance_on_station":32.743,"centerlat":13.04392,"centerlong":77.55436,"responsecode":200,"isnotify":0,"vehicleDetails":[{"vehicleid":20081,"vehiclenumber":"KA57F1975","servicetypeid":72,"servicetype":"Non AC/Ordinary","centerlat":13.031388,"centerlong":77.63031,"eta":"2024-03-09 17:32:00","sch_arrivaltime":"17:03","sch_departuretime":"17:03","actual_arrivaltime":"","actual_departuretime":"","sch_tripstarttime":"16:05","sch_tripendtime":"16:05","lastlocationid":0,"currentlocationid":21528,"nextlocationid":0,"currentstop":null,"nextstop":null,"laststop":null,"stopCoveredStatus":0,"heading":336,"lastrefreshon":"09-03-2024 17:12:21","lastreceiveddatetimeflag":0,"tripposition":3}]},{"routeid":5211,"stationid":21576,"stationname":"Muthyalanagara","from":"Hosakote Bus Stand (Old)","to":"Goraguntepalya","routeno":"500-HG","distance_on_station":32.884,"centerlat":13.04362,"centerlong":77.55315,"responsecode":200,"isnotify":0,"vehicleDetails":[{"vehicleid":20081,"vehiclenumber":"KA57F1975","servicetypeid":72,"servicetype":"Non AC/Ordinary","centerlat":13.031388,"centerlong":77.63031,"eta":"2024-03-09 17:33:00","sch_arrivaltime":"17:04","sch_departuretime":"17:04","actual_arrivaltime":"","actual_departuretime":"","sch_tripstarttime":"16:05","sch_tripendtime":"16:05","lastlocationid":0,"currentlocationid":21528,"nextlocationid":0,"currentstop":null,"nextstop":null,"laststop":null,"stopCoveredStatus":0,"heading":336,"lastrefreshon":"09-03-2024 17:12:21","lastreceiveddatetimeflag":0,"tripposition":3}]},{"routeid":5211,"stationid":21539,"stationname":"Jalahalli Bakery","from":"Hosakote Bus Stand (Old)","to":"Goraguntepalya","routeno":"500-HG","distance_on_station":33.276,"centerlat":13.04254,"centerlong":77.54977,"responsecode":200,"isnotify":0,"vehicleDetails":[{"vehicleid":20081,"vehiclenumber":"KA57F1975","servicetypeid":72,"servicetype":"Non AC/Ordinary","centerlat":13.031388,"centerlong":77.63031,"eta":"2024-03-09 17:34:00","sch_arrivaltime":"17:05","sch_departuretime":"17:05","actual_arrivaltime":"","actual_departuretime":"","sch_tripstarttime":"16:05","sch_tripendtime":"16:05","lastlocationid":0,"currentlocationid":21528,"nextlocationid":0,"currentstop":null,"nextstop":null,"laststop":null,"stopCoveredStatus":0,"heading":336,"lastrefreshon":"09-03-2024 17:12:21","lastreceiveddatetimeflag":0,"tripposition":3}]},{"routeid":5211,"stationid":21464,"stationname":"BEL Circle","from":"Hosakote Bus Stand (Old)","to":"Goraguntepalya","routeno":"500-HG","distance_on_station":33.4,"centerlat":13.04402,"centerlong":77.55489,"responsecode":200,"isnotify":0,"vehicleDetails":[{"vehicleid":22098,"vehiclenumber":"KA57F4188","servicetypeid":72,"servicetype":"Non AC/Ordinary","centerlat":13.030087,"centerlong":77.630859,"eta":"2024-03-09 17:12:00","sch_arrivaltime":"15:37","sch_departuretime":"15:37","actual_arrivaltime":"","actual_departuretime":"","sch_tripstarttime":"14:40","sch_tripendtime":"14:40","lastlocationid":0,"currentlocationid":21528,"nextlocationid":0,"currentstop":null,"nextstop":null,"laststop":null,"stopCoveredStatus":0,"heading":156,"lastrefreshon":"09-03-2024 17:11:21","lastreceiveddatetimeflag":0,"tripposition":1},{"vehicleid":20081,"vehiclenumber":"KA57F1975","servicetypeid":72,"servicetype":"Non AC/Ordinary","centerlat":13.031388,"centerlong":77.63031,"eta":"2024-03-09 17:31:00","sch_arrivaltime":"17:02","sch_departuretime":"17:02","actual_arrivaltime":"","actual_departuretime":"","sch_tripstarttime":"16:05","sch_tripendtime":"16:05","lastlocationid":0,"currentlocationid":21528,"nextlocationid":0,"currentstop":null,"nextstop":null,"laststop":null,"stopCoveredStatus":0,"heading":336,"lastrefreshon":"09-03-2024 17:12:21","lastreceiveddatetimeflag":0,"tripposition":3}]},{"routeid":5211,"stationid":21541,"stationname":"Jalahalli Village","from":"Hosakote Bus Stand (Old)","to":"Goraguntepalya","routeno":"500-HG","distance_on_station":33.568,"centerlat":13.04165,"centerlong":77.54718,"responsecode":200,"isnotify":0,"vehicleDetails":[{"vehicleid":20081,"vehiclenumber":"KA57F1975","servicetypeid":72,"servicetype":"Non AC/Ordinary","centerlat":13.031388,"centerlong":77.63031,"eta":"2024-03-09 17:35:00","sch_arrivaltime":"17:06","sch_departuretime":"17:06","actual_arrivaltime":"","actual_departuretime":"","sch_tripstarttime":"16:05","sch_tripendtime":"16:05","lastlocationid":0,"currentlocationid":21528,"nextlocationid":0,"currentstop":null,"nextstop":null,"laststop":null,"stopCoveredStatus":0,"heading":336,"lastrefreshon":"09-03-2024 17:12:21","lastreceiveddatetimeflag":0,"tripposition":3}]},{"routeid":5211,"stationid":21453,"stationname":"Alisda","from":"Hosakote Bus Stand (Old)","to":"Goraguntepalya","routeno":"500-HG","distance_on_station":34.756,"centerlat":13.03404,"centerlong":77.54112,"responsecode":200,"isnotify":0,"vehicleDetails":[{"vehicleid":20081,"vehiclenumber":"KA57F1975","servicetypeid":72,"servicetype":"Non AC/Ordinary","centerlat":13.031388,"centerlong":77.63031,"eta":"2024-03-09 17:36:00","sch_arrivaltime":"17:08","sch_departuretime":"17:08","actual_arrivaltime":"","actual_departuretime":"","sch_tripstarttime":"16:05","sch_tripendtime":"16:05","lastlocationid":0,"currentlocationid":21528,"nextlocationid":0,"currentstop":null,"nextstop":null,"laststop":null,"stopCoveredStatus":0,"heading":336,"lastrefreshon":"09-03-2024 17:12:21","lastreceiveddatetimeflag":0,"tripposition":3}]},{"routeid":5211,"stationid":20790,"stationname":"Goraguntepalya","from":"Hosakote Bus Stand (Old)","to":"Goraguntepalya","routeno":"500-HG","distance_on_station":35.4,"centerlat":13.02895,"centerlong":77.5395,"responsecode":200,"isnotify":0,"vehicleDetails":[{"vehicleid":20081,"vehiclenumber":"KA57F1975","servicetypeid":72,"servicetype":"Non AC/Ordinary","centerlat":13.031388,"centerlong":77.63031,"eta":"2024-03-09 17:38:00","sch_arrivaltime":"17:10","sch_departuretime":"17:10","actual_arrivaltime":"","actual_departuretime":"","sch_tripstarttime":"16:05","sch_tripendtime":"16:05","lastlocationid":0,"currentlocationid":21528,"nextlocationid":0,"currentstop":null,"nextstop":null,"laststop":null,"stopCoveredStatus":0,"heading":336,"lastrefreshon":"09-03-2024 17:12:21","lastreceiveddatetimeflag":0,"tripposition":1}]}],"mapData":[{"vehicleid":20081,"vehiclenumber":"KA57F1975","servicetypeid":72,"servicetype":"Non AC/Ordinary","centerlat":13.031388,"centerlong":77.63031,"eta":"2024-03-09 17:38:00","sch_arrivaltime":"17:10","sch_departuretime":"17:10","actual_arrivaltime":"","actual_departuretime":"","sch_tripstarttime":"16:05","sch_tripendtime":"16:05","lastlocationid":0,"currentlocationid":21528,"nextlocationid":0,"currentstop":null,"nextstop":null,"laststop":null,"stopCoveredStatus":0,"heading":336,"lastrefreshon":"09-03-2024 17:12:21","lastreceiveddatetimeflag":0,"tripposition":1},{"vehicleid":22098,"vehiclenumber":"KA57F4188","servicetypeid":72,"servicetype":"Non AC/Ordinary","centerlat":13.030087,"centerlong":77.630859,"eta":"2024-03-09 17:12:00","sch_arrivaltime":"15:37","sch_departuretime":"15:37","actual_arrivaltime":"","actual_departuretime":"","sch_tripstarttime":"14:40","sch_tripendtime":"14:40","lastlocationid":0,"currentlocationid":21528,"nextlocationid":0,"currentstop":null,"nextstop":null,"laststop":null,"stopCoveredStatus":0,"heading":156,"lastrefreshon":"09-03-2024 17:11:21","lastreceiveddatetimeflag":0,"tripposition":1}]},"down":{"data":[{"routeid":5214,"stationid":21517,"stationname":"Goraguntepalya","from":"Goraguntepalya","to":"Hosakote Bus Stand (Old)","routeno":"500-HG","distance_on_station":0,"centerlat":13.02951,"centerlong":77.54012,"responsecode":200,"isnotify":0,"vehicleDetails":[{"vehicleid":21065,"vehiclenumber":"KA57F2646","servicetypeid":72,"servicetype":"Non AC/Ordinary","centerlat":13.070202,"centerlong":77.784821,"eta":"","sch_arrivaltime":"15:45","sch_departuretime":"15:45","actual_arrivaltime":"15:30","actual_departuretime":"15:30","sch_tripstarttime":"15:45","sch_tripendtime":"15:45","lastlocationid":0,"currentlocationid":22050,"nextlocationid":0,"currentstop":null,"nextstop":null,"laststop":null,"stopCoveredStatus":1,"heading":228,"lastrefreshon":"09-03-2024 16:58:35","lastreceiveddatetimeflag":1,"tripposition":1}]},{"routeid":5214,"stationid":21452,"stationname":"Alisda","from":"Goraguntepalya","to":"Hosakote Bus Stand (Old)","routeno":"500-HG","distance_on_station":0.48,"centerlat":13.03392,"centerlong":77.54098,"responsecode":200,"isnotify":0,"vehicleDetails":[{"vehicleid":21065,"vehiclenumber":"KA57F2646","servicetypeid":72,"servicetype":"Non AC/Ordinary","centerlat":13.070202,"centerlong":77.784821,"eta":"","sch_arrivaltime":"15:46","sch_departuretime":"15:46","actual_arrivaltime":"15:31","actual_departuretime":"15:32","sch_tripstarttime":"15:45","sch_tripendtime":"15:45","lastlocationid":0,"currentlocationid":22050,"nextlocationid":0,"currentstop":null,"nextstop":null,"laststop":null,"stopCoveredStatus":1,"heading":228,"lastrefreshon":"09-03-2024 16:58:35","lastreceiveddatetimeflag":1,"tripposition":1}]},{"routeid":5214,"stationid":21540,"stationname":"Jalahalli Village","from":"Goraguntepalya","to":"Hosakote Bus Stand (Old)","routeno":"500-HG","distance_on_station":1.631,"centerlat":13.04179,"centerlong":77.54725,"responsecode":200,"isnotify":0,"vehicleDetails":[{"vehicleid":21065,"vehiclenumber":"KA57F2646","servicetypeid":72,"servicetype":"Non AC/Ordinary","centerlat":13.070202,"centerlong":77.784821,"eta":"","sch_arrivaltime":"15:48","sch_departuretime":"15:48","actual_arrivaltime":"15:36","actual_departuretime":"15:36","sch_tripstarttime":"15:45","sch_tripendtime":"15:45","lastlocationid":0,"currentlocationid":22050,"nextlocationid":0,"currentstop":null,"nextstop":null,"laststop":null,"stopCoveredStatus":1,"heading":228,"lastrefreshon":"09-03-2024 16:58:35","lastreceiveddatetimeflag":1,"tripposition":1}]},{"routeid":5214,"stationid":21461,"stationname":"Jalahalli Bakery","from":"Goraguntepalya","to":"Hosakote Bus Stand (Old)","routeno":"500-HG","distance_on_station":1.918,"centerlat":13.04264,"centerlong":77.54978,"responsecode":200,"isnotify":0,"vehicleDetails":[{"vehicleid":21065,"vehiclenumber":"KA57F2646","servicetypeid":72,"servicetype":"Non AC/Ordinary","centerlat":13.070202,"centerlong":77.784821,"eta":"","sch_arrivaltime":"15:49","sch_departuretime":"15:49","actual_arrivaltime":"15:37","actual_departuretime":"15:37","sch_tripstarttime":"15:45","sch_tripendtime":"15:45","lastlocationid":0,"currentlocationid":22050,"nextlocationid":0,"currentstop":null,"nextstop":null,"laststop":null,"stopCoveredStatus":1,"heading":228,"lastrefreshon":"09-03-2024 16:58:35","lastreceiveddatetimeflag":1,"tripposition":1}]},{"routeid":5214,"stationid":21575,"stationname":"Muthyalanagara","from":"Goraguntepalya","to":"Hosakote Bus Stand (Old)","routeno":"500-HG","distance_on_station":2.302,"centerlat":13.04374,"centerlong":77.55325,"responsecode":200,"isnotify":0,"vehicleDetails":[{"vehicleid":21065,"vehiclenumber":"KA57F2646","servicetypeid":72,"servicetype":"Non AC/Ordinary","centerlat":13.070202,"centerlong":77.784821,"eta":"","sch_arrivaltime":"15:50","sch_departuretime":"15:50","actual_arrivaltime":"15:38","actual_departuretime":"15:38","sch_tripstarttime":"15:45","sch_tripendtime":"15:45","lastlocationid":0,"currentlocationid":22050,"nextlocationid":0,"currentstop":null,"nextstop":null,"laststop":null,"stopCoveredStatus":1,"heading":228,"lastrefreshon":"09-03-2024 16:58:35","lastreceiveddatetimeflag":1,"tripposition":1}]},{"routeid":5214,"stationid":21570,"stationname":"MES Road","from":"Goraguntepalya","to":"Hosakote Bus Stand (Old)","routeno":"500-HG","distance_on_station":2.417,"centerlat":13.04403,"centerlong":77.5543,"responsecode":200,"isnotify":0,"vehicleDetails":[{"vehicleid":21065,"vehiclenumber":"KA57F2646","servicetypeid":72,"servicetype":"Non AC/Ordinary","centerlat":13.070202,"centerlong":77.784821,"eta":"","sch_arrivaltime":"15:51","sch_departuretime":"15:51","actual_arrivaltime":"15:38","actual_departuretime":"15:38","sch_tripstarttime":"15:45","sch_tripendtime":"15:45","lastlocationid":0,"currentlocationid":22050,"nextlocationid":0,"currentstop":null,"nextstop":null,"laststop":null,"stopCoveredStatus":1,"heading":228,"lastrefreshon":"09-03-2024 16:58:35","lastreceiveddatetimeflag":1,"tripposition":1}]},{"routeid":5214,"stationid":21463,"stationname":"BEL Circle","from":"Goraguntepalya","to":"Hosakote Bus Stand (Old)","routeno":"500-HG","distance_on_station":2.811,"centerlat":13.04376,"centerlong":77.55806,"responsecode":200,"isnotify":0,"vehicleDetails":[{"vehicleid":21065,"vehiclenumber":"KA57F2646","servicetypeid":72,"servicetype":"Non AC/Ordinary","centerlat":13.070202,"centerlong":77.784821,"eta":"","sch_arrivaltime":"15:52","sch_departuretime":"15:52","actual_arrivaltime":"15:42","actual_departuretime":"15:43","sch_tripstarttime":"15:45","sch_tripendtime":"15:45","lastlocationid":0,"currentlocationid":22050,"nextlocationid":0,"currentstop":null,"nextstop":null,"laststop":null,"stopCoveredStatus":1,"heading":228,"lastrefreshon":"09-03-2024 16:58:35","lastreceiveddatetimeflag":1,"tripposition":1}]},{"routeid":5214,"stationid":20961,"stationname":"Kuvempu Circle","from":"Goraguntepalya","to":"Hosakote Bus Stand (Old)","routeno":"500-HG","distance_on_station":3.309,"centerlat":13.04465,"centerlong":77.56263,"responsecode":200,"isnotify":0,"vehicleDetails":[{"vehicleid":21065,"vehiclenumber":"KA57F2646","servicetypeid":72,"servicetype":"Non AC/Ordinary","centerlat":13.070202,"centerlong":77.784821,"eta":"","sch_arrivaltime":"15:53","sch_departuretime":"15:53","actual_arrivaltime":"","actual_departuretime":"","sch_tripstarttime":"15:45","sch_tripendtime":"15:45","lastlocationid":0,"currentlocationid":22050,"nextlocationid":0,"currentstop":null,"nextstop":null,"laststop":null,"stopCoveredStatus":1,"heading":228,"lastrefreshon":"09-03-2024 16:58:35","lastreceiveddatetimeflag":1,"tripposition":3}]},{"routeid":5214,"stationid":20757,"stationname":"Devinagara Cross","from":"Goraguntepalya","to":"Hosakote Bus Stand (Old)","routeno":"500-HG","distance_on_station":4.048,"centerlat":13.047,"centerlong":77.56904,"responsecode":200,"isnotify":0,"vehicleDetails":[{"vehicleid":21065,"vehiclenumber":"KA57F2646","servicetypeid":72,"servicetype":"Non AC/Ordinary","centerlat":13.070202,"centerlong":77.784821,"eta":"","sch_arrivaltime":"15:54","sch_departuretime":"15:54","actual_arrivaltime":"15:45","actual_departuretime":"15:45","sch_tripstarttime":"15:45","sch_tripendtime":"15:45","lastlocationid":0,"currentlocationid":22050,"nextlocationid":0,"currentstop":null,"nextstop":null,"laststop":null,"stopCoveredStatus":1,"heading":228,"lastrefreshon":"09-03-2024 16:58:35","lastreceiveddatetimeflag":1,"tripposition":1}]},{"routeid":5214,"stationid":20660,"stationname":"Bhadrappa Layout","from":"Goraguntepalya","to":"Hosakote Bus Stand (Old)","routeno":"500-HG","distance_on_station":4.767,"centerlat":13.04752,"centerlong":77.57595,"responsecode":200,"isnotify":0,"vehicleDetails":[{"vehicleid":21065,"vehiclenumber":"KA57F2646","servicetypeid":72,"servicetype":"Non AC/Ordinary","centerlat":13.070202,"centerlong":77.784821,"eta":"","sch_arrivaltime":"15:55","sch_departuretime":"15:55","actual_arrivaltime":"15:47","actual_departuretime":"15:47","sch_tripstarttime":"15:45","sch_tripendtime":"15:45","lastlocationid":0,"currentlocationid":22050,"nextlocationid":0,"currentstop":null,"nextstop":null,"laststop":null,"stopCoveredStatus":1,"heading":228,"lastrefreshon":"09-03-2024 16:58:35","lastreceiveddatetimeflag":1,"tripposition":1}]},{"routeid":5214,"stationid":20823,"stationname":"Hebbala Bridge","from":"Goraguntepalya","to":"Hosakote Bus Stand (Old)","routeno":"500-HG","distance_on_station":6.523,"centerlat":13.04259,"centerlong":77.5925,"responsecode":200,"isnotify":0,"vehicleDetails":[{"vehicleid":21065,"vehiclenumber":"KA57F2646","servicetypeid":72,"servicetype":"Non AC/Ordinary","centerlat":13.070202,"centerlong":77.784821,"eta":"","sch_arrivaltime":"15:58","sch_departuretime":"15:58","actual_arrivaltime":"15:50","actual_departuretime":"15:51","sch_tripstarttime":"15:45","sch_tripendtime":"15:45","lastlocationid":0,"currentlocationid":22050,"nextlocationid":0,"currentstop":null,"nextstop":null,"laststop":null,"stopCoveredStatus":1,"heading":228,"lastrefreshon":"09-03-2024 16:58:35","lastreceiveddatetimeflag":1,"tripposition":1}]},{"routeid":5214,"stationid":20919,"stationname":"Kempapura","from":"Goraguntepalya","to":"Hosakote Bus Stand (Old)","routeno":"500-HG","distance_on_station":7.559,"centerlat":13.04379,"centerlong":77.6005,"responsecode":200,"isnotify":0,"vehicleDetails":[{"vehicleid":21065,"vehiclenumber":"KA57F2646","servicetypeid":72,"servicetype":"Non AC/Ordinary","centerlat":13.070202,"centerlong":77.784821,"eta":"","sch_arrivaltime":"16:01","sch_departuretime":"16:01","actual_arrivaltime":"15:53","actual_departuretime":"15:53","sch_tripstarttime":"15:45","sch_tripendtime":"15:45","lastlocationid":0,"currentlocationid":22050,"nextlocationid":0,"currentstop":null,"nextstop":null,"laststop":null,"stopCoveredStatus":1,"heading":228,"lastrefreshon":"09-03-2024 16:58:35","lastreceiveddatetimeflag":1,"tripposition":1}]},{"routeid":5214,"stationid":22593,"stationname":"Veerannapalya","from":"Goraguntepalya","to":"Hosakote Bus Stand (Old)","routeno":"500-HG","distance_on_station":8.921,"centerlat":13.04231,"centerlong":77.61382,"responsecode":200,"isnotify":0,"vehicleDetails":[{"vehicleid":21065,"vehiclenumber":"KA57F2646","servicetypeid":72,"servicetype":"Non AC/Ordinary","centerlat":13.070202,"centerlong":77.784821,"eta":"","sch_arrivaltime":"16:04","sch_departuretime":"16:04","actual_arrivaltime":"15:56","actual_departuretime":"15:58","sch_tripstarttime":"15:45","sch_tripendtime":"15:45","lastlocationid":0,"currentlocationid":22050,"nextlocationid":0,"currentstop":null,"nextstop":null,"laststop":null,"stopCoveredStatus":1,"heading":228,"lastrefreshon":"09-03-2024 16:58:35","lastreceiveddatetimeflag":1,"tripposition":1}]},{"routeid":5214,"stationid":20998,"stationname":"Manyatha Tech Park","from":"Goraguntepalya","to":"Hosakote Bus Stand (Old)","routeno":"500-HG","distance_on_station":9.774,"centerlat":13.0412,"centerlong":77.62095,"responsecode":200,"isnotify":0,"vehicleDetails":[{"vehicleid":21065,"vehiclenumber":"KA57F2646","servicetypeid":72,"servicetype":"Non AC/Ordinary","centerlat":13.070202,"centerlong":77.784821,"eta":"","sch_arrivaltime":"16:06","sch_departuretime":"16:06","actual_arrivaltime":"15:59","actual_departuretime":"15:59","sch_tripstarttime":"15:45","sch_tripendtime":"15:45","lastlocationid":0,"currentlocationid":22050,"nextlocationid":0,"currentstop":null,"nextstop":null,"laststop":null,"stopCoveredStatus":1,"heading":228,"lastrefreshon":"09-03-2024 16:58:35","lastreceiveddatetimeflag":1,"tripposition":1}]},{"routeid":5214,"stationid":20884,"stationname":"Nagawara Junction","from":"Goraguntepalya","to":"Hosakote Bus Stand (Old)","routeno":"500-HG","distance_on_station":10.177,"centerlat":13.0402,"centerlong":77.62454,"responsecode":200,"isnotify":0,"vehicleDetails":[{"vehicleid":21065,"vehiclenumber":"KA57F2646","servicetypeid":72,"servicetype":"Non AC/Ordinary","centerlat":13.070202,"centerlong":77.784821,"eta":"","sch_arrivaltime":"16:07","sch_departuretime":"16:07","actual_arrivaltime":"16:00","actual_departuretime":"16:00","sch_tripstarttime":"15:45","sch_tripendtime":"15:45","lastlocationid":0,"currentlocationid":22050,"nextlocationid":0,"currentstop":null,"nextstop":null,"laststop":null,"stopCoveredStatus":1,"heading":228,"lastrefreshon":"09-03-2024 16:58:35","lastreceiveddatetimeflag":1,"tripposition":1}]},{"routeid":5214,"stationid":20815,"stationname":"HBR Layout","from":"Goraguntepalya","to":"Hosakote Bus Stand (Old)","routeno":"500-HG","distance_on_station":10.868,"centerlat":13.03517,"centerlong":77.62857,"responsecode":200,"isnotify":0,"vehicleDetails":[{"vehicleid":21065,"vehiclenumber":"KA57F2646","servicetypeid":72,"servicetype":"Non AC/Ordinary","centerlat":13.070202,"centerlong":77.784821,"eta":"","sch_arrivaltime":"16:10","sch_departuretime":"16:10","actual_arrivaltime":"16:01","actual_departuretime":"16:01","sch_tripstarttime":"15:45","sch_tripendtime":"15:45","lastlocationid":0,"currentlocationid":22050,"nextlocationid":0,"currentstop":null,"nextstop":null,"laststop":null,"stopCoveredStatus":1,"heading":228,"lastrefreshon":"09-03-2024 16:58:35","lastreceiveddatetimeflag":1,"tripposition":1}]},{"routeid":5214,"stationid":21522,"stationname":"Hennur Junction","from":"Goraguntepalya","to":"Hosakote Bus Stand (Old)","routeno":"500-HG","distance_on_station":11.53,"centerlat":13.02964,"centerlong":77.63134,"responsecode":200,"isnotify":0,"vehicleDetails":[{"vehicleid":21065,"vehiclenumber":"KA57F2646","servicetypeid":72,"servicetype":"Non AC/Ordinary","centerlat":13.070202,"centerlong":77.784821,"eta":"","sch_arrivaltime":"16:12","sch_departuretime":"16:12","actual_arrivaltime":"16:02","actual_departuretime":"16:02","sch_tripstarttime":"15:45","sch_tripendtime":"15:45","lastlocationid":0,"currentlocationid":22050,"nextlocationid":0,"currentstop":null,"nextstop":null,"laststop":null,"stopCoveredStatus":1,"heading":228,"lastrefreshon":"09-03-2024 16:58:35","lastreceiveddatetimeflag":1,"tripposition":1}]},{"routeid":5214,"stationid":20903,"stationname":"Kalyananagara","from":"Goraguntepalya","to":"Hosakote Bus Stand (Old)","routeno":"500-HG","distance_on_station":12.384,"centerlat":13.02654,"centerlong":77.63688,"responsecode":200,"isnotify":0,"vehicleDetails":[{"vehicleid":21065,"vehiclenumber":"KA57F2646","servicetypeid":72,"servicetype":"Non AC/Ordinary","centerlat":13.070202,"centerlong":77.784821,"eta":"","sch_arrivaltime":"16:13","sch_departuretime":"16:13","actual_arrivaltime":"","actual_departuretime":"","sch_tripstarttime":"15:45","sch_tripendtime":"15:45","lastlocationid":0,"currentlocationid":22050,"nextlocationid":0,"currentstop":null,"nextstop":null,"laststop":null,"stopCoveredStatus":1,"heading":228,"lastrefreshon":"09-03-2024 16:58:35","lastreceiveddatetimeflag":1,"tripposition":3}]},{"routeid":5214,"stationid":20588,"stationname":"80 feet Road Kalyananagara","from":"Goraguntepalya","to":"Hosakote Bus Stand (Old)","routeno":"500-HG","distance_on_station":12.633,"centerlat":13.02564,"centerlong":77.6406,"responsecode":200,"isnotify":0,"vehicleDetails":[{"vehicleid":21065,"vehiclenumber":"KA57F2646","servicetypeid":72,"servicetype":"Non AC/Ordinary","centerlat":13.070202,"centerlong":77.784821,"eta":"","sch_arrivaltime":"16:14","sch_departuretime":"16:14","actual_arrivaltime":"16:05","actual_departuretime":"16:05","sch_tripstarttime":"15:45","sch_tripendtime":"15:45","lastlocationid":0,"currentlocationid":22050,"nextlocationid":0,"currentstop":null,"nextstop":null,"laststop":null,"stopCoveredStatus":1,"heading":228,"lastrefreshon":"09-03-2024 16:58:35","lastreceiveddatetimeflag":1,"tripposition":1}]},{"routeid":5214,"stationid":20618,"stationname":"Babusabpalya","from":"Goraguntepalya","to":"Hosakote Bus Stand (Old)","routeno":"500-HG","distance_on_station":13.381,"centerlat":13.02274,"centerlong":77.64721,"responsecode":200,"isnotify":0,"vehicleDetails":[{"vehicleid":21065,"vehiclenumber":"KA57F2646","servicetypeid":72,"servicetype":"Non AC/Ordinary","centerlat":13.070202,"centerlong":77.784821,"eta":"","sch_arrivaltime":"16:15","sch_departuretime":"16:15","actual_arrivaltime":"16:06","actual_departuretime":"16:06","sch_tripstarttime":"15:45","sch_tripendtime":"15:45","lastlocationid":0,"currentlocationid":22050,"nextlocationid":0,"currentstop":null,"nextstop":null,"laststop":null,"stopCoveredStatus":1,"heading":228,"lastrefreshon":"09-03-2024 16:58:35","lastreceiveddatetimeflag":1,"tripposition":1}]},{"routeid":5214,"stationid":20838,"stationname":"Horamavu","from":"Goraguntepalya","to":"Hosakote Bus Stand (Old)","routeno":"500-HG","distance_on_station":14.196,"centerlat":13.01966,"centerlong":77.65437,"responsecode":200,"isnotify":0,"vehicleDetails":[{"vehicleid":21065,"vehiclenumber":"KA57F2646","servicetypeid":72,"servicetype":"Non AC/Ordinary","centerlat":13.070202,"centerlong":77.784821,"eta":"","sch_arrivaltime":"16:16","sch_departuretime":"16:16","actual_arrivaltime":"16:07","actual_departuretime":"16:07","sch_tripstarttime":"15:45","sch_tripendtime":"15:45","lastlocationid":0,"currentlocationid":22050,"nextlocationid":0,"currentstop":null,"nextstop":null,"laststop":null,"stopCoveredStatus":1,"heading":228,"lastrefreshon":"09-03-2024 16:58:35","lastreceiveddatetimeflag":1,"tripposition":1}]},{"routeid":5214,"stationid":21263,"stationname":"Vijaya Bank Colony Ring Road","from":"Goraguntepalya","to":"Hosakote Bus Stand (Old)","routeno":"500-HG","distance_on_station":14.82,"centerlat":13.01726,"centerlong":77.65992,"responsecode":200,"isnotify":0,"vehicleDetails":[{"vehicleid":21065,"vehiclenumber":"KA57F2646","servicetypeid":72,"servicetype":"Non AC/Ordinary","centerlat":13.070202,"centerlong":77.784821,"eta":"","sch_arrivaltime":"16:17","sch_departuretime":"16:17","actual_arrivaltime":"16:09","actual_departuretime":"16:09","sch_tripstarttime":"15:45","sch_tripendtime":"15:45","lastlocationid":0,"currentlocationid":22050,"nextlocationid":0,"currentstop":null,"nextstop":null,"laststop":null,"stopCoveredStatus":1,"heading":228,"lastrefreshon":"09-03-2024 16:58:35","lastreceiveddatetimeflag":1,"tripposition":1}]},{"routeid":5214,"stationid":20614,"stationname":"B Channasandra Bridge(Ramamurthy Nagara Ring Road)","from":"Goraguntepalya","to":"Hosakote Bus Stand (Old)","routeno":"500-HG","distance_on_station":15.597,"centerlat":13.01128,"centerlong":77.66242,"responsecode":200,"isnotify":0,"vehicleDetails":[{"vehicleid":21065,"vehiclenumber":"KA57F2646","servicetypeid":72,"servicetype":"Non AC/Ordinary","centerlat":13.070202,"centerlong":77.784821,"eta":"","sch_arrivaltime":"16:18","sch_departuretime":"16:18","actual_arrivaltime":"16:10","actual_departuretime":"16:10","sch_tripstarttime":"15:45","sch_tripendtime":"15:45","lastlocationid":0,"currentlocationid":22050,"nextlocationid":0,"currentstop":null,"nextstop":null,"laststop":null,"stopCoveredStatus":1,"heading":228,"lastrefreshon":"09-03-2024 16:58:35","lastreceiveddatetimeflag":1,"tripposition":1}]},{"routeid":5214,"stationid":20914,"stationname":"Kasthurinagara","from":"Goraguntepalya","to":"Hosakote Bus Stand (Old)","routeno":"500-HG","distance_on_station":16.374,"centerlat":13.004,"centerlong":77.66328,"responsecode":200,"isnotify":0,"vehicleDetails":[{"vehicleid":21065,"vehiclenumber":"KA57F2646","servicetypeid":72,"servicetype":"Non AC/Ordinary","centerlat":13.070202,"centerlong":77.784821,"eta":"","sch_arrivaltime":"16:19","sch_departuretime":"16:19","actual_arrivaltime":"16:12","actual_departuretime":"16:12","sch_tripstarttime":"15:45","sch_tripendtime":"15:45","lastlocationid":0,"currentlocationid":22050,"nextlocationid":0,"currentstop":null,"nextstop":null,"laststop":null,"stopCoveredStatus":1,"heading":228,"lastrefreshon":"09-03-2024 16:58:35","lastreceiveddatetimeflag":1,"tripposition":1}]},{"routeid":5214,"stationid":21229,"stationname":"Tin Factory","from":"Goraguntepalya","to":"Hosakote Bus Stand (Old)","routeno":"500-HG","distance_on_station":17.746,"centerlat":12.99709,"centerlong":77.66946,"responsecode":200,"isnotify":0,"vehicleDetails":[{"vehicleid":21065,"vehiclenumber":"KA57F2646","servicetypeid":72,"servicetype":"Non AC/Ordinary","centerlat":13.070202,"centerlong":77.784821,"eta":"","sch_arrivaltime":"16:21","sch_departuretime":"16:21","actual_arrivaltime":"16:14","actual_departuretime":"16:17","sch_tripstarttime":"15:45","sch_tripendtime":"15:45","lastlocationid":0,"currentlocationid":22050,"nextlocationid":0,"currentstop":null,"nextstop":null,"laststop":null,"stopCoveredStatus":1,"heading":228,"lastrefreshon":"09-03-2024 16:58:35","lastreceiveddatetimeflag":1,"tripposition":1}]},{"routeid":5214,"stationid":20863,"stationname":"ITI Colony Gate","from":"Goraguntepalya","to":"Hosakote Bus Stand (Old)","routeno":"500-HG","distance_on_station":19.645,"centerlat":13.00532,"centerlong":77.68522,"responsecode":200,"isnotify":0,"vehicleDetails":[{"vehicleid":21065,"vehiclenumber":"KA57F2646","servicetypeid":72,"servicetype":"Non AC/Ordinary","centerlat":13.070202,"centerlong":77.784821,"eta":"","sch_arrivaltime":"16:24","sch_departuretime":"16:24","actual_arrivaltime":"16:20","actual_departuretime":"16:21","sch_tripstarttime":"15:45","sch_tripendtime":"15:45","lastlocationid":0,"currentlocationid":22050,"nextlocationid":0,"currentstop":null,"nextstop":null,"laststop":null,"stopCoveredStatus":1,"heading":228,"lastrefreshon":"09-03-2024 16:58:35","lastreceiveddatetimeflag":1,"tripposition":1}]},{"routeid":5214,"stationid":22205,"stationname":"Krishnaraja Pura Govt Hospital","from":"Goraguntepalya","to":"Hosakote Bus Stand (Old)","routeno":"500-HG","distance_on_station":20.431,"centerlat":13.00821,"centerlong":77.69214,"responsecode":200,"isnotify":0,"vehicleDetails":[{"vehicleid":21065,"vehiclenumber":"KA57F2646","servicetypeid":72,"servicetype":"Non AC/Ordinary","centerlat":13.070202,"centerlong":77.784821,"eta":"","sch_arrivaltime":"16:25","sch_departuretime":"16:25","actual_arrivaltime":"","actual_departuretime":"","sch_tripstarttime":"15:45","sch_tripendtime":"15:45","lastlocationid":0,"currentlocationid":22050,"nextlocationid":0,"currentstop":null,"nextstop":null,"laststop":null,"stopCoveredStatus":1,"heading":228,"lastrefreshon":"09-03-2024 16:58:35","lastreceiveddatetimeflag":1,"tripposition":3}]},{"routeid":5214,"stationid":22207,"stationname":"KR Pura Market","from":"Goraguntepalya","to":"Hosakote Bus Stand (Old)","routeno":"500-HG","distance_on_station":20.729,"centerlat":13.00841,"centerlong":77.69403,"responsecode":200,"isnotify":0,"vehicleDetails":[{"vehicleid":21065,"vehiclenumber":"KA57F2646","servicetypeid":72,"servicetype":"Non AC/Ordinary","centerlat":13.070202,"centerlong":77.784821,"eta":"","sch_arrivaltime":"16:26","sch_departuretime":"16:26","actual_arrivaltime":"16:22","actual_departuretime":"16:23","sch_tripstarttime":"15:45","sch_tripendtime":"15:45","lastlocationid":0,"currentlocationid":22050,"nextlocationid":0,"currentstop":null,"nextstop":null,"laststop":null,"stopCoveredStatus":1,"heading":228,"lastrefreshon":"09-03-2024 16:58:35","lastreceiveddatetimeflag":1,"tripposition":1}]},{"routeid":5214,"stationid":22203,"stationname":"KR Pura Extension","from":"Goraguntepalya","to":"Hosakote Bus Stand (Old)","routeno":"500-HG","distance_on_station":21.266,"centerlat":13.01172,"centerlong":77.69862,"responsecode":200,"isnotify":0,"vehicleDetails":[{"vehicleid":21065,"vehiclenumber":"KA57F2646","servicetypeid":72,"servicetype":"Non AC/Ordinary","centerlat":13.070202,"centerlong":77.784821,"eta":"","sch_arrivaltime":"16:27","sch_departuretime":"16:27","actual_arrivaltime":"16:24","actual_departuretime":"16:25","sch_tripstarttime":"15:45","sch_tripendtime":"15:45","lastlocationid":0,"currentlocationid":22050,"nextlocationid":0,"currentstop":null,"nextstop":null,"laststop":null,"stopCoveredStatus":1,"heading":228,"lastrefreshon":"09-03-2024 16:58:35","lastreceiveddatetimeflag":1,"tripposition":1}]},{"routeid":5214,"stationid":22536,"stationname":"TC Palya  Gate Hosakote Road","from":"Goraguntepalya","to":"Hosakote Bus Stand (Old)","routeno":"500-HG","distance_on_station":22.177,"centerlat":13.01736,"centerlong":77.70462,"responsecode":200,"isnotify":0,"vehicleDetails":[{"vehicleid":21065,"vehiclenumber":"KA57F2646","servicetypeid":72,"servicetype":"Non AC/Ordinary","centerlat":13.070202,"centerlong":77.784821,"eta":"","sch_arrivaltime":"16:32","sch_departuretime":"16:32","actual_arrivaltime":"16:26","actual_departuretime":"16:27","sch_tripstarttime":"15:45","sch_tripendtime":"15:45","lastlocationid":0,"currentlocationid":22050,"nextlocationid":0,"currentstop":null,"nextstop":null,"laststop":null,"stopCoveredStatus":1,"heading":228,"lastrefreshon":"09-03-2024 16:58:35","lastreceiveddatetimeflag":1,"tripposition":1}]},{"routeid":5214,"stationid":21756,"stationname":"Bhattarahalli","from":"Goraguntepalya","to":"Hosakote Bus Stand (Old)","routeno":"500-HG","distance_on_station":22.801,"centerlat":13.02046,"centerlong":77.70985,"responsecode":200,"isnotify":0,"vehicleDetails":[{"vehicleid":21065,"vehiclenumber":"KA57F2646","servicetypeid":72,"servicetype":"Non AC/Ordinary","centerlat":13.070202,"centerlong":77.784821,"eta":"","sch_arrivaltime":"16:34","sch_departuretime":"16:34","actual_arrivaltime":"16:28","actual_departuretime":"16:28","sch_tripstarttime":"15:45","sch_tripendtime":"15:45","lastlocationid":0,"currentlocationid":22050,"nextlocationid":0,"currentstop":null,"nextstop":null,"laststop":null,"stopCoveredStatus":1,"heading":228,"lastrefreshon":"09-03-2024 16:58:35","lastreceiveddatetimeflag":1,"tripposition":1}]},{"routeid":5214,"stationid":22496,"stationname":"SJES College","from":"Goraguntepalya","to":"Hosakote Bus Stand (Old)","routeno":"500-HG","distance_on_station":23.568,"centerlat":13.02393,"centerlong":77.71589,"responsecode":200,"isnotify":0,"vehicleDetails":[{"vehicleid":21065,"vehiclenumber":"KA57F2646","servicetypeid":72,"servicetype":"Non AC/Ordinary","centerlat":13.070202,"centerlong":77.784821,"eta":"","sch_arrivaltime":"16:35","sch_departuretime":"16:35","actual_arrivaltime":"16:30","actual_departuretime":"16:30","sch_tripstarttime":"15:45","sch_tripendtime":"15:45","lastlocationid":0,"currentlocationid":22050,"nextlocationid":0,"currentstop":null,"nextstop":null,"laststop":null,"stopCoveredStatus":1,"heading":228,"lastrefreshon":"09-03-2024 16:58:35","lastreceiveddatetimeflag":1,"tripposition":1}]},{"routeid":5214,"stationid":33899,"stationname":"Medahalli","from":"Goraguntepalya","to":"Hosakote Bus Stand (Old)","routeno":"500-HG","distance_on_station":24.076,"centerlat":13.02647,"centerlong":77.72054,"responsecode":200,"isnotify":0,"vehicleDetails":[{"vehicleid":21065,"vehiclenumber":"KA57F2646","servicetypeid":72,"servicetype":"Non AC/Ordinary","centerlat":13.070202,"centerlong":77.784821,"eta":"","sch_arrivaltime":"16:36","sch_departuretime":"16:36","actual_arrivaltime":"16:31","actual_departuretime":"16:32","sch_tripstarttime":"15:45","sch_tripendtime":"15:45","lastlocationid":0,"currentlocationid":22050,"nextlocationid":0,"currentstop":null,"nextstop":null,"laststop":null,"stopCoveredStatus":1,"heading":228,"lastrefreshon":"09-03-2024 16:58:35","lastreceiveddatetimeflag":1,"tripposition":1}]},{"routeid":5214,"stationid":21851,"stationname":"Cipla Avalahalli","from":"Goraguntepalya","to":"Hosakote Bus Stand (Old)","routeno":"500-HG","distance_on_station":25.381,"centerlat":13.03263,"centerlong":77.73114,"responsecode":200,"isnotify":0,"vehicleDetails":[{"vehicleid":21065,"vehiclenumber":"KA57F2646","servicetypeid":72,"servicetype":"Non AC/Ordinary","centerlat":13.070202,"centerlong":77.784821,"eta":"","sch_arrivaltime":"16:38","sch_departuretime":"16:38","actual_arrivaltime":"","actual_departuretime":"","sch_tripstarttime":"15:45","sch_tripendtime":"15:45","lastlocationid":0,"currentlocationid":22050,"nextlocationid":0,"currentstop":null,"nextstop":null,"laststop":null,"stopCoveredStatus":1,"heading":228,"lastrefreshon":"09-03-2024 16:58:35","lastreceiveddatetimeflag":1,"tripposition":3}]},{"routeid":5214,"stationid":23219,"stationname":"Avalahalli Hosakote","from":"Goraguntepalya","to":"Hosakote Bus Stand (Old)","routeno":"500-HG","distance_on_station":25.928,"centerlat":13.03605,"centerlong":77.7358,"responsecode":200,"isnotify":0,"vehicleDetails":[{"vehicleid":21065,"vehiclenumber":"KA57F2646","servicetypeid":72,"servicetype":"Non AC/Ordinary","centerlat":13.070202,"centerlong":77.784821,"eta":"","sch_arrivaltime":"16:39","sch_departuretime":"16:39","actual_arrivaltime":"16:37","actual_departuretime":"16:37","sch_tripstarttime":"15:45","sch_tripendtime":"15:45","lastlocationid":0,"currentlocationid":22050,"nextlocationid":0,"currentstop":null,"nextstop":null,"laststop":null,"stopCoveredStatus":1,"heading":228,"lastrefreshon":"09-03-2024 16:58:35","lastreceiveddatetimeflag":1,"tripposition":1}]},{"routeid":5214,"stationid":24455,"stationname":"Cheemasandra Gate","from":"Goraguntepalya","to":"Hosakote Bus Stand (Old)","routeno":"500-HG","distance_on_station":26.532,"centerlat":13.03903,"centerlong":77.74008,"responsecode":200,"isnotify":0,"vehicleDetails":[{"vehicleid":21065,"vehiclenumber":"KA57F2646","servicetypeid":72,"servicetype":"Non AC/Ordinary","centerlat":13.070202,"centerlong":77.784821,"eta":"","sch_arrivaltime":"16:40","sch_departuretime":"16:40","actual_arrivaltime":"16:38","actual_departuretime":"16:38","sch_tripstarttime":"15:45","sch_tripendtime":"15:45","lastlocationid":0,"currentlocationid":22050,"nextlocationid":0,"currentstop":null,"nextstop":null,"laststop":null,"stopCoveredStatus":1,"heading":228,"lastrefreshon":"09-03-2024 16:58:35","lastreceiveddatetimeflag":1,"tripposition":1}]},{"routeid":5214,"stationid":21715,"stationname":"Bandapura Gate","from":"Goraguntepalya","to":"Hosakote Bus Stand (Old)","routeno":"500-HG","distance_on_station":27.146,"centerlat":13.04228,"centerlong":77.74459,"responsecode":200,"isnotify":0,"vehicleDetails":[{"vehicleid":21065,"vehiclenumber":"KA57F2646","servicetypeid":72,"servicetype":"Non AC/Ordinary","centerlat":13.070202,"centerlong":77.784821,"eta":"","sch_arrivaltime":"16:41","sch_departuretime":"16:41","actual_arrivaltime":"16:40","actual_departuretime":"16:40","sch_tripstarttime":"15:45","sch_tripendtime":"15:45","lastlocationid":0,"currentlocationid":22050,"nextlocationid":0,"currentstop":null,"nextstop":null,"laststop":null,"stopCoveredStatus":1,"heading":228,"lastrefreshon":"09-03-2024 16:58:35","lastreceiveddatetimeflag":1,"tripposition":1}]},{"routeid":5214,"stationid":21791,"stationname":"Budigere Cross","from":"Goraguntepalya","to":"Hosakote Bus Stand (Old)","routeno":"500-HG","distance_on_station":27.875,"centerlat":13.04651,"centerlong":77.75054,"responsecode":200,"isnotify":0,"vehicleDetails":[{"vehicleid":21065,"vehiclenumber":"KA57F2646","servicetypeid":72,"servicetype":"Non AC/Ordinary","centerlat":13.070202,"centerlong":77.784821,"eta":"","sch_arrivaltime":"16:42","sch_departuretime":"16:42","actual_arrivaltime":"16:41","actual_departuretime":"16:42","sch_tripstarttime":"15:45","sch_tripendtime":"15:45","lastlocationid":0,"currentlocationid":22050,"nextlocationid":0,"currentstop":null,"nextstop":null,"laststop":null,"stopCoveredStatus":1,"heading":228,"lastrefreshon":"09-03-2024 16:58:35","lastreceiveddatetimeflag":1,"tripposition":1}]},{"routeid":5214,"stationid":22456,"stationname":"Sapthagiri Convention Hall","from":"Goraguntepalya","to":"Hosakote Bus Stand (Old)","routeno":"500-HG","distance_on_station":28.681,"centerlat":13.0509,"centerlong":77.75676,"responsecode":200,"isnotify":0,"vehicleDetails":[{"vehicleid":21065,"vehiclenumber":"KA57F2646","servicetypeid":72,"servicetype":"Non AC/Ordinary","centerlat":13.070202,"centerlong":77.784821,"eta":"","sch_arrivaltime":"16:43","sch_departuretime":"16:43","actual_arrivaltime":"16:43","actual_departuretime":"16:44","sch_tripstarttime":"15:45","sch_tripendtime":"15:45","lastlocationid":0,"currentlocationid":22050,"nextlocationid":0,"currentstop":null,"nextstop":null,"laststop":null,"stopCoveredStatus":1,"heading":228,"lastrefreshon":"09-03-2024 16:58:35","lastreceiveddatetimeflag":1,"tripposition":1}]},{"routeid":5214,"stationid":22155,"stationname":"Katamanallur Gate","from":"Goraguntepalya","to":"Hosakote Bus Stand (Old)","routeno":"500-HG","distance_on_station":29.285,"centerlat":13.05373,"centerlong":77.76177,"responsecode":200,"isnotify":0,"vehicleDetails":[{"vehicleid":21065,"vehiclenumber":"KA57F2646","servicetypeid":72,"servicetype":"Non AC/Ordinary","centerlat":13.070202,"centerlong":77.784821,"eta":"","sch_arrivaltime":"16:44","sch_departuretime":"16:44","actual_arrivaltime":"16:45","actual_departuretime":"16:45","sch_tripstarttime":"15:45","sch_tripendtime":"15:45","lastlocationid":0,"currentlocationid":22050,"nextlocationid":0,"currentstop":null,"nextstop":null,"laststop":null,"stopCoveredStatus":1,"heading":228,"lastrefreshon":"09-03-2024 16:58:35","lastreceiveddatetimeflag":1,"tripposition":1}]},{"routeid":5214,"stationid":22054,"stationname":"Hosakote Kodi","from":"Goraguntepalya","to":"Hosakote Bus Stand (Old)","routeno":"500-HG","distance_on_station":29.947,"centerlat":13.0565,"centerlong":77.76741,"responsecode":200,"isnotify":0,"vehicleDetails":[{"vehicleid":21065,"vehiclenumber":"KA57F2646","servicetypeid":72,"servicetype":"Non AC/Ordinary","centerlat":13.070202,"centerlong":77.784821,"eta":"","sch_arrivaltime":"16:45","sch_departuretime":"16:45","actual_arrivaltime":"16:46","actual_departuretime":"16:47","sch_tripstarttime":"15:45","sch_tripendtime":"15:45","lastlocationid":0,"currentlocationid":22050,"nextlocationid":0,"currentstop":null,"nextstop":null,"laststop":null,"stopCoveredStatus":1,"heading":228,"lastrefreshon":"09-03-2024 16:58:35","lastreceiveddatetimeflag":1,"tripposition":1}]},{"routeid":5214,"stationid":22056,"stationname":"Hosakote Toll","from":"Goraguntepalya","to":"Hosakote Bus Stand (Old)","routeno":"500-HG","distance_on_station":30.417,"centerlat":13.05963,"centerlong":77.77057,"responsecode":200,"isnotify":0,"vehicleDetails":[{"vehicleid":21065,"vehiclenumber":"KA57F2646","servicetypeid":72,"servicetype":"Non AC/Ordinary","centerlat":13.070202,"centerlong":77.784821,"eta":"","sch_arrivaltime":"16:46","sch_departuretime":"16:46","actual_arrivaltime":"16:47","actual_departuretime":"16:48","sch_tripstarttime":"15:45","sch_tripendtime":"15:45","lastlocationid":0,"currentlocationid":22050,"nextlocationid":0,"currentstop":null,"nextstop":null,"laststop":null,"stopCoveredStatus":1,"heading":228,"lastrefreshon":"09-03-2024 16:58:35","lastreceiveddatetimeflag":1,"tripposition":1}]},{"routeid":5214,"stationid":22050,"stationname":"Hosakote High School","from":"Goraguntepalya","to":"Hosakote Bus Stand (Old)","routeno":"500-HG","distance_on_station":32.191,"centerlat":13.07033,"centerlong":77.78338,"responsecode":200,"isnotify":0,"vehicleDetails":[{"vehicleid":21065,"vehiclenumber":"KA57F2646","servicetypeid":72,"servicetype":"Non AC/Ordinary","centerlat":13.070202,"centerlong":77.784821,"eta":"","sch_arrivaltime":"16:51","sch_departuretime":"16:51","actual_arrivaltime":"16:50","actual_departuretime":"16:52","sch_tripstarttime":"15:45","sch_tripendtime":"15:45","lastlocationid":0,"currentlocationid":22050,"nextlocationid":0,"currentstop":null,"nextstop":null,"laststop":null,"stopCoveredStatus":1,"heading":228,"lastrefreshon":"09-03-2024 16:58:35","lastreceiveddatetimeflag":1,"tripposition":1}]},{"routeid":5214,"stationid":37604,"stationname":"Hosakote BEO office","from":"Goraguntepalya","to":"Hosakote Bus Stand (Old)","routeno":"500-HG","distance_on_station":32.537,"centerlat":13.07339,"centerlong":77.78294,"responsecode":200,"isnotify":0,"vehicleDetails":[{"vehicleid":21065,"vehiclenumber":"KA57F2646","servicetypeid":72,"servicetype":"Non AC/Ordinary","centerlat":13.070202,"centerlong":77.784821,"eta":"","sch_arrivaltime":"16:52","sch_departuretime":"16:52","actual_arrivaltime":"16:53","actual_departuretime":"16:54","sch_tripstarttime":"15:45","sch_tripendtime":"15:45","lastlocationid":0,"currentlocationid":22050,"nextlocationid":0,"currentstop":null,"nextstop":null,"laststop":null,"stopCoveredStatus":1,"heading":228,"lastrefreshon":"09-03-2024 16:58:35","lastreceiveddatetimeflag":1,"tripposition":1}]},{"routeid":5214,"stationid":22048,"stationname":"Hosakote Flower Market","from":"Goraguntepalya","to":"Hosakote Bus Stand (Old)","routeno":"500-HG","distance_on_station":32.949,"centerlat":13.07531,"centerlong":77.78637,"responsecode":200,"isnotify":0,"vehicleDetails":[{"vehicleid":21065,"vehiclenumber":"KA57F2646","servicetypeid":72,"servicetype":"Non AC/Ordinary","centerlat":13.070202,"centerlong":77.784821,"eta":"","sch_arrivaltime":"16:53","sch_departuretime":"16:53","actual_arrivaltime":"16:55","actual_departuretime":"16:55","sch_tripstarttime":"15:45","sch_tripendtime":"15:45","lastlocationid":0,"currentlocationid":22050,"nextlocationid":0,"currentstop":null,"nextstop":null,"laststop":null,"stopCoveredStatus":1,"heading":228,"lastrefreshon":"09-03-2024 16:58:35","lastreceiveddatetimeflag":1,"tripposition":1}]},{"routeid":5214,"stationid":22046,"stationname":"Hosakote Bus Stand (Old)","from":"Goraguntepalya","to":"Hosakote Bus Stand (Old)","routeno":"500-HG","distance_on_station":33.4,"centerlat":13.0787,"centerlong":77.78774,"responsecode":200,"isnotify":0,"vehicleDetails":[{"vehicleid":21065,"vehiclenumber":"KA57F2646","servicetypeid":72,"servicetype":"Non AC/Ordinary","centerlat":13.070202,"centerlong":77.784821,"eta":"","sch_arrivaltime":"16:54","sch_departuretime":"16:54","actual_arrivaltime":"","actual_departuretime":"","sch_tripstarttime":"15:45","sch_tripendtime":"15:45","lastlocationid":0,"currentlocationid":22050,"nextlocationid":0,"currentstop":null,"nextstop":null,"laststop":null,"stopCoveredStatus":0,"heading":228,"lastrefreshon":"09-03-2024 16:58:35","lastreceiveddatetimeflag":1,"tripposition":1}]}],"mapData":[{"vehicleid":21065,"vehiclenumber":"KA57F2646","servicetypeid":72,"servicetype":"Non AC/Ordinary","centerlat":13.070202,"centerlong":77.784821,"eta":"","sch_arrivaltime":"16:54","sch_departuretime":"16:54","actual_arrivaltime":"","actual_departuretime":"","sch_tripstarttime":"15:45","sch_tripendtime":"15:45","lastlocationid":0,"currentlocationid":22050,"nextlocationid":0,"currentstop":null,"nextstop":null,"laststop":null,"stopCoveredStatus":0,"heading":228,"lastrefreshon":"09-03-2024 16:58:35","lastreceiveddatetimeflag":1,"tripposition":1}]},"message":"Success","issuccess":true,"exception":null,"rowCount":0,"responsecode":200}