{"up":{"data":[{"routeid":6352,"stationid":21507,"stationname":"Dwaraka Nagara","from":"Dwaraka Nagara","to":"Krishnaraja Pura Govt Hospital","routeno":"507-C","distance_on_station":0,"centerlat":13.08783,"centerlong":77.49516,"responsecode":200,"isnotify":0,"vehicleDetails":[{"vehicleid":15385,"vehiclenumber":"KA57F2368","servicetypeid":72,"servicetype":"Non AC/Ordinary","centerlat":13.030725,"centerlong":77.630852,"eta":"","sch_arrivaltime":"18:05","sch_departuretime":"18:05","actual_arrivaltime":"18:09","actual_departuretime":"18:09","sch_tripstarttime":"18:05","sch_tripendtime":"18:05","lastlocationid":0,"currentlocationid":21522,"nextlocationid":0,"currentstop":null,"nextstop":null,"laststop":null,"stopCoveredStatus":1,"heading":154,"lastrefreshon":"09-03-2024 19:16:23","lastreceiveddatetimeflag":0,"tripposition":1},{"vehicleid":18624,"vehiclenumber":"KA57F4390","servicetypeid":72,"servicetype":"Non AC/Ordinary","centerlat":13.008029,"centerlong":77.691719,"eta":"","sch_arrivaltime":"18:05","sch_departuretime":"18:05","actual_arrivaltime":"","actual_departuretime":"","sch_tripstarttime":"18:05","sch_tripendtime":"18:05","lastlocationid":0,"currentlocationid":20946,"nextlocationid":0,"currentstop":null,"nextstop":null,"laststop":null,"stopCoveredStatus":1,"heading":79,"lastrefreshon":"09-03-2024 19:16:47","lastreceiveddatetimeflag":0,"tripposition":1},{"vehicleid":20843,"vehiclenumber":"KA57F3093","servicetypeid":72,"servicetype":"Non AC/Ordinary","centerlat":13.023355,"centerlong":77.645744,"eta":"","sch_arrivaltime":"18:25","sch_departuretime":"18:25","actual_arrivaltime":"","actual_departuretime":"","sch_tripstarttime":"18:25","sch_tripendtime":"18:25","lastlocationid":0,"currentlocationid":20618,"nextlocationid":0,"currentstop":null,"nextstop":null,"laststop":null,"stopCoveredStatus":1,"heading":113,"lastrefreshon":"09-03-2024 19:16:32","lastreceiveddatetimeflag":0,"tripposition":1}]},{"routeid":6352,"stationid":20717,"stationname":"Chikka Banavara","from":"Dwaraka Nagara","to":"Krishnaraja Pura Govt Hospital","routeno":"507-C","distance_on_station":1.163,"centerlat":13.08053,"centerlong":77.50259,"responsecode":200,"isnotify":0,"vehicleDetails":[{"vehicleid":15385,"vehiclenumber":"KA57F2368","servicetypeid":72,"servicetype":"Non AC/Ordinary","centerlat":13.030725,"centerlong":77.630852,"eta":"","sch_arrivaltime":"18:08","sch_departuretime":"18:08","actual_arrivaltime":"18:11","actual_departuretime":"18:12","sch_tripstarttime":"18:05","sch_tripendtime":"18:05","lastlocationid":0,"currentlocationid":21522,"nextlocationid":0,"currentstop":null,"nextstop":null,"laststop":null,"stopCoveredStatus":1,"heading":154,"lastrefreshon":"09-03-2024 19:16:23","lastreceiveddatetimeflag":0,"tripposition":1},{"vehicleid":18624,"vehiclenumber":"KA57F4390","servicetypeid":72,"servicetype":"Non AC/Ordinary","centerlat":13.008029,"centerlong":77.691719,"eta":"","sch_arrivaltime":"18:08","sch_departuretime":"18:08","actual_arrivaltime":"17:50","actual_departuretime":"17:50","sch_tripstarttime":"18:05","sch_tripendtime":"18:05","lastlocationid":0,"currentlocationid":20946,"nextlocationid":0,"currentstop":null,"nextstop":null,"laststop":null,"stopCoveredStatus":1,"heading":79,"lastrefreshon":"09-03-2024 19:16:47","lastreceiveddatetimeflag":0,"tripposition":1},{"vehicleid":20843,"vehiclenumber":"KA57F3093","servicetypeid":72,"servicetype":"Non AC/Ordinary","centerlat":13.023355,"centerlong":77.645744,"eta":"","sch_arrivaltime":"18:28","sch_departuretime":"18:28","actual_arrivaltime":"","actual_departuretime":"","sch_tripstarttime":"18:25","sch_tripendtime":"18:25","lastlocationid":0,"currentlocationid":20618,"nextlocationid":0,"currentstop":null,"nextstop":null,"laststop":null,"stopCoveredStatus":1,"heading":113,"lastrefreshon":"09-03-2024 19:16:32","lastreceiveddatetimeflag":0,"tripposition":3}]},{"routeid":6352,"stationid":32409,"stationname":"Dasappanapalya","from":"Dwaraka Nagara","to":"Krishnaraja Pura Govt Hospital","routeno":"507-C","distance_on_station":1.554,"centerlat":13.07935,"centerlong":77.50591,"responsecode":200,"isnotify":0,"vehicleDetails":[{"vehicleid":18624,"vehiclenumber":"KA57F4390","servicetypeid":72,"servicetype":"Non AC/Ordinary","centerlat":13.008029,"centerlong":77.691719,"eta":"","sch_arrivaltime":"18:09","sch_departuretime":"18:09","actual_arrivaltime":"17:52","actual_departuretime":"17:52","sch_tripstarttime":"18:05","sch_tripendtime":"18:05","lastlocationid":0,"currentlocationid":20946,"nextlocationid":0,"currentstop":null,"nextstop":null,"laststop":null,"stopCoveredStatus":1,"heading":79,"lastrefreshon":"09-03-2024 19:16:47","lastreceiveddatetimeflag":0,"tripposition":1},{"vehicleid":15385,"vehiclenumber":"KA57F2368","servicetypeid":72,"servicetype":"Non AC/Ordinary","centerlat":13.030725,"centerlong":77.630852,"eta":"","sch_arrivaltime":"18:09","sch_departuretime":"18:09","actual_arrivaltime":"18:17","actual_departuretime":"18:17","sch_tripstarttime":"18:05","sch_tripendtime":"18:05","lastlocationid":0,"currentlocationid":21522,"nextlocationid":0,"currentstop":null,"nextstop":null,"laststop":null,"stopCoveredStatus":1,"heading":154,"lastrefreshon":"09-03-2024 19:16:23","lastreceiveddatetimeflag":0,"tripposition":1},{"vehicleid":20843,"vehiclenumber":"KA57F3093","servicetypeid":72,"servicetype":"Non AC/Ordinary","centerlat":13.023355,"centerlong":77.645744,"eta":"","sch_arrivaltime":"18:29","sch_departuretime":"18:29","actual_arrivaltime":"","actual_departuretime":"","sch_tripstarttime":"18:25","sch_tripendtime":"18:25","lastlocationid":0,"currentlocationid":20618,"nextlocationid":0,"currentstop":null,"nextstop":null,"laststop":null,"stopCoveredStatus":1,"heading":113,"lastrefreshon":"09-03-2024 19:16:32","lastreceiveddatetimeflag":0,"tripposition":3}]},{"routeid":6352,"stationid":32635,"stationname":"Gangadhara Kalyana Mantapa","from":"Dwaraka Nagara","to":"Krishnaraja Pura Govt Hospital","routeno":"507-C","distance_on_station":2.16,"centerlat":13.08,"centerlong":77.51137,"responsecode":200,"isnotify":0,"vehicleDetails":[{"vehicleid":18624,"vehiclenumber":"KA57F4390","servicetypeid":72,"servicetype":"Non AC/Ordinary","centerlat":13.008029,"centerlong":77.691719,"eta":"","sch_arrivaltime":"18:10","sch_departuretime":"18:10","actual_arrivaltime":"17:54","actual_departuretime":"17:54","sch_tripstarttime":"18:05","sch_tripendtime":"18:05","lastlocationid":0,"currentlocationid":20946,"nextlocationid":0,"currentstop":null,"nextstop":null,"laststop":null,"stopCoveredStatus":1,"heading":79,"lastrefreshon":"09-03-2024 19:16:47","lastreceiveddatetimeflag":0,"tripposition":1},{"vehicleid":15385,"vehiclenumber":"KA57F2368","servicetypeid":72,"servicetype":"Non AC/Ordinary","centerlat":13.030725,"centerlong":77.630852,"eta":"","sch_arrivaltime":"18:10","sch_departuretime":"18:10","actual_arrivaltime":"18:18","actual_departuretime":"18:19","sch_tripstarttime":"18:05","sch_tripendtime":"18:05","lastlocationid":0,"currentlocationid":21522,"nextlocationid":0,"currentstop":null,"nextstop":null,"laststop":null,"stopCoveredStatus":1,"heading":154,"lastrefreshon":"09-03-2024 19:16:23","lastreceiveddatetimeflag":0,"tripposition":1},{"vehicleid":20843,"vehiclenumber":"KA57F3093","servicetypeid":72,"servicetype":"Non AC/Ordinary","centerlat":13.023355,"centerlong":77.645744,"eta":"","sch_arrivaltime":"18:30","sch_departuretime":"18:30","actual_arrivaltime":"18:13","actual_departuretime":"18:13","sch_tripstarttime":"18:25","sch_tripendtime":"18:25","lastlocationid":0,"currentlocationid":20618,"nextlocationid":0,"currentstop":null,"nextstop":null,"laststop":null,"stopCoveredStatus":1,"heading":113,"lastrefreshon":"09-03-2024 19:16:32","lastreceiveddatetimeflag":0,"tripposition":1}]},{"routeid":6352,"stationid":33463,"stationname":"Kere Guddadahalli","from":"Dwaraka Nagara","to":"Krishnaraja Pura Govt Hospital","routeno":"507-C","distance_on_station":2.669,"centerlat":13.0792,"centerlong":77.51599,"responsecode":200,"isnotify":0,"vehicleDetails":[{"vehicleid":18624,"vehiclenumber":"KA57F4390","servicetypeid":72,"servicetype":"Non AC/Ordinary","centerlat":13.008029,"centerlong":77.691719,"eta":"","sch_arrivaltime":"18:11","sch_departuretime":"18:11","actual_arrivaltime":"17:56","actual_departuretime":"17:56","sch_tripstarttime":"18:05","sch_tripendtime":"18:05","lastlocationid":0,"currentlocationid":20946,"nextlocationid":0,"currentstop":null,"nextstop":null,"laststop":null,"stopCoveredStatus":1,"heading":79,"lastrefreshon":"09-03-2024 19:16:47","lastreceiveddatetimeflag":0,"tripposition":1},{"vehicleid":15385,"vehiclenumber":"KA57F2368","servicetypeid":72,"servicetype":"Non AC/Ordinary","centerlat":13.030725,"centerlong":77.630852,"eta":"","sch_arrivaltime":"18:11","sch_departuretime":"18:11","actual_arrivaltime":"18:20","actual_departuretime":"18:20","sch_tripstarttime":"18:05","sch_tripendtime":"18:05","lastlocationid":0,"currentlocationid":21522,"nextlocationid":0,"currentstop":null,"nextstop":null,"laststop":null,"stopCoveredStatus":1,"heading":154,"lastrefreshon":"09-03-2024 19:16:23","lastreceiveddatetimeflag":0,"tripposition":1},{"vehicleid":20843,"vehiclenumber":"KA57F3093","servicetypeid":72,"servicetype":"Non AC/Ordinary","centerlat":13.023355,"centerlong":77.645744,"eta":"","sch_arrivaltime":"18:31","sch_departuretime":"18:31","actual_arrivaltime":"18:14","actual_departuretime":"18:15","sch_tripstarttime":"18:25","sch_tripendtime":"18:25","lastlocationid":0,"currentlocationid":20618,"nextlocationid":0,"currentstop":null,"nextstop":null,"laststop":null,"stopCoveredStatus":1,"heading":113,"lastrefreshon":"09-03-2024 19:16:32","lastreceiveddatetimeflag":0,"tripposition":1}]},{"routeid":6352,"stationid":29430,"stationname":"Abbigere","from":"Dwaraka Nagara","to":"Krishnaraja Pura Govt Hospital","routeno":"507-C","distance_on_station":3.891,"centerlat":13.07696,"centerlong":77.52587,"responsecode":200,"isnotify":0,"vehicleDetails":[{"vehicleid":18624,"vehiclenumber":"KA57F4390","servicetypeid":72,"servicetype":"Non AC/Ordinary","centerlat":13.008029,"centerlong":77.691719,"eta":"","sch_arrivaltime":"18:14","sch_departuretime":"18:14","actual_arrivaltime":"","actual_departuretime":"","sch_tripstarttime":"18:05","sch_tripendtime":"18:05","lastlocationid":0,"currentlocationid":20946,"nextlocationid":0,"currentstop":null,"nextstop":null,"laststop":null,"stopCoveredStatus":1,"heading":79,"lastrefreshon":"09-03-2024 19:16:47","lastreceiveddatetimeflag":0,"tripposition":3},{"vehicleid":20843,"vehiclenumber":"KA57F3093","servicetypeid":72,"servicetype":"Non AC/Ordinary","centerlat":13.023355,"centerlong":77.645744,"eta":"","sch_arrivaltime":"18:34","sch_departuretime":"18:34","actual_arrivaltime":"","actual_departuretime":"","sch_tripstarttime":"18:25","sch_tripendtime":"18:25","lastlocationid":0,"currentlocationid":20618,"nextlocationid":0,"currentstop":null,"nextstop":null,"laststop":null,"stopCoveredStatus":1,"heading":113,"lastrefreshon":"09-03-2024 19:16:32","lastreceiveddatetimeflag":0,"tripposition":3},{"vehicleid":15385,"vehiclenumber":"KA57F2368","servicetypeid":72,"servicetype":"Non AC/Ordinary","centerlat":13.030725,"centerlong":77.630852,"eta":"","sch_arrivaltime":"18:14","sch_departuretime":"18:14","actual_arrivaltime":"","actual_departuretime":"","sch_tripstarttime":"18:05","sch_tripendtime":"18:05","lastlocationid":0,"currentlocationid":21522,"nextlocationid":0,"currentstop":null,"nextstop":null,"laststop":null,"stopCoveredStatus":1,"heading":154,"lastrefreshon":"09-03-2024 19:16:23","lastreceiveddatetimeflag":0,"tripposition":3}]},{"routeid":6352,"stationid":35561,"stationname":"Abbigere Cross","from":"Dwaraka Nagara","to":"Krishnaraja Pura Govt Hospital","routeno":"507-C","distance_on_station":4.868,"centerlat":13.07069,"centerlong":77.52976,"responsecode":200,"isnotify":0,"vehicleDetails":[{"vehicleid":18624,"vehiclenumber":"KA57F4390","servicetypeid":72,"servicetype":"Non AC/Ordinary","centerlat":13.008029,"centerlong":77.691719,"eta":"","sch_arrivaltime":"18:17","sch_departuretime":"18:17","actual_arrivaltime":"18:04","actual_departuretime":"18:05","sch_tripstarttime":"18:05","sch_tripendtime":"18:05","lastlocationid":0,"currentlocationid":20946,"nextlocationid":0,"currentstop":null,"nextstop":null,"laststop":null,"stopCoveredStatus":1,"heading":79,"lastrefreshon":"09-03-2024 19:16:47","lastreceiveddatetimeflag":0,"tripposition":1},{"vehicleid":20843,"vehiclenumber":"KA57F3093","servicetypeid":72,"servicetype":"Non AC/Ordinary","centerlat":13.023355,"centerlong":77.645744,"eta":"","sch_arrivaltime":"18:37","sch_departuretime":"18:37","actual_arrivaltime":"18:23","actual_departuretime":"18:24","sch_tripstarttime":"18:25","sch_tripendtime":"18:25","lastlocationid":0,"currentlocationid":20618,"nextlocationid":0,"currentstop":null,"nextstop":null,"laststop":null,"stopCoveredStatus":1,"heading":113,"lastrefreshon":"09-03-2024 19:16:32","lastreceiveddatetimeflag":0,"tripposition":1},{"vehicleid":15385,"vehiclenumber":"KA57F2368","servicetypeid":72,"servicetype":"Non AC/Ordinary","centerlat":13.030725,"centerlong":77.630852,"eta":"","sch_arrivaltime":"18:17","sch_departuretime":"18:17","actual_arrivaltime":"18:28","actual_departuretime":"18:28","sch_tripstarttime":"18:05","sch_tripendtime":"18:05","lastlocationid":0,"currentlocationid":21522,"nextlocationid":0,"currentstop":null,"nextstop":null,"laststop":null,"stopCoveredStatus":1,"heading":154,"lastrefreshon":"09-03-2024 19:16:23","lastreceiveddatetimeflag":0,"tripposition":1}]},{"routeid":6352,"stationid":31636,"stationname":"WIMAC Junction","from":"Dwaraka Nagara","to":"Krishnaraja Pura Govt Hospital","routeno":"507-C","distance_on_station":5.083,"centerlat":13.06876,"centerlong":77.52998,"responsecode":200,"isnotify":0,"vehicleDetails":[{"vehicleid":18624,"vehiclenumber":"KA57F4390","servicetypeid":72,"servicetype":"Non AC/Ordinary","centerlat":13.008029,"centerlong":77.691719,"eta":"","sch_arrivaltime":"18:18","sch_departuretime":"18:18","actual_arrivaltime":"18:05","actual_departuretime":"18:06","sch_tripstarttime":"18:05","sch_tripendtime":"18:05","lastlocationid":0,"currentlocationid":20946,"nextlocationid":0,"currentstop":null,"nextstop":null,"laststop":null,"stopCoveredStatus":1,"heading":79,"lastrefreshon":"09-03-2024 19:16:47","lastreceiveddatetimeflag":0,"tripposition":1},{"vehicleid":20843,"vehiclenumber":"KA57F3093","servicetypeid":72,"servicetype":"Non AC/Ordinary","centerlat":13.023355,"centerlong":77.645744,"eta":"","sch_arrivaltime":"18:38","sch_departuretime":"18:38","actual_arrivaltime":"18:24","actual_departuretime":"18:25","sch_tripstarttime":"18:25","sch_tripendtime":"18:25","lastlocationid":0,"currentlocationid":20618,"nextlocationid":0,"currentstop":null,"nextstop":null,"laststop":null,"stopCoveredStatus":1,"heading":113,"lastrefreshon":"09-03-2024 19:16:32","lastreceiveddatetimeflag":0,"tripposition":1},{"vehicleid":15385,"vehiclenumber":"KA57F2368","servicetypeid":72,"servicetype":"Non AC/Ordinary","centerlat":13.030725,"centerlong":77.630852,"eta":"","sch_arrivaltime":"18:18","sch_departuretime":"18:18","actual_arrivaltime":"18:29","actual_departuretime":"18:29","sch_tripstarttime":"18:05","sch_tripendtime":"18:05","lastlocationid":0,"currentlocationid":21522,"nextlocationid":0,"currentstop":null,"nextstop":null,"laststop":null,"stopCoveredStatus":1,"heading":154,"lastrefreshon":"09-03-2024 19:16:23","lastreceiveddatetimeflag":0,"tripposition":1}]},{"routeid":6352,"stationid":33297,"stationname":"Kammagondanahalli Rama Temple","from":"Dwaraka Nagara","to":"Krishnaraja Pura Govt Hospital","routeno":"507-C","distance_on_station":5.65,"centerlat":13.06377,"centerlong":77.53068,"responsecode":200,"isnotify":0,"vehicleDetails":[{"vehicleid":18624,"vehiclenumber":"KA57F4390","servicetypeid":72,"servicetype":"Non AC/Ordinary","centerlat":13.008029,"centerlong":77.691719,"eta":"","sch_arrivaltime":"18:20","sch_departuretime":"18:20","actual_arrivaltime":"18:08","actual_departuretime":"18:09","sch_tripstarttime":"18:05","sch_tripendtime":"18:05","lastlocationid":0,"currentlocationid":20946,"nextlocationid":0,"currentstop":null,"nextstop":null,"laststop":null,"stopCoveredStatus":1,"heading":79,"lastrefreshon":"09-03-2024 19:16:47","lastreceiveddatetimeflag":0,"tripposition":1},{"vehicleid":20843,"vehiclenumber":"KA57F3093","servicetypeid":72,"servicetype":"Non AC/Ordinary","centerlat":13.023355,"centerlong":77.645744,"eta":"","sch_arrivaltime":"18:40","sch_departuretime":"18:40","actual_arrivaltime":"18:28","actual_departuretime":"18:29","sch_tripstarttime":"18:25","sch_tripendtime":"18:25","lastlocationid":0,"currentlocationid":20618,"nextlocationid":0,"currentstop":null,"nextstop":null,"laststop":null,"stopCoveredStatus":1,"heading":113,"lastrefreshon":"09-03-2024 19:16:32","lastreceiveddatetimeflag":0,"tripposition":1},{"vehicleid":15385,"vehiclenumber":"KA57F2368","servicetypeid":72,"servicetype":"Non AC/Ordinary","centerlat":13.030725,"centerlong":77.630852,"eta":"","sch_arrivaltime":"18:20","sch_departuretime":"18:20","actual_arrivaltime":"18:31","actual_departuretime":"18:31","sch_tripstarttime":"18:05","sch_tripendtime":"18:05","lastlocationid":0,"currentlocationid":21522,"nextlocationid":0,"currentstop":null,"nextstop":null,"laststop":null,"stopCoveredStatus":1,"heading":154,"lastrefreshon":"09-03-2024 19:16:23","lastreceiveddatetimeflag":0,"tripposition":1}]},{"routeid":6352,"stationid":26683,"stationname":"S R S Mathikere","from":"Dwaraka Nagara","to":"Krishnaraja Pura Govt Hospital","routeno":"507-C","distance_on_station":5.914,"centerlat":13.06145,"centerlong":77.53112,"responsecode":200,"isnotify":0,"vehicleDetails":[{"vehicleid":18624,"vehiclenumber":"KA57F4390","servicetypeid":72,"servicetype":"Non AC/Ordinary","centerlat":13.008029,"centerlong":77.691719,"eta":"","sch_arrivaltime":"18:21","sch_departuretime":"18:21","actual_arrivaltime":"18:10","actual_departuretime":"18:10","sch_tripstarttime":"18:05","sch_tripendtime":"18:05","lastlocationid":0,"currentlocationid":20946,"nextlocationid":0,"currentstop":null,"nextstop":null,"laststop":null,"stopCoveredStatus":1,"heading":79,"lastrefreshon":"09-03-2024 19:16:47","lastreceiveddatetimeflag":0,"tripposition":1},{"vehicleid":20843,"vehiclenumber":"KA57F3093","servicetypeid":72,"servicetype":"Non AC/Ordinary","centerlat":13.023355,"centerlong":77.645744,"eta":"","sch_arrivaltime":"18:41","sch_departuretime":"18:41","actual_arrivaltime":"18:30","actual_departuretime":"18:30","sch_tripstarttime":"18:25","sch_tripendtime":"18:25","lastlocationid":0,"currentlocationid":20618,"nextlocationid":0,"currentstop":null,"nextstop":null,"laststop":null,"stopCoveredStatus":1,"heading":113,"lastrefreshon":"09-03-2024 19:16:32","lastreceiveddatetimeflag":0,"tripposition":1},{"vehicleid":15385,"vehiclenumber":"KA57F2368","servicetypeid":72,"servicetype":"Non AC/Ordinary","centerlat":13.030725,"centerlong":77.630852,"eta":"","sch_arrivaltime":"18:21","sch_departuretime":"18:21","actual_arrivaltime":"18:32","actual_departuretime":"18:32","sch_tripstarttime":"18:05","sch_tripendtime":"18:05","lastlocationid":0,"currentlocationid":21522,"nextlocationid":0,"currentstop":null,"nextstop":null,"laststop":null,"stopCoveredStatus":1,"heading":154,"lastrefreshon":"09-03-2024 19:16:23","lastreceiveddatetimeflag":0,"tripposition":1}]},{"routeid":6352,"stationid":33474,"stationname":"KG Halli Post Office","from":"Dwaraka Nagara","to":"Krishnaraja Pura Govt Hospital","routeno":"507-C","distance_on_station":6.442,"centerlat":13.05693,"centerlong":77.53272,"responsecode":200,"isnotify":0,"vehicleDetails":[{"vehicleid":18624,"vehiclenumber":"KA57F4390","servicetypeid":72,"servicetype":"Non AC/Ordinary","centerlat":13.008029,"centerlong":77.691719,"eta":"","sch_arrivaltime":"18:22","sch_departuretime":"18:22","actual_arrivaltime":"18:12","actual_departuretime":"18:12","sch_tripstarttime":"18:05","sch_tripendtime":"18:05","lastlocationid":0,"currentlocationid":20946,"nextlocationid":0,"currentstop":null,"nextstop":null,"laststop":null,"stopCoveredStatus":1,"heading":79,"lastrefreshon":"09-03-2024 19:16:47","lastreceiveddatetimeflag":0,"tripposition":1},{"vehicleid":20843,"vehiclenumber":"KA57F3093","servicetypeid":72,"servicetype":"Non AC/Ordinary","centerlat":13.023355,"centerlong":77.645744,"eta":"","sch_arrivaltime":"18:42","sch_departuretime":"18:42","actual_arrivaltime":"18:32","actual_departuretime":"18:33","sch_tripstarttime":"18:25","sch_tripendtime":"18:25","lastlocationid":0,"currentlocationid":20618,"nextlocationid":0,"currentstop":null,"nextstop":null,"laststop":null,"stopCoveredStatus":1,"heading":113,"lastrefreshon":"09-03-2024 19:16:32","lastreceiveddatetimeflag":0,"tripposition":1},{"vehicleid":15385,"vehiclenumber":"KA57F2368","servicetypeid":72,"servicetype":"Non AC/Ordinary","centerlat":13.030725,"centerlong":77.630852,"eta":"","sch_arrivaltime":"18:22","sch_departuretime":"18:22","actual_arrivaltime":"18:33","actual_departuretime":"18:34","sch_tripstarttime":"18:05","sch_tripendtime":"18:05","lastlocationid":0,"currentlocationid":21522,"nextlocationid":0,"currentstop":null,"nextstop":null,"laststop":null,"stopCoveredStatus":1,"heading":154,"lastrefreshon":"09-03-2024 19:16:23","lastreceiveddatetimeflag":0,"tripposition":1}]},{"routeid":6352,"stationid":22143,"stationname":"Kammagonda‌nahalli Bridge","from":"Dwaraka Nagara","to":"Krishnaraja Pura Govt Hospital","routeno":"507-C","distance_on_station":6.824,"centerlat":13.05491,"centerlong":77.53475,"responsecode":200,"isnotify":0,"vehicleDetails":[{"vehicleid":18624,"vehiclenumber":"KA57F4390","servicetypeid":72,"servicetype":"Non AC/Ordinary","centerlat":13.008029,"centerlong":77.691719,"eta":"","sch_arrivaltime":"18:23","sch_departuretime":"18:23","actual_arrivaltime":"18:13","actual_departuretime":"18:14","sch_tripstarttime":"18:05","sch_tripendtime":"18:05","lastlocationid":0,"currentlocationid":20946,"nextlocationid":0,"currentstop":null,"nextstop":null,"laststop":null,"stopCoveredStatus":1,"heading":79,"lastrefreshon":"09-03-2024 19:16:47","lastreceiveddatetimeflag":0,"tripposition":1},{"vehicleid":20843,"vehiclenumber":"KA57F3093","servicetypeid":72,"servicetype":"Non AC/Ordinary","centerlat":13.023355,"centerlong":77.645744,"eta":"","sch_arrivaltime":"18:43","sch_departuretime":"18:43","actual_arrivaltime":"18:34","actual_departuretime":"18:35","sch_tripstarttime":"18:25","sch_tripendtime":"18:25","lastlocationid":0,"currentlocationid":20618,"nextlocationid":0,"currentstop":null,"nextstop":null,"laststop":null,"stopCoveredStatus":1,"heading":113,"lastrefreshon":"09-03-2024 19:16:32","lastreceiveddatetimeflag":0,"tripposition":1},{"vehicleid":15385,"vehiclenumber":"KA57F2368","servicetypeid":72,"servicetype":"Non AC/Ordinary","centerlat":13.030725,"centerlong":77.630852,"eta":"","sch_arrivaltime":"18:23","sch_departuretime":"18:23","actual_arrivaltime":"18:35","actual_departuretime":"18:36","sch_tripstarttime":"18:05","sch_tripendtime":"18:05","lastlocationid":0,"currentlocationid":21522,"nextlocationid":0,"currentstop":null,"nextstop":null,"laststop":null,"stopCoveredStatus":1,"heading":154,"lastrefreshon":"09-03-2024 19:16:23","lastreceiveddatetimeflag":0,"tripposition":1}]},{"routeid":6352,"stationid":21939,"stationname":"Fathima Church","from":"Dwaraka Nagara","to":"Krishnaraja Pura Govt Hospital","routeno":"507-C","distance_on_station":7.547,"centerlat":13.05478,"centerlong":77.54137,"responsecode":200,"isnotify":0,"vehicleDetails":[{"vehicleid":18624,"vehiclenumber":"KA57F4390","servicetypeid":72,"servicetype":"Non AC/Ordinary","centerlat":13.008029,"centerlong":77.691719,"eta":"","sch_arrivaltime":"18:24","sch_departuretime":"18:24","actual_arrivaltime":"18:15","actual_departuretime":"18:15","sch_tripstarttime":"18:05","sch_tripendtime":"18:05","lastlocationid":0,"currentlocationid":20946,"nextlocationid":0,"currentstop":null,"nextstop":null,"laststop":null,"stopCoveredStatus":1,"heading":79,"lastrefreshon":"09-03-2024 19:16:47","lastreceiveddatetimeflag":0,"tripposition":1},{"vehicleid":15385,"vehiclenumber":"KA57F2368","servicetypeid":72,"servicetype":"Non AC/Ordinary","centerlat":13.030725,"centerlong":77.630852,"eta":"","sch_arrivaltime":"18:24","sch_departuretime":"18:24","actual_arrivaltime":"18:37","actual_departuretime":"18:37","sch_tripstarttime":"18:05","sch_tripendtime":"18:05","lastlocationid":0,"currentlocationid":21522,"nextlocationid":0,"currentstop":null,"nextstop":null,"laststop":null,"stopCoveredStatus":1,"heading":154,"lastrefreshon":"09-03-2024 19:16:23","lastreceiveddatetimeflag":0,"tripposition":1},{"vehicleid":20843,"vehiclenumber":"KA57F3093","servicetypeid":72,"servicetype":"Non AC/Ordinary","centerlat":13.023355,"centerlong":77.645744,"eta":"","sch_arrivaltime":"18:44","sch_departuretime":"18:44","actual_arrivaltime":"18:36","actual_departuretime":"18:37","sch_tripstarttime":"18:25","sch_tripendtime":"18:25","lastlocationid":0,"currentlocationid":20618,"nextlocationid":0,"currentstop":null,"nextstop":null,"laststop":null,"stopCoveredStatus":1,"heading":113,"lastrefreshon":"09-03-2024 19:16:32","lastreceiveddatetimeflag":0,"tripposition":1}]},{"routeid":6352,"stationid":22705,"stationname":"State Bank of India","from":"Dwaraka Nagara","to":"Krishnaraja Pura Govt Hospital","routeno":"507-C","distance_on_station":8.055,"centerlat":13.05051,"centerlong":77.55309,"responsecode":200,"isnotify":0,"vehicleDetails":[{"vehicleid":18624,"vehiclenumber":"KA57F4390","servicetypeid":72,"servicetype":"Non AC/Ordinary","centerlat":13.008029,"centerlong":77.691719,"eta":"","sch_arrivaltime":"18:28","sch_departuretime":"18:28","actual_arrivaltime":"","actual_departuretime":"","sch_tripstarttime":"18:05","sch_tripendtime":"18:05","lastlocationid":0,"currentlocationid":20946,"nextlocationid":0,"currentstop":null,"nextstop":null,"laststop":null,"stopCoveredStatus":1,"heading":79,"lastrefreshon":"09-03-2024 19:16:47","lastreceiveddatetimeflag":0,"tripposition":3},{"vehicleid":20843,"vehiclenumber":"KA57F3093","servicetypeid":72,"servicetype":"Non AC/Ordinary","centerlat":13.023355,"centerlong":77.645744,"eta":"","sch_arrivaltime":"18:48","sch_departuretime":"18:48","actual_arrivaltime":"","actual_departuretime":"","sch_tripstarttime":"18:25","sch_tripendtime":"18:25","lastlocationid":0,"currentlocationid":20618,"nextlocationid":0,"currentstop":null,"nextstop":null,"laststop":null,"stopCoveredStatus":1,"heading":113,"lastrefreshon":"09-03-2024 19:16:32","lastreceiveddatetimeflag":0,"tripposition":3},{"vehicleid":15385,"vehiclenumber":"KA57F2368","servicetypeid":72,"servicetype":"Non AC/Ordinary","centerlat":13.030725,"centerlong":77.630852,"eta":"","sch_arrivaltime":"18:28","sch_departuretime":"18:28","actual_arrivaltime":"","actual_departuretime":"","sch_tripstarttime":"18:05","sch_tripendtime":"18:05","lastlocationid":0,"currentlocationid":21522,"nextlocationid":0,"currentstop":null,"nextstop":null,"laststop":null,"stopCoveredStatus":1,"heading":154,"lastrefreshon":"09-03-2024 19:16:23","lastreceiveddatetimeflag":0,"tripposition":3}]},{"routeid":6352,"stationid":35214,"stationname":"Gangamma Circle","from":"Dwaraka Nagara","to":"Krishnaraja Pura Govt Hospital","routeno":"507-C","distance_on_station":8.173,"centerlat":13.05663,"centerlong":77.54654,"responsecode":200,"isnotify":0,"vehicleDetails":[{"vehicleid":18624,"vehiclenumber":"KA57F4390","servicetypeid":72,"servicetype":"Non AC/Ordinary","centerlat":13.008029,"centerlong":77.691719,"eta":"","sch_arrivaltime":"18:26","sch_departuretime":"18:26","actual_arrivaltime":"18:17","actual_departuretime":"18:17","sch_tripstarttime":"18:05","sch_tripendtime":"18:05","lastlocationid":0,"currentlocationid":20946,"nextlocationid":0,"currentstop":null,"nextstop":null,"laststop":null,"stopCoveredStatus":1,"heading":79,"lastrefreshon":"09-03-2024 19:16:47","lastreceiveddatetimeflag":0,"tripposition":1},{"vehicleid":15385,"vehiclenumber":"KA57F2368","servicetypeid":72,"servicetype":"Non AC/Ordinary","centerlat":13.030725,"centerlong":77.630852,"eta":"","sch_arrivaltime":"18:26","sch_departuretime":"18:26","actual_arrivaltime":"18:38","actual_departuretime":"18:40","sch_tripstarttime":"18:05","sch_tripendtime":"18:05","lastlocationid":0,"currentlocationid":21522,"nextlocationid":0,"currentstop":null,"nextstop":null,"laststop":null,"stopCoveredStatus":1,"heading":154,"lastrefreshon":"09-03-2024 19:16:23","lastreceiveddatetimeflag":0,"tripposition":1},{"vehicleid":20843,"vehiclenumber":"KA57F3093","servicetypeid":72,"servicetype":"Non AC/Ordinary","centerlat":13.023355,"centerlong":77.645744,"eta":"","sch_arrivaltime":"18:46","sch_departuretime":"18:46","actual_arrivaltime":"18:38","actual_departuretime":"18:40","sch_tripstarttime":"18:25","sch_tripendtime":"18:25","lastlocationid":0,"currentlocationid":20618,"nextlocationid":0,"currentstop":null,"nextstop":null,"laststop":null,"stopCoveredStatus":1,"heading":113,"lastrefreshon":"09-03-2024 19:16:32","lastreceiveddatetimeflag":0,"tripposition":1}]},{"routeid":6352,"stationid":35215,"stationname":"HMT Club House","from":"Dwaraka Nagara","to":"Krishnaraja Pura Govt Hospital","routeno":"507-C","distance_on_station":8.759,"centerlat":13.0535,"centerlong":77.55068,"responsecode":200,"isnotify":0,"vehicleDetails":[{"vehicleid":18624,"vehiclenumber":"KA57F4390","servicetypeid":72,"servicetype":"Non AC/Ordinary","centerlat":13.008029,"centerlong":77.691719,"eta":"","sch_arrivaltime":"18:27","sch_departuretime":"18:27","actual_arrivaltime":"18:19","actual_departuretime":"18:19","sch_tripstarttime":"18:05","sch_tripendtime":"18:05","lastlocationid":0,"currentlocationid":20946,"nextlocationid":0,"currentstop":null,"nextstop":null,"laststop":null,"stopCoveredStatus":1,"heading":79,"lastrefreshon":"09-03-2024 19:16:47","lastreceiveddatetimeflag":0,"tripposition":1},{"vehicleid":20843,"vehiclenumber":"KA57F3093","servicetypeid":72,"servicetype":"Non AC/Ordinary","centerlat":13.023355,"centerlong":77.645744,"eta":"","sch_arrivaltime":"18:47","sch_departuretime":"18:47","actual_arrivaltime":"18:41","actual_departuretime":"18:42","sch_tripstarttime":"18:25","sch_tripendtime":"18:25","lastlocationid":0,"currentlocationid":20618,"nextlocationid":0,"currentstop":null,"nextstop":null,"laststop":null,"stopCoveredStatus":1,"heading":113,"lastrefreshon":"09-03-2024 19:16:32","lastreceiveddatetimeflag":0,"tripposition":1},{"vehicleid":15385,"vehiclenumber":"KA57F2368","servicetypeid":72,"servicetype":"Non AC/Ordinary","centerlat":13.030725,"centerlong":77.630852,"eta":"","sch_arrivaltime":"18:27","sch_departuretime":"18:27","actual_arrivaltime":"18:42","actual_departuretime":"18:42","sch_tripstarttime":"18:05","sch_tripendtime":"18:05","lastlocationid":0,"currentlocationid":21522,"nextlocationid":0,"currentstop":null,"nextstop":null,"laststop":null,"stopCoveredStatus":1,"heading":154,"lastrefreshon":"09-03-2024 19:16:23","lastreceiveddatetimeflag":0,"tripposition":1}]},{"routeid":6352,"stationid":35683,"stationname":"BEL Market 1","from":"Dwaraka Nagara","to":"Krishnaraja Pura Govt Hospital","routeno":"507-C","distance_on_station":8.974,"centerlat":13.05192,"centerlong":77.55193,"responsecode":200,"isnotify":0,"vehicleDetails":[{"vehicleid":18624,"vehiclenumber":"KA57F4390","servicetypeid":72,"servicetype":"Non AC/Ordinary","centerlat":13.008029,"centerlong":77.691719,"eta":"","sch_arrivaltime":"18:28","sch_departuretime":"18:28","actual_arrivaltime":"18:20","actual_departuretime":"18:20","sch_tripstarttime":"18:05","sch_tripendtime":"18:05","lastlocationid":0,"currentlocationid":20946,"nextlocationid":0,"currentstop":null,"nextstop":null,"laststop":null,"stopCoveredStatus":1,"heading":79,"lastrefreshon":"09-03-2024 19:16:47","lastreceiveddatetimeflag":0,"tripposition":1},{"vehicleid":20843,"vehiclenumber":"KA57F3093","servicetypeid":72,"servicetype":"Non AC/Ordinary","centerlat":13.023355,"centerlong":77.645744,"eta":"","sch_arrivaltime":"18:48","sch_departuretime":"18:48","actual_arrivaltime":"18:42","actual_departuretime":"18:42","sch_tripstarttime":"18:25","sch_tripendtime":"18:25","lastlocationid":0,"currentlocationid":20618,"nextlocationid":0,"currentstop":null,"nextstop":null,"laststop":null,"stopCoveredStatus":1,"heading":113,"lastrefreshon":"09-03-2024 19:16:32","lastreceiveddatetimeflag":0,"tripposition":1},{"vehicleid":15385,"vehiclenumber":"KA57F2368","servicetypeid":72,"servicetype":"Non AC/Ordinary","centerlat":13.030725,"centerlong":77.630852,"eta":"","sch_arrivaltime":"18:28","sch_departuretime":"18:28","actual_arrivaltime":"18:43","actual_departuretime":"18:43","sch_tripstarttime":"18:05","sch_tripendtime":"18:05","lastlocationid":0,"currentlocationid":21522,"nextlocationid":0,"currentstop":null,"nextstop":null,"laststop":null,"stopCoveredStatus":1,"heading":154,"lastrefreshon":"09-03-2024 19:16:23","lastreceiveddatetimeflag":0,"tripposition":1}]},{"routeid":6352,"stationid":22519,"stationname":"State Bank of India","from":"Dwaraka Nagara","to":"Krishnaraja Pura Govt Hospital","routeno":"507-C","distance_on_station":9.238,"centerlat":13.04999,"centerlong":77.55345,"responsecode":200,"isnotify":0,"vehicleDetails":[{"vehicleid":18624,"vehiclenumber":"KA57F4390","servicetypeid":72,"servicetype":"Non AC/Ordinary","centerlat":13.008029,"centerlong":77.691719,"eta":"","sch_arrivaltime":"18:29","sch_departuretime":"18:29","actual_arrivaltime":"18:21","actual_departuretime":"18:21","sch_tripstarttime":"18:05","sch_tripendtime":"18:05","lastlocationid":0,"currentlocationid":20946,"nextlocationid":0,"currentstop":null,"nextstop":null,"laststop":null,"stopCoveredStatus":1,"heading":79,"lastrefreshon":"09-03-2024 19:16:47","lastreceiveddatetimeflag":0,"tripposition":1},{"vehicleid":20843,"vehiclenumber":"KA57F3093","servicetypeid":72,"servicetype":"Non AC/Ordinary","centerlat":13.023355,"centerlong":77.645744,"eta":"","sch_arrivaltime":"18:49","sch_departuretime":"18:49","actual_arrivaltime":"18:43","actual_departuretime":"18:43","sch_tripstarttime":"18:25","sch_tripendtime":"18:25","lastlocationid":0,"currentlocationid":20618,"nextlocationid":0,"currentstop":null,"nextstop":null,"laststop":null,"stopCoveredStatus":1,"heading":113,"lastrefreshon":"09-03-2024 19:16:32","lastreceiveddatetimeflag":0,"tripposition":1},{"vehicleid":15385,"vehiclenumber":"KA57F2368","servicetypeid":72,"servicetype":"Non AC/Ordinary","centerlat":13.030725,"centerlong":77.630852,"eta":"","sch_arrivaltime":"18:29","sch_departuretime":"18:29","actual_arrivaltime":"18:44","actual_departuretime":"18:44","sch_tripstarttime":"18:05","sch_tripendtime":"18:05","lastlocationid":0,"currentlocationid":21522,"nextlocationid":0,"currentstop":null,"nextstop":null,"laststop":null,"stopCoveredStatus":1,"heading":154,"lastrefreshon":"09-03-2024 19:16:23","lastreceiveddatetimeflag":0,"tripposition":1}]},{"routeid":6352,"stationid":20637,"stationname":"BEL Circle","from":"Dwaraka Nagara","to":"Krishnaraja Pura Govt Hospital","routeno":"507-C","distance_on_station":9.864,"centerlat":13.0452,"centerlong":77.55669,"responsecode":200,"isnotify":0,"vehicleDetails":[{"vehicleid":18624,"vehiclenumber":"KA57F4390","servicetypeid":72,"servicetype":"Non AC/Ordinary","centerlat":13.008029,"centerlong":77.691719,"eta":"","sch_arrivaltime":"18:30","sch_departuretime":"18:30","actual_arrivaltime":"18:22","actual_departuretime":"18:23","sch_tripstarttime":"18:05","sch_tripendtime":"18:05","lastlocationid":0,"currentlocationid":20946,"nextlocationid":0,"currentstop":null,"nextstop":null,"laststop":null,"stopCoveredStatus":1,"heading":79,"lastrefreshon":"09-03-2024 19:16:47","lastreceiveddatetimeflag":0,"tripposition":1},{"vehicleid":20843,"vehiclenumber":"KA57F3093","servicetypeid":72,"servicetype":"Non AC/Ordinary","centerlat":13.023355,"centerlong":77.645744,"eta":"","sch_arrivaltime":"18:50","sch_departuretime":"18:50","actual_arrivaltime":"18:45","actual_departuretime":"18:46","sch_tripstarttime":"18:25","sch_tripendtime":"18:25","lastlocationid":0,"currentlocationid":20618,"nextlocationid":0,"currentstop":null,"nextstop":null,"laststop":null,"stopCoveredStatus":1,"heading":113,"lastrefreshon":"09-03-2024 19:16:32","lastreceiveddatetimeflag":0,"tripposition":1},{"vehicleid":15385,"vehiclenumber":"KA57F2368","servicetypeid":72,"servicetype":"Non AC/Ordinary","centerlat":13.030725,"centerlong":77.630852,"eta":"","sch_arrivaltime":"18:30","sch_departuretime":"18:30","actual_arrivaltime":"18:45","actual_departuretime":"18:48","sch_tripstarttime":"18:05","sch_tripendtime":"18:05","lastlocationid":0,"currentlocationid":21522,"nextlocationid":0,"currentstop":null,"nextstop":null,"laststop":null,"stopCoveredStatus":1,"heading":154,"lastrefreshon":"09-03-2024 19:16:23","lastreceiveddatetimeflag":0,"tripposition":1}]},{"routeid":6352,"stationid":20961,"stationname":"Kuvempu Circle","from":"Dwaraka Nagara","to":"Krishnaraja Pura Govt Hospital","routeno":"507-C","distance_on_station":10.597,"centerlat":13.04465,"centerlong":77.56263,"responsecode":200,"isnotify":0,"vehicleDetails":[{"vehicleid":18624,"vehiclenumber":"KA57F4390","servicetypeid":72,"servicetype":"Non AC/Ordinary","centerlat":13.008029,"centerlong":77.691719,"eta":"","sch_arrivaltime":"18:32","sch_departuretime":"18:32","actual_arrivaltime":"18:27","actual_departuretime":"18:27","sch_tripstarttime":"18:05","sch_tripendtime":"18:05","lastlocationid":0,"currentlocationid":20946,"nextlocationid":0,"currentstop":null,"nextstop":null,"laststop":null,"stopCoveredStatus":1,"heading":79,"lastrefreshon":"09-03-2024 19:16:47","lastreceiveddatetimeflag":0,"tripposition":1},{"vehicleid":20843,"vehiclenumber":"KA57F3093","servicetypeid":72,"servicetype":"Non AC/Ordinary","centerlat":13.023355,"centerlong":77.645744,"eta":"","sch_arrivaltime":"18:52","sch_departuretime":"18:52","actual_arrivaltime":"18:50","actual_departuretime":"18:50","sch_tripstarttime":"18:25","sch_tripendtime":"18:25","lastlocationid":0,"currentlocationid":20618,"nextlocationid":0,"currentstop":null,"nextstop":null,"laststop":null,"stopCoveredStatus":1,"heading":113,"lastrefreshon":"09-03-2024 19:16:32","lastreceiveddatetimeflag":0,"tripposition":1},{"vehicleid":15385,"vehiclenumber":"KA57F2368","servicetypeid":72,"servicetype":"Non AC/Ordinary","centerlat":13.030725,"centerlong":77.630852,"eta":"","sch_arrivaltime":"18:32","sch_departuretime":"18:32","actual_arrivaltime":"18:52","actual_departuretime":"18:52","sch_tripstarttime":"18:05","sch_tripendtime":"18:05","lastlocationid":0,"currentlocationid":21522,"nextlocationid":0,"currentstop":null,"nextstop":null,"laststop":null,"stopCoveredStatus":1,"heading":154,"lastrefreshon":"09-03-2024 19:16:23","lastreceiveddatetimeflag":0,"tripposition":1}]},{"routeid":6352,"stationid":20757,"stationname":"Devinagara Cross","from":"Dwaraka Nagara","to":"Krishnaraja Pura Govt Hospital","routeno":"507-C","distance_on_station":11.35,"centerlat":13.047,"centerlong":77.56904,"responsecode":200,"isnotify":0,"vehicleDetails":[{"vehicleid":18624,"vehiclenumber":"KA57F4390","servicetypeid":72,"servicetype":"Non AC/Ordinary","centerlat":13.008029,"centerlong":77.691719,"eta":"","sch_arrivaltime":"18:33","sch_departuretime":"18:33","actual_arrivaltime":"18:28","actual_departuretime":"18:28","sch_tripstarttime":"18:05","sch_tripendtime":"18:05","lastlocationid":0,"currentlocationid":20946,"nextlocationid":0,"currentstop":null,"nextstop":null,"laststop":null,"stopCoveredStatus":1,"heading":79,"lastrefreshon":"09-03-2024 19:16:47","lastreceiveddatetimeflag":0,"tripposition":1},{"vehicleid":20843,"vehiclenumber":"KA57F3093","servicetypeid":72,"servicetype":"Non AC/Ordinary","centerlat":13.023355,"centerlong":77.645744,"eta":"","sch_arrivaltime":"18:53","sch_departuretime":"18:53","actual_arrivaltime":"18:51","actual_departuretime":"18:52","sch_tripstarttime":"18:25","sch_tripendtime":"18:25","lastlocationid":0,"currentlocationid":20618,"nextlocationid":0,"currentstop":null,"nextstop":null,"laststop":null,"stopCoveredStatus":1,"heading":113,"lastrefreshon":"09-03-2024 19:16:32","lastreceiveddatetimeflag":0,"tripposition":1},{"vehicleid":15385,"vehiclenumber":"KA57F2368","servicetypeid":72,"servicetype":"Non AC/Ordinary","centerlat":13.030725,"centerlong":77.630852,"eta":"","sch_arrivaltime":"18:33","sch_departuretime":"18:33","actual_arrivaltime":"18:54","actual_departuretime":"18:54","sch_tripstarttime":"18:05","sch_tripendtime":"18:05","lastlocationid":0,"currentlocationid":21522,"nextlocationid":0,"currentstop":null,"nextstop":null,"laststop":null,"stopCoveredStatus":1,"heading":154,"lastrefreshon":"09-03-2024 19:16:23","lastreceiveddatetimeflag":0,"tripposition":1}]},{"routeid":6352,"stationid":20660,"stationname":"Bhadrappa Layout","from":"Dwaraka Nagara","to":"Krishnaraja Pura Govt Hospital","routeno":"507-C","distance_on_station":12.083,"centerlat":13.04752,"centerlong":77.57595,"responsecode":200,"isnotify":0,"vehicleDetails":[{"vehicleid":18624,"vehiclenumber":"KA57F4390","servicetypeid":72,"servicetype":"Non AC/Ordinary","centerlat":13.008029,"centerlong":77.691719,"eta":"","sch_arrivaltime":"18:34","sch_departuretime":"18:34","actual_arrivaltime":"18:30","actual_departuretime":"18:30","sch_tripstarttime":"18:05","sch_tripendtime":"18:05","lastlocationid":0,"currentlocationid":20946,"nextlocationid":0,"currentstop":null,"nextstop":null,"laststop":null,"stopCoveredStatus":1,"heading":79,"lastrefreshon":"09-03-2024 19:16:47","lastreceiveddatetimeflag":0,"tripposition":1},{"vehicleid":20843,"vehiclenumber":"KA57F3093","servicetypeid":72,"servicetype":"Non AC/Ordinary","centerlat":13.023355,"centerlong":77.645744,"eta":"","sch_arrivaltime":"18:54","sch_departuretime":"18:54","actual_arrivaltime":"18:53","actual_departuretime":"18:54","sch_tripstarttime":"18:25","sch_tripendtime":"18:25","lastlocationid":0,"currentlocationid":20618,"nextlocationid":0,"currentstop":null,"nextstop":null,"laststop":null,"stopCoveredStatus":1,"heading":113,"lastrefreshon":"09-03-2024 19:16:32","lastreceiveddatetimeflag":0,"tripposition":1},{"vehicleid":15385,"vehiclenumber":"KA57F2368","servicetypeid":72,"servicetype":"Non AC/Ordinary","centerlat":13.030725,"centerlong":77.630852,"eta":"","sch_arrivaltime":"18:34","sch_departuretime":"18:34","actual_arrivaltime":"18:55","actual_departuretime":"18:56","sch_tripstarttime":"18:05","sch_tripendtime":"18:05","lastlocationid":0,"currentlocationid":21522,"nextlocationid":0,"currentstop":null,"nextstop":null,"laststop":null,"stopCoveredStatus":1,"heading":154,"lastrefreshon":"09-03-2024 19:16:23","lastreceiveddatetimeflag":0,"tripposition":1}]},{"routeid":6352,"stationid":20823,"stationname":"Hebbala Bridge","from":"Dwaraka Nagara","to":"Krishnaraja Pura Govt Hospital","routeno":"507-C","distance_on_station":13.872,"centerlat":13.04259,"centerlong":77.5925,"responsecode":200,"isnotify":0,"vehicleDetails":[{"vehicleid":18624,"vehiclenumber":"KA57F4390","servicetypeid":72,"servicetype":"Non AC/Ordinary","centerlat":13.008029,"centerlong":77.691719,"eta":"","sch_arrivaltime":"18:37","sch_departuretime":"18:37","actual_arrivaltime":"18:35","actual_departuretime":"18:37","sch_tripstarttime":"18:05","sch_tripendtime":"18:05","lastlocationid":0,"currentlocationid":20946,"nextlocationid":0,"currentstop":null,"nextstop":null,"laststop":null,"stopCoveredStatus":1,"heading":79,"lastrefreshon":"09-03-2024 19:16:47","lastreceiveddatetimeflag":0,"tripposition":1},{"vehicleid":15385,"vehiclenumber":"KA57F2368","servicetypeid":72,"servicetype":"Non AC/Ordinary","centerlat":13.030725,"centerlong":77.630852,"eta":"","sch_arrivaltime":"18:37","sch_departuretime":"18:37","actual_arrivaltime":"19:00","actual_departuretime":"19:04","sch_tripstarttime":"18:05","sch_tripendtime":"18:05","lastlocationid":0,"currentlocationid":21522,"nextlocationid":0,"currentstop":null,"nextstop":null,"laststop":null,"stopCoveredStatus":1,"heading":154,"lastrefreshon":"09-03-2024 19:16:23","lastreceiveddatetimeflag":0,"tripposition":1},{"vehicleid":20843,"vehiclenumber":"KA57F3093","servicetypeid":72,"servicetype":"Non AC/Ordinary","centerlat":13.023355,"centerlong":77.645744,"eta":"","sch_arrivaltime":"18:57","sch_departuretime":"18:57","actual_arrivaltime":"18:59","actual_departuretime":"19:01","sch_tripstarttime":"18:25","sch_tripendtime":"18:25","lastlocationid":0,"currentlocationid":20618,"nextlocationid":0,"currentstop":null,"nextstop":null,"laststop":null,"stopCoveredStatus":1,"heading":113,"lastrefreshon":"09-03-2024 19:16:32","lastreceiveddatetimeflag":0,"tripposition":1}]},{"routeid":6352,"stationid":20919,"stationname":"Kempapura","from":"Dwaraka Nagara","to":"Krishnaraja Pura Govt Hospital","routeno":"507-C","distance_on_station":14.928,"centerlat":13.04379,"centerlong":77.6005,"responsecode":200,"isnotify":0,"vehicleDetails":[{"vehicleid":18624,"vehiclenumber":"KA57F4390","servicetypeid":72,"servicetype":"Non AC/Ordinary","centerlat":13.008029,"centerlong":77.691719,"eta":"","sch_arrivaltime":"18:39","sch_departuretime":"18:39","actual_arrivaltime":"18:39","actual_departuretime":"18:39","sch_tripstarttime":"18:05","sch_tripendtime":"18:05","lastlocationid":0,"currentlocationid":20946,"nextlocationid":0,"currentstop":null,"nextstop":null,"laststop":null,"stopCoveredStatus":1,"heading":79,"lastrefreshon":"09-03-2024 19:16:47","lastreceiveddatetimeflag":0,"tripposition":1},{"vehicleid":20843,"vehiclenumber":"KA57F3093","servicetypeid":72,"servicetype":"Non AC/Ordinary","centerlat":13.023355,"centerlong":77.645744,"eta":"","sch_arrivaltime":"18:59","sch_departuretime":"18:59","actual_arrivaltime":"19:03","actual_departuretime":"19:03","sch_tripstarttime":"18:25","sch_tripendtime":"18:25","lastlocationid":0,"currentlocationid":20618,"nextlocationid":0,"currentstop":null,"nextstop":null,"laststop":null,"stopCoveredStatus":1,"heading":113,"lastrefreshon":"09-03-2024 19:16:32","lastreceiveddatetimeflag":0,"tripposition":1},{"vehicleid":15385,"vehiclenumber":"KA57F2368","servicetypeid":72,"servicetype":"Non AC/Ordinary","centerlat":13.030725,"centerlong":77.630852,"eta":"","sch_arrivaltime":"18:39","sch_departuretime":"18:39","actual_arrivaltime":"19:06","actual_departuretime":"19:06","sch_tripstarttime":"18:05","sch_tripendtime":"18:05","lastlocationid":0,"currentlocationid":21522,"nextlocationid":0,"currentstop":null,"nextstop":null,"laststop":null,"stopCoveredStatus":1,"heading":154,"lastrefreshon":"09-03-2024 19:16:23","lastreceiveddatetimeflag":0,"tripposition":1}]},{"routeid":6352,"stationid":22593,"stationname":"Veerannapalya","from":"Dwaraka Nagara","to":"Krishnaraja Pura Govt Hospital","routeno":"507-C","distance_on_station":16.316,"centerlat":13.04231,"centerlong":77.61382,"responsecode":200,"isnotify":0,"vehicleDetails":[{"vehicleid":18624,"vehiclenumber":"KA57F4390","servicetypeid":72,"servicetype":"Non AC/Ordinary","centerlat":13.008029,"centerlong":77.691719,"eta":"","sch_arrivaltime":"18:41","sch_departuretime":"18:41","actual_arrivaltime":"18:42","actual_departuretime":"18:43","sch_tripstarttime":"18:05","sch_tripendtime":"18:05","lastlocationid":0,"currentlocationid":20946,"nextlocationid":0,"currentstop":null,"nextstop":null,"laststop":null,"stopCoveredStatus":1,"heading":79,"lastrefreshon":"09-03-2024 19:16:47","lastreceiveddatetimeflag":0,"tripposition":1},{"vehicleid":20843,"vehiclenumber":"KA57F3093","servicetypeid":72,"servicetype":"Non AC/Ordinary","centerlat":13.023355,"centerlong":77.645744,"eta":"","sch_arrivaltime":"19:01","sch_departuretime":"19:01","actual_arrivaltime":"19:05","actual_departuretime":"19:06","sch_tripstarttime":"18:25","sch_tripendtime":"18:25","lastlocationid":0,"currentlocationid":20618,"nextlocationid":0,"currentstop":null,"nextstop":null,"laststop":null,"stopCoveredStatus":1,"heading":113,"lastrefreshon":"09-03-2024 19:16:32","lastreceiveddatetimeflag":0,"tripposition":1},{"vehicleid":15385,"vehiclenumber":"KA57F2368","servicetypeid":72,"servicetype":"Non AC/Ordinary","centerlat":13.030725,"centerlong":77.630852,"eta":"","sch_arrivaltime":"18:41","sch_departuretime":"18:41","actual_arrivaltime":"19:09","actual_departuretime":"19:10","sch_tripstarttime":"18:05","sch_tripendtime":"18:05","lastlocationid":0,"currentlocationid":21522,"nextlocationid":0,"currentstop":null,"nextstop":null,"laststop":null,"stopCoveredStatus":1,"heading":154,"lastrefreshon":"09-03-2024 19:16:23","lastreceiveddatetimeflag":0,"tripposition":1}]},{"routeid":6352,"stationid":20998,"stationname":"Manyatha Tech Park","from":"Dwaraka Nagara","to":"Krishnaraja Pura Govt Hospital","routeno":"507-C","distance_on_station":17.186,"centerlat":13.0412,"centerlong":77.62095,"responsecode":200,"isnotify":0,"vehicleDetails":[{"vehicleid":18624,"vehiclenumber":"KA57F4390","servicetypeid":72,"servicetype":"Non AC/Ordinary","centerlat":13.008029,"centerlong":77.691719,"eta":"","sch_arrivaltime":"18:43","sch_departuretime":"18:43","actual_arrivaltime":"18:45","actual_departuretime":"18:45","sch_tripstarttime":"18:05","sch_tripendtime":"18:05","lastlocationid":0,"currentlocationid":20946,"nextlocationid":0,"currentstop":null,"nextstop":null,"laststop":null,"stopCoveredStatus":1,"heading":79,"lastrefreshon":"09-03-2024 19:16:47","lastreceiveddatetimeflag":0,"tripposition":1},{"vehicleid":20843,"vehiclenumber":"KA57F3093","servicetypeid":72,"servicetype":"Non AC/Ordinary","centerlat":13.023355,"centerlong":77.645744,"eta":"","sch_arrivaltime":"19:03","sch_departuretime":"19:03","actual_arrivaltime":"19:07","actual_departuretime":"19:08","sch_tripstarttime":"18:25","sch_tripendtime":"18:25","lastlocationid":0,"currentlocationid":20618,"nextlocationid":0,"currentstop":null,"nextstop":null,"laststop":null,"stopCoveredStatus":1,"heading":113,"lastrefreshon":"09-03-2024 19:16:32","lastreceiveddatetimeflag":0,"tripposition":1},{"vehicleid":15385,"vehiclenumber":"KA57F2368","servicetypeid":72,"servicetype":"Non AC/Ordinary","centerlat":13.030725,"centerlong":77.630852,"eta":"","sch_arrivaltime":"18:43","sch_departuretime":"18:43","actual_arrivaltime":"19:11","actual_departuretime":"19:12","sch_tripstarttime":"18:05","sch_tripendtime":"18:05","lastlocationid":0,"currentlocationid":21522,"nextlocationid":0,"currentstop":null,"nextstop":null,"laststop":null,"stopCoveredStatus":1,"heading":154,"lastrefreshon":"09-03-2024 19:16:23","lastreceiveddatetimeflag":0,"tripposition":1}]},{"routeid":6352,"stationid":20884,"stationname":"Nagawara Junction","from":"Dwaraka Nagara","to":"Krishnaraja Pura Govt Hospital","routeno":"507-C","distance_on_station":17.596,"centerlat":13.0402,"centerlong":77.62454,"responsecode":200,"isnotify":0,"vehicleDetails":[{"vehicleid":18624,"vehiclenumber":"KA57F4390","servicetypeid":72,"servicetype":"Non AC/Ordinary","centerlat":13.008029,"centerlong":77.691719,"eta":"","sch_arrivaltime":"18:44","sch_departuretime":"18:44","actual_arrivaltime":"","actual_departuretime":"","sch_tripstarttime":"18:05","sch_tripendtime":"18:05","lastlocationid":0,"currentlocationid":20946,"nextlocationid":0,"currentstop":null,"nextstop":null,"laststop":null,"stopCoveredStatus":1,"heading":79,"lastrefreshon":"09-03-2024 19:16:47","lastreceiveddatetimeflag":0,"tripposition":3},{"vehicleid":20843,"vehiclenumber":"KA57F3093","servicetypeid":72,"servicetype":"Non AC/Ordinary","centerlat":13.023355,"centerlong":77.645744,"eta":"","sch_arrivaltime":"19:04","sch_departuretime":"19:04","actual_arrivaltime":"19:09","actual_departuretime":"19:11","sch_tripstarttime":"18:25","sch_tripendtime":"18:25","lastlocationid":0,"currentlocationid":20618,"nextlocationid":0,"currentstop":null,"nextstop":null,"laststop":null,"stopCoveredStatus":1,"heading":113,"lastrefreshon":"09-03-2024 19:16:32","lastreceiveddatetimeflag":0,"tripposition":1},{"vehicleid":15385,"vehiclenumber":"KA57F2368","servicetypeid":72,"servicetype":"Non AC/Ordinary","centerlat":13.030725,"centerlong":77.630852,"eta":"2024-03-09 19:16:00","sch_arrivaltime":"18:44","sch_departuretime":"18:44","actual_arrivaltime":"","actual_departuretime":"","sch_tripstarttime":"18:05","sch_tripendtime":"18:05","lastlocationid":0,"currentlocationid":21522,"nextlocationid":0,"currentstop":null,"nextstop":null,"laststop":null,"stopCoveredStatus":1,"heading":154,"lastrefreshon":"09-03-2024 19:16:23","lastreceiveddatetimeflag":0,"tripposition":3}]},{"routeid":6352,"stationid":20815,"stationname":"HBR Layout","from":"Dwaraka Nagara","to":"Krishnaraja Pura Govt Hospital","routeno":"507-C","distance_on_station":18.3,"centerlat":13.03517,"centerlong":77.62857,"responsecode":200,"isnotify":0,"vehicleDetails":[{"vehicleid":18624,"vehiclenumber":"KA57F4390","servicetypeid":72,"servicetype":"Non AC/Ordinary","centerlat":13.008029,"centerlong":77.691719,"eta":"","sch_arrivaltime":"18:46","sch_departuretime":"18:46","actual_arrivaltime":"18:48","actual_departuretime":"18:48","sch_tripstarttime":"18:05","sch_tripendtime":"18:05","lastlocationid":0,"currentlocationid":20946,"nextlocationid":0,"currentstop":null,"nextstop":null,"laststop":null,"stopCoveredStatus":1,"heading":79,"lastrefreshon":"09-03-2024 19:16:47","lastreceiveddatetimeflag":0,"tripposition":1},{"vehicleid":20843,"vehiclenumber":"KA57F3093","servicetypeid":72,"servicetype":"Non AC/Ordinary","centerlat":13.023355,"centerlong":77.645744,"eta":"","sch_arrivaltime":"19:06","sch_departuretime":"19:06","actual_arrivaltime":"19:11","actual_departuretime":"19:11","sch_tripstarttime":"18:25","sch_tripendtime":"18:25","lastlocationid":0,"currentlocationid":20618,"nextlocationid":0,"currentstop":null,"nextstop":null,"laststop":null,"stopCoveredStatus":1,"heading":113,"lastrefreshon":"09-03-2024 19:16:32","lastreceiveddatetimeflag":0,"tripposition":1},{"vehicleid":15385,"vehiclenumber":"KA57F2368","servicetypeid":72,"servicetype":"Non AC/Ordinary","centerlat":13.030725,"centerlong":77.630852,"eta":"2024-03-09 19:17:00","sch_arrivaltime":"18:46","sch_departuretime":"18:46","actual_arrivaltime":"19:15","actual_departuretime":"19:15","sch_tripstarttime":"18:05","sch_tripendtime":"18:05","lastlocationid":0,"currentlocationid":21522,"nextlocationid":0,"currentstop":null,"nextstop":null,"laststop":null,"stopCoveredStatus":1,"heading":154,"lastrefreshon":"09-03-2024 19:16:23","lastreceiveddatetimeflag":0,"tripposition":1}]},{"routeid":6352,"stationid":21522,"stationname":"Hennur Junction","from":"Dwaraka Nagara","to":"Krishnaraja Pura Govt Hospital","routeno":"507-C","distance_on_station":18.975,"centerlat":13.02964,"centerlong":77.63134,"responsecode":200,"isnotify":0,"vehicleDetails":[{"vehicleid":18624,"vehiclenumber":"KA57F4390","servicetypeid":72,"servicetype":"Non AC/Ordinary","centerlat":13.008029,"centerlong":77.691719,"eta":"","sch_arrivaltime":"18:47","sch_departuretime":"18:47","actual_arrivaltime":"18:50","actual_departuretime":"18:50","sch_tripstarttime":"18:05","sch_tripendtime":"18:05","lastlocationid":0,"currentlocationid":20946,"nextlocationid":0,"currentstop":null,"nextstop":null,"laststop":null,"stopCoveredStatus":1,"heading":79,"lastrefreshon":"09-03-2024 19:16:47","lastreceiveddatetimeflag":0,"tripposition":1},{"vehicleid":20843,"vehiclenumber":"KA57F3093","servicetypeid":72,"servicetype":"Non AC/Ordinary","centerlat":13.023355,"centerlong":77.645744,"eta":"","sch_arrivaltime":"19:07","sch_departuretime":"19:07","actual_arrivaltime":"19:12","actual_departuretime":"19:12","sch_tripstarttime":"18:25","sch_tripendtime":"18:25","lastlocationid":0,"currentlocationid":20618,"nextlocationid":0,"currentstop":null,"nextstop":null,"laststop":null,"stopCoveredStatus":1,"heading":113,"lastrefreshon":"09-03-2024 19:16:32","lastreceiveddatetimeflag":0,"tripposition":1},{"vehicleid":15385,"vehiclenumber":"KA57F2368","servicetypeid":72,"servicetype":"Non AC/Ordinary","centerlat":13.030725,"centerlong":77.630852,"eta":"2024-03-09 19:18:00","sch_arrivaltime":"18:47","sch_departuretime":"18:47","actual_arrivaltime":"","actual_departuretime":"","sch_tripstarttime":"18:05","sch_tripendtime":"18:05","lastlocationid":0,"currentlocationid":21522,"nextlocationid":0,"currentstop":null,"nextstop":null,"laststop":null,"stopCoveredStatus":0,"heading":154,"lastrefreshon":"09-03-2024 19:16:23","lastreceiveddatetimeflag":0,"tripposition":3}]},{"routeid":6352,"stationid":20903,"stationname":"Kalyananagara","from":"Dwaraka Nagara","to":"Krishnaraja Pura Govt Hospital","routeno":"507-C","distance_on_station":19.845,"centerlat":13.02654,"centerlong":77.63688,"responsecode":200,"isnotify":0,"vehicleDetails":[{"vehicleid":18624,"vehiclenumber":"KA57F4390","servicetypeid":72,"servicetype":"Non AC/Ordinary","centerlat":13.008029,"centerlong":77.691719,"eta":"","sch_arrivaltime":"18:48","sch_departuretime":"18:48","actual_arrivaltime":"18:51","actual_departuretime":"18:51","sch_tripstarttime":"18:05","sch_tripendtime":"18:05","lastlocationid":0,"currentlocationid":20946,"nextlocationid":0,"currentstop":null,"nextstop":null,"laststop":null,"stopCoveredStatus":1,"heading":79,"lastrefreshon":"09-03-2024 19:16:47","lastreceiveddatetimeflag":0,"tripposition":1},{"vehicleid":20843,"vehiclenumber":"KA57F3093","servicetypeid":72,"servicetype":"Non AC/Ordinary","centerlat":13.023355,"centerlong":77.645744,"eta":"","sch_arrivaltime":"19:08","sch_departuretime":"19:08","actual_arrivaltime":"19:14","actual_departuretime":"19:14","sch_tripstarttime":"18:25","sch_tripendtime":"18:25","lastlocationid":0,"currentlocationid":20618,"nextlocationid":0,"currentstop":null,"nextstop":null,"laststop":null,"stopCoveredStatus":1,"heading":113,"lastrefreshon":"09-03-2024 19:16:32","lastreceiveddatetimeflag":0,"tripposition":1},{"vehicleid":15385,"vehiclenumber":"KA57F2368","servicetypeid":72,"servicetype":"Non AC/Ordinary","centerlat":13.030725,"centerlong":77.630852,"eta":"2024-03-09 19:20:00","sch_arrivaltime":"18:48","sch_departuretime":"18:48","actual_arrivaltime":"","actual_departuretime":"","sch_tripstarttime":"18:05","sch_tripendtime":"18:05","lastlocationid":0,"currentlocationid":21522,"nextlocationid":0,"currentstop":null,"nextstop":null,"laststop":null,"stopCoveredStatus":0,"heading":154,"lastrefreshon":"09-03-2024 19:16:23","lastreceiveddatetimeflag":0,"tripposition":3}]},{"routeid":6352,"stationid":20588,"stationname":"80 feet Road Kalyananagara","from":"Dwaraka Nagara","to":"Krishnaraja Pura Govt Hospital","routeno":"507-C","distance_on_station":20.099,"centerlat":13.02564,"centerlong":77.6406,"responsecode":200,"isnotify":0,"vehicleDetails":[{"vehicleid":18624,"vehiclenumber":"KA57F4390","servicetypeid":72,"servicetype":"Non AC/Ordinary","centerlat":13.008029,"centerlong":77.691719,"eta":"","sch_arrivaltime":"18:49","sch_departuretime":"18:49","actual_arrivaltime":"","actual_departuretime":"","sch_tripstarttime":"18:05","sch_tripendtime":"18:05","lastlocationid":0,"currentlocationid":20946,"nextlocationid":0,"currentstop":null,"nextstop":null,"laststop":null,"stopCoveredStatus":1,"heading":79,"lastrefreshon":"09-03-2024 19:16:47","lastreceiveddatetimeflag":0,"tripposition":3},{"vehicleid":20843,"vehiclenumber":"KA57F3093","servicetypeid":72,"servicetype":"Non AC/Ordinary","centerlat":13.023355,"centerlong":77.645744,"eta":"2024-03-09 19:16:00","sch_arrivaltime":"19:09","sch_departuretime":"19:09","actual_arrivaltime":"19:15","actual_departuretime":"19:15","sch_tripstarttime":"18:25","sch_tripendtime":"18:25","lastlocationid":0,"currentlocationid":20618,"nextlocationid":0,"currentstop":null,"nextstop":null,"laststop":null,"stopCoveredStatus":1,"heading":113,"lastrefreshon":"09-03-2024 19:16:32","lastreceiveddatetimeflag":0,"tripposition":1},{"vehicleid":15385,"vehiclenumber":"KA57F2368","servicetypeid":72,"servicetype":"Non AC/Ordinary","centerlat":13.030725,"centerlong":77.630852,"eta":"2024-03-09 19:21:00","sch_arrivaltime":"18:49","sch_departuretime":"18:49","actual_arrivaltime":"","actual_departuretime":"","sch_tripstarttime":"18:05","sch_tripendtime":"18:05","lastlocationid":0,"currentlocationid":21522,"nextlocationid":0,"currentstop":null,"nextstop":null,"laststop":null,"stopCoveredStatus":0,"heading":154,"lastrefreshon":"09-03-2024 19:16:23","lastreceiveddatetimeflag":0,"tripposition":3}]},{"routeid":6352,"stationid":20618,"stationname":"Babusabpalya","from":"Dwaraka Nagara","to":"Krishnaraja Pura Govt Hospital","routeno":"507-C","distance_on_station":20.862,"centerlat":13.02274,"centerlong":77.64721,"responsecode":200,"isnotify":0,"vehicleDetails":[{"vehicleid":18624,"vehiclenumber":"KA57F4390","servicetypeid":72,"servicetype":"Non AC/Ordinary","centerlat":13.008029,"centerlong":77.691719,"eta":"","sch_arrivaltime":"18:50","sch_departuretime":"18:50","actual_arrivaltime":"18:54","actual_departuretime":"18:54","sch_tripstarttime":"18:05","sch_tripendtime":"18:05","lastlocationid":0,"currentlocationid":20946,"nextlocationid":0,"currentstop":null,"nextstop":null,"laststop":null,"stopCoveredStatus":1,"heading":79,"lastrefreshon":"09-03-2024 19:16:47","lastreceiveddatetimeflag":0,"tripposition":1},{"vehicleid":20843,"vehiclenumber":"KA57F3093","servicetypeid":72,"servicetype":"Non AC/Ordinary","centerlat":13.023355,"centerlong":77.645744,"eta":"2024-03-09 19:17:00","sch_arrivaltime":"19:10","sch_departuretime":"19:10","actual_arrivaltime":"","actual_departuretime":"","sch_tripstarttime":"18:25","sch_tripendtime":"18:25","lastlocationid":0,"currentlocationid":20618,"nextlocationid":0,"currentstop":null,"nextstop":null,"laststop":null,"stopCoveredStatus":0,"heading":113,"lastrefreshon":"09-03-2024 19:16:32","lastreceiveddatetimeflag":0,"tripposition":3},{"vehicleid":15385,"vehiclenumber":"KA57F2368","servicetypeid":72,"servicetype":"Non AC/Ordinary","centerlat":13.030725,"centerlong":77.630852,"eta":"2024-03-09 19:23:00","sch_arrivaltime":"18:50","sch_departuretime":"18:50","actual_arrivaltime":"","actual_departuretime":"","sch_tripstarttime":"18:05","sch_tripendtime":"18:05","lastlocationid":0,"currentlocationid":21522,"nextlocationid":0,"currentstop":null,"nextstop":null,"laststop":null,"stopCoveredStatus":0,"heading":154,"lastrefreshon":"09-03-2024 19:16:23","lastreceiveddatetimeflag":0,"tripposition":3}]},{"routeid":6352,"stationid":20838,"stationname":"Horamavu","from":"Dwaraka Nagara","to":"Krishnaraja Pura Govt Hospital","routeno":"507-C","distance_on_station":21.693,"centerlat":13.01966,"centerlong":77.65437,"responsecode":200,"isnotify":0,"vehicleDetails":[{"vehicleid":18624,"vehiclenumber":"KA57F4390","servicetypeid":72,"servicetype":"Non AC/Ordinary","centerlat":13.008029,"centerlong":77.691719,"eta":"","sch_arrivaltime":"18:51","sch_departuretime":"18:51","actual_arrivaltime":"18:56","actual_departuretime":"18:56","sch_tripstarttime":"18:05","sch_tripendtime":"18:05","lastlocationid":0,"currentlocationid":20946,"nextlocationid":0,"currentstop":null,"nextstop":null,"laststop":null,"stopCoveredStatus":1,"heading":79,"lastrefreshon":"09-03-2024 19:16:47","lastreceiveddatetimeflag":0,"tripposition":1},{"vehicleid":20843,"vehiclenumber":"KA57F3093","servicetypeid":72,"servicetype":"Non AC/Ordinary","centerlat":13.023355,"centerlong":77.645744,"eta":"2024-03-09 19:19:00","sch_arrivaltime":"19:11","sch_departuretime":"19:11","actual_arrivaltime":"","actual_departuretime":"","sch_tripstarttime":"18:25","sch_tripendtime":"18:25","lastlocationid":0,"currentlocationid":20618,"nextlocationid":0,"currentstop":null,"nextstop":null,"laststop":null,"stopCoveredStatus":0,"heading":113,"lastrefreshon":"09-03-2024 19:16:32","lastreceiveddatetimeflag":0,"tripposition":3},{"vehicleid":15385,"vehiclenumber":"KA57F2368","servicetypeid":72,"servicetype":"Non AC/Ordinary","centerlat":13.030725,"centerlong":77.630852,"eta":"2024-03-09 19:25:00","sch_arrivaltime":"18:51","sch_departuretime":"18:51","actual_arrivaltime":"","actual_departuretime":"","sch_tripstarttime":"18:05","sch_tripendtime":"18:05","lastlocationid":0,"currentlocationid":21522,"nextlocationid":0,"currentstop":null,"nextstop":null,"laststop":null,"stopCoveredStatus":0,"heading":154,"lastrefreshon":"09-03-2024 19:16:23","lastreceiveddatetimeflag":0,"tripposition":3}]},{"routeid":6352,"stationid":21263,"stationname":"Vijaya Bank Colony Ring Road","from":"Dwaraka Nagara","to":"Krishnaraja Pura Govt Hospital","routeno":"507-C","distance_on_station":22.328,"centerlat":13.01726,"centerlong":77.65992,"responsecode":200,"isnotify":0,"vehicleDetails":[{"vehicleid":18624,"vehiclenumber":"KA57F4390","servicetypeid":72,"servicetype":"Non AC/Ordinary","centerlat":13.008029,"centerlong":77.691719,"eta":"","sch_arrivaltime":"18:52","sch_departuretime":"18:52","actual_arrivaltime":"18:57","actual_departuretime":"18:57","sch_tripstarttime":"18:05","sch_tripendtime":"18:05","lastlocationid":0,"currentlocationid":20946,"nextlocationid":0,"currentstop":null,"nextstop":null,"laststop":null,"stopCoveredStatus":1,"heading":79,"lastrefreshon":"09-03-2024 19:16:47","lastreceiveddatetimeflag":0,"tripposition":1},{"vehicleid":20843,"vehiclenumber":"KA57F3093","servicetypeid":72,"servicetype":"Non AC/Ordinary","centerlat":13.023355,"centerlong":77.645744,"eta":"2024-03-09 19:20:00","sch_arrivaltime":"19:12","sch_departuretime":"19:12","actual_arrivaltime":"","actual_departuretime":"","sch_tripstarttime":"18:25","sch_tripendtime":"18:25","lastlocationid":0,"currentlocationid":20618,"nextlocationid":0,"currentstop":null,"nextstop":null,"laststop":null,"stopCoveredStatus":0,"heading":113,"lastrefreshon":"09-03-2024 19:16:32","lastreceiveddatetimeflag":0,"tripposition":3},{"vehicleid":15385,"vehiclenumber":"KA57F2368","servicetypeid":72,"servicetype":"Non AC/Ordinary","centerlat":13.030725,"centerlong":77.630852,"eta":"2024-03-09 19:27:00","sch_arrivaltime":"18:52","sch_departuretime":"18:52","actual_arrivaltime":"","actual_departuretime":"","sch_tripstarttime":"18:05","sch_tripendtime":"18:05","lastlocationid":0,"currentlocationid":21522,"nextlocationid":0,"currentstop":null,"nextstop":null,"laststop":null,"stopCoveredStatus":0,"heading":154,"lastrefreshon":"09-03-2024 19:16:23","lastreceiveddatetimeflag":0,"tripposition":3}]},{"routeid":6352,"stationid":21695,"stationname":"B Channasandra Bridge(Ramamurthy Nagara Ring Road)","from":"Dwaraka Nagara","to":"Krishnaraja Pura Govt Hospital","routeno":"507-C","distance_on_station":22.934,"centerlat":13.01318,"centerlong":77.66272,"responsecode":200,"isnotify":0,"vehicleDetails":[{"vehicleid":18624,"vehiclenumber":"KA57F4390","servicetypeid":72,"servicetype":"Non AC/Ordinary","centerlat":13.008029,"centerlong":77.691719,"eta":"","sch_arrivaltime":"18:53","sch_departuretime":"18:53","actual_arrivaltime":"18:59","actual_departuretime":"19:01","sch_tripstarttime":"18:05","sch_tripendtime":"18:05","lastlocationid":0,"currentlocationid":20946,"nextlocationid":0,"currentstop":null,"nextstop":null,"laststop":null,"stopCoveredStatus":1,"heading":79,"lastrefreshon":"09-03-2024 19:16:47","lastreceiveddatetimeflag":0,"tripposition":1},{"vehicleid":20843,"vehiclenumber":"KA57F3093","servicetypeid":72,"servicetype":"Non AC/Ordinary","centerlat":13.023355,"centerlong":77.645744,"eta":"2024-03-09 19:22:00","sch_arrivaltime":"19:13","sch_departuretime":"19:13","actual_arrivaltime":"","actual_departuretime":"","sch_tripstarttime":"18:25","sch_tripendtime":"18:25","lastlocationid":0,"currentlocationid":20618,"nextlocationid":0,"currentstop":null,"nextstop":null,"laststop":null,"stopCoveredStatus":0,"heading":113,"lastrefreshon":"09-03-2024 19:16:32","lastreceiveddatetimeflag":0,"tripposition":3},{"vehicleid":15385,"vehiclenumber":"KA57F2368","servicetypeid":72,"servicetype":"Non AC/Ordinary","centerlat":13.030725,"centerlong":77.630852,"eta":"2024-03-09 19:29:00","sch_arrivaltime":"18:53","sch_departuretime":"18:53","actual_arrivaltime":"","actual_departuretime":"","sch_tripstarttime":"18:05","sch_tripendtime":"18:05","lastlocationid":0,"currentlocationid":21522,"nextlocationid":0,"currentstop":null,"nextstop":null,"laststop":null,"stopCoveredStatus":0,"heading":154,"lastrefreshon":"09-03-2024 19:16:23","lastreceiveddatetimeflag":0,"tripposition":3}]},{"routeid":6352,"stationid":22420,"stationname":"Ramamurthy Nagara Police Station","from":"Dwaraka Nagara","to":"Krishnaraja Pura Govt Hospital","routeno":"507-C","distance_on_station":23.452,"centerlat":13.01212,"centerlong":77.66735,"responsecode":200,"isnotify":0,"vehicleDetails":[{"vehicleid":18624,"vehiclenumber":"KA57F4390","servicetypeid":72,"servicetype":"Non AC/Ordinary","centerlat":13.008029,"centerlong":77.691719,"eta":"","sch_arrivaltime":"18:54","sch_departuretime":"18:54","actual_arrivaltime":"19:03","actual_departuretime":"19:03","sch_tripstarttime":"18:05","sch_tripendtime":"18:05","lastlocationid":0,"currentlocationid":20946,"nextlocationid":0,"currentstop":null,"nextstop":null,"laststop":null,"stopCoveredStatus":1,"heading":79,"lastrefreshon":"09-03-2024 19:16:47","lastreceiveddatetimeflag":0,"tripposition":1},{"vehicleid":20843,"vehiclenumber":"KA57F3093","servicetypeid":72,"servicetype":"Non AC/Ordinary","centerlat":13.023355,"centerlong":77.645744,"eta":"2024-03-09 19:23:00","sch_arrivaltime":"19:14","sch_departuretime":"19:14","actual_arrivaltime":"","actual_departuretime":"","sch_tripstarttime":"18:25","sch_tripendtime":"18:25","lastlocationid":0,"currentlocationid":20618,"nextlocationid":0,"currentstop":null,"nextstop":null,"laststop":null,"stopCoveredStatus":0,"heading":113,"lastrefreshon":"09-03-2024 19:16:32","lastreceiveddatetimeflag":0,"tripposition":3},{"vehicleid":15385,"vehiclenumber":"KA57F2368","servicetypeid":72,"servicetype":"Non AC/Ordinary","centerlat":13.030725,"centerlong":77.630852,"eta":"2024-03-09 19:31:00","sch_arrivaltime":"18:54","sch_departuretime":"18:54","actual_arrivaltime":"","actual_departuretime":"","sch_tripstarttime":"18:05","sch_tripendtime":"18:05","lastlocationid":0,"currentlocationid":21522,"nextlocationid":0,"currentstop":null,"nextstop":null,"laststop":null,"stopCoveredStatus":0,"heading":154,"lastrefreshon":"09-03-2024 19:16:23","lastreceiveddatetimeflag":0,"tripposition":3}]},{"routeid":6352,"stationid":22418,"stationname":"Ramamurthy Nagara Manipal","from":"Dwaraka Nagara","to":"Krishnaraja Pura Govt Hospital","routeno":"507-C","distance_on_station":23.785,"centerlat":13.01169,"centerlong":77.67044,"responsecode":200,"isnotify":0,"vehicleDetails":[{"vehicleid":18624,"vehiclenumber":"KA57F4390","servicetypeid":72,"servicetype":"Non AC/Ordinary","centerlat":13.008029,"centerlong":77.691719,"eta":"","sch_arrivaltime":"18:55","sch_departuretime":"18:55","actual_arrivaltime":"19:05","actual_departuretime":"19:05","sch_tripstarttime":"18:05","sch_tripendtime":"18:05","lastlocationid":0,"currentlocationid":20946,"nextlocationid":0,"currentstop":null,"nextstop":null,"laststop":null,"stopCoveredStatus":1,"heading":79,"lastrefreshon":"09-03-2024 19:16:47","lastreceiveddatetimeflag":0,"tripposition":1},{"vehicleid":20843,"vehiclenumber":"KA57F3093","servicetypeid":72,"servicetype":"Non AC/Ordinary","centerlat":13.023355,"centerlong":77.645744,"eta":"2024-03-09 19:24:00","sch_arrivaltime":"19:15","sch_departuretime":"19:15","actual_arrivaltime":"","actual_departuretime":"","sch_tripstarttime":"18:25","sch_tripendtime":"18:25","lastlocationid":0,"currentlocationid":20618,"nextlocationid":0,"currentstop":null,"nextstop":null,"laststop":null,"stopCoveredStatus":0,"heading":113,"lastrefreshon":"09-03-2024 19:16:32","lastreceiveddatetimeflag":0,"tripposition":3},{"vehicleid":15385,"vehiclenumber":"KA57F2368","servicetypeid":72,"servicetype":"Non AC/Ordinary","centerlat":13.030725,"centerlong":77.630852,"eta":"2024-03-09 19:32:00","sch_arrivaltime":"18:55","sch_departuretime":"18:55","actual_arrivaltime":"","actual_departuretime":"","sch_tripstarttime":"18:05","sch_tripendtime":"18:05","lastlocationid":0,"currentlocationid":21522,"nextlocationid":0,"currentstop":null,"nextstop":null,"laststop":null,"stopCoveredStatus":0,"heading":154,"lastrefreshon":"09-03-2024 19:16:23","lastreceiveddatetimeflag":0,"tripposition":3}]},{"routeid":6352,"stationid":22632,"stationname":"Yarayyanapalya","from":"Dwaraka Nagara","to":"Krishnaraja Pura Govt Hospital","routeno":"507-C","distance_on_station":24.078,"centerlat":13.01155,"centerlong":77.67317,"responsecode":200,"isnotify":0,"vehicleDetails":[{"vehicleid":18624,"vehiclenumber":"KA57F4390","servicetypeid":72,"servicetype":"Non AC/Ordinary","centerlat":13.008029,"centerlong":77.691719,"eta":"","sch_arrivaltime":"18:56","sch_departuretime":"18:56","actual_arrivaltime":"19:06","actual_departuretime":"19:07","sch_tripstarttime":"18:05","sch_tripendtime":"18:05","lastlocationid":0,"currentlocationid":20946,"nextlocationid":0,"currentstop":null,"nextstop":null,"laststop":null,"stopCoveredStatus":1,"heading":79,"lastrefreshon":"09-03-2024 19:16:47","lastreceiveddatetimeflag":0,"tripposition":1},{"vehicleid":20843,"vehiclenumber":"KA57F3093","servicetypeid":72,"servicetype":"Non AC/Ordinary","centerlat":13.023355,"centerlong":77.645744,"eta":"2024-03-09 19:25:00","sch_arrivaltime":"19:16","sch_departuretime":"19:16","actual_arrivaltime":"","actual_departuretime":"","sch_tripstarttime":"18:25","sch_tripendtime":"18:25","lastlocationid":0,"currentlocationid":20618,"nextlocationid":0,"currentstop":null,"nextstop":null,"laststop":null,"stopCoveredStatus":0,"heading":113,"lastrefreshon":"09-03-2024 19:16:32","lastreceiveddatetimeflag":0,"tripposition":3},{"vehicleid":15385,"vehiclenumber":"KA57F2368","servicetypeid":72,"servicetype":"Non AC/Ordinary","centerlat":13.030725,"centerlong":77.630852,"eta":"2024-03-09 19:33:00","sch_arrivaltime":"18:56","sch_departuretime":"18:56","actual_arrivaltime":"","actual_departuretime":"","sch_tripstarttime":"18:05","sch_tripendtime":"18:05","lastlocationid":0,"currentlocationid":21522,"nextlocationid":0,"currentstop":null,"nextstop":null,"laststop":null,"stopCoveredStatus":0,"heading":154,"lastrefreshon":"09-03-2024 19:16:23","lastreceiveddatetimeflag":0,"tripposition":3}]},{"routeid":6352,"stationid":22414,"stationname":"Ramamurthy Nagara Alada Mara","from":"Dwaraka Nagara","to":"Krishnaraja Pura Govt Hospital","routeno":"507-C","distance_on_station":24.42,"centerlat":13.01146,"centerlong":77.67644,"responsecode":200,"isnotify":0,"vehicleDetails":[{"vehicleid":18624,"vehiclenumber":"KA57F4390","servicetypeid":72,"servicetype":"Non AC/Ordinary","centerlat":13.008029,"centerlong":77.691719,"eta":"","sch_arrivaltime":"18:57","sch_departuretime":"18:57","actual_arrivaltime":"19:08","actual_departuretime":"19:08","sch_tripstarttime":"18:05","sch_tripendtime":"18:05","lastlocationid":0,"currentlocationid":20946,"nextlocationid":0,"currentstop":null,"nextstop":null,"laststop":null,"stopCoveredStatus":1,"heading":79,"lastrefreshon":"09-03-2024 19:16:47","lastreceiveddatetimeflag":0,"tripposition":1},{"vehicleid":20843,"vehiclenumber":"KA57F3093","servicetypeid":72,"servicetype":"Non AC/Ordinary","centerlat":13.023355,"centerlong":77.645744,"eta":"2024-03-09 19:26:00","sch_arrivaltime":"19:17","sch_departuretime":"19:17","actual_arrivaltime":"","actual_departuretime":"","sch_tripstarttime":"18:25","sch_tripendtime":"18:25","lastlocationid":0,"currentlocationid":20618,"nextlocationid":0,"currentstop":null,"nextstop":null,"laststop":null,"stopCoveredStatus":0,"heading":113,"lastrefreshon":"09-03-2024 19:16:32","lastreceiveddatetimeflag":0,"tripposition":3},{"vehicleid":15385,"vehiclenumber":"KA57F2368","servicetypeid":72,"servicetype":"Non AC/Ordinary","centerlat":13.030725,"centerlong":77.630852,"eta":"2024-03-09 19:34:00","sch_arrivaltime":"18:57","sch_departuretime":"18:57","actual_arrivaltime":"","actual_departuretime":"","sch_tripstarttime":"18:05","sch_tripendtime":"18:05","lastlocationid":0,"currentlocationid":21522,"nextlocationid":0,"currentstop":null,"nextstop":null,"laststop":null,"stopCoveredStatus":0,"heading":154,"lastrefreshon":"09-03-2024 19:16:23","lastreceiveddatetimeflag":0,"tripposition":3}]},{"routeid":6352,"stationid":22416,"stationname":"Ramamurthy Nagara Church","from":"Dwaraka Nagara","to":"Krishnaraja Pura Govt Hospital","routeno":"507-C","distance_on_station":24.645,"centerlat":13.01177,"centerlong":77.67878,"responsecode":200,"isnotify":0,"vehicleDetails":[{"vehicleid":18624,"vehiclenumber":"KA57F4390","servicetypeid":72,"servicetype":"Non AC/Ordinary","centerlat":13.008029,"centerlong":77.691719,"eta":"","sch_arrivaltime":"18:58","sch_departuretime":"18:58","actual_arrivaltime":"19:10","actual_departuretime":"19:10","sch_tripstarttime":"18:05","sch_tripendtime":"18:05","lastlocationid":0,"currentlocationid":20946,"nextlocationid":0,"currentstop":null,"nextstop":null,"laststop":null,"stopCoveredStatus":1,"heading":79,"lastrefreshon":"09-03-2024 19:16:47","lastreceiveddatetimeflag":0,"tripposition":1},{"vehicleid":20843,"vehiclenumber":"KA57F3093","servicetypeid":72,"servicetype":"Non AC/Ordinary","centerlat":13.023355,"centerlong":77.645744,"eta":"2024-03-09 19:27:00","sch_arrivaltime":"19:18","sch_departuretime":"19:18","actual_arrivaltime":"","actual_departuretime":"","sch_tripstarttime":"18:25","sch_tripendtime":"18:25","lastlocationid":0,"currentlocationid":20618,"nextlocationid":0,"currentstop":null,"nextstop":null,"laststop":null,"stopCoveredStatus":0,"heading":113,"lastrefreshon":"09-03-2024 19:16:32","lastreceiveddatetimeflag":0,"tripposition":3},{"vehicleid":15385,"vehiclenumber":"KA57F2368","servicetypeid":72,"servicetype":"Non AC/Ordinary","centerlat":13.030725,"centerlong":77.630852,"eta":"2024-03-09 19:35:00","sch_arrivaltime":"18:58","sch_departuretime":"18:58","actual_arrivaltime":"","actual_departuretime":"","sch_tripstarttime":"18:05","sch_tripendtime":"18:05","lastlocationid":0,"currentlocationid":21522,"nextlocationid":0,"currentstop":null,"nextstop":null,"laststop":null,"stopCoveredStatus":0,"heading":154,"lastrefreshon":"09-03-2024 19:16:23","lastreceiveddatetimeflag":0,"tripposition":3}]},{"routeid":6352,"stationid":22084,"stationname":"ITI Circle","from":"Dwaraka Nagara","to":"Krishnaraja Pura Govt Hospital","routeno":"507-C","distance_on_station":25.339,"centerlat":13.0079,"centerlong":77.68338,"responsecode":200,"isnotify":0,"vehicleDetails":[{"vehicleid":18624,"vehiclenumber":"KA57F4390","servicetypeid":72,"servicetype":"Non AC/Ordinary","centerlat":13.008029,"centerlong":77.691719,"eta":"","sch_arrivaltime":"19:00","sch_departuretime":"19:00","actual_arrivaltime":"19:13","actual_departuretime":"19:13","sch_tripstarttime":"18:05","sch_tripendtime":"18:05","lastlocationid":0,"currentlocationid":20946,"nextlocationid":0,"currentstop":null,"nextstop":null,"laststop":null,"stopCoveredStatus":1,"heading":79,"lastrefreshon":"09-03-2024 19:16:47","lastreceiveddatetimeflag":0,"tripposition":1},{"vehicleid":20843,"vehiclenumber":"KA57F3093","servicetypeid":72,"servicetype":"Non AC/Ordinary","centerlat":13.023355,"centerlong":77.645744,"eta":"2024-03-09 19:28:00","sch_arrivaltime":"19:20","sch_departuretime":"19:20","actual_arrivaltime":"","actual_departuretime":"","sch_tripstarttime":"18:25","sch_tripendtime":"18:25","lastlocationid":0,"currentlocationid":20618,"nextlocationid":0,"currentstop":null,"nextstop":null,"laststop":null,"stopCoveredStatus":0,"heading":113,"lastrefreshon":"09-03-2024 19:16:32","lastreceiveddatetimeflag":0,"tripposition":3},{"vehicleid":15385,"vehiclenumber":"KA57F2368","servicetypeid":72,"servicetype":"Non AC/Ordinary","centerlat":13.030725,"centerlong":77.630852,"eta":"2024-03-09 19:36:00","sch_arrivaltime":"19:00","sch_departuretime":"19:00","actual_arrivaltime":"","actual_departuretime":"","sch_tripstarttime":"18:05","sch_tripendtime":"18:05","lastlocationid":0,"currentlocationid":21522,"nextlocationid":0,"currentstop":null,"nextstop":null,"laststop":null,"stopCoveredStatus":0,"heading":154,"lastrefreshon":"09-03-2024 19:16:23","lastreceiveddatetimeflag":0,"tripposition":3}]},{"routeid":6352,"stationid":20863,"stationname":"ITI Colony Gate","from":"Dwaraka Nagara","to":"Krishnaraja Pura Govt Hospital","routeno":"507-C","distance_on_station":25.72,"centerlat":13.00532,"centerlong":77.68522,"responsecode":200,"isnotify":0,"vehicleDetails":[{"vehicleid":18624,"vehiclenumber":"KA57F4390","servicetypeid":72,"servicetype":"Non AC/Ordinary","centerlat":13.008029,"centerlong":77.691719,"eta":"","sch_arrivaltime":"19:01","sch_departuretime":"19:01","actual_arrivaltime":"19:14","actual_departuretime":"19:15","sch_tripstarttime":"18:05","sch_tripendtime":"18:05","lastlocationid":0,"currentlocationid":20946,"nextlocationid":0,"currentstop":null,"nextstop":null,"laststop":null,"stopCoveredStatus":1,"heading":79,"lastrefreshon":"09-03-2024 19:16:47","lastreceiveddatetimeflag":0,"tripposition":1},{"vehicleid":20843,"vehiclenumber":"KA57F3093","servicetypeid":72,"servicetype":"Non AC/Ordinary","centerlat":13.023355,"centerlong":77.645744,"eta":"2024-03-09 19:29:00","sch_arrivaltime":"19:21","sch_departuretime":"19:21","actual_arrivaltime":"","actual_departuretime":"","sch_tripstarttime":"18:25","sch_tripendtime":"18:25","lastlocationid":0,"currentlocationid":20618,"nextlocationid":0,"currentstop":null,"nextstop":null,"laststop":null,"stopCoveredStatus":0,"heading":113,"lastrefreshon":"09-03-2024 19:16:32","lastreceiveddatetimeflag":0,"tripposition":3},{"vehicleid":15385,"vehiclenumber":"KA57F2368","servicetypeid":72,"servicetype":"Non AC/Ordinary","centerlat":13.030725,"centerlong":77.630852,"eta":"2024-03-09 19:37:00","sch_arrivaltime":"19:01","sch_departuretime":"19:01","actual_arrivaltime":"","actual_departuretime":"","sch_tripstarttime":"18:05","sch_tripendtime":"18:05","lastlocationid":0,"currentlocationid":21522,"nextlocationid":0,"currentstop":null,"nextstop":null,"laststop":null,"stopCoveredStatus":0,"heading":154,"lastrefreshon":"09-03-2024 19:16:23","lastreceiveddatetimeflag":0,"tripposition":3}]},{"routeid":6352,"stationid":20946,"stationname":"Krishnaraja Pura Govt Hospital","from":"Dwaraka Nagara","to":"Krishnaraja Pura Govt Hospital","routeno":"507-C","distance_on_station":26.6,"centerlat":13.00798,"centerlong":77.69271,"responsecode":200,"isnotify":0,"vehicleDetails":[{"vehicleid":18624,"vehiclenumber":"KA57F4390","servicetypeid":72,"servicetype":"Non AC/Ordinary","centerlat":13.008029,"centerlong":77.691719,"eta":"2024-03-09 19:18:00","sch_arrivaltime":"19:03","sch_departuretime":"19:03","actual_arrivaltime":"","actual_departuretime":"","sch_tripstarttime":"18:05","sch_tripendtime":"18:05","lastlocationid":0,"currentlocationid":20946,"nextlocationid":0,"currentstop":null,"nextstop":null,"laststop":null,"stopCoveredStatus":0,"heading":79,"lastrefreshon":"09-03-2024 19:16:47","lastreceiveddatetimeflag":0,"tripposition":1},{"vehicleid":20843,"vehiclenumber":"KA57F3093","servicetypeid":72,"servicetype":"Non AC/Ordinary","centerlat":13.023355,"centerlong":77.645744,"eta":"2024-03-09 19:31:00","sch_arrivaltime":"19:23","sch_departuretime":"19:23","actual_arrivaltime":"","actual_departuretime":"","sch_tripstarttime":"18:25","sch_tripendtime":"18:25","lastlocationid":0,"currentlocationid":20618,"nextlocationid":0,"currentstop":null,"nextstop":null,"laststop":null,"stopCoveredStatus":0,"heading":113,"lastrefreshon":"09-03-2024 19:16:32","lastreceiveddatetimeflag":0,"tripposition":1},{"vehicleid":15385,"vehiclenumber":"KA57F2368","servicetypeid":72,"servicetype":"Non AC/Ordinary","centerlat":13.030725,"centerlong":77.630852,"eta":"2024-03-09 19:40:00","sch_arrivaltime":"19:03","sch_departuretime":"19:03","actual_arrivaltime":"","actual_departuretime":"","sch_tripstarttime":"18:05","sch_tripendtime":"18:05","lastlocationid":0,"currentlocationid":21522,"nextlocationid":0,"currentstop":null,"nextstop":null,"laststop":null,"stopCoveredStatus":0,"heading":154,"lastrefreshon":"09-03-2024 19:16:23","lastreceiveddatetimeflag":0,"tripposition":1}]}],"mapData":[{"vehicleid":15385,"vehiclenumber":"KA57F2368","servicetypeid":72,"servicetype":"Non AC/Ordinary","centerlat":13.030725,"centerlong":77.630852,"eta":"2024-03-09 19:40:00","sch_arrivaltime":"19:03","sch_departuretime":"19:03","actual_arrivaltime":"","actual_departuretime":"","sch_tripstarttime":"18:05","sch_tripendtime":"18:05","lastlocationid":0,"currentlocationid":21522,"nextlocationid":0,"currentstop":null,"nextstop":null,"laststop":null,"stopCoveredStatus":0,"heading":154,"lastrefreshon":"09-03-2024 19:16:23","lastreceiveddatetimeflag":0,"tripposition":1},{"vehicleid":20843,"vehiclenumber":"KA57F3093","servicetypeid":72,"servicetype":"Non AC/Ordinary","centerlat":13.023355,"centerlong":77.645744,"eta":"2024-03-09 19:31:00","sch_arrivaltime":"19:23","sch_departuretime":"19:23","actual_arrivaltime":"","actual_departuretime":"","sch_tripstarttime":"18:25","sch_tripendtime":"18:25","lastlocationid":0,"currentlocationid":20618,"nextlocationid":0,"currentstop":null,"nextstop":null,"laststop":null,"stopCoveredStatus":0,"heading":113,"lastrefreshon":"09-03-2024 19:16:32","lastreceiveddatetimeflag":0,"tripposition":1},{"vehicleid":18624,"vehiclenumber":"KA57F4390","servicetypeid":72,"servicetype":"Non AC/Ordinary","centerlat":13.008029,"centerlong":77.691719,"eta":"2024-03-09 19:18:00","sch_arrivaltime":"19:03","sch_departuretime":"19:03","actual_arrivaltime":"","actual_departuretime":"","sch_tripstarttime":"18:05","sch_tripendtime":"18:05","lastlocationid":0,"currentlocationid":20946,"nextlocationid":0,"currentstop":null,"nextstop":null,"laststop":null,"stopCoveredStatus":0,"heading":79,"lastrefreshon":"09-03-2024 19:16:47","lastreceiveddatetimeflag":0,"tripposition":1}]},"down":{"data":[],"mapData":[]},"message":"Success","issuccess":true,"exception":null,"rowCount":0,"responsecode":200}