{"up":{"data":[],"mapData":[]},"down":{"data":[{"routeid":6431,"stationid":20772,"stationname":"Electronic City Wipro Main Gate","from":"Electronic City Wipro Main Gate","to":"Banashankari Bus Station","routeno":"600-CF","distance_on_station":0,"centerlat":12.83594,"centerlong":77.65742,"responsecode":200,"isnotify":0,"vehicleDetails":[{"vehicleid":25629,"vehiclenumber":"KA57F3082","servicetypeid":72,"servicetype":"Non AC/Ordinary","centerlat":12.843554,"centerlong":77.660194,"eta":"","sch_arrivaltime":"10:05","sch_departuretime":"10:05","actual_arrivaltime":"10:56","actual_departuretime":"10:56","sch_tripstarttime":"10:05","sch_tripendtime":"10:05","lastlocationid":0,"currentlocationid":23997,"nextlocationid":0,"currentstop":null,"nextstop":null,"laststop":null,"stopCoveredStatus":1,"heading":356,"lastrefreshon":"10-03-2024 10:58:43","lastreceiveddatetimeflag":0,"tripposition":1},{"vehicleid":25644,"vehiclenumber":"KA57F3873","servicetypeid":72,"servicetype":"Non AC/Ordinary","centerlat":12.916913,"centerlong":77.5952,"eta":"","sch_arrivaltime":"10:25","sch_departuretime":"10:25","actual_arrivaltime":"10:08","actual_departuretime":"10:08","sch_tripstarttime":"10:25","sch_tripendtime":"10:25","lastlocationid":0,"currentlocationid":20768,"nextlocationid":0,"currentstop":null,"nextstop":null,"laststop":null,"stopCoveredStatus":1,"heading":345,"lastrefreshon":"10-03-2024 10:58:42","lastreceiveddatetimeflag":0,"tripposition":1}]},{"routeid":6431,"stationid":21283,"stationname":"Wipro Gate Shikaripalya Cross","from":"Electronic City Wipro Main Gate","to":"Banashankari Bus Station","routeno":"600-CF","distance_on_station":0.358,"centerlat":12.83902,"centerlong":77.659,"responsecode":200,"isnotify":0,"vehicleDetails":[{"vehicleid":25644,"vehiclenumber":"KA57F3873","servicetypeid":72,"servicetype":"Non AC/Ordinary","centerlat":12.916913,"centerlong":77.5952,"eta":"","sch_arrivaltime":"10:26","sch_departuretime":"10:26","actual_arrivaltime":"10:10","actual_departuretime":"10:10","sch_tripstarttime":"10:25","sch_tripendtime":"10:25","lastlocationid":0,"currentlocationid":20768,"nextlocationid":0,"currentstop":null,"nextstop":null,"laststop":null,"stopCoveredStatus":1,"heading":345,"lastrefreshon":"10-03-2024 10:58:42","lastreceiveddatetimeflag":0,"tripposition":1},{"vehicleid":25629,"vehiclenumber":"KA57F3082","servicetypeid":72,"servicetype":"Non AC/Ordinary","centerlat":12.843554,"centerlong":77.660194,"eta":"2024-03-10 10:58:00","sch_arrivaltime":"10:06","sch_departuretime":"10:06","actual_arrivaltime":"10:57","actual_departuretime":"10:57","sch_tripstarttime":"10:05","sch_tripendtime":"10:05","lastlocationid":0,"currentlocationid":23997,"nextlocationid":0,"currentstop":null,"nextstop":null,"laststop":null,"stopCoveredStatus":1,"heading":356,"lastrefreshon":"10-03-2024 10:58:43","lastreceiveddatetimeflag":0,"tripposition":1}]},{"routeid":6431,"stationid":23997,"stationname":"BHEL","from":"Electronic City Wipro Main Gate","to":"Banashankari Bus Station","routeno":"600-CF","distance_on_station":1.055,"centerlat":12.84506,"centerlong":77.65993,"responsecode":200,"isnotify":0,"vehicleDetails":[{"vehicleid":25644,"vehiclenumber":"KA57F3873","servicetypeid":72,"servicetype":"Non AC/Ordinary","centerlat":12.916913,"centerlong":77.5952,"eta":"","sch_arrivaltime":"10:28","sch_departuretime":"10:28","actual_arrivaltime":"","actual_departuretime":"","sch_tripstarttime":"10:25","sch_tripendtime":"10:25","lastlocationid":0,"currentlocationid":20768,"nextlocationid":0,"currentstop":null,"nextstop":null,"laststop":null,"stopCoveredStatus":1,"heading":345,"lastrefreshon":"10-03-2024 10:58:42","lastreceiveddatetimeflag":0,"tripposition":3},{"vehicleid":25629,"vehiclenumber":"KA57F3082","servicetypeid":72,"servicetype":"Non AC/Ordinary","centerlat":12.843554,"centerlong":77.660194,"eta":"2024-03-10 11:01:00","sch_arrivaltime":"10:08","sch_departuretime":"10:08","actual_arrivaltime":"","actual_departuretime":"","sch_tripstarttime":"10:05","sch_tripendtime":"10:05","lastlocationid":0,"currentlocationid":23997,"nextlocationid":0,"currentstop":null,"nextstop":null,"laststop":null,"stopCoveredStatus":0,"heading":356,"lastrefreshon":"10-03-2024 10:58:43","lastreceiveddatetimeflag":0,"tripposition":3}]},{"routeid":6431,"stationid":23998,"stationname":"Velankani Drive","from":"Electronic City Wipro Main Gate","to":"Banashankari Bus Station","routeno":"600-CF","distance_on_station":1.789,"centerlat":12.85116,"centerlong":77.65763,"responsecode":200,"isnotify":0,"vehicleDetails":[{"vehicleid":25644,"vehiclenumber":"KA57F3873","servicetypeid":72,"servicetype":"Non AC/Ordinary","centerlat":12.916913,"centerlong":77.5952,"eta":"","sch_arrivaltime":"10:30","sch_departuretime":"10:30","actual_arrivaltime":"","actual_departuretime":"","sch_tripstarttime":"10:25","sch_tripendtime":"10:25","lastlocationid":0,"currentlocationid":20768,"nextlocationid":0,"currentstop":null,"nextstop":null,"laststop":null,"stopCoveredStatus":1,"heading":345,"lastrefreshon":"10-03-2024 10:58:42","lastreceiveddatetimeflag":0,"tripposition":3},{"vehicleid":25629,"vehiclenumber":"KA57F3082","servicetypeid":72,"servicetype":"Non AC/Ordinary","centerlat":12.843554,"centerlong":77.660194,"eta":"2024-03-10 11:02:00","sch_arrivaltime":"10:10","sch_departuretime":"10:10","actual_arrivaltime":"","actual_departuretime":"","sch_tripstarttime":"10:05","sch_tripendtime":"10:05","lastlocationid":0,"currentlocationid":23997,"nextlocationid":0,"currentstop":null,"nextstop":null,"laststop":null,"stopCoveredStatus":0,"heading":356,"lastrefreshon":"10-03-2024 10:58:43","lastreceiveddatetimeflag":0,"tripposition":3}]},{"routeid":6431,"stationid":24733,"stationname":"Crown Plaza","from":"Electronic City Wipro Main Gate","to":"Banashankari Bus Station","routeno":"600-CF","distance_on_station":2.028,"centerlat":12.85092,"centerlong":77.66,"responsecode":200,"isnotify":0,"vehicleDetails":[{"vehicleid":25644,"vehiclenumber":"KA57F3873","servicetypeid":72,"servicetype":"Non AC/Ordinary","centerlat":12.916913,"centerlong":77.5952,"eta":"","sch_arrivaltime":"10:31","sch_departuretime":"10:31","actual_arrivaltime":"","actual_departuretime":"","sch_tripstarttime":"10:25","sch_tripendtime":"10:25","lastlocationid":0,"currentlocationid":20768,"nextlocationid":0,"currentstop":null,"nextstop":null,"laststop":null,"stopCoveredStatus":1,"heading":345,"lastrefreshon":"10-03-2024 10:58:42","lastreceiveddatetimeflag":0,"tripposition":3},{"vehicleid":25629,"vehiclenumber":"KA57F3082","servicetypeid":72,"servicetype":"Non AC/Ordinary","centerlat":12.843554,"centerlong":77.660194,"eta":"2024-03-10 11:03:00","sch_arrivaltime":"10:11","sch_departuretime":"10:11","actual_arrivaltime":"","actual_departuretime":"","sch_tripstarttime":"10:05","sch_tripendtime":"10:05","lastlocationid":0,"currentlocationid":23997,"nextlocationid":0,"currentstop":null,"nextstop":null,"laststop":null,"stopCoveredStatus":0,"heading":356,"lastrefreshon":"10-03-2024 10:58:43","lastreceiveddatetimeflag":0,"tripposition":3}]},{"routeid":6431,"stationid":20858,"stationname":"Infosys Parking Lot","from":"Electronic City Wipro Main Gate","to":"Banashankari Bus Station","routeno":"600-CF","distance_on_station":2.349,"centerlat":12.84993,"centerlong":77.66299,"responsecode":200,"isnotify":0,"vehicleDetails":[{"vehicleid":25644,"vehiclenumber":"KA57F3873","servicetypeid":72,"servicetype":"Non AC/Ordinary","centerlat":12.916913,"centerlong":77.5952,"eta":"","sch_arrivaltime":"10:32","sch_departuretime":"10:32","actual_arrivaltime":"","actual_departuretime":"","sch_tripstarttime":"10:25","sch_tripendtime":"10:25","lastlocationid":0,"currentlocationid":20768,"nextlocationid":0,"currentstop":null,"nextstop":null,"laststop":null,"stopCoveredStatus":1,"heading":345,"lastrefreshon":"10-03-2024 10:58:42","lastreceiveddatetimeflag":0,"tripposition":3},{"vehicleid":25629,"vehiclenumber":"KA57F3082","servicetypeid":72,"servicetype":"Non AC/Ordinary","centerlat":12.843554,"centerlong":77.660194,"eta":"2024-03-10 11:04:00","sch_arrivaltime":"10:12","sch_departuretime":"10:12","actual_arrivaltime":"","actual_departuretime":"","sch_tripstarttime":"10:05","sch_tripendtime":"10:05","lastlocationid":0,"currentlocationid":23997,"nextlocationid":0,"currentstop":null,"nextstop":null,"laststop":null,"stopCoveredStatus":0,"heading":356,"lastrefreshon":"10-03-2024 10:58:43","lastreceiveddatetimeflag":0,"tripposition":3}]},{"routeid":6431,"stationid":21180,"stationname":"Siemens","from":"Electronic City Wipro Main Gate","to":"Banashankari Bus Station","routeno":"600-CF","distance_on_station":2.927,"centerlat":12.84556,"centerlong":77.66215,"responsecode":200,"isnotify":0,"vehicleDetails":[{"vehicleid":25644,"vehiclenumber":"KA57F3873","servicetypeid":72,"servicetype":"Non AC/Ordinary","centerlat":12.916913,"centerlong":77.5952,"eta":"","sch_arrivaltime":"10:33","sch_departuretime":"10:33","actual_arrivaltime":"","actual_departuretime":"","sch_tripstarttime":"10:25","sch_tripendtime":"10:25","lastlocationid":0,"currentlocationid":20768,"nextlocationid":0,"currentstop":null,"nextstop":null,"laststop":null,"stopCoveredStatus":1,"heading":345,"lastrefreshon":"10-03-2024 10:58:42","lastreceiveddatetimeflag":0,"tripposition":3},{"vehicleid":25629,"vehiclenumber":"KA57F3082","servicetypeid":72,"servicetype":"Non AC/Ordinary","centerlat":12.843554,"centerlong":77.660194,"eta":"2024-03-10 11:06:00","sch_arrivaltime":"10:13","sch_departuretime":"10:13","actual_arrivaltime":"","actual_departuretime":"","sch_tripstarttime":"10:05","sch_tripendtime":"10:05","lastlocationid":0,"currentlocationid":23997,"nextlocationid":0,"currentstop":null,"nextstop":null,"laststop":null,"stopCoveredStatus":0,"heading":356,"lastrefreshon":"10-03-2024 10:58:43","lastreceiveddatetimeflag":0,"tripposition":3}]},{"routeid":6431,"stationid":35352,"stationname":"Electronic City","from":"Electronic City Wipro Main Gate","to":"Banashankari Bus Station","routeno":"600-CF","distance_on_station":3.239,"centerlat":12.84549,"centerlong":77.6653,"responsecode":200,"isnotify":0,"vehicleDetails":[{"vehicleid":25644,"vehiclenumber":"KA57F3873","servicetypeid":72,"servicetype":"Non AC/Ordinary","centerlat":12.916913,"centerlong":77.5952,"eta":"","sch_arrivaltime":"10:34","sch_departuretime":"10:34","actual_arrivaltime":"","actual_departuretime":"","sch_tripstarttime":"10:25","sch_tripendtime":"10:25","lastlocationid":0,"currentlocationid":20768,"nextlocationid":0,"currentstop":null,"nextstop":null,"laststop":null,"stopCoveredStatus":1,"heading":345,"lastrefreshon":"10-03-2024 10:58:42","lastreceiveddatetimeflag":0,"tripposition":3},{"vehicleid":25629,"vehiclenumber":"KA57F3082","servicetypeid":72,"servicetype":"Non AC/Ordinary","centerlat":12.843554,"centerlong":77.660194,"eta":"2024-03-10 11:07:00","sch_arrivaltime":"10:14","sch_departuretime":"10:14","actual_arrivaltime":"","actual_departuretime":"","sch_tripstarttime":"10:05","sch_tripendtime":"10:05","lastlocationid":0,"currentlocationid":23997,"nextlocationid":0,"currentstop":null,"nextstop":null,"laststop":null,"stopCoveredStatus":0,"heading":356,"lastrefreshon":"10-03-2024 10:58:43","lastreceiveddatetimeflag":0,"tripposition":3}]},{"routeid":6431,"stationid":37733,"stationname":"Electronic City Toll","from":"Electronic City Wipro Main Gate","to":"Banashankari Bus Station","routeno":"600-CF","distance_on_station":3.515,"centerlat":12.8458,"centerlong":77.66797,"responsecode":200,"isnotify":0,"vehicleDetails":[{"vehicleid":25644,"vehiclenumber":"KA57F3873","servicetypeid":72,"servicetype":"Non AC/Ordinary","centerlat":12.916913,"centerlong":77.5952,"eta":"","sch_arrivaltime":"10:35","sch_departuretime":"10:35","actual_arrivaltime":"","actual_departuretime":"","sch_tripstarttime":"10:25","sch_tripendtime":"10:25","lastlocationid":0,"currentlocationid":20768,"nextlocationid":0,"currentstop":null,"nextstop":null,"laststop":null,"stopCoveredStatus":1,"heading":345,"lastrefreshon":"10-03-2024 10:58:42","lastreceiveddatetimeflag":0,"tripposition":3},{"vehicleid":25629,"vehiclenumber":"KA57F3082","servicetypeid":72,"servicetype":"Non AC/Ordinary","centerlat":12.843554,"centerlong":77.660194,"eta":"2024-03-10 11:08:00","sch_arrivaltime":"10:15","sch_departuretime":"10:15","actual_arrivaltime":"","actual_departuretime":"","sch_tripstarttime":"10:05","sch_tripendtime":"10:05","lastlocationid":0,"currentlocationid":23997,"nextlocationid":0,"currentstop":null,"nextstop":null,"laststop":null,"stopCoveredStatus":0,"heading":356,"lastrefreshon":"10-03-2024 10:58:43","lastreceiveddatetimeflag":0,"tripposition":3}]},{"routeid":6431,"stationid":35792,"stationname":"Konappana Agrahara Flyover","from":"Electronic City Wipro Main Gate","to":"Banashankari Bus Station","routeno":"600-CF","distance_on_station":4.478,"centerlat":12.85236,"centerlong":77.66721,"responsecode":200,"isnotify":0,"vehicleDetails":[{"vehicleid":25644,"vehiclenumber":"KA57F3873","servicetypeid":72,"servicetype":"Non AC/Ordinary","centerlat":12.916913,"centerlong":77.5952,"eta":"","sch_arrivaltime":"10:36","sch_departuretime":"10:36","actual_arrivaltime":"10:35","actual_departuretime":"10:35","sch_tripstarttime":"10:25","sch_tripendtime":"10:25","lastlocationid":0,"currentlocationid":20768,"nextlocationid":0,"currentstop":null,"nextstop":null,"laststop":null,"stopCoveredStatus":1,"heading":345,"lastrefreshon":"10-03-2024 10:58:42","lastreceiveddatetimeflag":0,"tripposition":1},{"vehicleid":25629,"vehiclenumber":"KA57F3082","servicetypeid":72,"servicetype":"Non AC/Ordinary","centerlat":12.843554,"centerlong":77.660194,"eta":"2024-03-10 11:11:00","sch_arrivaltime":"10:16","sch_departuretime":"10:16","actual_arrivaltime":"","actual_departuretime":"","sch_tripstarttime":"10:05","sch_tripendtime":"10:05","lastlocationid":0,"currentlocationid":23997,"nextlocationid":0,"currentstop":null,"nextstop":null,"laststop":null,"stopCoveredStatus":0,"heading":356,"lastrefreshon":"10-03-2024 10:58:43","lastreceiveddatetimeflag":0,"tripposition":3}]},{"routeid":6431,"stationid":35789,"stationname":"Hosa Road FLY","from":"Electronic City Wipro Main Gate","to":"Banashankari Bus Station","routeno":"600-CF","distance_on_station":6.653,"centerlat":12.86927,"centerlong":77.65376,"responsecode":200,"isnotify":0,"vehicleDetails":[{"vehicleid":25644,"vehiclenumber":"KA57F3873","servicetypeid":72,"servicetype":"Non AC/Ordinary","centerlat":12.916913,"centerlong":77.5952,"eta":"","sch_arrivaltime":"10:38","sch_departuretime":"10:38","actual_arrivaltime":"","actual_departuretime":"","sch_tripstarttime":"10:25","sch_tripendtime":"10:25","lastlocationid":0,"currentlocationid":20768,"nextlocationid":0,"currentstop":null,"nextstop":null,"laststop":null,"stopCoveredStatus":1,"heading":345,"lastrefreshon":"10-03-2024 10:58:42","lastreceiveddatetimeflag":0,"tripposition":3},{"vehicleid":25629,"vehiclenumber":"KA57F3082","servicetypeid":72,"servicetype":"Non AC/Ordinary","centerlat":12.843554,"centerlong":77.660194,"eta":"2024-03-10 11:18:00","sch_arrivaltime":"10:18","sch_departuretime":"10:18","actual_arrivaltime":"","actual_departuretime":"","sch_tripstarttime":"10:05","sch_tripendtime":"10:05","lastlocationid":0,"currentlocationid":23997,"nextlocationid":0,"currentstop":null,"nextstop":null,"laststop":null,"stopCoveredStatus":0,"heading":356,"lastrefreshon":"10-03-2024 10:58:43","lastreceiveddatetimeflag":0,"tripposition":3}]},{"routeid":6431,"stationid":35787,"stationname":"Singasandra FLY","from":"Electronic City Wipro Main Gate","to":"Banashankari Bus Station","routeno":"600-CF","distance_on_station":7.718,"centerlat":12.87741,"centerlong":77.64708,"responsecode":200,"isnotify":0,"vehicleDetails":[{"vehicleid":25644,"vehiclenumber":"KA57F3873","servicetypeid":72,"servicetype":"Non AC/Ordinary","centerlat":12.916913,"centerlong":77.5952,"eta":"","sch_arrivaltime":"10:39","sch_departuretime":"10:39","actual_arrivaltime":"","actual_departuretime":"","sch_tripstarttime":"10:25","sch_tripendtime":"10:25","lastlocationid":0,"currentlocationid":20768,"nextlocationid":0,"currentstop":null,"nextstop":null,"laststop":null,"stopCoveredStatus":1,"heading":345,"lastrefreshon":"10-03-2024 10:58:42","lastreceiveddatetimeflag":0,"tripposition":3},{"vehicleid":25629,"vehiclenumber":"KA57F3082","servicetypeid":72,"servicetype":"Non AC/Ordinary","centerlat":12.843554,"centerlong":77.660194,"eta":"2024-03-10 11:21:00","sch_arrivaltime":"10:19","sch_departuretime":"10:19","actual_arrivaltime":"","actual_departuretime":"","sch_tripstarttime":"10:05","sch_tripendtime":"10:05","lastlocationid":0,"currentlocationid":23997,"nextlocationid":0,"currentstop":null,"nextstop":null,"laststop":null,"stopCoveredStatus":0,"heading":356,"lastrefreshon":"10-03-2024 10:58:43","lastreceiveddatetimeflag":0,"tripposition":3}]},{"routeid":6431,"stationid":35798,"stationname":"Kudlu Gate Flyover","from":"Electronic City Wipro Main Gate","to":"Banashankari Bus Station","routeno":"600-CF","distance_on_station":9.177,"centerlat":12.88972,"centerlong":77.63953,"responsecode":200,"isnotify":0,"vehicleDetails":[{"vehicleid":25644,"vehiclenumber":"KA57F3873","servicetypeid":72,"servicetype":"Non AC/Ordinary","centerlat":12.916913,"centerlong":77.5952,"eta":"","sch_arrivaltime":"10:40","sch_departuretime":"10:40","actual_arrivaltime":"","actual_departuretime":"","sch_tripstarttime":"10:25","sch_tripendtime":"10:25","lastlocationid":0,"currentlocationid":20768,"nextlocationid":0,"currentstop":null,"nextstop":null,"laststop":null,"stopCoveredStatus":1,"heading":345,"lastrefreshon":"10-03-2024 10:58:42","lastreceiveddatetimeflag":0,"tripposition":3},{"vehicleid":25629,"vehiclenumber":"KA57F3082","servicetypeid":72,"servicetype":"Non AC/Ordinary","centerlat":12.843554,"centerlong":77.660194,"eta":"2024-03-10 11:26:00","sch_arrivaltime":"10:20","sch_departuretime":"10:20","actual_arrivaltime":"","actual_departuretime":"","sch_tripstarttime":"10:05","sch_tripendtime":"10:05","lastlocationid":0,"currentlocationid":23997,"nextlocationid":0,"currentstop":null,"nextstop":null,"laststop":null,"stopCoveredStatus":0,"heading":356,"lastrefreshon":"10-03-2024 10:58:43","lastreceiveddatetimeflag":0,"tripposition":3}]},{"routeid":6431,"stationid":35782,"stationname":"Bommanahalli Fly Over","from":"Electronic City Wipro Main Gate","to":"Banashankari Bus Station","routeno":"600-CF","distance_on_station":10.985,"centerlat":12.90488,"centerlong":77.63017,"responsecode":200,"isnotify":0,"vehicleDetails":[{"vehicleid":25644,"vehiclenumber":"KA57F3873","servicetypeid":72,"servicetype":"Non AC/Ordinary","centerlat":12.916913,"centerlong":77.5952,"eta":"","sch_arrivaltime":"10:42","sch_departuretime":"10:42","actual_arrivaltime":"10:41","actual_departuretime":"10:42","sch_tripstarttime":"10:25","sch_tripendtime":"10:25","lastlocationid":0,"currentlocationid":20768,"nextlocationid":0,"currentstop":null,"nextstop":null,"laststop":null,"stopCoveredStatus":1,"heading":345,"lastrefreshon":"10-03-2024 10:58:42","lastreceiveddatetimeflag":0,"tripposition":1},{"vehicleid":25629,"vehiclenumber":"KA57F3082","servicetypeid":72,"servicetype":"Non AC/Ordinary","centerlat":12.843554,"centerlong":77.660194,"eta":"2024-03-10 11:32:00","sch_arrivaltime":"10:22","sch_departuretime":"10:22","actual_arrivaltime":"","actual_departuretime":"","sch_tripstarttime":"10:05","sch_tripendtime":"10:05","lastlocationid":0,"currentlocationid":23997,"nextlocationid":0,"currentstop":null,"nextstop":null,"laststop":null,"stopCoveredStatus":0,"heading":356,"lastrefreshon":"10-03-2024 10:58:43","lastreceiveddatetimeflag":0,"tripposition":3}]},{"routeid":6431,"stationid":21143,"stationname":"Roopena Agrahara","from":"Electronic City Wipro Main Gate","to":"Banashankari Bus Station","routeno":"600-CF","distance_on_station":11.81,"centerlat":12.91158,"centerlong":77.62579,"responsecode":200,"isnotify":0,"vehicleDetails":[{"vehicleid":25644,"vehiclenumber":"KA57F3873","servicetypeid":72,"servicetype":"Non AC/Ordinary","centerlat":12.916913,"centerlong":77.5952,"eta":"","sch_arrivaltime":"10:43","sch_departuretime":"10:43","actual_arrivaltime":"10:42","actual_departuretime":"10:43","sch_tripstarttime":"10:25","sch_tripendtime":"10:25","lastlocationid":0,"currentlocationid":20768,"nextlocationid":0,"currentstop":null,"nextstop":null,"laststop":null,"stopCoveredStatus":1,"heading":345,"lastrefreshon":"10-03-2024 10:58:42","lastreceiveddatetimeflag":0,"tripposition":1},{"vehicleid":25629,"vehiclenumber":"KA57F3082","servicetypeid":72,"servicetype":"Non AC/Ordinary","centerlat":12.843554,"centerlong":77.660194,"eta":"2024-03-10 11:35:00","sch_arrivaltime":"10:23","sch_departuretime":"10:23","actual_arrivaltime":"","actual_departuretime":"","sch_tripstarttime":"10:05","sch_tripendtime":"10:05","lastlocationid":0,"currentlocationid":23997,"nextlocationid":0,"currentstop":null,"nextstop":null,"laststop":null,"stopCoveredStatus":0,"heading":356,"lastrefreshon":"10-03-2024 10:58:43","lastreceiveddatetimeflag":0,"tripposition":3}]},{"routeid":6431,"stationid":20704,"stationname":"Central Silk Board","from":"Electronic City Wipro Main Gate","to":"Banashankari Bus Station","routeno":"600-CF","distance_on_station":12.526,"centerlat":12.91689,"centerlong":77.62177,"responsecode":200,"isnotify":0,"vehicleDetails":[{"vehicleid":25644,"vehiclenumber":"KA57F3873","servicetypeid":72,"servicetype":"Non AC/Ordinary","centerlat":12.916913,"centerlong":77.5952,"eta":"","sch_arrivaltime":"10:45","sch_departuretime":"10:45","actual_arrivaltime":"10:45","actual_departuretime":"10:45","sch_tripstarttime":"10:25","sch_tripendtime":"10:25","lastlocationid":0,"currentlocationid":20768,"nextlocationid":0,"currentstop":null,"nextstop":null,"laststop":null,"stopCoveredStatus":1,"heading":345,"lastrefreshon":"10-03-2024 10:58:42","lastreceiveddatetimeflag":0,"tripposition":1},{"vehicleid":25629,"vehiclenumber":"KA57F3082","servicetypeid":72,"servicetype":"Non AC/Ordinary","centerlat":12.843554,"centerlong":77.660194,"eta":"2024-03-10 11:37:00","sch_arrivaltime":"10:25","sch_departuretime":"10:25","actual_arrivaltime":"","actual_departuretime":"","sch_tripstarttime":"10:05","sch_tripendtime":"10:05","lastlocationid":0,"currentlocationid":23997,"nextlocationid":0,"currentstop":null,"nextstop":null,"laststop":null,"stopCoveredStatus":0,"heading":356,"lastrefreshon":"10-03-2024 10:58:43","lastreceiveddatetimeflag":0,"tripposition":3}]},{"routeid":6431,"stationid":20686,"stationname":"Kuvempunagara Bus Station(BTM Layout)","from":"Electronic City Wipro Main Gate","to":"Banashankari Bus Station","routeno":"600-CF","distance_on_station":13.095,"centerlat":12.91597,"centerlong":77.61623,"responsecode":200,"isnotify":0,"vehicleDetails":[{"vehicleid":25644,"vehiclenumber":"KA57F3873","servicetypeid":72,"servicetype":"Non AC/Ordinary","centerlat":12.916913,"centerlong":77.5952,"eta":"","sch_arrivaltime":"10:46","sch_departuretime":"10:46","actual_arrivaltime":"10:46","actual_departuretime":"10:46","sch_tripstarttime":"10:25","sch_tripendtime":"10:25","lastlocationid":0,"currentlocationid":20768,"nextlocationid":0,"currentstop":null,"nextstop":null,"laststop":null,"stopCoveredStatus":1,"heading":345,"lastrefreshon":"10-03-2024 10:58:42","lastreceiveddatetimeflag":0,"tripposition":1},{"vehicleid":25629,"vehiclenumber":"KA57F3082","servicetypeid":72,"servicetype":"Non AC/Ordinary","centerlat":12.843554,"centerlong":77.660194,"eta":"2024-03-10 11:39:00","sch_arrivaltime":"10:26","sch_departuretime":"10:26","actual_arrivaltime":"","actual_departuretime":"","sch_tripstarttime":"10:05","sch_tripendtime":"10:05","lastlocationid":0,"currentlocationid":23997,"nextlocationid":0,"currentstop":null,"nextstop":null,"laststop":null,"stopCoveredStatus":0,"heading":356,"lastrefreshon":"10-03-2024 10:58:43","lastreceiveddatetimeflag":0,"tripposition":3}]},{"routeid":6431,"stationid":20571,"stationname":"BTM Layout 16th Main","from":"Electronic City Wipro Main Gate","to":"Banashankari Bus Station","routeno":"600-CF","distance_on_station":13.802,"centerlat":12.9165,"centerlong":77.60932,"responsecode":200,"isnotify":0,"vehicleDetails":[{"vehicleid":25644,"vehiclenumber":"KA57F3873","servicetypeid":72,"servicetype":"Non AC/Ordinary","centerlat":12.916913,"centerlong":77.5952,"eta":"","sch_arrivaltime":"10:48","sch_departuretime":"10:48","actual_arrivaltime":"10:52","actual_departuretime":"10:52","sch_tripstarttime":"10:25","sch_tripendtime":"10:25","lastlocationid":0,"currentlocationid":20768,"nextlocationid":0,"currentstop":null,"nextstop":null,"laststop":null,"stopCoveredStatus":1,"heading":345,"lastrefreshon":"10-03-2024 10:58:42","lastreceiveddatetimeflag":0,"tripposition":1},{"vehicleid":25629,"vehiclenumber":"KA57F3082","servicetypeid":72,"servicetype":"Non AC/Ordinary","centerlat":12.843554,"centerlong":77.660194,"eta":"2024-03-10 11:41:00","sch_arrivaltime":"10:28","sch_departuretime":"10:28","actual_arrivaltime":"","actual_departuretime":"","sch_tripstarttime":"10:05","sch_tripendtime":"10:05","lastlocationid":0,"currentlocationid":23997,"nextlocationid":0,"currentstop":null,"nextstop":null,"laststop":null,"stopCoveredStatus":0,"heading":356,"lastrefreshon":"10-03-2024 10:58:43","lastreceiveddatetimeflag":0,"tripposition":3}]},{"routeid":6431,"stationid":20688,"stationname":"BTM Layout Water Tank","from":"Electronic City Wipro Main Gate","to":"Banashankari Bus Station","routeno":"600-CF","distance_on_station":14.022,"centerlat":12.91654,"centerlong":77.60711,"responsecode":200,"isnotify":0,"vehicleDetails":[{"vehicleid":25644,"vehiclenumber":"KA57F3873","servicetypeid":72,"servicetype":"Non AC/Ordinary","centerlat":12.916913,"centerlong":77.5952,"eta":"2024-03-10 10:59:00","sch_arrivaltime":"10:49","sch_departuretime":"10:49","actual_arrivaltime":"","actual_departuretime":"","sch_tripstarttime":"10:25","sch_tripendtime":"10:25","lastlocationid":0,"currentlocationid":20768,"nextlocationid":0,"currentstop":null,"nextstop":null,"laststop":null,"stopCoveredStatus":0,"heading":345,"lastrefreshon":"10-03-2024 10:58:42","lastreceiveddatetimeflag":0,"tripposition":3},{"vehicleid":25629,"vehiclenumber":"KA57F3082","servicetypeid":72,"servicetype":"Non AC/Ordinary","centerlat":12.843554,"centerlong":77.660194,"eta":"2024-03-10 11:42:00","sch_arrivaltime":"10:29","sch_departuretime":"10:29","actual_arrivaltime":"","actual_departuretime":"","sch_tripstarttime":"10:05","sch_tripendtime":"10:05","lastlocationid":0,"currentlocationid":23997,"nextlocationid":0,"currentstop":null,"nextstop":null,"laststop":null,"stopCoveredStatus":0,"heading":356,"lastrefreshon":"10-03-2024 10:58:43","lastreceiveddatetimeflag":0,"tripposition":3}]},{"routeid":6431,"stationid":21021,"stationname":"MICO Layout BTM","from":"Electronic City Wipro Main Gate","to":"Banashankari Bus Station","routeno":"600-CF","distance_on_station":14.307,"centerlat":12.91657,"centerlong":77.60427,"responsecode":200,"isnotify":0,"vehicleDetails":[{"vehicleid":25644,"vehiclenumber":"KA57F3873","servicetypeid":72,"servicetype":"Non AC/Ordinary","centerlat":12.916913,"centerlong":77.5952,"eta":"2024-03-10 11:00:00","sch_arrivaltime":"10:50","sch_departuretime":"10:50","actual_arrivaltime":"","actual_departuretime":"","sch_tripstarttime":"10:25","sch_tripendtime":"10:25","lastlocationid":0,"currentlocationid":20768,"nextlocationid":0,"currentstop":null,"nextstop":null,"laststop":null,"stopCoveredStatus":0,"heading":345,"lastrefreshon":"10-03-2024 10:58:42","lastreceiveddatetimeflag":0,"tripposition":3},{"vehicleid":25629,"vehiclenumber":"KA57F3082","servicetypeid":72,"servicetype":"Non AC/Ordinary","centerlat":12.843554,"centerlong":77.660194,"eta":"2024-03-10 11:43:00","sch_arrivaltime":"10:30","sch_departuretime":"10:30","actual_arrivaltime":"","actual_departuretime":"","sch_tripstarttime":"10:05","sch_tripendtime":"10:05","lastlocationid":0,"currentlocationid":23997,"nextlocationid":0,"currentstop":null,"nextstop":null,"laststop":null,"stopCoveredStatus":0,"heading":356,"lastrefreshon":"10-03-2024 10:58:43","lastreceiveddatetimeflag":0,"tripposition":3}]},{"routeid":6431,"stationid":20768,"stationname":"East End Jayanagara","from":"Electronic City Wipro Main Gate","to":"Banashankari Bus Station","routeno":"600-CF","distance_on_station":15.096,"centerlat":12.91671,"centerlong":77.59629,"responsecode":200,"isnotify":0,"vehicleDetails":[{"vehicleid":25644,"vehiclenumber":"KA57F3873","servicetypeid":72,"servicetype":"Non AC/Ordinary","centerlat":12.916913,"centerlong":77.5952,"eta":"2024-03-10 11:01:00","sch_arrivaltime":"10:52","sch_departuretime":"10:52","actual_arrivaltime":"","actual_departuretime":"","sch_tripstarttime":"10:25","sch_tripendtime":"10:25","lastlocationid":0,"currentlocationid":20768,"nextlocationid":0,"currentstop":null,"nextstop":null,"laststop":null,"stopCoveredStatus":0,"heading":345,"lastrefreshon":"10-03-2024 10:58:42","lastreceiveddatetimeflag":0,"tripposition":3},{"vehicleid":25629,"vehiclenumber":"KA57F3082","servicetypeid":72,"servicetype":"Non AC/Ordinary","centerlat":12.843554,"centerlong":77.660194,"eta":"2024-03-10 11:45:00","sch_arrivaltime":"10:32","sch_departuretime":"10:32","actual_arrivaltime":"","actual_departuretime":"","sch_tripstarttime":"10:05","sch_tripendtime":"10:05","lastlocationid":0,"currentlocationid":23997,"nextlocationid":0,"currentstop":null,"nextstop":null,"laststop":null,"stopCoveredStatus":0,"heading":356,"lastrefreshon":"10-03-2024 10:58:43","lastreceiveddatetimeflag":0,"tripposition":3}]},{"routeid":6431,"stationid":21106,"stationname":"Ragigudda Temple","from":"Electronic City Wipro Main Gate","to":"Banashankari Bus Station","routeno":"600-CF","distance_on_station":15.371,"centerlat":12.91678,"centerlong":77.59349,"responsecode":200,"isnotify":0,"vehicleDetails":[{"vehicleid":25644,"vehiclenumber":"KA57F3873","servicetypeid":72,"servicetype":"Non AC/Ordinary","centerlat":12.916913,"centerlong":77.5952,"eta":"2024-03-10 11:02:00","sch_arrivaltime":"10:53","sch_departuretime":"10:53","actual_arrivaltime":"","actual_departuretime":"","sch_tripstarttime":"10:25","sch_tripendtime":"10:25","lastlocationid":0,"currentlocationid":20768,"nextlocationid":0,"currentstop":null,"nextstop":null,"laststop":null,"stopCoveredStatus":0,"heading":345,"lastrefreshon":"10-03-2024 10:58:42","lastreceiveddatetimeflag":0,"tripposition":3},{"vehicleid":25629,"vehiclenumber":"KA57F3082","servicetypeid":72,"servicetype":"Non AC/Ordinary","centerlat":12.843554,"centerlong":77.660194,"eta":"2024-03-10 11:46:00","sch_arrivaltime":"10:33","sch_departuretime":"10:33","actual_arrivaltime":"","actual_departuretime":"","sch_tripstarttime":"10:05","sch_tripendtime":"10:05","lastlocationid":0,"currentlocationid":23997,"nextlocationid":0,"currentstop":null,"nextstop":null,"laststop":null,"stopCoveredStatus":0,"heading":356,"lastrefreshon":"10-03-2024 10:58:43","lastreceiveddatetimeflag":0,"tripposition":3}]},{"routeid":6431,"stationid":21005,"stationname":"Marenahalli (Marenahalli Metro Station)","from":"Electronic City Wipro Main Gate","to":"Banashankari Bus Station","routeno":"600-CF","distance_on_station":15.857,"centerlat":12.91688,"centerlong":77.58858,"responsecode":200,"isnotify":0,"vehicleDetails":[{"vehicleid":25644,"vehiclenumber":"KA57F3873","servicetypeid":72,"servicetype":"Non AC/Ordinary","centerlat":12.916913,"centerlong":77.5952,"eta":"2024-03-10 11:03:00","sch_arrivaltime":"10:54","sch_departuretime":"10:54","actual_arrivaltime":"","actual_departuretime":"","sch_tripstarttime":"10:25","sch_tripendtime":"10:25","lastlocationid":0,"currentlocationid":20768,"nextlocationid":0,"currentstop":null,"nextstop":null,"laststop":null,"stopCoveredStatus":0,"heading":345,"lastrefreshon":"10-03-2024 10:58:42","lastreceiveddatetimeflag":0,"tripposition":3},{"vehicleid":25629,"vehiclenumber":"KA57F3082","servicetypeid":72,"servicetype":"Non AC/Ordinary","centerlat":12.843554,"centerlong":77.660194,"eta":"2024-03-10 11:48:00","sch_arrivaltime":"10:34","sch_departuretime":"10:34","actual_arrivaltime":"","actual_departuretime":"","sch_tripstarttime":"10:05","sch_tripendtime":"10:05","lastlocationid":0,"currentlocationid":23997,"nextlocationid":0,"currentstop":null,"nextstop":null,"laststop":null,"stopCoveredStatus":0,"heading":356,"lastrefreshon":"10-03-2024 10:58:43","lastreceiveddatetimeflag":0,"tripposition":3}]},{"routeid":6431,"stationid":20582,"stationname":"Jayanagara 5th Block","from":"Electronic City Wipro Main Gate","to":"Banashankari Bus Station","routeno":"600-CF","distance_on_station":16.298,"centerlat":12.91701,"centerlong":77.58413,"responsecode":200,"isnotify":0,"vehicleDetails":[{"vehicleid":25644,"vehiclenumber":"KA57F3873","servicetypeid":72,"servicetype":"Non AC/Ordinary","centerlat":12.916913,"centerlong":77.5952,"eta":"2024-03-10 11:04:00","sch_arrivaltime":"10:57","sch_departuretime":"10:57","actual_arrivaltime":"","actual_departuretime":"","sch_tripstarttime":"10:25","sch_tripendtime":"10:25","lastlocationid":0,"currentlocationid":20768,"nextlocationid":0,"currentstop":null,"nextstop":null,"laststop":null,"stopCoveredStatus":0,"heading":345,"lastrefreshon":"10-03-2024 10:58:42","lastreceiveddatetimeflag":0,"tripposition":3},{"vehicleid":25629,"vehiclenumber":"KA57F3082","servicetypeid":72,"servicetype":"Non AC/Ordinary","centerlat":12.843554,"centerlong":77.660194,"eta":"2024-03-10 11:49:00","sch_arrivaltime":"10:37","sch_departuretime":"10:37","actual_arrivaltime":"","actual_departuretime":"","sch_tripstarttime":"10:05","sch_tripendtime":"10:05","lastlocationid":0,"currentlocationid":23997,"nextlocationid":0,"currentstop":null,"nextstop":null,"laststop":null,"stopCoveredStatus":0,"heading":356,"lastrefreshon":"10-03-2024 10:58:43","lastreceiveddatetimeflag":0,"tripposition":3}]},{"routeid":6431,"stationid":21148,"stationname":"Sangam Circle","from":"Electronic City Wipro Main Gate","to":"Banashankari Bus Station","routeno":"600-CF","distance_on_station":16.83,"centerlat":12.91704,"centerlong":77.57875,"responsecode":200,"isnotify":0,"vehicleDetails":[{"vehicleid":25644,"vehiclenumber":"KA57F3873","servicetypeid":72,"servicetype":"Non AC/Ordinary","centerlat":12.916913,"centerlong":77.5952,"eta":"2024-03-10 11:05:00","sch_arrivaltime":"10:58","sch_departuretime":"10:58","actual_arrivaltime":"","actual_departuretime":"","sch_tripstarttime":"10:25","sch_tripendtime":"10:25","lastlocationid":0,"currentlocationid":20768,"nextlocationid":0,"currentstop":null,"nextstop":null,"laststop":null,"stopCoveredStatus":0,"heading":345,"lastrefreshon":"10-03-2024 10:58:42","lastreceiveddatetimeflag":0,"tripposition":3},{"vehicleid":25629,"vehiclenumber":"KA57F3082","servicetypeid":72,"servicetype":"Non AC/Ordinary","centerlat":12.843554,"centerlong":77.660194,"eta":"2024-03-10 11:51:00","sch_arrivaltime":"10:38","sch_departuretime":"10:38","actual_arrivaltime":"","actual_departuretime":"","sch_tripstarttime":"10:05","sch_tripendtime":"10:05","lastlocationid":0,"currentlocationid":23997,"nextlocationid":0,"currentstop":null,"nextstop":null,"laststop":null,"stopCoveredStatus":0,"heading":356,"lastrefreshon":"10-03-2024 10:58:43","lastreceiveddatetimeflag":0,"tripposition":3}]},{"routeid":6431,"stationid":20624,"stationname":"Banashankari Bus Station","from":"Electronic City Wipro Main Gate","to":"Banashankari Bus Station","routeno":"600-CF","distance_on_station":17.5,"centerlat":12.91736,"centerlong":77.5727,"responsecode":200,"isnotify":0,"vehicleDetails":[{"vehicleid":25644,"vehiclenumber":"KA57F3873","servicetypeid":72,"servicetype":"Non AC/Ordinary","centerlat":12.916913,"centerlong":77.5952,"eta":"2024-03-10 11:07:00","sch_arrivaltime":"11:04","sch_departuretime":"11:04","actual_arrivaltime":"","actual_departuretime":"","sch_tripstarttime":"10:25","sch_tripendtime":"10:25","lastlocationid":0,"currentlocationid":20768,"nextlocationid":0,"currentstop":null,"nextstop":null,"laststop":null,"stopCoveredStatus":0,"heading":345,"lastrefreshon":"10-03-2024 10:58:42","lastreceiveddatetimeflag":0,"tripposition":1},{"vehicleid":25629,"vehiclenumber":"KA57F3082","servicetypeid":72,"servicetype":"Non AC/Ordinary","centerlat":12.843554,"centerlong":77.660194,"eta":"2024-03-10 11:53:00","sch_arrivaltime":"10:44","sch_departuretime":"10:44","actual_arrivaltime":"","actual_departuretime":"","sch_tripstarttime":"10:05","sch_tripendtime":"10:05","lastlocationid":0,"currentlocationid":23997,"nextlocationid":0,"currentstop":null,"nextstop":null,"laststop":null,"stopCoveredStatus":0,"heading":356,"lastrefreshon":"10-03-2024 10:58:43","lastreceiveddatetimeflag":0,"tripposition":1}]}],"mapData":[{"vehicleid":25644,"vehiclenumber":"KA57F3873","servicetypeid":72,"servicetype":"Non AC/Ordinary","centerlat":12.916913,"centerlong":77.5952,"eta":"2024-03-10 11:07:00","sch_arrivaltime":"11:04","sch_departuretime":"11:04","actual_arrivaltime":"","actual_departuretime":"","sch_tripstarttime":"10:25","sch_tripendtime":"10:25","lastlocationid":0,"currentlocationid":20768,"nextlocationid":0,"currentstop":null,"nextstop":null,"laststop":null,"stopCoveredStatus":0,"heading":345,"lastrefreshon":"10-03-2024 10:58:42","lastreceiveddatetimeflag":0,"tripposition":1},{"vehicleid":25629,"vehiclenumber":"KA57F3082","servicetypeid":72,"servicetype":"Non AC/Ordinary","centerlat":12.843554,"centerlong":77.660194,"eta":"2024-03-10 11:53:00","sch_arrivaltime":"10:44","sch_departuretime":"10:44","actual_arrivaltime":"","actual_departuretime":"","sch_tripstarttime":"10:05","sch_tripendtime":"10:05","lastlocationid":0,"currentlocationid":23997,"nextlocationid":0,"currentstop":null,"nextstop":null,"laststop":null,"stopCoveredStatus":0,"heading":356,"lastrefreshon":"10-03-2024 10:58:43","lastreceiveddatetimeflag":0,"tripposition":1}]},"message":"Success","issuccess":true,"exception":null,"rowCount":0,"responsecode":200}