{"up":{"data":[{"routeid":12975,"stationid":20717,"stationname":"Chikka Banavara","from":"Chikka Banavara","to":"Summanahalli","routeno":"BC-8","distance_on_station":0,"centerlat":13.08053,"centerlong":77.50259,"responsecode":200,"isnotify":0,"vehicleDetails":[{"vehicleid":15353,"vehiclenumber":"KA57F1000","servicetypeid":72,"servicetype":"Non AC/Ordinary","centerlat":13.080141,"centerlong":77.502296,"eta":"","sch_arrivaltime":"15:15","sch_departuretime":"15:15","actual_arrivaltime":"15:26","actual_departuretime":"15:26","sch_tripstarttime":"15:15","sch_tripendtime":"15:15","lastlocationid":0,"currentlocationid":20717,"nextlocationid":0,"currentstop":null,"nextstop":null,"laststop":null,"stopCoveredStatus":1,"heading":214,"lastrefreshon":"09-03-2024 15:26:29","lastreceiveddatetimeflag":0,"tripposition":1}]},{"routeid":12975,"stationid":21109,"stationname":"Chikkabanavara Railway Station","from":"Chikka Banavara","to":"Summanahalli","routeno":"BC-8","distance_on_station":0.749,"centerlat":13.07523,"centerlong":77.50453,"responsecode":200,"isnotify":0,"vehicleDetails":[{"vehicleid":15353,"vehiclenumber":"KA57F1000","servicetypeid":72,"servicetype":"Non AC/Ordinary","centerlat":13.080141,"centerlong":77.502296,"eta":"2024-03-09 15:29:00","sch_arrivaltime":"15:17","sch_departuretime":"15:17","actual_arrivaltime":"","actual_departuretime":"","sch_tripstarttime":"15:15","sch_tripendtime":"15:15","lastlocationid":0,"currentlocationid":20717,"nextlocationid":0,"currentstop":null,"nextstop":null,"laststop":null,"stopCoveredStatus":0,"heading":214,"lastrefreshon":"09-03-2024 15:26:29","lastreceiveddatetimeflag":0,"tripposition":3}]},{"routeid":12975,"stationid":20873,"stationname":"Janapriya Apartment","from":"Chikka Banavara","to":"Summanahalli","routeno":"BC-8","distance_on_station":1.022,"centerlat":13.07319,"centerlong":77.50318,"responsecode":200,"isnotify":0,"vehicleDetails":[{"vehicleid":15353,"vehiclenumber":"KA57F1000","servicetypeid":72,"servicetype":"Non AC/Ordinary","centerlat":13.080141,"centerlong":77.502296,"eta":"2024-03-09 15:30:00","sch_arrivaltime":"15:18","sch_departuretime":"15:18","actual_arrivaltime":"","actual_departuretime":"","sch_tripstarttime":"15:15","sch_tripendtime":"15:15","lastlocationid":0,"currentlocationid":20717,"nextlocationid":0,"currentstop":null,"nextstop":null,"laststop":null,"stopCoveredStatus":0,"heading":214,"lastrefreshon":"09-03-2024 15:26:29","lastreceiveddatetimeflag":0,"tripposition":3}]},{"routeid":12975,"stationid":21157,"stationname":"Sapthagiri Hospital","from":"Chikka Banavara","to":"Summanahalli","routeno":"BC-8","distance_on_station":1.314,"centerlat":13.07066,"centerlong":77.50395,"responsecode":200,"isnotify":0,"vehicleDetails":[{"vehicleid":15353,"vehiclenumber":"KA57F1000","servicetypeid":72,"servicetype":"Non AC/Ordinary","centerlat":13.080141,"centerlong":77.502296,"eta":"2024-03-09 15:31:00","sch_arrivaltime":"15:19","sch_departuretime":"15:19","actual_arrivaltime":"","actual_departuretime":"","sch_tripstarttime":"15:15","sch_tripendtime":"15:15","lastlocationid":0,"currentlocationid":20717,"nextlocationid":0,"currentstop":null,"nextstop":null,"laststop":null,"stopCoveredStatus":0,"heading":214,"lastrefreshon":"09-03-2024 15:26:29","lastreceiveddatetimeflag":0,"tripposition":3}]},{"routeid":12975,"stationid":21155,"stationname":"Sapthagiri College","from":"Chikka Banavara","to":"Summanahalli","routeno":"BC-8","distance_on_station":1.742,"centerlat":13.06675,"centerlong":77.50335,"responsecode":200,"isnotify":0,"vehicleDetails":[{"vehicleid":15353,"vehiclenumber":"KA57F1000","servicetypeid":72,"servicetype":"Non AC/Ordinary","centerlat":13.080141,"centerlong":77.502296,"eta":"2024-03-09 15:32:00","sch_arrivaltime":"15:20","sch_departuretime":"15:20","actual_arrivaltime":"","actual_departuretime":"","sch_tripstarttime":"15:15","sch_tripendtime":"15:15","lastlocationid":0,"currentlocationid":20717,"nextlocationid":0,"currentstop":null,"nextstop":null,"laststop":null,"stopCoveredStatus":0,"heading":214,"lastrefreshon":"09-03-2024 15:26:29","lastreceiveddatetimeflag":0,"tripposition":3}]},{"routeid":12975,"stationid":20676,"stationname":"Bone Mill","from":"Chikka Banavara","to":"Summanahalli","routeno":"BC-8","distance_on_station":2.112,"centerlat":13.06385,"centerlong":77.50508,"responsecode":200,"isnotify":0,"vehicleDetails":[{"vehicleid":15353,"vehiclenumber":"KA57F1000","servicetypeid":72,"servicetype":"Non AC/Ordinary","centerlat":13.080141,"centerlong":77.502296,"eta":"2024-03-09 15:33:00","sch_arrivaltime":"15:21","sch_departuretime":"15:21","actual_arrivaltime":"","actual_departuretime":"","sch_tripstarttime":"15:15","sch_tripendtime":"15:15","lastlocationid":0,"currentlocationid":20717,"nextlocationid":0,"currentstop":null,"nextstop":null,"laststop":null,"stopCoveredStatus":0,"heading":214,"lastrefreshon":"09-03-2024 15:26:29","lastreceiveddatetimeflag":0,"tripposition":3}]},{"routeid":12975,"stationid":20619,"stationname":"Bagalagunte","from":"Chikka Banavara","to":"Summanahalli","routeno":"BC-8","distance_on_station":2.949,"centerlat":13.05665,"centerlong":77.50735,"responsecode":200,"isnotify":0,"vehicleDetails":[{"vehicleid":15353,"vehiclenumber":"KA57F1000","servicetypeid":72,"servicetype":"Non AC/Ordinary","centerlat":13.080141,"centerlong":77.502296,"eta":"2024-03-09 15:35:00","sch_arrivaltime":"15:23","sch_departuretime":"15:23","actual_arrivaltime":"","actual_departuretime":"","sch_tripstarttime":"15:15","sch_tripendtime":"15:15","lastlocationid":0,"currentlocationid":20717,"nextlocationid":0,"currentstop":null,"nextstop":null,"laststop":null,"stopCoveredStatus":0,"heading":214,"lastrefreshon":"09-03-2024 15:26:29","lastreceiveddatetimeflag":0,"tripposition":3}]},{"routeid":12975,"stationid":21279,"stationname":"Widia School","from":"Chikka Banavara","to":"Summanahalli","routeno":"BC-8","distance_on_station":3.533,"centerlat":13.05126,"centerlong":77.50786,"responsecode":200,"isnotify":0,"vehicleDetails":[{"vehicleid":15353,"vehiclenumber":"KA57F1000","servicetypeid":72,"servicetype":"Non AC/Ordinary","centerlat":13.080141,"centerlong":77.502296,"eta":"2024-03-09 15:37:00","sch_arrivaltime":"15:24","sch_departuretime":"15:24","actual_arrivaltime":"","actual_departuretime":"","sch_tripstarttime":"15:15","sch_tripendtime":"15:15","lastlocationid":0,"currentlocationid":20717,"nextlocationid":0,"currentstop":null,"nextstop":null,"laststop":null,"stopCoveredStatus":0,"heading":214,"lastrefreshon":"09-03-2024 15:26:29","lastreceiveddatetimeflag":0,"tripposition":3}]},{"routeid":12975,"stationid":38567,"stationname":"8th Mile Dasarahalli","from":"Chikka Banavara","to":"Summanahalli","routeno":"BC-8","distance_on_station":4.146,"centerlat":13.04571,"centerlong":77.50753,"responsecode":200,"isnotify":0,"vehicleDetails":[{"vehicleid":15353,"vehiclenumber":"KA57F1000","servicetypeid":72,"servicetype":"Non AC/Ordinary","centerlat":13.080141,"centerlong":77.502296,"eta":"2024-03-09 15:39:00","sch_arrivaltime":"15:25","sch_departuretime":"15:25","actual_arrivaltime":"","actual_departuretime":"","sch_tripstarttime":"15:15","sch_tripendtime":"15:15","lastlocationid":0,"currentlocationid":20717,"nextlocationid":0,"currentstop":null,"nextstop":null,"laststop":null,"stopCoveredStatus":0,"heading":214,"lastrefreshon":"09-03-2024 15:26:29","lastreceiveddatetimeflag":0,"tripposition":3}]},{"routeid":12975,"stationid":35571,"stationname":"8th Mile Dasarahalli","from":"Chikka Banavara","to":"Summanahalli","routeno":"BC-8","distance_on_station":4.409,"centerlat":13.04547,"centerlong":77.50553,"responsecode":200,"isnotify":0,"vehicleDetails":[{"vehicleid":15353,"vehiclenumber":"KA57F1000","servicetypeid":72,"servicetype":"Non AC/Ordinary","centerlat":13.080141,"centerlong":77.502296,"eta":"2024-03-09 15:40:00","sch_arrivaltime":"15:26","sch_departuretime":"15:26","actual_arrivaltime":"","actual_departuretime":"","sch_tripstarttime":"15:15","sch_tripendtime":"15:15","lastlocationid":0,"currentlocationid":20717,"nextlocationid":0,"currentstop":null,"nextstop":null,"laststop":null,"stopCoveredStatus":0,"heading":214,"lastrefreshon":"09-03-2024 15:26:29","lastreceiveddatetimeflag":0,"tripposition":3}]},{"routeid":12975,"stationid":34439,"stationname":"Rukmini Nagara","from":"Chikka Banavara","to":"Summanahalli","routeno":"BC-8","distance_on_station":4.895,"centerlat":13.041,"centerlong":77.50488,"responsecode":200,"isnotify":0,"vehicleDetails":[{"vehicleid":15353,"vehiclenumber":"KA57F1000","servicetypeid":72,"servicetype":"Non AC/Ordinary","centerlat":13.080141,"centerlong":77.502296,"eta":"2024-03-09 15:41:00","sch_arrivaltime":"15:28","sch_departuretime":"15:28","actual_arrivaltime":"","actual_departuretime":"","sch_tripstarttime":"15:15","sch_tripendtime":"15:15","lastlocationid":0,"currentlocationid":20717,"nextlocationid":0,"currentstop":null,"nextstop":null,"laststop":null,"stopCoveredStatus":0,"heading":214,"lastrefreshon":"09-03-2024 15:26:29","lastreceiveddatetimeflag":0,"tripposition":3}]},{"routeid":12975,"stationid":34052,"stationname":"Nagasandra Cross","from":"Chikka Banavara","to":"Summanahalli","routeno":"BC-8","distance_on_station":5.168,"centerlat":13.03849,"centerlong":77.50451,"responsecode":200,"isnotify":0,"vehicleDetails":[{"vehicleid":15353,"vehiclenumber":"KA57F1000","servicetypeid":72,"servicetype":"Non AC/Ordinary","centerlat":13.080141,"centerlong":77.502296,"eta":"2024-03-09 15:42:00","sch_arrivaltime":"15:29","sch_departuretime":"15:29","actual_arrivaltime":"","actual_departuretime":"","sch_tripstarttime":"15:15","sch_tripendtime":"15:15","lastlocationid":0,"currentlocationid":20717,"nextlocationid":0,"currentstop":null,"nextstop":null,"laststop":null,"stopCoveredStatus":0,"heading":214,"lastrefreshon":"09-03-2024 15:26:29","lastreceiveddatetimeflag":0,"tripposition":3}]},{"routeid":12975,"stationid":25894,"stationname":"HMT Layout 8th Mile","from":"Chikka Banavara","to":"Summanahalli","routeno":"BC-8","distance_on_station":5.703,"centerlat":13.03364,"centerlong":77.50412,"responsecode":200,"isnotify":0,"vehicleDetails":[{"vehicleid":15353,"vehiclenumber":"KA57F1000","servicetypeid":72,"servicetype":"Non AC/Ordinary","centerlat":13.080141,"centerlong":77.502296,"eta":"2024-03-09 15:44:00","sch_arrivaltime":"15:31","sch_departuretime":"15:31","actual_arrivaltime":"","actual_departuretime":"","sch_tripstarttime":"15:15","sch_tripendtime":"15:15","lastlocationid":0,"currentlocationid":20717,"nextlocationid":0,"currentstop":null,"nextstop":null,"laststop":null,"stopCoveredStatus":0,"heading":214,"lastrefreshon":"09-03-2024 15:26:29","lastreceiveddatetimeflag":0,"tripposition":3}]},{"routeid":12975,"stationid":34131,"stationname":"Nelagadarenahalli","from":"Chikka Banavara","to":"Summanahalli","routeno":"BC-8","distance_on_station":5.937,"centerlat":13.03152,"centerlong":77.50359,"responsecode":200,"isnotify":0,"vehicleDetails":[{"vehicleid":15353,"vehiclenumber":"KA57F1000","servicetypeid":72,"servicetype":"Non AC/Ordinary","centerlat":13.080141,"centerlong":77.502296,"eta":"2024-03-09 15:45:00","sch_arrivaltime":"15:32","sch_departuretime":"15:32","actual_arrivaltime":"","actual_departuretime":"","sch_tripstarttime":"15:15","sch_tripendtime":"15:15","lastlocationid":0,"currentlocationid":20717,"nextlocationid":0,"currentstop":null,"nextstop":null,"laststop":null,"stopCoveredStatus":0,"heading":214,"lastrefreshon":"09-03-2024 15:26:29","lastreceiveddatetimeflag":0,"tripposition":3}]},{"routeid":12975,"stationid":25559,"stationname":"Gruhalakshmi Layout","from":"Chikka Banavara","to":"Summanahalli","routeno":"BC-8","distance_on_station":6.316,"centerlat":13.0299,"centerlong":77.50036,"responsecode":200,"isnotify":0,"vehicleDetails":[{"vehicleid":15353,"vehiclenumber":"KA57F1000","servicetypeid":72,"servicetype":"Non AC/Ordinary","centerlat":13.080141,"centerlong":77.502296,"eta":"2024-03-09 15:46:00","sch_arrivaltime":"15:33","sch_departuretime":"15:33","actual_arrivaltime":"","actual_departuretime":"","sch_tripstarttime":"15:15","sch_tripendtime":"15:15","lastlocationid":0,"currentlocationid":20717,"nextlocationid":0,"currentstop":null,"nextstop":null,"laststop":null,"stopCoveredStatus":0,"heading":214,"lastrefreshon":"09-03-2024 15:26:29","lastreceiveddatetimeflag":0,"tripposition":3}]},{"routeid":12975,"stationid":32632,"stationname":"Ganga International School","from":"Chikka Banavara","to":"Summanahalli","routeno":"BC-8","distance_on_station":6.774,"centerlat":13.02827,"centerlong":77.49633,"responsecode":200,"isnotify":0,"vehicleDetails":[{"vehicleid":15353,"vehiclenumber":"KA57F1000","servicetypeid":72,"servicetype":"Non AC/Ordinary","centerlat":13.080141,"centerlong":77.502296,"eta":"2024-03-09 15:47:00","sch_arrivaltime":"15:34","sch_departuretime":"15:34","actual_arrivaltime":"","actual_departuretime":"","sch_tripstarttime":"15:15","sch_tripendtime":"15:15","lastlocationid":0,"currentlocationid":20717,"nextlocationid":0,"currentstop":null,"nextstop":null,"laststop":null,"stopCoveredStatus":0,"heading":214,"lastrefreshon":"09-03-2024 15:26:29","lastreceiveddatetimeflag":0,"tripposition":3}]},{"routeid":12975,"stationid":26129,"stationname":"Indiranagara","from":"Chikka Banavara","to":"Summanahalli","routeno":"BC-8","distance_on_station":7.046,"centerlat":13.02768,"centerlong":77.4938,"responsecode":200,"isnotify":0,"vehicleDetails":[{"vehicleid":15353,"vehiclenumber":"KA57F1000","servicetypeid":72,"servicetype":"Non AC/Ordinary","centerlat":13.080141,"centerlong":77.502296,"eta":"2024-03-09 15:48:00","sch_arrivaltime":"15:35","sch_departuretime":"15:35","actual_arrivaltime":"","actual_departuretime":"","sch_tripstarttime":"15:15","sch_tripendtime":"15:15","lastlocationid":0,"currentlocationid":20717,"nextlocationid":0,"currentstop":null,"nextstop":null,"laststop":null,"stopCoveredStatus":0,"heading":214,"lastrefreshon":"09-03-2024 15:26:29","lastreceiveddatetimeflag":0,"tripposition":3}]},{"routeid":12975,"stationid":34597,"stationname":"Siddartha School Cross","from":"Chikka Banavara","to":"Summanahalli","routeno":"BC-8","distance_on_station":7.572,"centerlat":13.02611,"centerlong":77.48905,"responsecode":200,"isnotify":0,"vehicleDetails":[{"vehicleid":15353,"vehiclenumber":"KA57F1000","servicetypeid":72,"servicetype":"Non AC/Ordinary","centerlat":13.080141,"centerlong":77.502296,"eta":"2024-03-09 15:50:00","sch_arrivaltime":"15:36","sch_departuretime":"15:36","actual_arrivaltime":"","actual_departuretime":"","sch_tripstarttime":"15:15","sch_tripendtime":"15:15","lastlocationid":0,"currentlocationid":20717,"nextlocationid":0,"currentstop":null,"nextstop":null,"laststop":null,"stopCoveredStatus":0,"heading":214,"lastrefreshon":"09-03-2024 15:26:29","lastreceiveddatetimeflag":0,"tripposition":3}]},{"routeid":12975,"stationid":33363,"stationname":"Kari Obanahalli","from":"Chikka Banavara","to":"Summanahalli","routeno":"BC-8","distance_on_station":7.873,"centerlat":13.02493,"centerlong":77.48658,"responsecode":200,"isnotify":0,"vehicleDetails":[{"vehicleid":15353,"vehiclenumber":"KA57F1000","servicetypeid":72,"servicetype":"Non AC/Ordinary","centerlat":13.080141,"centerlong":77.502296,"eta":"2024-03-09 15:51:00","sch_arrivaltime":"15:37","sch_departuretime":"15:37","actual_arrivaltime":"","actual_departuretime":"","sch_tripstarttime":"15:15","sch_tripendtime":"15:15","lastlocationid":0,"currentlocationid":20717,"nextlocationid":0,"currentstop":null,"nextstop":null,"laststop":null,"stopCoveredStatus":0,"heading":214,"lastrefreshon":"09-03-2024 15:26:29","lastreceiveddatetimeflag":0,"tripposition":3}]},{"routeid":12975,"stationid":35015,"stationname":"Thigalarapalya","from":"Chikka Banavara","to":"Summanahalli","routeno":"BC-8","distance_on_station":8.866,"centerlat":13.01687,"centerlong":77.48307,"responsecode":200,"isnotify":0,"vehicleDetails":[{"vehicleid":15353,"vehiclenumber":"KA57F1000","servicetypeid":72,"servicetype":"Non AC/Ordinary","centerlat":13.080141,"centerlong":77.502296,"eta":"2024-03-09 15:54:00","sch_arrivaltime":"15:39","sch_departuretime":"15:39","actual_arrivaltime":"","actual_departuretime":"","sch_tripstarttime":"15:15","sch_tripendtime":"15:15","lastlocationid":0,"currentlocationid":20717,"nextlocationid":0,"currentstop":null,"nextstop":null,"laststop":null,"stopCoveredStatus":0,"heading":214,"lastrefreshon":"09-03-2024 15:26:29","lastreceiveddatetimeflag":0,"tripposition":3}]},{"routeid":12975,"stationid":32651,"stationname":"Garudappa Circle Thigalarapalya","from":"Chikka Banavara","to":"Summanahalli","routeno":"BC-8","distance_on_station":9.032,"centerlat":13.01572,"centerlong":77.48414,"responsecode":200,"isnotify":0,"vehicleDetails":[{"vehicleid":15353,"vehiclenumber":"KA57F1000","servicetypeid":72,"servicetype":"Non AC/Ordinary","centerlat":13.080141,"centerlong":77.502296,"eta":"2024-03-09 15:55:00","sch_arrivaltime":"15:40","sch_departuretime":"15:40","actual_arrivaltime":"","actual_departuretime":"","sch_tripstarttime":"15:15","sch_tripendtime":"15:15","lastlocationid":0,"currentlocationid":20717,"nextlocationid":0,"currentstop":null,"nextstop":null,"laststop":null,"stopCoveredStatus":0,"heading":214,"lastrefreshon":"09-03-2024 15:26:29","lastreceiveddatetimeflag":0,"tripposition":3}]},{"routeid":12975,"stationid":35468,"stationname":"Anjaneya Temple Thigalarapalya","from":"Chikka Banavara","to":"Summanahalli","routeno":"BC-8","distance_on_station":9.255,"centerlat":13.01372,"centerlong":77.48347,"responsecode":200,"isnotify":0,"vehicleDetails":[{"vehicleid":15353,"vehiclenumber":"KA57F1000","servicetypeid":72,"servicetype":"Non AC/Ordinary","centerlat":13.080141,"centerlong":77.502296,"eta":"2024-03-09 15:56:00","sch_arrivaltime":"15:41","sch_departuretime":"15:41","actual_arrivaltime":"","actual_departuretime":"","sch_tripstarttime":"15:15","sch_tripendtime":"15:15","lastlocationid":0,"currentlocationid":20717,"nextlocationid":0,"currentstop":null,"nextstop":null,"laststop":null,"stopCoveredStatus":0,"heading":214,"lastrefreshon":"09-03-2024 15:26:29","lastreceiveddatetimeflag":0,"tripposition":3}]},{"routeid":12975,"stationid":29520,"stationname":"Andhrahalli Govt School","from":"Chikka Banavara","to":"Summanahalli","routeno":"BC-8","distance_on_station":9.723,"centerlat":13.00956,"centerlong":77.48295,"responsecode":200,"isnotify":0,"vehicleDetails":[{"vehicleid":15353,"vehiclenumber":"KA57F1000","servicetypeid":72,"servicetype":"Non AC/Ordinary","centerlat":13.080141,"centerlong":77.502296,"eta":"2024-03-09 15:57:00","sch_arrivaltime":"15:42","sch_departuretime":"15:42","actual_arrivaltime":"","actual_departuretime":"","sch_tripstarttime":"15:15","sch_tripendtime":"15:15","lastlocationid":0,"currentlocationid":20717,"nextlocationid":0,"currentstop":null,"nextstop":null,"laststop":null,"stopCoveredStatus":0,"heading":214,"lastrefreshon":"09-03-2024 15:26:29","lastreceiveddatetimeflag":0,"tripposition":3}]},{"routeid":12975,"stationid":29518,"stationname":"Andhrahalli","from":"Chikka Banavara","to":"Summanahalli","routeno":"BC-8","distance_on_station":9.995,"centerlat":13.00805,"centerlong":77.48484,"responsecode":200,"isnotify":0,"vehicleDetails":[{"vehicleid":15353,"vehiclenumber":"KA57F1000","servicetypeid":72,"servicetype":"Non AC/Ordinary","centerlat":13.080141,"centerlong":77.502296,"eta":"2024-03-09 15:58:00","sch_arrivaltime":"15:43","sch_departuretime":"15:43","actual_arrivaltime":"","actual_departuretime":"","sch_tripstarttime":"15:15","sch_tripendtime":"15:15","lastlocationid":0,"currentlocationid":20717,"nextlocationid":0,"currentstop":null,"nextstop":null,"laststop":null,"stopCoveredStatus":0,"heading":214,"lastrefreshon":"09-03-2024 15:26:29","lastreceiveddatetimeflag":0,"tripposition":3}]},{"routeid":12975,"stationid":31588,"stationname":"Vidyamanyanagara","from":"Chikka Banavara","to":"Summanahalli","routeno":"BC-8","distance_on_station":10.462,"centerlat":13.0046,"centerlong":77.48746,"responsecode":200,"isnotify":0,"vehicleDetails":[{"vehicleid":15353,"vehiclenumber":"KA57F1000","servicetypeid":72,"servicetype":"Non AC/Ordinary","centerlat":13.080141,"centerlong":77.502296,"eta":"2024-03-09 15:59:00","sch_arrivaltime":"15:44","sch_departuretime":"15:44","actual_arrivaltime":"","actual_departuretime":"","sch_tripstarttime":"15:15","sch_tripendtime":"15:15","lastlocationid":0,"currentlocationid":20717,"nextlocationid":0,"currentstop":null,"nextstop":null,"laststop":null,"stopCoveredStatus":0,"heading":214,"lastrefreshon":"09-03-2024 15:26:29","lastreceiveddatetimeflag":0,"tripposition":3}]},{"routeid":12975,"stationid":22966,"stationname":"Acharya College","from":"Chikka Banavara","to":"Summanahalli","routeno":"BC-8","distance_on_station":10.725,"centerlat":13.00238,"centerlong":77.48823,"responsecode":200,"isnotify":0,"vehicleDetails":[{"vehicleid":15353,"vehiclenumber":"KA57F1000","servicetypeid":72,"servicetype":"Non AC/Ordinary","centerlat":13.080141,"centerlong":77.502296,"eta":"2024-03-09 16:00:00","sch_arrivaltime":"15:45","sch_departuretime":"15:45","actual_arrivaltime":"","actual_departuretime":"","sch_tripstarttime":"15:15","sch_tripendtime":"15:15","lastlocationid":0,"currentlocationid":20717,"nextlocationid":0,"currentstop":null,"nextstop":null,"laststop":null,"stopCoveredStatus":0,"heading":214,"lastrefreshon":"09-03-2024 15:26:29","lastreceiveddatetimeflag":0,"tripposition":3}]},{"routeid":12975,"stationid":35437,"stationname":"Arch Lingadeeranahalli","from":"Chikka Banavara","to":"Summanahalli","routeno":"BC-8","distance_on_station":11.027,"centerlat":12.99961,"centerlong":77.48872,"responsecode":200,"isnotify":0,"vehicleDetails":[{"vehicleid":15353,"vehiclenumber":"KA57F1000","servicetypeid":72,"servicetype":"Non AC/Ordinary","centerlat":13.080141,"centerlong":77.502296,"eta":"2024-03-09 16:01:00","sch_arrivaltime":"15:46","sch_departuretime":"15:46","actual_arrivaltime":"","actual_departuretime":"","sch_tripstarttime":"15:15","sch_tripendtime":"15:15","lastlocationid":0,"currentlocationid":20717,"nextlocationid":0,"currentstop":null,"nextstop":null,"laststop":null,"stopCoveredStatus":0,"heading":214,"lastrefreshon":"09-03-2024 15:26:29","lastreceiveddatetimeflag":0,"tripposition":3}]},{"routeid":12975,"stationid":26786,"stationname":"Syndicate Bank Layout","from":"Chikka Banavara","to":"Summanahalli","routeno":"BC-8","distance_on_station":11.221,"centerlat":12.99796,"centerlong":77.48947,"responsecode":200,"isnotify":0,"vehicleDetails":[{"vehicleid":15353,"vehiclenumber":"KA57F1000","servicetypeid":72,"servicetype":"Non AC/Ordinary","centerlat":13.080141,"centerlong":77.502296,"eta":"2024-03-09 16:02:00","sch_arrivaltime":"15:47","sch_departuretime":"15:47","actual_arrivaltime":"","actual_departuretime":"","sch_tripstarttime":"15:15","sch_tripendtime":"15:15","lastlocationid":0,"currentlocationid":20717,"nextlocationid":0,"currentstop":null,"nextstop":null,"laststop":null,"stopCoveredStatus":0,"heading":214,"lastrefreshon":"09-03-2024 15:26:29","lastreceiveddatetimeflag":0,"tripposition":3}]},{"routeid":12975,"stationid":31583,"stationname":"Venkateshwara Layout","from":"Chikka Banavara","to":"Summanahalli","routeno":"BC-8","distance_on_station":11.747,"centerlat":12.99335,"centerlong":77.4886,"responsecode":200,"isnotify":0,"vehicleDetails":[{"vehicleid":15353,"vehiclenumber":"KA57F1000","servicetypeid":72,"servicetype":"Non AC/Ordinary","centerlat":13.080141,"centerlong":77.502296,"eta":"2024-03-09 16:03:00","sch_arrivaltime":"15:48","sch_departuretime":"15:48","actual_arrivaltime":"","actual_departuretime":"","sch_tripstarttime":"15:15","sch_tripendtime":"15:15","lastlocationid":0,"currentlocationid":20717,"nextlocationid":0,"currentstop":null,"nextstop":null,"laststop":null,"stopCoveredStatus":0,"heading":214,"lastrefreshon":"09-03-2024 15:26:29","lastreceiveddatetimeflag":0,"tripposition":3}]},{"routeid":12975,"stationid":23430,"stationname":"Herohalli Sunkadakatte","from":"Chikka Banavara","to":"Summanahalli","routeno":"BC-8","distance_on_station":12.117,"centerlat":12.99053,"centerlong":77.48753,"responsecode":200,"isnotify":0,"vehicleDetails":[{"vehicleid":15353,"vehiclenumber":"KA57F1000","servicetypeid":72,"servicetype":"Non AC/Ordinary","centerlat":13.080141,"centerlong":77.502296,"eta":"2024-03-09 16:04:00","sch_arrivaltime":"15:49","sch_departuretime":"15:49","actual_arrivaltime":"","actual_departuretime":"","sch_tripstarttime":"15:15","sch_tripendtime":"15:15","lastlocationid":0,"currentlocationid":20717,"nextlocationid":0,"currentstop":null,"nextstop":null,"laststop":null,"stopCoveredStatus":0,"heading":214,"lastrefreshon":"09-03-2024 15:26:29","lastreceiveddatetimeflag":0,"tripposition":3}]},{"routeid":12975,"stationid":37252,"stationname":"Herohalli Cross","from":"Chikka Banavara","to":"Summanahalli","routeno":"BC-8","distance_on_station":12.944,"centerlat":12.98749,"centerlong":77.49262,"responsecode":200,"isnotify":0,"vehicleDetails":[{"vehicleid":15353,"vehiclenumber":"KA57F1000","servicetypeid":72,"servicetype":"Non AC/Ordinary","centerlat":13.080141,"centerlong":77.502296,"eta":"2024-03-09 16:06:00","sch_arrivaltime":"15:51","sch_departuretime":"15:51","actual_arrivaltime":"","actual_departuretime":"","sch_tripstarttime":"15:15","sch_tripendtime":"15:15","lastlocationid":0,"currentlocationid":20717,"nextlocationid":0,"currentstop":null,"nextstop":null,"laststop":null,"stopCoveredStatus":0,"heading":214,"lastrefreshon":"09-03-2024 15:26:29","lastreceiveddatetimeflag":0,"tripposition":3}]},{"routeid":12975,"stationid":20874,"stationname":"Janapriya Apartment","from":"Chikka Banavara","to":"Summanahalli","routeno":"BC-8","distance_on_station":13.684,"centerlat":12.98895,"centerlong":77.49938,"responsecode":200,"isnotify":0,"vehicleDetails":[{"vehicleid":15353,"vehiclenumber":"KA57F1000","servicetypeid":72,"servicetype":"Non AC/Ordinary","centerlat":13.080141,"centerlong":77.502296,"eta":"2024-03-09 16:09:00","sch_arrivaltime":"15:53","sch_departuretime":"15:53","actual_arrivaltime":"","actual_departuretime":"","sch_tripstarttime":"15:15","sch_tripendtime":"15:15","lastlocationid":0,"currentlocationid":20717,"nextlocationid":0,"currentstop":null,"nextstop":null,"laststop":null,"stopCoveredStatus":0,"heading":214,"lastrefreshon":"09-03-2024 15:26:29","lastreceiveddatetimeflag":0,"tripposition":3}]},{"routeid":12975,"stationid":21205,"stationname":"Sunkadakatte","from":"Chikka Banavara","to":"Summanahalli","routeno":"BC-8","distance_on_station":14.462,"centerlat":12.98946,"centerlong":77.50638,"responsecode":200,"isnotify":0,"vehicleDetails":[{"vehicleid":15353,"vehiclenumber":"KA57F1000","servicetypeid":72,"servicetype":"Non AC/Ordinary","centerlat":13.080141,"centerlong":77.502296,"eta":"2024-03-09 16:11:00","sch_arrivaltime":"15:55","sch_departuretime":"15:55","actual_arrivaltime":"","actual_departuretime":"","sch_tripstarttime":"15:15","sch_tripendtime":"15:15","lastlocationid":0,"currentlocationid":20717,"nextlocationid":0,"currentstop":null,"nextstop":null,"laststop":null,"stopCoveredStatus":0,"heading":214,"lastrefreshon":"09-03-2024 15:26:29","lastreceiveddatetimeflag":0,"tripposition":3}]},{"routeid":12975,"stationid":20936,"stationname":"Kottigepalya","from":"Chikka Banavara","to":"Summanahalli","routeno":"BC-8","distance_on_station":15.319,"centerlat":12.98786,"centerlong":77.51405,"responsecode":200,"isnotify":0,"vehicleDetails":[{"vehicleid":15353,"vehiclenumber":"KA57F1000","servicetypeid":72,"servicetype":"Non AC/Ordinary","centerlat":13.080141,"centerlong":77.502296,"eta":"2024-03-09 16:14:00","sch_arrivaltime":"15:57","sch_departuretime":"15:57","actual_arrivaltime":"","actual_departuretime":"","sch_tripstarttime":"15:15","sch_tripendtime":"15:15","lastlocationid":0,"currentlocationid":20717,"nextlocationid":0,"currentstop":null,"nextstop":null,"laststop":null,"stopCoveredStatus":0,"heading":214,"lastrefreshon":"09-03-2024 15:26:29","lastreceiveddatetimeflag":0,"tripposition":3}]},{"routeid":12975,"stationid":21204,"stationname":"Summanahalli","from":"Chikka Banavara","to":"Summanahalli","routeno":"BC-8","distance_on_station":16,"centerlat":12.98739,"centerlong":77.51914,"responsecode":200,"isnotify":0,"vehicleDetails":[{"vehicleid":15353,"vehiclenumber":"KA57F1000","servicetypeid":72,"servicetype":"Non AC/Ordinary","centerlat":13.080141,"centerlong":77.502296,"eta":"2024-03-09 16:16:00","sch_arrivaltime":"15:59","sch_departuretime":"15:59","actual_arrivaltime":"","actual_departuretime":"","sch_tripstarttime":"15:15","sch_tripendtime":"15:15","lastlocationid":0,"currentlocationid":20717,"nextlocationid":0,"currentstop":null,"nextstop":null,"laststop":null,"stopCoveredStatus":0,"heading":214,"lastrefreshon":"09-03-2024 15:26:29","lastreceiveddatetimeflag":0,"tripposition":1}]}],"mapData":[{"vehicleid":15353,"vehiclenumber":"KA57F1000","servicetypeid":72,"servicetype":"Non AC/Ordinary","centerlat":13.080141,"centerlong":77.502296,"eta":"2024-03-09 16:16:00","sch_arrivaltime":"15:59","sch_departuretime":"15:59","actual_arrivaltime":"","actual_departuretime":"","sch_tripstarttime":"15:15","sch_tripendtime":"15:15","lastlocationid":0,"currentlocationid":20717,"nextlocationid":0,"currentstop":null,"nextstop":null,"laststop":null,"stopCoveredStatus":0,"heading":214,"lastrefreshon":"09-03-2024 15:26:29","lastreceiveddatetimeflag":0,"tripposition":1}]},"down":{"data":[{"routeid":12976,"stationid":21204,"stationname":"Summanahalli","from":"Summanahalli","to":"Chikka Banavara","routeno":"BC-8","distance_on_station":0,"centerlat":12.98739,"centerlong":77.51914,"responsecode":200,"isnotify":0,"vehicleDetails":[{"vehicleid":15335,"vehiclenumber":"KA53F0098","servicetypeid":72,"servicetype":"Non AC/Ordinary","centerlat":13.064163,"centerlong":77.504868,"eta":"","sch_arrivaltime":"14:25","sch_departuretime":"14:25","actual_arrivaltime":"14:23","actual_departuretime":"14:24","sch_tripstarttime":"14:25","sch_tripendtime":"14:25","lastlocationid":0,"currentlocationid":20678,"nextlocationid":0,"currentstop":null,"nextstop":null,"laststop":null,"stopCoveredStatus":1,"heading":328,"lastrefreshon":"09-03-2024 15:27:22","lastreceiveddatetimeflag":0,"tripposition":1}]},{"routeid":12976,"stationid":20937,"stationname":"Kottigepalya","from":"Summanahalli","to":"Chikka Banavara","routeno":"BC-8","distance_on_station":0.459,"centerlat":12.98787,"centerlong":77.51509,"responsecode":200,"isnotify":0,"vehicleDetails":[{"vehicleid":15335,"vehiclenumber":"KA53F0098","servicetypeid":72,"servicetype":"Non AC/Ordinary","centerlat":13.064163,"centerlong":77.504868,"eta":"","sch_arrivaltime":"14:26","sch_departuretime":"14:26","actual_arrivaltime":"14:24","actual_departuretime":"14:25","sch_tripstarttime":"14:25","sch_tripendtime":"14:25","lastlocationid":0,"currentlocationid":20678,"nextlocationid":0,"currentstop":null,"nextstop":null,"laststop":null,"stopCoveredStatus":1,"heading":328,"lastrefreshon":"09-03-2024 15:27:22","lastreceiveddatetimeflag":0,"tripposition":1}]},{"routeid":12976,"stationid":21206,"stationname":"Sunkadakatte","from":"Summanahalli","to":"Chikka Banavara","routeno":"BC-8","distance_on_station":1.755,"centerlat":12.99018,"centerlong":77.5038,"responsecode":200,"isnotify":0,"vehicleDetails":[{"vehicleid":15335,"vehiclenumber":"KA53F0098","servicetypeid":72,"servicetype":"Non AC/Ordinary","centerlat":13.064163,"centerlong":77.504868,"eta":"","sch_arrivaltime":"14:29","sch_departuretime":"14:29","actual_arrivaltime":"14:28","actual_departuretime":"14:28","sch_tripstarttime":"14:25","sch_tripendtime":"14:25","lastlocationid":0,"currentlocationid":20678,"nextlocationid":0,"currentstop":null,"nextstop":null,"laststop":null,"stopCoveredStatus":1,"heading":328,"lastrefreshon":"09-03-2024 15:27:22","lastreceiveddatetimeflag":0,"tripposition":1}]},{"routeid":12976,"stationid":37252,"stationname":"Herohalli Cross","from":"Summanahalli","to":"Chikka Banavara","routeno":"BC-8","distance_on_station":3.021,"centerlat":12.98749,"centerlong":77.49262,"responsecode":200,"isnotify":0,"vehicleDetails":[{"vehicleid":15335,"vehiclenumber":"KA53F0098","servicetypeid":72,"servicetype":"Non AC/Ordinary","centerlat":13.064163,"centerlong":77.504868,"eta":"","sch_arrivaltime":"14:32","sch_departuretime":"14:32","actual_arrivaltime":"14:31","actual_departuretime":"14:33","sch_tripstarttime":"14:25","sch_tripendtime":"14:25","lastlocationid":0,"currentlocationid":20678,"nextlocationid":0,"currentstop":null,"nextstop":null,"laststop":null,"stopCoveredStatus":1,"heading":328,"lastrefreshon":"09-03-2024 15:27:22","lastreceiveddatetimeflag":0,"tripposition":1}]},{"routeid":12976,"stationid":23659,"stationname":"Herohalli Sunkadakatte","from":"Summanahalli","to":"Chikka Banavara","routeno":"BC-8","distance_on_station":3.868,"centerlat":12.99051,"centerlong":77.4876,"responsecode":200,"isnotify":0,"vehicleDetails":[{"vehicleid":15335,"vehiclenumber":"KA53F0098","servicetypeid":72,"servicetype":"Non AC/Ordinary","centerlat":13.064163,"centerlong":77.504868,"eta":"","sch_arrivaltime":"14:34","sch_departuretime":"14:34","actual_arrivaltime":"14:35","actual_departuretime":"14:36","sch_tripstarttime":"14:25","sch_tripendtime":"14:25","lastlocationid":0,"currentlocationid":20678,"nextlocationid":0,"currentstop":null,"nextstop":null,"laststop":null,"stopCoveredStatus":1,"heading":328,"lastrefreshon":"09-03-2024 15:27:22","lastreceiveddatetimeflag":0,"tripposition":1}]},{"routeid":12976,"stationid":34893,"stationname":"Venkateshwara Layout","from":"Summanahalli","to":"Chikka Banavara","routeno":"BC-8","distance_on_station":4.247,"centerlat":12.99331,"centerlong":77.48856,"responsecode":200,"isnotify":0,"vehicleDetails":[{"vehicleid":15335,"vehiclenumber":"KA53F0098","servicetypeid":72,"servicetype":"Non AC/Ordinary","centerlat":13.064163,"centerlong":77.504868,"eta":"","sch_arrivaltime":"14:35","sch_departuretime":"14:35","actual_arrivaltime":"14:37","actual_departuretime":"14:37","sch_tripstarttime":"14:25","sch_tripendtime":"14:25","lastlocationid":0,"currentlocationid":20678,"nextlocationid":0,"currentstop":null,"nextstop":null,"laststop":null,"stopCoveredStatus":1,"heading":328,"lastrefreshon":"09-03-2024 15:27:22","lastreceiveddatetimeflag":0,"tripposition":1}]},{"routeid":12976,"stationid":26786,"stationname":"Syndicate Bank Layout","from":"Summanahalli","to":"Chikka Banavara","routeno":"BC-8","distance_on_station":4.786,"centerlat":12.99796,"centerlong":77.48947,"responsecode":200,"isnotify":0,"vehicleDetails":[{"vehicleid":15335,"vehiclenumber":"KA53F0098","servicetypeid":72,"servicetype":"Non AC/Ordinary","centerlat":13.064163,"centerlong":77.504868,"eta":"","sch_arrivaltime":"14:36","sch_departuretime":"14:36","actual_arrivaltime":"14:38","actual_departuretime":"14:38","sch_tripstarttime":"14:25","sch_tripendtime":"14:25","lastlocationid":0,"currentlocationid":20678,"nextlocationid":0,"currentstop":null,"nextstop":null,"laststop":null,"stopCoveredStatus":1,"heading":328,"lastrefreshon":"09-03-2024 15:27:22","lastreceiveddatetimeflag":0,"tripposition":1}]},{"routeid":12976,"stationid":29566,"stationname":"Arch Lingadeeranahalli","from":"Summanahalli","to":"Chikka Banavara","routeno":"BC-8","distance_on_station":4.985,"centerlat":12.99962,"centerlong":77.48869,"responsecode":200,"isnotify":0,"vehicleDetails":[{"vehicleid":15335,"vehiclenumber":"KA53F0098","servicetypeid":72,"servicetype":"Non AC/Ordinary","centerlat":13.064163,"centerlong":77.504868,"eta":"","sch_arrivaltime":"14:37","sch_departuretime":"14:37","actual_arrivaltime":"14:39","actual_departuretime":"14:39","sch_tripstarttime":"14:25","sch_tripendtime":"14:25","lastlocationid":0,"currentlocationid":20678,"nextlocationid":0,"currentstop":null,"nextstop":null,"laststop":null,"stopCoveredStatus":1,"heading":328,"lastrefreshon":"09-03-2024 15:27:22","lastreceiveddatetimeflag":0,"tripposition":1}]},{"routeid":12976,"stationid":22965,"stationname":"Acharya College","from":"Summanahalli","to":"Chikka Banavara","routeno":"BC-8","distance_on_station":5.294,"centerlat":13.00234,"centerlong":77.48822,"responsecode":200,"isnotify":0,"vehicleDetails":[{"vehicleid":15335,"vehiclenumber":"KA53F0098","servicetypeid":72,"servicetype":"Non AC/Ordinary","centerlat":13.064163,"centerlong":77.504868,"eta":"","sch_arrivaltime":"14:38","sch_departuretime":"14:38","actual_arrivaltime":"14:40","actual_departuretime":"14:40","sch_tripstarttime":"14:25","sch_tripendtime":"14:25","lastlocationid":0,"currentlocationid":20678,"nextlocationid":0,"currentstop":null,"nextstop":null,"laststop":null,"stopCoveredStatus":1,"heading":328,"lastrefreshon":"09-03-2024 15:27:22","lastreceiveddatetimeflag":0,"tripposition":1}]},{"routeid":12976,"stationid":34888,"stationname":"Vidyamanyanagara","from":"Summanahalli","to":"Chikka Banavara","routeno":"BC-8","distance_on_station":5.553,"centerlat":13.00461,"centerlong":77.48742,"responsecode":200,"isnotify":0,"vehicleDetails":[{"vehicleid":15335,"vehiclenumber":"KA53F0098","servicetypeid":72,"servicetype":"Non AC/Ordinary","centerlat":13.064163,"centerlong":77.504868,"eta":"","sch_arrivaltime":"14:39","sch_departuretime":"14:39","actual_arrivaltime":"14:41","actual_departuretime":"14:41","sch_tripstarttime":"14:25","sch_tripendtime":"14:25","lastlocationid":0,"currentlocationid":20678,"nextlocationid":0,"currentstop":null,"nextstop":null,"laststop":null,"stopCoveredStatus":1,"heading":328,"lastrefreshon":"09-03-2024 15:27:22","lastreceiveddatetimeflag":0,"tripposition":1}]},{"routeid":12976,"stationid":35482,"stationname":"Andhrahalli","from":"Summanahalli","to":"Chikka Banavara","routeno":"BC-8","distance_on_station":6.032,"centerlat":13.00802,"centerlong":77.48484,"responsecode":200,"isnotify":0,"vehicleDetails":[{"vehicleid":15335,"vehiclenumber":"KA53F0098","servicetypeid":72,"servicetype":"Non AC/Ordinary","centerlat":13.064163,"centerlong":77.504868,"eta":"","sch_arrivaltime":"14:40","sch_departuretime":"14:40","actual_arrivaltime":"14:42","actual_departuretime":"14:42","sch_tripstarttime":"14:25","sch_tripendtime":"14:25","lastlocationid":0,"currentlocationid":20678,"nextlocationid":0,"currentstop":null,"nextstop":null,"laststop":null,"stopCoveredStatus":1,"heading":328,"lastrefreshon":"09-03-2024 15:27:22","lastreceiveddatetimeflag":0,"tripposition":1}]},{"routeid":12976,"stationid":35480,"stationname":"Andhrahalli Govt School","from":"Summanahalli","to":"Chikka Banavara","routeno":"BC-8","distance_on_station":6.311,"centerlat":13.00952,"centerlong":77.48294,"responsecode":200,"isnotify":0,"vehicleDetails":[{"vehicleid":15335,"vehiclenumber":"KA53F0098","servicetypeid":72,"servicetype":"Non AC/Ordinary","centerlat":13.064163,"centerlong":77.504868,"eta":"","sch_arrivaltime":"14:41","sch_departuretime":"14:41","actual_arrivaltime":"14:43","actual_departuretime":"14:43","sch_tripstarttime":"14:25","sch_tripendtime":"14:25","lastlocationid":0,"currentlocationid":20678,"nextlocationid":0,"currentstop":null,"nextstop":null,"laststop":null,"stopCoveredStatus":1,"heading":328,"lastrefreshon":"09-03-2024 15:27:22","lastreceiveddatetimeflag":0,"tripposition":1}]},{"routeid":12976,"stationid":29534,"stationname":"Anjaneya Temple Thigalarapalya","from":"Summanahalli","to":"Chikka Banavara","routeno":"BC-8","distance_on_station":6.78,"centerlat":13.01371,"centerlong":77.48343,"responsecode":200,"isnotify":0,"vehicleDetails":[{"vehicleid":15335,"vehiclenumber":"KA53F0098","servicetypeid":72,"servicetype":"Non AC/Ordinary","centerlat":13.064163,"centerlong":77.504868,"eta":"","sch_arrivaltime":"14:42","sch_departuretime":"14:42","actual_arrivaltime":"14:44","actual_departuretime":"14:45","sch_tripstarttime":"14:25","sch_tripendtime":"14:25","lastlocationid":0,"currentlocationid":20678,"nextlocationid":0,"currentstop":null,"nextstop":null,"laststop":null,"stopCoveredStatus":1,"heading":328,"lastrefreshon":"09-03-2024 15:27:22","lastreceiveddatetimeflag":0,"tripposition":1}]},{"routeid":12976,"stationid":25345,"stationname":"Garudappa Circle Thigalarapalya","from":"Summanahalli","to":"Chikka Banavara","routeno":"BC-8","distance_on_station":7.009,"centerlat":13.01568,"centerlong":77.48413,"responsecode":200,"isnotify":0,"vehicleDetails":[{"vehicleid":15335,"vehiclenumber":"KA53F0098","servicetypeid":72,"servicetype":"Non AC/Ordinary","centerlat":13.064163,"centerlong":77.504868,"eta":"","sch_arrivaltime":"14:43","sch_departuretime":"14:43","actual_arrivaltime":"14:45","actual_departuretime":"14:45","sch_tripstarttime":"14:25","sch_tripendtime":"14:25","lastlocationid":0,"currentlocationid":20678,"nextlocationid":0,"currentstop":null,"nextstop":null,"laststop":null,"stopCoveredStatus":1,"heading":328,"lastrefreshon":"09-03-2024 15:27:22","lastreceiveddatetimeflag":0,"tripposition":1}]},{"routeid":12976,"stationid":31425,"stationname":"Thigalarapalya","from":"Summanahalli","to":"Chikka Banavara","routeno":"BC-8","distance_on_station":7.179,"centerlat":13.01683,"centerlong":77.48306,"responsecode":200,"isnotify":0,"vehicleDetails":[{"vehicleid":15335,"vehiclenumber":"KA53F0098","servicetypeid":72,"servicetype":"Non AC/Ordinary","centerlat":13.064163,"centerlong":77.504868,"eta":"","sch_arrivaltime":"14:44","sch_departuretime":"14:44","actual_arrivaltime":"14:45","actual_departuretime":"14:46","sch_tripstarttime":"14:25","sch_tripendtime":"14:25","lastlocationid":0,"currentlocationid":20678,"nextlocationid":0,"currentstop":null,"nextstop":null,"laststop":null,"stopCoveredStatus":1,"heading":328,"lastrefreshon":"09-03-2024 15:27:22","lastreceiveddatetimeflag":0,"tripposition":1}]},{"routeid":12976,"stationid":30831,"stationname":"Kari Obanahalli","from":"Summanahalli","to":"Chikka Banavara","routeno":"BC-8","distance_on_station":8.216,"centerlat":13.02495,"centerlong":77.48656,"responsecode":200,"isnotify":0,"vehicleDetails":[{"vehicleid":15335,"vehiclenumber":"KA53F0098","servicetypeid":72,"servicetype":"Non AC/Ordinary","centerlat":13.064163,"centerlong":77.504868,"eta":"","sch_arrivaltime":"14:46","sch_departuretime":"14:46","actual_arrivaltime":"14:48","actual_departuretime":"14:48","sch_tripstarttime":"14:25","sch_tripendtime":"14:25","lastlocationid":0,"currentlocationid":20678,"nextlocationid":0,"currentstop":null,"nextstop":null,"laststop":null,"stopCoveredStatus":1,"heading":328,"lastrefreshon":"09-03-2024 15:27:22","lastreceiveddatetimeflag":0,"tripposition":1}]},{"routeid":12976,"stationid":26448,"stationname":"Siddartha School Cross","from":"Summanahalli","to":"Chikka Banavara","routeno":"BC-8","distance_on_station":8.505,"centerlat":13.02607,"centerlong":77.48893,"responsecode":200,"isnotify":0,"vehicleDetails":[{"vehicleid":15335,"vehiclenumber":"KA53F0098","servicetypeid":72,"servicetype":"Non AC/Ordinary","centerlat":13.064163,"centerlong":77.504868,"eta":"","sch_arrivaltime":"14:47","sch_departuretime":"14:47","actual_arrivaltime":"14:49","actual_departuretime":"14:49","sch_tripstarttime":"14:25","sch_tripendtime":"14:25","lastlocationid":0,"currentlocationid":20678,"nextlocationid":0,"currentstop":null,"nextstop":null,"laststop":null,"stopCoveredStatus":1,"heading":328,"lastrefreshon":"09-03-2024 15:27:22","lastreceiveddatetimeflag":0,"tripposition":1}]},{"routeid":12976,"stationid":33035,"stationname":"Indiranagara","from":"Summanahalli","to":"Chikka Banavara","routeno":"BC-8","distance_on_station":9.053,"centerlat":13.02772,"centerlong":77.4937,"responsecode":200,"isnotify":0,"vehicleDetails":[{"vehicleid":15335,"vehiclenumber":"KA53F0098","servicetypeid":72,"servicetype":"Non AC/Ordinary","centerlat":13.064163,"centerlong":77.504868,"eta":"","sch_arrivaltime":"14:48","sch_departuretime":"14:48","actual_arrivaltime":"14:50","actual_departuretime":"14:51","sch_tripstarttime":"14:25","sch_tripendtime":"14:25","lastlocationid":0,"currentlocationid":20678,"nextlocationid":0,"currentstop":null,"nextstop":null,"laststop":null,"stopCoveredStatus":1,"heading":328,"lastrefreshon":"09-03-2024 15:27:22","lastreceiveddatetimeflag":0,"tripposition":1}]},{"routeid":12976,"stationid":25303,"stationname":"Ganga International School","from":"Summanahalli","to":"Chikka Banavara","routeno":"BC-8","distance_on_station":9.342,"centerlat":13.02831,"centerlong":77.49627,"responsecode":200,"isnotify":0,"vehicleDetails":[{"vehicleid":15335,"vehiclenumber":"KA53F0098","servicetypeid":72,"servicetype":"Non AC/Ordinary","centerlat":13.064163,"centerlong":77.504868,"eta":"","sch_arrivaltime":"14:49","sch_departuretime":"14:49","actual_arrivaltime":"14:51","actual_departuretime":"14:52","sch_tripstarttime":"14:25","sch_tripendtime":"14:25","lastlocationid":0,"currentlocationid":20678,"nextlocationid":0,"currentstop":null,"nextstop":null,"laststop":null,"stopCoveredStatus":1,"heading":328,"lastrefreshon":"09-03-2024 15:27:22","lastreceiveddatetimeflag":0,"tripposition":1}]},{"routeid":12976,"stationid":32763,"stationname":"Gruhalakshmi Layout","from":"Summanahalli","to":"Chikka Banavara","routeno":"BC-8","distance_on_station":9.811,"centerlat":13.02992,"centerlong":77.50026,"responsecode":200,"isnotify":0,"vehicleDetails":[{"vehicleid":15335,"vehiclenumber":"KA53F0098","servicetypeid":72,"servicetype":"Non AC/Ordinary","centerlat":13.064163,"centerlong":77.504868,"eta":"","sch_arrivaltime":"14:50","sch_departuretime":"14:50","actual_arrivaltime":"14:52","actual_departuretime":"14:52","sch_tripstarttime":"14:25","sch_tripendtime":"14:25","lastlocationid":0,"currentlocationid":20678,"nextlocationid":0,"currentstop":null,"nextstop":null,"laststop":null,"stopCoveredStatus":1,"heading":328,"lastrefreshon":"09-03-2024 15:27:22","lastreceiveddatetimeflag":0,"tripposition":1}]},{"routeid":12976,"stationid":34132,"stationname":"Nelagadarenahalli","from":"Summanahalli","to":"Chikka Banavara","routeno":"BC-8","distance_on_station":10.2,"centerlat":13.03149,"centerlong":77.50346,"responsecode":200,"isnotify":0,"vehicleDetails":[{"vehicleid":15335,"vehiclenumber":"KA53F0098","servicetypeid":72,"servicetype":"Non AC/Ordinary","centerlat":13.064163,"centerlong":77.504868,"eta":"","sch_arrivaltime":"14:51","sch_departuretime":"14:51","actual_arrivaltime":"14:53","actual_departuretime":"14:54","sch_tripstarttime":"14:25","sch_tripendtime":"14:25","lastlocationid":0,"currentlocationid":20678,"nextlocationid":0,"currentstop":null,"nextstop":null,"laststop":null,"stopCoveredStatus":1,"heading":328,"lastrefreshon":"09-03-2024 15:27:22","lastreceiveddatetimeflag":0,"tripposition":1}]},{"routeid":12976,"stationid":25894,"stationname":"HMT Layout 8th Mile","from":"Summanahalli","to":"Chikka Banavara","routeno":"BC-8","distance_on_station":10.459,"centerlat":13.03364,"centerlong":77.50412,"responsecode":200,"isnotify":0,"vehicleDetails":[{"vehicleid":15335,"vehiclenumber":"KA53F0098","servicetypeid":72,"servicetype":"Non AC/Ordinary","centerlat":13.064163,"centerlong":77.504868,"eta":"","sch_arrivaltime":"14:52","sch_departuretime":"14:52","actual_arrivaltime":"14:54","actual_departuretime":"14:55","sch_tripstarttime":"14:25","sch_tripendtime":"14:25","lastlocationid":0,"currentlocationid":20678,"nextlocationid":0,"currentstop":null,"nextstop":null,"laststop":null,"stopCoveredStatus":1,"heading":328,"lastrefreshon":"09-03-2024 15:27:22","lastreceiveddatetimeflag":0,"tripposition":1}]},{"routeid":12976,"stationid":34052,"stationname":"Nagasandra Cross","from":"Summanahalli","to":"Chikka Banavara","routeno":"BC-8","distance_on_station":11.007,"centerlat":13.03849,"centerlong":77.50451,"responsecode":200,"isnotify":0,"vehicleDetails":[{"vehicleid":15335,"vehiclenumber":"KA53F0098","servicetypeid":72,"servicetype":"Non AC/Ordinary","centerlat":13.064163,"centerlong":77.504868,"eta":"","sch_arrivaltime":"14:53","sch_departuretime":"14:53","actual_arrivaltime":"14:56","actual_departuretime":"14:56","sch_tripstarttime":"14:25","sch_tripendtime":"14:25","lastlocationid":0,"currentlocationid":20678,"nextlocationid":0,"currentstop":null,"nextstop":null,"laststop":null,"stopCoveredStatus":1,"heading":328,"lastrefreshon":"09-03-2024 15:27:22","lastreceiveddatetimeflag":0,"tripposition":1}]},{"routeid":12976,"stationid":28076,"stationname":"Rukmini Nagara","from":"Summanahalli","to":"Chikka Banavara","routeno":"BC-8","distance_on_station":11.286,"centerlat":13.04099,"centerlong":77.50482,"responsecode":200,"isnotify":0,"vehicleDetails":[{"vehicleid":15335,"vehiclenumber":"KA53F0098","servicetypeid":72,"servicetype":"Non AC/Ordinary","centerlat":13.064163,"centerlong":77.504868,"eta":"","sch_arrivaltime":"14:54","sch_departuretime":"14:54","actual_arrivaltime":"","actual_departuretime":"","sch_tripstarttime":"14:25","sch_tripendtime":"14:25","lastlocationid":0,"currentlocationid":20678,"nextlocationid":0,"currentstop":null,"nextstop":null,"laststop":null,"stopCoveredStatus":1,"heading":328,"lastrefreshon":"09-03-2024 15:27:22","lastreceiveddatetimeflag":0,"tripposition":3}]},{"routeid":12976,"stationid":35572,"stationname":"8th Mile Dasarahalli","from":"Summanahalli","to":"Chikka Banavara","routeno":"BC-8","distance_on_station":11.785,"centerlat":13.04544,"centerlong":77.50547,"responsecode":200,"isnotify":0,"vehicleDetails":[{"vehicleid":15335,"vehiclenumber":"KA53F0098","servicetypeid":72,"servicetype":"Non AC/Ordinary","centerlat":13.064163,"centerlong":77.504868,"eta":"","sch_arrivaltime":"14:56","sch_departuretime":"14:56","actual_arrivaltime":"","actual_departuretime":"","sch_tripstarttime":"14:25","sch_tripendtime":"14:25","lastlocationid":0,"currentlocationid":20678,"nextlocationid":0,"currentstop":null,"nextstop":null,"laststop":null,"stopCoveredStatus":1,"heading":328,"lastrefreshon":"09-03-2024 15:27:22","lastreceiveddatetimeflag":0,"tripposition":3}]},{"routeid":12976,"stationid":20593,"stationname":"8th Mile Dasarahalli","from":"Summanahalli","to":"Chikka Banavara","routeno":"BC-8","distance_on_station":12.612,"centerlat":13.04622,"centerlong":77.50755,"responsecode":200,"isnotify":0,"vehicleDetails":[{"vehicleid":15335,"vehiclenumber":"KA53F0098","servicetypeid":72,"servicetype":"Non AC/Ordinary","centerlat":13.064163,"centerlong":77.504868,"eta":"","sch_arrivaltime":"14:58","sch_departuretime":"14:58","actual_arrivaltime":"15:20","actual_departuretime":"15:20","sch_tripstarttime":"14:25","sch_tripendtime":"14:25","lastlocationid":0,"currentlocationid":20678,"nextlocationid":0,"currentstop":null,"nextstop":null,"laststop":null,"stopCoveredStatus":1,"heading":328,"lastrefreshon":"09-03-2024 15:27:22","lastreceiveddatetimeflag":0,"tripposition":1}]},{"routeid":12976,"stationid":21278,"stationname":"Widia School","from":"Summanahalli","to":"Chikka Banavara","routeno":"BC-8","distance_on_station":13.171,"centerlat":13.0511,"centerlong":77.50773,"responsecode":200,"isnotify":0,"vehicleDetails":[{"vehicleid":15335,"vehiclenumber":"KA53F0098","servicetypeid":72,"servicetype":"Non AC/Ordinary","centerlat":13.064163,"centerlong":77.504868,"eta":"","sch_arrivaltime":"14:59","sch_departuretime":"14:59","actual_arrivaltime":"15:21","actual_departuretime":"15:21","sch_tripstarttime":"14:25","sch_tripendtime":"14:25","lastlocationid":0,"currentlocationid":20678,"nextlocationid":0,"currentstop":null,"nextstop":null,"laststop":null,"stopCoveredStatus":1,"heading":328,"lastrefreshon":"09-03-2024 15:27:22","lastreceiveddatetimeflag":0,"tripposition":1}]},{"routeid":12976,"stationid":20620,"stationname":"Bagalagunte","from":"Summanahalli","to":"Chikka Banavara","routeno":"BC-8","distance_on_station":13.779,"centerlat":13.05657,"centerlong":77.50728,"responsecode":200,"isnotify":0,"vehicleDetails":[{"vehicleid":15335,"vehiclenumber":"KA53F0098","servicetypeid":72,"servicetype":"Non AC/Ordinary","centerlat":13.064163,"centerlong":77.504868,"eta":"","sch_arrivaltime":"15:00","sch_departuretime":"15:00","actual_arrivaltime":"15:24","actual_departuretime":"15:24","sch_tripstarttime":"14:25","sch_tripendtime":"14:25","lastlocationid":0,"currentlocationid":20678,"nextlocationid":0,"currentstop":null,"nextstop":null,"laststop":null,"stopCoveredStatus":1,"heading":328,"lastrefreshon":"09-03-2024 15:27:22","lastreceiveddatetimeflag":0,"tripposition":1}]},{"routeid":12976,"stationid":20678,"stationname":"Bone Mill","from":"Summanahalli","to":"Chikka Banavara","routeno":"BC-8","distance_on_station":14.636,"centerlat":13.06385,"centerlong":77.50503,"responsecode":200,"isnotify":0,"vehicleDetails":[{"vehicleid":15335,"vehiclenumber":"KA53F0098","servicetypeid":72,"servicetype":"Non AC/Ordinary","centerlat":13.064163,"centerlong":77.504868,"eta":"2024-03-09 15:27:00","sch_arrivaltime":"15:02","sch_departuretime":"15:02","actual_arrivaltime":"15:26","actual_departuretime":"15:27","sch_tripstarttime":"14:25","sch_tripendtime":"14:25","lastlocationid":0,"currentlocationid":20678,"nextlocationid":0,"currentstop":null,"nextstop":null,"laststop":null,"stopCoveredStatus":1,"heading":328,"lastrefreshon":"09-03-2024 15:27:22","lastreceiveddatetimeflag":0,"tripposition":1}]},{"routeid":12976,"stationid":21154,"stationname":"Sapthagiri College","from":"Summanahalli","to":"Chikka Banavara","routeno":"BC-8","distance_on_station":15.025,"centerlat":13.06685,"centerlong":77.50328,"responsecode":200,"isnotify":0,"vehicleDetails":[{"vehicleid":15335,"vehiclenumber":"KA53F0098","servicetypeid":72,"servicetype":"Non AC/Ordinary","centerlat":13.064163,"centerlong":77.504868,"eta":"2024-03-09 15:28:00","sch_arrivaltime":"15:03","sch_departuretime":"15:03","actual_arrivaltime":"","actual_departuretime":"","sch_tripstarttime":"14:25","sch_tripendtime":"14:25","lastlocationid":0,"currentlocationid":20678,"nextlocationid":0,"currentstop":null,"nextstop":null,"laststop":null,"stopCoveredStatus":0,"heading":328,"lastrefreshon":"09-03-2024 15:27:22","lastreceiveddatetimeflag":0,"tripposition":3}]},{"routeid":12976,"stationid":21156,"stationname":"Sapthagiri Hospital","from":"Summanahalli","to":"Chikka Banavara","routeno":"BC-8","distance_on_station":15.454,"centerlat":13.07067,"centerlong":77.50382,"responsecode":200,"isnotify":0,"vehicleDetails":[{"vehicleid":15335,"vehiclenumber":"KA53F0098","servicetypeid":72,"servicetype":"Non AC/Ordinary","centerlat":13.064163,"centerlong":77.504868,"eta":"2024-03-09 15:29:00","sch_arrivaltime":"15:04","sch_departuretime":"15:04","actual_arrivaltime":"","actual_departuretime":"","sch_tripstarttime":"14:25","sch_tripendtime":"14:25","lastlocationid":0,"currentlocationid":20678,"nextlocationid":0,"currentstop":null,"nextstop":null,"laststop":null,"stopCoveredStatus":0,"heading":328,"lastrefreshon":"09-03-2024 15:27:22","lastreceiveddatetimeflag":0,"tripposition":3}]},{"routeid":12976,"stationid":20872,"stationname":"Janapriya Apartment","from":"Summanahalli","to":"Chikka Banavara","routeno":"BC-8","distance_on_station":15.783,"centerlat":13.07349,"centerlong":77.50307,"responsecode":200,"isnotify":0,"vehicleDetails":[{"vehicleid":15335,"vehiclenumber":"KA53F0098","servicetypeid":72,"servicetype":"Non AC/Ordinary","centerlat":13.064163,"centerlong":77.504868,"eta":"2024-03-09 15:30:00","sch_arrivaltime":"15:05","sch_departuretime":"15:05","actual_arrivaltime":"","actual_departuretime":"","sch_tripstarttime":"14:25","sch_tripendtime":"14:25","lastlocationid":0,"currentlocationid":20678,"nextlocationid":0,"currentstop":null,"nextstop":null,"laststop":null,"stopCoveredStatus":0,"heading":328,"lastrefreshon":"09-03-2024 15:27:22","lastreceiveddatetimeflag":0,"tripposition":3}]},{"routeid":12976,"stationid":21108,"stationname":"Chikkabanavara Railway Station","from":"Summanahalli","to":"Chikka Banavara","routeno":"BC-8","distance_on_station":16.082,"centerlat":13.07562,"centerlong":77.50465,"responsecode":200,"isnotify":0,"vehicleDetails":[{"vehicleid":15335,"vehiclenumber":"KA53F0098","servicetypeid":72,"servicetype":"Non AC/Ordinary","centerlat":13.064163,"centerlong":77.504868,"eta":"2024-03-09 15:31:00","sch_arrivaltime":"15:06","sch_departuretime":"15:06","actual_arrivaltime":"","actual_departuretime":"","sch_tripstarttime":"14:25","sch_tripendtime":"14:25","lastlocationid":0,"currentlocationid":20678,"nextlocationid":0,"currentstop":null,"nextstop":null,"laststop":null,"stopCoveredStatus":0,"heading":328,"lastrefreshon":"09-03-2024 15:27:22","lastreceiveddatetimeflag":0,"tripposition":3}]},{"routeid":12976,"stationid":20718,"stationname":"Chikka Banavara","from":"Summanahalli","to":"Chikka Banavara","routeno":"BC-8","distance_on_station":16.8,"centerlat":13.08053,"centerlong":77.50255,"responsecode":200,"isnotify":0,"vehicleDetails":[{"vehicleid":15335,"vehiclenumber":"KA53F0098","servicetypeid":72,"servicetype":"Non AC/Ordinary","centerlat":13.064163,"centerlong":77.504868,"eta":"2024-03-09 15:33:00","sch_arrivaltime":"15:07","sch_departuretime":"15:07","actual_arrivaltime":"","actual_departuretime":"","sch_tripstarttime":"14:25","sch_tripendtime":"14:25","lastlocationid":0,"currentlocationid":20678,"nextlocationid":0,"currentstop":null,"nextstop":null,"laststop":null,"stopCoveredStatus":0,"heading":328,"lastrefreshon":"09-03-2024 15:27:22","lastreceiveddatetimeflag":0,"tripposition":1}]}],"mapData":[{"vehicleid":15335,"vehiclenumber":"KA53F0098","servicetypeid":72,"servicetype":"Non AC/Ordinary","centerlat":13.064163,"centerlong":77.504868,"eta":"2024-03-09 15:33:00","sch_arrivaltime":"15:07","sch_departuretime":"15:07","actual_arrivaltime":"","actual_departuretime":"","sch_tripstarttime":"14:25","sch_tripendtime":"14:25","lastlocationid":0,"currentlocationid":20678,"nextlocationid":0,"currentstop":null,"nextstop":null,"laststop":null,"stopCoveredStatus":0,"heading":328,"lastrefreshon":"09-03-2024 15:27:22","lastreceiveddatetimeflag":0,"tripposition":1}]},"message":"Success","issuccess":true,"exception":null,"rowCount":0,"responsecode":200}