{"up":{"data":[{"routeid":8443,"stationid":20823,"stationname":"Hebbala Bridge","from":"Hebbala Bridge","to":"Hebbala Bridge","routeno":"CHAKRA-15A","distance_on_station":0,"centerlat":13.04259,"centerlong":77.5925,"responsecode":200,"isnotify":0,"vehicleDetails":[{"vehicleid":22535,"vehiclenumber":"KA01F9491","servicetypeid":72,"servicetype":"Non AC/Ordinary","centerlat":13.104428,"centerlong":77.606979,"eta":"","sch_arrivaltime":"13:55","sch_departuretime":"13:55","actual_arrivaltime":"13:06","actual_departuretime":"13:07","sch_tripstarttime":"13:55","sch_tripendtime":"13:55","lastlocationid":0,"currentlocationid":22267,"nextlocationid":0,"currentstop":null,"nextstop":null,"laststop":null,"stopCoveredStatus":1,"heading":265,"lastrefreshon":"09-03-2024 13:46:33","lastreceiveddatetimeflag":0,"tripposition":1}]},{"routeid":8443,"stationid":20919,"stationname":"Kempapura","from":"Hebbala Bridge","to":"Hebbala Bridge","routeno":"CHAKRA-15A","distance_on_station":1.122,"centerlat":13.04379,"centerlong":77.6005,"responsecode":200,"isnotify":0,"vehicleDetails":[{"vehicleid":22535,"vehiclenumber":"KA01F9491","servicetypeid":72,"servicetype":"Non AC/Ordinary","centerlat":13.104428,"centerlong":77.606979,"eta":"","sch_arrivaltime":"13:57","sch_departuretime":"13:57","actual_arrivaltime":"13:09","actual_departuretime":"13:09","sch_tripstarttime":"13:55","sch_tripendtime":"13:55","lastlocationid":0,"currentlocationid":22267,"nextlocationid":0,"currentstop":null,"nextstop":null,"laststop":null,"stopCoveredStatus":1,"heading":265,"lastrefreshon":"09-03-2024 13:46:33","lastreceiveddatetimeflag":0,"tripposition":1}]},{"routeid":8443,"stationid":22593,"stationname":"Veerannapalya","from":"Hebbala Bridge","to":"Hebbala Bridge","routeno":"CHAKRA-15A","distance_on_station":2.806,"centerlat":13.04231,"centerlong":77.61382,"responsecode":200,"isnotify":0,"vehicleDetails":[{"vehicleid":22535,"vehiclenumber":"KA01F9491","servicetypeid":72,"servicetype":"Non AC/Ordinary","centerlat":13.104428,"centerlong":77.606979,"eta":"","sch_arrivaltime":"14:01","sch_departuretime":"14:01","actual_arrivaltime":"","actual_departuretime":"","sch_tripstarttime":"13:55","sch_tripendtime":"13:55","lastlocationid":0,"currentlocationid":22267,"nextlocationid":0,"currentstop":null,"nextstop":null,"laststop":null,"stopCoveredStatus":0,"heading":265,"lastrefreshon":"09-03-2024 13:46:33","lastreceiveddatetimeflag":0,"tripposition":3}]},{"routeid":8443,"stationid":20998,"stationname":"Manyatha Tech Park","from":"Hebbala Bridge","to":"Hebbala Bridge","routeno":"CHAKRA-15A","distance_on_station":3.734,"centerlat":13.0412,"centerlong":77.62095,"responsecode":200,"isnotify":0,"vehicleDetails":[{"vehicleid":22535,"vehiclenumber":"KA01F9491","servicetypeid":72,"servicetype":"Non AC/Ordinary","centerlat":13.104428,"centerlong":77.606979,"eta":"","sch_arrivaltime":"14:03","sch_departuretime":"14:03","actual_arrivaltime":"","actual_departuretime":"","sch_tripstarttime":"13:55","sch_tripendtime":"13:55","lastlocationid":0,"currentlocationid":22267,"nextlocationid":0,"currentstop":null,"nextstop":null,"laststop":null,"stopCoveredStatus":0,"heading":265,"lastrefreshon":"09-03-2024 13:46:33","lastreceiveddatetimeflag":0,"tripposition":3}]},{"routeid":8443,"stationid":36305,"stationname":"Nagawara Junction","from":"Hebbala Bridge","to":"Hebbala Bridge","routeno":"CHAKRA-15A","distance_on_station":4.215,"centerlat":13.04054,"centerlong":77.62435,"responsecode":200,"isnotify":0,"vehicleDetails":[{"vehicleid":22535,"vehiclenumber":"KA01F9491","servicetypeid":72,"servicetype":"Non AC/Ordinary","centerlat":13.104428,"centerlong":77.606979,"eta":"","sch_arrivaltime":"14:04","sch_departuretime":"14:04","actual_arrivaltime":"","actual_departuretime":"","sch_tripstarttime":"13:55","sch_tripendtime":"13:55","lastlocationid":0,"currentlocationid":22267,"nextlocationid":0,"currentstop":null,"nextstop":null,"laststop":null,"stopCoveredStatus":0,"heading":265,"lastrefreshon":"09-03-2024 13:46:33","lastreceiveddatetimeflag":0,"tripposition":3}]},{"routeid":8443,"stationid":22383,"stationname":"Nagavara Junction Petrol Bunk","from":"Hebbala Bridge","to":"Hebbala Bridge","routeno":"CHAKRA-15A","distance_on_station":4.387,"centerlat":13.04192,"centerlong":77.6248,"responsecode":200,"isnotify":0,"vehicleDetails":[{"vehicleid":22535,"vehiclenumber":"KA01F9491","servicetypeid":72,"servicetype":"Non AC/Ordinary","centerlat":13.104428,"centerlong":77.606979,"eta":"","sch_arrivaltime":"14:05","sch_departuretime":"14:05","actual_arrivaltime":"","actual_departuretime":"","sch_tripstarttime":"13:55","sch_tripendtime":"13:55","lastlocationid":0,"currentlocationid":22267,"nextlocationid":0,"currentstop":null,"nextstop":null,"laststop":null,"stopCoveredStatus":0,"heading":265,"lastrefreshon":"09-03-2024 13:46:33","lastreceiveddatetimeflag":0,"tripposition":3}]},{"routeid":8443,"stationid":22600,"stationname":"Vidyasagara","from":"Hebbala Bridge","to":"Hebbala Bridge","routeno":"CHAKRA-15A","distance_on_station":4.971,"centerlat":13.04564,"centerlong":77.62743,"responsecode":200,"isnotify":0,"vehicleDetails":[{"vehicleid":22535,"vehiclenumber":"KA01F9491","servicetypeid":72,"servicetype":"Non AC/Ordinary","centerlat":13.104428,"centerlong":77.606979,"eta":"","sch_arrivaltime":"14:06","sch_departuretime":"14:06","actual_arrivaltime":"","actual_departuretime":"","sch_tripstarttime":"13:55","sch_tripendtime":"13:55","lastlocationid":0,"currentlocationid":22267,"nextlocationid":0,"currentstop":null,"nextstop":null,"laststop":null,"stopCoveredStatus":0,"heading":265,"lastrefreshon":"09-03-2024 13:46:33","lastreceiveddatetimeflag":0,"tripposition":3}]},{"routeid":8443,"stationid":22461,"stationname":"Sarayipalya","from":"Hebbala Bridge","to":"Hebbala Bridge","routeno":"CHAKRA-15A","distance_on_station":5.246,"centerlat":13.04746,"centerlong":77.62858,"responsecode":200,"isnotify":0,"vehicleDetails":[{"vehicleid":22535,"vehiclenumber":"KA01F9491","servicetypeid":72,"servicetype":"Non AC/Ordinary","centerlat":13.104428,"centerlong":77.606979,"eta":"","sch_arrivaltime":"14:07","sch_departuretime":"14:07","actual_arrivaltime":"","actual_departuretime":"","sch_tripstarttime":"13:55","sch_tripendtime":"13:55","lastlocationid":0,"currentlocationid":22267,"nextlocationid":0,"currentstop":null,"nextstop":null,"laststop":null,"stopCoveredStatus":0,"heading":265,"lastrefreshon":"09-03-2024 13:46:33","lastreceiveddatetimeflag":0,"tripposition":3}]},{"routeid":8443,"stationid":21667,"stationname":"Ashwath Nagara","from":"Hebbala Bridge","to":"Hebbala Bridge","routeno":"CHAKRA-15A","distance_on_station":5.99,"centerlat":13.05274,"centerlong":77.63125,"responsecode":200,"isnotify":0,"vehicleDetails":[{"vehicleid":22535,"vehiclenumber":"KA01F9491","servicetypeid":72,"servicetype":"Non AC/Ordinary","centerlat":13.104428,"centerlong":77.606979,"eta":"","sch_arrivaltime":"14:09","sch_departuretime":"14:09","actual_arrivaltime":"","actual_departuretime":"","sch_tripstarttime":"13:55","sch_tripendtime":"13:55","lastlocationid":0,"currentlocationid":22267,"nextlocationid":0,"currentstop":null,"nextstop":null,"laststop":null,"stopCoveredStatus":0,"heading":265,"lastrefreshon":"09-03-2024 13:46:33","lastreceiveddatetimeflag":0,"tripposition":3}]},{"routeid":8443,"stationid":22540,"stationname":"Thanisandra","from":"Hebbala Bridge","to":"Hebbala Bridge","routeno":"CHAKRA-15A","distance_on_station":6.483,"centerlat":13.05611,"centerlong":77.63281,"responsecode":200,"isnotify":0,"vehicleDetails":[{"vehicleid":22535,"vehiclenumber":"KA01F9491","servicetypeid":72,"servicetype":"Non AC/Ordinary","centerlat":13.104428,"centerlong":77.606979,"eta":"","sch_arrivaltime":"14:11","sch_departuretime":"14:11","actual_arrivaltime":"","actual_departuretime":"","sch_tripstarttime":"13:55","sch_tripendtime":"13:55","lastlocationid":0,"currentlocationid":22267,"nextlocationid":0,"currentstop":null,"nextstop":null,"laststop":null,"stopCoveredStatus":0,"heading":265,"lastrefreshon":"09-03-2024 13:46:33","lastreceiveddatetimeflag":0,"tripposition":3}]},{"routeid":8443,"stationid":21777,"stationname":"Book Factory Thanisandra","from":"Hebbala Bridge","to":"Hebbala Bridge","routeno":"CHAKRA-15A","distance_on_station":7.193,"centerlat":13.06161,"centerlong":77.63322,"responsecode":200,"isnotify":0,"vehicleDetails":[{"vehicleid":22535,"vehiclenumber":"KA01F9491","servicetypeid":72,"servicetype":"Non AC/Ordinary","centerlat":13.104428,"centerlong":77.606979,"eta":"","sch_arrivaltime":"14:12","sch_departuretime":"14:12","actual_arrivaltime":"","actual_departuretime":"","sch_tripstarttime":"13:55","sch_tripendtime":"13:55","lastlocationid":0,"currentlocationid":22267,"nextlocationid":0,"currentstop":null,"nextstop":null,"laststop":null,"stopCoveredStatus":0,"heading":265,"lastrefreshon":"09-03-2024 13:46:33","lastreceiveddatetimeflag":0,"tripposition":3}]},{"routeid":8443,"stationid":22125,"stationname":"K Narayanapura Cross","from":"Hebbala Bridge","to":"Hebbala Bridge","routeno":"CHAKRA-15A","distance_on_station":8.052,"centerlat":13.06824,"centerlong":77.63353,"responsecode":200,"isnotify":0,"vehicleDetails":[{"vehicleid":22535,"vehiclenumber":"KA01F9491","servicetypeid":72,"servicetype":"Non AC/Ordinary","centerlat":13.104428,"centerlong":77.606979,"eta":"","sch_arrivaltime":"14:13","sch_departuretime":"14:13","actual_arrivaltime":"","actual_departuretime":"","sch_tripstarttime":"13:55","sch_tripendtime":"13:55","lastlocationid":0,"currentlocationid":22267,"nextlocationid":0,"currentstop":null,"nextstop":null,"laststop":null,"stopCoveredStatus":0,"heading":265,"lastrefreshon":"09-03-2024 13:46:33","lastreceiveddatetimeflag":0,"tripposition":3}]},{"routeid":8443,"stationid":22429,"stationname":"RK Hegde Nagara","from":"Hebbala Bridge","to":"Hebbala Bridge","routeno":"CHAKRA-15A","distance_on_station":8.453,"centerlat":13.0714,"centerlong":77.63359,"responsecode":200,"isnotify":0,"vehicleDetails":[{"vehicleid":22535,"vehiclenumber":"KA01F9491","servicetypeid":72,"servicetype":"Non AC/Ordinary","centerlat":13.104428,"centerlong":77.606979,"eta":"","sch_arrivaltime":"14:14","sch_departuretime":"14:14","actual_arrivaltime":"","actual_departuretime":"","sch_tripstarttime":"13:55","sch_tripendtime":"13:55","lastlocationid":0,"currentlocationid":22267,"nextlocationid":0,"currentstop":null,"nextstop":null,"laststop":null,"stopCoveredStatus":0,"heading":265,"lastrefreshon":"09-03-2024 13:46:33","lastreceiveddatetimeflag":0,"tripposition":3}]},{"routeid":8443,"stationid":22187,"stationname":"Koli Farm","from":"Hebbala Bridge","to":"Hebbala Bridge","routeno":"CHAKRA-15A","distance_on_station":8.785,"centerlat":13.07394,"centerlong":77.63362,"responsecode":200,"isnotify":0,"vehicleDetails":[{"vehicleid":22535,"vehiclenumber":"KA01F9491","servicetypeid":72,"servicetype":"Non AC/Ordinary","centerlat":13.104428,"centerlong":77.606979,"eta":"","sch_arrivaltime":"14:15","sch_departuretime":"14:15","actual_arrivaltime":"","actual_departuretime":"","sch_tripstarttime":"13:55","sch_tripendtime":"13:55","lastlocationid":0,"currentlocationid":22267,"nextlocationid":0,"currentstop":null,"nextstop":null,"laststop":null,"stopCoveredStatus":0,"heading":265,"lastrefreshon":"09-03-2024 13:46:33","lastreceiveddatetimeflag":0,"tripposition":3}]},{"routeid":8443,"stationid":22366,"stationname":"Noor Nagara","from":"Hebbala Bridge","to":"Hebbala Bridge","routeno":"CHAKRA-15A","distance_on_station":9.564,"centerlat":13.08,"centerlong":77.63398,"responsecode":200,"isnotify":0,"vehicleDetails":[{"vehicleid":22535,"vehiclenumber":"KA01F9491","servicetypeid":72,"servicetype":"Non AC/Ordinary","centerlat":13.104428,"centerlong":77.606979,"eta":"","sch_arrivaltime":"14:16","sch_departuretime":"14:16","actual_arrivaltime":"","actual_departuretime":"","sch_tripstarttime":"13:55","sch_tripendtime":"13:55","lastlocationid":0,"currentlocationid":22267,"nextlocationid":0,"currentstop":null,"nextstop":null,"laststop":null,"stopCoveredStatus":0,"heading":265,"lastrefreshon":"09-03-2024 13:46:33","lastreceiveddatetimeflag":0,"tripposition":3}]},{"routeid":8443,"stationid":21847,"stationname":"Chokkanahalli Gate","from":"Hebbala Bridge","to":"Hebbala Bridge","routeno":"CHAKRA-15A","distance_on_station":10.171,"centerlat":13.08471,"centerlong":77.63473,"responsecode":200,"isnotify":0,"vehicleDetails":[{"vehicleid":22535,"vehiclenumber":"KA01F9491","servicetypeid":72,"servicetype":"Non AC/Ordinary","centerlat":13.104428,"centerlong":77.606979,"eta":"","sch_arrivaltime":"14:17","sch_departuretime":"14:17","actual_arrivaltime":"","actual_departuretime":"","sch_tripstarttime":"13:55","sch_tripendtime":"13:55","lastlocationid":0,"currentlocationid":22267,"nextlocationid":0,"currentstop":null,"nextstop":null,"laststop":null,"stopCoveredStatus":0,"heading":265,"lastrefreshon":"09-03-2024 13:46:33","lastreceiveddatetimeflag":0,"tripposition":3}]},{"routeid":8443,"stationid":22556,"stationname":"Thirumenahalli Cross (KNS College)","from":"Hebbala Bridge","to":"Hebbala Bridge","routeno":"CHAKRA-15A","distance_on_station":10.664,"centerlat":13.08853,"centerlong":77.63531,"responsecode":200,"isnotify":0,"vehicleDetails":[{"vehicleid":22535,"vehiclenumber":"KA01F9491","servicetypeid":72,"servicetype":"Non AC/Ordinary","centerlat":13.104428,"centerlong":77.606979,"eta":"","sch_arrivaltime":"14:18","sch_departuretime":"14:18","actual_arrivaltime":"","actual_departuretime":"","sch_tripstarttime":"13:55","sch_tripendtime":"13:55","lastlocationid":0,"currentlocationid":22267,"nextlocationid":0,"currentstop":null,"nextstop":null,"laststop":null,"stopCoveredStatus":0,"heading":265,"lastrefreshon":"09-03-2024 13:46:33","lastreceiveddatetimeflag":0,"tripposition":3}]},{"routeid":8443,"stationid":27778,"stationname":"Purvankara Northern Destiny Bellahalli","from":"Hebbala Bridge","to":"Hebbala Bridge","routeno":"CHAKRA-15A","distance_on_station":11.591,"centerlat":13.09583,"centerlong":77.63587,"responsecode":200,"isnotify":0,"vehicleDetails":[{"vehicleid":22535,"vehiclenumber":"KA01F9491","servicetypeid":72,"servicetype":"Non AC/Ordinary","centerlat":13.104428,"centerlong":77.606979,"eta":"","sch_arrivaltime":"14:19","sch_departuretime":"14:19","actual_arrivaltime":"","actual_departuretime":"","sch_tripstarttime":"13:55","sch_tripendtime":"13:55","lastlocationid":0,"currentlocationid":22267,"nextlocationid":0,"currentstop":null,"nextstop":null,"laststop":null,"stopCoveredStatus":0,"heading":265,"lastrefreshon":"09-03-2024 13:46:33","lastreceiveddatetimeflag":0,"tripposition":3}]},{"routeid":8443,"stationid":21739,"stationname":"Bellahalli Cross","from":"Hebbala Bridge","to":"Hebbala Bridge","routeno":"CHAKRA-15A","distance_on_station":12.302,"centerlat":13.10124,"centerlong":77.63492,"responsecode":200,"isnotify":0,"vehicleDetails":[{"vehicleid":22535,"vehiclenumber":"KA01F9491","servicetypeid":72,"servicetype":"Non AC/Ordinary","centerlat":13.104428,"centerlong":77.606979,"eta":"","sch_arrivaltime":"14:20","sch_departuretime":"14:20","actual_arrivaltime":"","actual_departuretime":"","sch_tripstarttime":"13:55","sch_tripendtime":"13:55","lastlocationid":0,"currentlocationid":22267,"nextlocationid":0,"currentstop":null,"nextstop":null,"laststop":null,"stopCoveredStatus":0,"heading":265,"lastrefreshon":"09-03-2024 13:46:33","lastreceiveddatetimeflag":0,"tripposition":3}]},{"routeid":8443,"stationid":22088,"stationname":"Ittige Factory","from":"Hebbala Bridge","to":"Hebbala Bridge","routeno":"CHAKRA-15A","distance_on_station":13.069,"centerlat":13.10247,"centerlong":77.62907,"responsecode":200,"isnotify":0,"vehicleDetails":[{"vehicleid":22535,"vehiclenumber":"KA01F9491","servicetypeid":72,"servicetype":"Non AC/Ordinary","centerlat":13.104428,"centerlong":77.606979,"eta":"","sch_arrivaltime":"14:21","sch_departuretime":"14:21","actual_arrivaltime":"","actual_departuretime":"","sch_tripstarttime":"13:55","sch_tripendtime":"13:55","lastlocationid":0,"currentlocationid":22267,"nextlocationid":0,"currentstop":null,"nextstop":null,"laststop":null,"stopCoveredStatus":0,"heading":265,"lastrefreshon":"09-03-2024 13:46:33","lastreceiveddatetimeflag":0,"tripposition":3}]},{"routeid":8443,"stationid":22514,"stationname":"Srinivasapura Kogilu","from":"Hebbala Bridge","to":"Hebbala Bridge","routeno":"CHAKRA-15A","distance_on_station":13.768,"centerlat":13.10335,"centerlong":77.62358,"responsecode":200,"isnotify":0,"vehicleDetails":[{"vehicleid":22535,"vehiclenumber":"KA01F9491","servicetypeid":72,"servicetype":"Non AC/Ordinary","centerlat":13.104428,"centerlong":77.606979,"eta":"","sch_arrivaltime":"14:22","sch_departuretime":"14:22","actual_arrivaltime":"","actual_departuretime":"","sch_tripstarttime":"13:55","sch_tripendtime":"13:55","lastlocationid":0,"currentlocationid":22267,"nextlocationid":0,"currentstop":null,"nextstop":null,"laststop":null,"stopCoveredStatus":0,"heading":265,"lastrefreshon":"09-03-2024 13:46:33","lastreceiveddatetimeflag":0,"tripposition":3}]},{"routeid":8443,"stationid":22182,"stationname":"Kogilu","from":"Hebbala Bridge","to":"Hebbala Bridge","routeno":"CHAKRA-15A","distance_on_station":14.776,"centerlat":13.10363,"centerlong":77.61592,"responsecode":200,"isnotify":0,"vehicleDetails":[{"vehicleid":22535,"vehiclenumber":"KA01F9491","servicetypeid":72,"servicetype":"Non AC/Ordinary","centerlat":13.104428,"centerlong":77.606979,"eta":"","sch_arrivaltime":"14:24","sch_departuretime":"14:24","actual_arrivaltime":"","actual_departuretime":"","sch_tripstarttime":"13:55","sch_tripendtime":"13:55","lastlocationid":0,"currentlocationid":22267,"nextlocationid":0,"currentstop":null,"nextstop":null,"laststop":null,"stopCoveredStatus":0,"heading":265,"lastrefreshon":"09-03-2024 13:46:33","lastreceiveddatetimeflag":0,"tripposition":3}]},{"routeid":8443,"stationid":22458,"stationname":"Sapthagiri Layout","from":"Hebbala Bridge","to":"Hebbala Bridge","routeno":"CHAKRA-15A","distance_on_station":15.451,"centerlat":13.1045,"centerlong":77.6106,"responsecode":200,"isnotify":0,"vehicleDetails":[{"vehicleid":22535,"vehiclenumber":"KA01F9491","servicetypeid":72,"servicetype":"Non AC/Ordinary","centerlat":13.104428,"centerlong":77.606979,"eta":"","sch_arrivaltime":"14:25","sch_departuretime":"14:25","actual_arrivaltime":"","actual_departuretime":"","sch_tripstarttime":"13:55","sch_tripendtime":"13:55","lastlocationid":0,"currentlocationid":22267,"nextlocationid":0,"currentstop":null,"nextstop":null,"laststop":null,"stopCoveredStatus":0,"heading":265,"lastrefreshon":"09-03-2024 13:46:33","lastreceiveddatetimeflag":0,"tripposition":3}]},{"routeid":8443,"stationid":22267,"stationname":"Maruthi Nagara","from":"Hebbala Bridge","to":"Hebbala Bridge","routeno":"CHAKRA-15A","distance_on_station":15.955,"centerlat":13.10437,"centerlong":77.60657,"responsecode":200,"isnotify":0,"vehicleDetails":[{"vehicleid":22535,"vehiclenumber":"KA01F9491","servicetypeid":72,"servicetype":"Non AC/Ordinary","centerlat":13.104428,"centerlong":77.606979,"eta":"","sch_arrivaltime":"14:26","sch_departuretime":"14:26","actual_arrivaltime":"","actual_departuretime":"","sch_tripstarttime":"13:55","sch_tripendtime":"13:55","lastlocationid":0,"currentlocationid":22267,"nextlocationid":0,"currentstop":null,"nextstop":null,"laststop":null,"stopCoveredStatus":0,"heading":265,"lastrefreshon":"09-03-2024 13:46:33","lastreceiveddatetimeflag":0,"tripposition":3}]},{"routeid":8443,"stationid":22185,"stationname":"Kogilu Cross","from":"Hebbala Bridge","to":"Hebbala Bridge","routeno":"CHAKRA-15A","distance_on_station":16.643,"centerlat":13.10358,"centerlong":77.60107,"responsecode":200,"isnotify":0,"vehicleDetails":[{"vehicleid":22535,"vehiclenumber":"KA01F9491","servicetypeid":72,"servicetype":"Non AC/Ordinary","centerlat":13.104428,"centerlong":77.606979,"eta":"","sch_arrivaltime":"14:28","sch_departuretime":"14:28","actual_arrivaltime":"","actual_departuretime":"","sch_tripstarttime":"13:55","sch_tripendtime":"13:55","lastlocationid":0,"currentlocationid":22267,"nextlocationid":0,"currentstop":null,"nextstop":null,"laststop":null,"stopCoveredStatus":0,"heading":265,"lastrefreshon":"09-03-2024 13:46:33","lastreceiveddatetimeflag":0,"tripposition":3}]},{"routeid":8443,"stationid":22645,"stationname":"Yelahanka Santhe Circle","from":"Hebbala Bridge","to":"Hebbala Bridge","routeno":"CHAKRA-15A","distance_on_station":17.513,"centerlat":13.09852,"centerlong":77.59698,"responsecode":200,"isnotify":0,"vehicleDetails":[{"vehicleid":22535,"vehiclenumber":"KA01F9491","servicetypeid":72,"servicetype":"Non AC/Ordinary","centerlat":13.104428,"centerlong":77.606979,"eta":"","sch_arrivaltime":"14:31","sch_departuretime":"14:31","actual_arrivaltime":"","actual_departuretime":"","sch_tripstarttime":"13:55","sch_tripendtime":"13:55","lastlocationid":0,"currentlocationid":22267,"nextlocationid":0,"currentstop":null,"nextstop":null,"laststop":null,"stopCoveredStatus":0,"heading":265,"lastrefreshon":"09-03-2024 13:46:33","lastreceiveddatetimeflag":0,"tripposition":3}]},{"routeid":8443,"stationid":22356,"stationname":"NES Office","from":"Hebbala Bridge","to":"Hebbala Bridge","routeno":"CHAKRA-15A","distance_on_station":18.51,"centerlat":13.09766,"centerlong":77.59166,"responsecode":200,"isnotify":0,"vehicleDetails":[{"vehicleid":22535,"vehiclenumber":"KA01F9491","servicetypeid":72,"servicetype":"Non AC/Ordinary","centerlat":13.104428,"centerlong":77.606979,"eta":"","sch_arrivaltime":"14:34","sch_departuretime":"14:34","actual_arrivaltime":"","actual_departuretime":"","sch_tripstarttime":"13:55","sch_tripendtime":"13:55","lastlocationid":0,"currentlocationid":22267,"nextlocationid":0,"currentstop":null,"nextstop":null,"laststop":null,"stopCoveredStatus":0,"heading":265,"lastrefreshon":"09-03-2024 13:46:33","lastreceiveddatetimeflag":0,"tripposition":3}]},{"routeid":8443,"stationid":22481,"stationname":"Sheshadripuram College","from":"Hebbala Bridge","to":"Hebbala Bridge","routeno":"CHAKRA-15A","distance_on_station":19.059,"centerlat":13.09951,"centerlong":77.58834,"responsecode":200,"isnotify":0,"vehicleDetails":[{"vehicleid":22535,"vehiclenumber":"KA01F9491","servicetypeid":72,"servicetype":"Non AC/Ordinary","centerlat":13.104428,"centerlong":77.606979,"eta":"","sch_arrivaltime":"14:35","sch_departuretime":"14:35","actual_arrivaltime":"","actual_departuretime":"","sch_tripstarttime":"13:55","sch_tripendtime":"13:55","lastlocationid":0,"currentlocationid":22267,"nextlocationid":0,"currentstop":null,"nextstop":null,"laststop":null,"stopCoveredStatus":0,"heading":265,"lastrefreshon":"09-03-2024 13:46:33","lastreceiveddatetimeflag":0,"tripposition":3}]},{"routeid":8443,"stationid":22475,"stationname":"Sharavathi Hotel","from":"Hebbala Bridge","to":"Hebbala Bridge","routeno":"CHAKRA-15A","distance_on_station":19.667,"centerlat":13.09798,"centerlong":77.58442,"responsecode":200,"isnotify":0,"vehicleDetails":[{"vehicleid":22535,"vehiclenumber":"KA01F9491","servicetypeid":72,"servicetype":"Non AC/Ordinary","centerlat":13.104428,"centerlong":77.606979,"eta":"","sch_arrivaltime":"14:36","sch_departuretime":"14:36","actual_arrivaltime":"","actual_departuretime":"","sch_tripstarttime":"13:55","sch_tripendtime":"13:55","lastlocationid":0,"currentlocationid":22267,"nextlocationid":0,"currentstop":null,"nextstop":null,"laststop":null,"stopCoveredStatus":0,"heading":265,"lastrefreshon":"09-03-2024 13:46:33","lastreceiveddatetimeflag":0,"tripposition":3}]},{"routeid":8443,"stationid":21834,"stationname":"Chikka Bommasandra Cross","from":"Hebbala Bridge","to":"Hebbala Bridge","routeno":"CHAKRA-15A","distance_on_station":20.285,"centerlat":13.09352,"centerlong":77.58241,"responsecode":200,"isnotify":0,"vehicleDetails":[{"vehicleid":22535,"vehiclenumber":"KA01F9491","servicetypeid":72,"servicetype":"Non AC/Ordinary","centerlat":13.104428,"centerlong":77.606979,"eta":"","sch_arrivaltime":"14:37","sch_departuretime":"14:37","actual_arrivaltime":"","actual_departuretime":"","sch_tripstarttime":"13:55","sch_tripendtime":"13:55","lastlocationid":0,"currentlocationid":22267,"nextlocationid":0,"currentstop":null,"nextstop":null,"laststop":null,"stopCoveredStatus":0,"heading":265,"lastrefreshon":"09-03-2024 13:46:33","lastreceiveddatetimeflag":0,"tripposition":3}]},{"routeid":8443,"stationid":22646,"stationname":"Yalahanka Satellite Town","from":"Hebbala Bridge","to":"Hebbala Bridge","routeno":"CHAKRA-15A","distance_on_station":20.789,"centerlat":13.0958,"centerlong":77.57921,"responsecode":200,"isnotify":0,"vehicleDetails":[{"vehicleid":22535,"vehiclenumber":"KA01F9491","servicetypeid":72,"servicetype":"Non AC/Ordinary","centerlat":13.104428,"centerlong":77.606979,"eta":"","sch_arrivaltime":"14:39","sch_departuretime":"14:39","actual_arrivaltime":"","actual_departuretime":"","sch_tripstarttime":"13:55","sch_tripendtime":"13:55","lastlocationid":0,"currentlocationid":22267,"nextlocationid":0,"currentstop":null,"nextstop":null,"laststop":null,"stopCoveredStatus":0,"heading":265,"lastrefreshon":"09-03-2024 13:46:33","lastreceiveddatetimeflag":0,"tripposition":3}]},{"routeid":8443,"stationid":22299,"stationname":"Mother Dairy Cross Yalahanka","from":"Hebbala Bridge","to":"Hebbala Bridge","routeno":"CHAKRA-15A","distance_on_station":21.316,"centerlat":13.09933,"centerlong":77.57719,"responsecode":200,"isnotify":0,"vehicleDetails":[{"vehicleid":22535,"vehiclenumber":"KA01F9491","servicetypeid":72,"servicetype":"Non AC/Ordinary","centerlat":13.104428,"centerlong":77.606979,"eta":"","sch_arrivaltime":"14:40","sch_departuretime":"14:40","actual_arrivaltime":"","actual_departuretime":"","sch_tripstarttime":"13:55","sch_tripendtime":"13:55","lastlocationid":0,"currentlocationid":22267,"nextlocationid":0,"currentstop":null,"nextstop":null,"laststop":null,"stopCoveredStatus":0,"heading":265,"lastrefreshon":"09-03-2024 13:46:33","lastreceiveddatetimeflag":0,"tripposition":3}]},{"routeid":8443,"stationid":33952,"stationname":"Mother Dairy Yalahanka","from":"Hebbala Bridge","to":"Hebbala Bridge","routeno":"CHAKRA-15A","distance_on_station":21.614,"centerlat":13.09877,"centerlong":77.57479,"responsecode":200,"isnotify":0,"vehicleDetails":[{"vehicleid":22535,"vehiclenumber":"KA01F9491","servicetypeid":72,"servicetype":"Non AC/Ordinary","centerlat":13.104428,"centerlong":77.606979,"eta":"","sch_arrivaltime":"14:41","sch_departuretime":"14:41","actual_arrivaltime":"","actual_departuretime":"","sch_tripstarttime":"13:55","sch_tripendtime":"13:55","lastlocationid":0,"currentlocationid":22267,"nextlocationid":0,"currentstop":null,"nextstop":null,"laststop":null,"stopCoveredStatus":0,"heading":265,"lastrefreshon":"09-03-2024 13:46:33","lastreceiveddatetimeflag":0,"tripposition":3}]},{"routeid":8443,"stationid":21675,"stationname":"Atturu Layout","from":"Hebbala Bridge","to":"Hebbala Bridge","routeno":"CHAKRA-15A","distance_on_station":22.519,"centerlat":13.09778,"centerlong":77.56763,"responsecode":200,"isnotify":0,"vehicleDetails":[{"vehicleid":22535,"vehiclenumber":"KA01F9491","servicetypeid":72,"servicetype":"Non AC/Ordinary","centerlat":13.104428,"centerlong":77.606979,"eta":"","sch_arrivaltime":"14:42","sch_departuretime":"14:42","actual_arrivaltime":"","actual_departuretime":"","sch_tripstarttime":"13:55","sch_tripendtime":"13:55","lastlocationid":0,"currentlocationid":22267,"nextlocationid":0,"currentstop":null,"nextstop":null,"laststop":null,"stopCoveredStatus":0,"heading":265,"lastrefreshon":"09-03-2024 13:46:33","lastreceiveddatetimeflag":0,"tripposition":3}]},{"routeid":8443,"stationid":22551,"stationname":"Thirumala Dhaba","from":"Hebbala Bridge","to":"Hebbala Bridge","routeno":"CHAKRA-15A","distance_on_station":23.057,"centerlat":13.09763,"centerlong":77.56324,"responsecode":200,"isnotify":0,"vehicleDetails":[{"vehicleid":22535,"vehiclenumber":"KA01F9491","servicetypeid":72,"servicetype":"Non AC/Ordinary","centerlat":13.104428,"centerlong":77.606979,"eta":"","sch_arrivaltime":"14:43","sch_departuretime":"14:43","actual_arrivaltime":"","actual_departuretime":"","sch_tripstarttime":"13:55","sch_tripendtime":"13:55","lastlocationid":0,"currentlocationid":22267,"nextlocationid":0,"currentstop":null,"nextstop":null,"laststop":null,"stopCoveredStatus":0,"heading":265,"lastrefreshon":"09-03-2024 13:46:33","lastreceiveddatetimeflag":0,"tripposition":3}]},{"routeid":8443,"stationid":21749,"stationname":"Bettahalli Layout","from":"Hebbala Bridge","to":"Hebbala Bridge","routeno":"CHAKRA-15A","distance_on_station":23.916,"centerlat":13.09238,"centerlong":77.55958,"responsecode":200,"isnotify":0,"vehicleDetails":[{"vehicleid":22535,"vehiclenumber":"KA01F9491","servicetypeid":72,"servicetype":"Non AC/Ordinary","centerlat":13.104428,"centerlong":77.606979,"eta":"","sch_arrivaltime":"14:44","sch_departuretime":"14:44","actual_arrivaltime":"","actual_departuretime":"","sch_tripstarttime":"13:55","sch_tripendtime":"13:55","lastlocationid":0,"currentlocationid":22267,"nextlocationid":0,"currentstop":null,"nextstop":null,"laststop":null,"stopCoveredStatus":0,"heading":265,"lastrefreshon":"09-03-2024 13:46:33","lastreceiveddatetimeflag":0,"tripposition":3}]},{"routeid":8443,"stationid":21832,"stationname":"Chikka Bettahalli","from":"Hebbala Bridge","to":"Hebbala Bridge","routeno":"CHAKRA-15A","distance_on_station":24.466,"centerlat":13.08945,"centerlong":77.55629,"responsecode":200,"isnotify":0,"vehicleDetails":[{"vehicleid":22535,"vehiclenumber":"KA01F9491","servicetypeid":72,"servicetype":"Non AC/Ordinary","centerlat":13.104428,"centerlong":77.606979,"eta":"","sch_arrivaltime":"14:45","sch_departuretime":"14:45","actual_arrivaltime":"","actual_departuretime":"","sch_tripstarttime":"13:55","sch_tripendtime":"13:55","lastlocationid":0,"currentlocationid":22267,"nextlocationid":0,"currentstop":null,"nextstop":null,"laststop":null,"stopCoveredStatus":0,"heading":265,"lastrefreshon":"09-03-2024 13:46:33","lastreceiveddatetimeflag":0,"tripposition":3}]},{"routeid":8443,"stationid":22098,"stationname":"Jalli Machine","from":"Hebbala Bridge","to":"Hebbala Bridge","routeno":"CHAKRA-15A","distance_on_station":24.924,"centerlat":13.08605,"centerlong":77.55562,"responsecode":200,"isnotify":0,"vehicleDetails":[{"vehicleid":22535,"vehiclenumber":"KA01F9491","servicetypeid":72,"servicetype":"Non AC/Ordinary","centerlat":13.104428,"centerlong":77.606979,"eta":"","sch_arrivaltime":"14:46","sch_departuretime":"14:46","actual_arrivaltime":"","actual_departuretime":"","sch_tripstarttime":"13:55","sch_tripendtime":"13:55","lastlocationid":0,"currentlocationid":22267,"nextlocationid":0,"currentstop":null,"nextstop":null,"laststop":null,"stopCoveredStatus":0,"heading":265,"lastrefreshon":"09-03-2024 13:46:33","lastreceiveddatetimeflag":0,"tripposition":3}]},{"routeid":8443,"stationid":22602,"stationname":"Vidyaranyapura","from":"Hebbala Bridge","to":"Hebbala Bridge","routeno":"CHAKRA-15A","distance_on_station":25.611,"centerlat":13.08372,"centerlong":77.56028,"responsecode":200,"isnotify":0,"vehicleDetails":[{"vehicleid":22535,"vehiclenumber":"KA01F9491","servicetypeid":72,"servicetype":"Non AC/Ordinary","centerlat":13.104428,"centerlong":77.606979,"eta":"","sch_arrivaltime":"14:47","sch_departuretime":"14:47","actual_arrivaltime":"","actual_departuretime":"","sch_tripstarttime":"13:55","sch_tripendtime":"13:55","lastlocationid":0,"currentlocationid":22267,"nextlocationid":0,"currentstop":null,"nextstop":null,"laststop":null,"stopCoveredStatus":0,"heading":265,"lastrefreshon":"09-03-2024 13:46:33","lastreceiveddatetimeflag":0,"tripposition":3}]},{"routeid":8443,"stationid":21927,"stationname":"Durga Parameshwari Temple","from":"Hebbala Bridge","to":"Hebbala Bridge","routeno":"CHAKRA-15A","distance_on_station":25.863,"centerlat":13.08182,"centerlong":77.55979,"responsecode":200,"isnotify":0,"vehicleDetails":[{"vehicleid":22535,"vehiclenumber":"KA01F9491","servicetypeid":72,"servicetype":"Non AC/Ordinary","centerlat":13.104428,"centerlong":77.606979,"eta":"","sch_arrivaltime":"14:48","sch_departuretime":"14:48","actual_arrivaltime":"","actual_departuretime":"","sch_tripstarttime":"13:55","sch_tripendtime":"13:55","lastlocationid":0,"currentlocationid":22267,"nextlocationid":0,"currentstop":null,"nextstop":null,"laststop":null,"stopCoveredStatus":0,"heading":265,"lastrefreshon":"09-03-2024 13:46:33","lastreceiveddatetimeflag":0,"tripposition":3}]},{"routeid":8443,"stationid":21930,"stationname":"Echalamara Vidyaranyapura","from":"Hebbala Bridge","to":"Hebbala Bridge","routeno":"CHAKRA-15A","distance_on_station":26.104,"centerlat":13.08,"centerlong":77.55935,"responsecode":200,"isnotify":0,"vehicleDetails":[{"vehicleid":22535,"vehiclenumber":"KA01F9491","servicetypeid":72,"servicetype":"Non AC/Ordinary","centerlat":13.104428,"centerlong":77.606979,"eta":"","sch_arrivaltime":"14:49","sch_departuretime":"14:49","actual_arrivaltime":"","actual_departuretime":"","sch_tripstarttime":"13:55","sch_tripendtime":"13:55","lastlocationid":0,"currentlocationid":22267,"nextlocationid":0,"currentstop":null,"nextstop":null,"laststop":null,"stopCoveredStatus":0,"heading":265,"lastrefreshon":"09-03-2024 13:46:33","lastreceiveddatetimeflag":0,"tripposition":3}]},{"routeid":8443,"stationid":22399,"stationname":"Vidyaranyapura Post Office","from":"Hebbala Bridge","to":"Hebbala Bridge","routeno":"CHAKRA-15A","distance_on_station":26.55,"centerlat":13.07659,"centerlong":77.55835,"responsecode":200,"isnotify":0,"vehicleDetails":[{"vehicleid":22535,"vehiclenumber":"KA01F9491","servicetypeid":72,"servicetype":"Non AC/Ordinary","centerlat":13.104428,"centerlong":77.606979,"eta":"","sch_arrivaltime":"14:50","sch_departuretime":"14:50","actual_arrivaltime":"","actual_departuretime":"","sch_tripstarttime":"13:55","sch_tripendtime":"13:55","lastlocationid":0,"currentlocationid":22267,"nextlocationid":0,"currentstop":null,"nextstop":null,"laststop":null,"stopCoveredStatus":0,"heading":265,"lastrefreshon":"09-03-2024 13:46:33","lastreceiveddatetimeflag":0,"tripposition":3}]},{"routeid":8443,"stationid":22218,"stationname":"Lakshmi Venkateshwara Temple","from":"Hebbala Bridge","to":"Hebbala Bridge","routeno":"CHAKRA-15A","distance_on_station":26.86,"centerlat":13.0744,"centerlong":77.55743,"responsecode":200,"isnotify":0,"vehicleDetails":[{"vehicleid":22535,"vehiclenumber":"KA01F9491","servicetypeid":72,"servicetype":"Non AC/Ordinary","centerlat":13.104428,"centerlong":77.606979,"eta":"","sch_arrivaltime":"14:51","sch_departuretime":"14:51","actual_arrivaltime":"","actual_departuretime":"","sch_tripstarttime":"13:55","sch_tripendtime":"13:55","lastlocationid":0,"currentlocationid":22267,"nextlocationid":0,"currentstop":null,"nextstop":null,"laststop":null,"stopCoveredStatus":0,"heading":265,"lastrefreshon":"09-03-2024 13:46:33","lastreceiveddatetimeflag":0,"tripposition":3}]},{"routeid":8443,"stationid":21633,"stationname":"3rd Block Vidyaranyapura","from":"Hebbala Bridge","to":"Hebbala Bridge","routeno":"CHAKRA-15A","distance_on_station":27.146,"centerlat":13.07237,"centerlong":77.55647,"responsecode":200,"isnotify":0,"vehicleDetails":[{"vehicleid":22535,"vehiclenumber":"KA01F9491","servicetypeid":72,"servicetype":"Non AC/Ordinary","centerlat":13.104428,"centerlong":77.606979,"eta":"","sch_arrivaltime":"14:52","sch_departuretime":"14:52","actual_arrivaltime":"","actual_departuretime":"","sch_tripstarttime":"13:55","sch_tripendtime":"13:55","lastlocationid":0,"currentlocationid":22267,"nextlocationid":0,"currentstop":null,"nextstop":null,"laststop":null,"stopCoveredStatus":0,"heading":265,"lastrefreshon":"09-03-2024 13:46:33","lastreceiveddatetimeflag":0,"tripposition":3}]},{"routeid":8443,"stationid":21803,"stationname":"Canara Bank Vidyaranyapura","from":"Hebbala Bridge","to":"Hebbala Bridge","routeno":"CHAKRA-15A","distance_on_station":27.238,"centerlat":13.07176,"centerlong":77.55618,"responsecode":200,"isnotify":0,"vehicleDetails":[{"vehicleid":22535,"vehiclenumber":"KA01F9491","servicetypeid":72,"servicetype":"Non AC/Ordinary","centerlat":13.104428,"centerlong":77.606979,"eta":"","sch_arrivaltime":"14:53","sch_departuretime":"14:53","actual_arrivaltime":"","actual_departuretime":"","sch_tripstarttime":"13:55","sch_tripendtime":"13:55","lastlocationid":0,"currentlocationid":22267,"nextlocationid":0,"currentstop":null,"nextstop":null,"laststop":null,"stopCoveredStatus":0,"heading":265,"lastrefreshon":"09-03-2024 13:46:33","lastreceiveddatetimeflag":0,"tripposition":3}]},{"routeid":8443,"stationid":21631,"stationname":"1st Block Vidyaranyapura","from":"Hebbala Bridge","to":"Hebbala Bridge","routeno":"CHAKRA-15A","distance_on_station":27.455,"centerlat":13.07021,"centerlong":77.5555,"responsecode":200,"isnotify":0,"vehicleDetails":[{"vehicleid":22535,"vehiclenumber":"KA01F9491","servicetypeid":72,"servicetype":"Non AC/Ordinary","centerlat":13.104428,"centerlong":77.606979,"eta":"","sch_arrivaltime":"14:54","sch_departuretime":"14:54","actual_arrivaltime":"","actual_departuretime":"","sch_tripstarttime":"13:55","sch_tripendtime":"13:55","lastlocationid":0,"currentlocationid":22267,"nextlocationid":0,"currentstop":null,"nextstop":null,"laststop":null,"stopCoveredStatus":0,"heading":265,"lastrefreshon":"09-03-2024 13:46:33","lastreceiveddatetimeflag":0,"tripposition":3}]},{"routeid":8443,"stationid":22343,"stationname":"Nanjappa Circle","from":"Hebbala Bridge","to":"Hebbala Bridge","routeno":"CHAKRA-15A","distance_on_station":28.2,"centerlat":13.06815,"centerlong":77.56041,"responsecode":200,"isnotify":0,"vehicleDetails":[{"vehicleid":22535,"vehiclenumber":"KA01F9491","servicetypeid":72,"servicetype":"Non AC/Ordinary","centerlat":13.104428,"centerlong":77.606979,"eta":"","sch_arrivaltime":"14:55","sch_departuretime":"14:55","actual_arrivaltime":"","actual_departuretime":"","sch_tripstarttime":"13:55","sch_tripendtime":"13:55","lastlocationid":0,"currentlocationid":22267,"nextlocationid":0,"currentstop":null,"nextstop":null,"laststop":null,"stopCoveredStatus":0,"heading":265,"lastrefreshon":"09-03-2024 13:46:33","lastreceiveddatetimeflag":0,"tripposition":3}]},{"routeid":8443,"stationid":21815,"stationname":"Chamundeshwari Layout","from":"Hebbala Bridge","to":"Hebbala Bridge","routeno":"CHAKRA-15A","distance_on_station":28.624,"centerlat":13.06488,"centerlong":77.55966,"responsecode":200,"isnotify":0,"vehicleDetails":[{"vehicleid":22535,"vehiclenumber":"KA01F9491","servicetypeid":72,"servicetype":"Non AC/Ordinary","centerlat":13.104428,"centerlong":77.606979,"eta":"","sch_arrivaltime":"14:56","sch_departuretime":"14:56","actual_arrivaltime":"","actual_departuretime":"","sch_tripstarttime":"13:55","sch_tripendtime":"13:55","lastlocationid":0,"currentlocationid":22267,"nextlocationid":0,"currentstop":null,"nextstop":null,"laststop":null,"stopCoveredStatus":0,"heading":265,"lastrefreshon":"09-03-2024 13:46:33","lastreceiveddatetimeflag":0,"tripposition":3}]},{"routeid":8443,"stationid":21901,"stationname":"Dodda Bommasandra","from":"Hebbala Bridge","to":"Hebbala Bridge","routeno":"CHAKRA-15A","distance_on_station":29.231,"centerlat":13.06022,"centerlong":77.55886,"responsecode":200,"isnotify":0,"vehicleDetails":[{"vehicleid":22535,"vehiclenumber":"KA01F9491","servicetypeid":72,"servicetype":"Non AC/Ordinary","centerlat":13.104428,"centerlong":77.606979,"eta":"","sch_arrivaltime":"14:57","sch_departuretime":"14:57","actual_arrivaltime":"","actual_departuretime":"","sch_tripstarttime":"13:55","sch_tripendtime":"13:55","lastlocationid":0,"currentlocationid":22267,"nextlocationid":0,"currentstop":null,"nextstop":null,"laststop":null,"stopCoveredStatus":0,"heading":265,"lastrefreshon":"09-03-2024 13:46:33","lastreceiveddatetimeflag":0,"tripposition":3}]},{"routeid":8443,"stationid":21903,"stationname":"Dodda Bommasandra Arch","from":"Hebbala Bridge","to":"Hebbala Bridge","routeno":"CHAKRA-15A","distance_on_station":29.437,"centerlat":13.05884,"centerlong":77.55928,"responsecode":200,"isnotify":0,"vehicleDetails":[{"vehicleid":22535,"vehiclenumber":"KA01F9491","servicetypeid":72,"servicetype":"Non AC/Ordinary","centerlat":13.104428,"centerlong":77.606979,"eta":"","sch_arrivaltime":"14:58","sch_departuretime":"14:58","actual_arrivaltime":"","actual_departuretime":"","sch_tripstarttime":"13:55","sch_tripendtime":"13:55","lastlocationid":0,"currentlocationid":22267,"nextlocationid":0,"currentstop":null,"nextstop":null,"laststop":null,"stopCoveredStatus":0,"heading":265,"lastrefreshon":"09-03-2024 13:46:33","lastreceiveddatetimeflag":0,"tripposition":3}]},{"routeid":8443,"stationid":22324,"stationname":"Nagaland Circle","from":"Hebbala Bridge","to":"Hebbala Bridge","routeno":"CHAKRA-15A","distance_on_station":30.021,"centerlat":13.0557,"centerlong":77.5572,"responsecode":200,"isnotify":0,"vehicleDetails":[{"vehicleid":22535,"vehiclenumber":"KA01F9491","servicetypeid":72,"servicetype":"Non AC/Ordinary","centerlat":13.104428,"centerlong":77.606979,"eta":"","sch_arrivaltime":"14:59","sch_departuretime":"14:59","actual_arrivaltime":"","actual_departuretime":"","sch_tripstarttime":"13:55","sch_tripendtime":"13:55","lastlocationid":0,"currentlocationid":22267,"nextlocationid":0,"currentstop":null,"nextstop":null,"laststop":null,"stopCoveredStatus":0,"heading":265,"lastrefreshon":"09-03-2024 13:46:33","lastreceiveddatetimeflag":0,"tripposition":3}]},{"routeid":8443,"stationid":21736,"stationname":"BEL Hospital","from":"Hebbala Bridge","to":"Hebbala Bridge","routeno":"CHAKRA-15A","distance_on_station":30.788,"centerlat":13.04987,"centerlong":77.55755,"responsecode":200,"isnotify":0,"vehicleDetails":[{"vehicleid":22535,"vehiclenumber":"KA01F9491","servicetypeid":72,"servicetype":"Non AC/Ordinary","centerlat":13.104428,"centerlong":77.606979,"eta":"","sch_arrivaltime":"15:00","sch_departuretime":"15:00","actual_arrivaltime":"","actual_departuretime":"","sch_tripstarttime":"13:55","sch_tripendtime":"13:55","lastlocationid":0,"currentlocationid":22267,"nextlocationid":0,"currentstop":null,"nextstop":null,"laststop":null,"stopCoveredStatus":0,"heading":265,"lastrefreshon":"09-03-2024 13:46:33","lastreceiveddatetimeflag":0,"tripposition":3}]},{"routeid":8443,"stationid":20637,"stationname":"BEL Circle","from":"Hebbala Bridge","to":"Hebbala Bridge","routeno":"CHAKRA-15A","distance_on_station":31.407,"centerlat":13.0452,"centerlong":77.55669,"responsecode":200,"isnotify":0,"vehicleDetails":[{"vehicleid":22535,"vehiclenumber":"KA01F9491","servicetypeid":72,"servicetype":"Non AC/Ordinary","centerlat":13.104428,"centerlong":77.606979,"eta":"","sch_arrivaltime":"15:01","sch_departuretime":"15:01","actual_arrivaltime":"","actual_departuretime":"","sch_tripstarttime":"13:55","sch_tripendtime":"13:55","lastlocationid":0,"currentlocationid":22267,"nextlocationid":0,"currentstop":null,"nextstop":null,"laststop":null,"stopCoveredStatus":0,"heading":265,"lastrefreshon":"09-03-2024 13:46:33","lastreceiveddatetimeflag":0,"tripposition":3}]},{"routeid":8443,"stationid":20961,"stationname":"Kuvempu Circle","from":"Hebbala Bridge","to":"Hebbala Bridge","routeno":"CHAKRA-15A","distance_on_station":32.266,"centerlat":13.04465,"centerlong":77.56263,"responsecode":200,"isnotify":0,"vehicleDetails":[{"vehicleid":22535,"vehiclenumber":"KA01F9491","servicetypeid":72,"servicetype":"Non AC/Ordinary","centerlat":13.104428,"centerlong":77.606979,"eta":"","sch_arrivaltime":"15:02","sch_departuretime":"15:02","actual_arrivaltime":"","actual_departuretime":"","sch_tripstarttime":"13:55","sch_tripendtime":"13:55","lastlocationid":0,"currentlocationid":22267,"nextlocationid":0,"currentstop":null,"nextstop":null,"laststop":null,"stopCoveredStatus":0,"heading":265,"lastrefreshon":"09-03-2024 13:46:33","lastreceiveddatetimeflag":0,"tripposition":3}]},{"routeid":8443,"stationid":20757,"stationname":"Devinagara Cross","from":"Hebbala Bridge","to":"Hebbala Bridge","routeno":"CHAKRA-15A","distance_on_station":33.148,"centerlat":13.047,"centerlong":77.56904,"responsecode":200,"isnotify":0,"vehicleDetails":[{"vehicleid":22535,"vehiclenumber":"KA01F9491","servicetypeid":72,"servicetype":"Non AC/Ordinary","centerlat":13.104428,"centerlong":77.606979,"eta":"","sch_arrivaltime":"15:03","sch_departuretime":"15:03","actual_arrivaltime":"","actual_departuretime":"","sch_tripstarttime":"13:55","sch_tripendtime":"13:55","lastlocationid":0,"currentlocationid":22267,"nextlocationid":0,"currentstop":null,"nextstop":null,"laststop":null,"stopCoveredStatus":0,"heading":265,"lastrefreshon":"09-03-2024 13:46:33","lastreceiveddatetimeflag":0,"tripposition":3}]},{"routeid":8443,"stationid":20660,"stationname":"Bhadrappa Layout","from":"Hebbala Bridge","to":"Hebbala Bridge","routeno":"CHAKRA-15A","distance_on_station":34.007,"centerlat":13.04752,"centerlong":77.57595,"responsecode":200,"isnotify":0,"vehicleDetails":[{"vehicleid":22535,"vehiclenumber":"KA01F9491","servicetypeid":72,"servicetype":"Non AC/Ordinary","centerlat":13.104428,"centerlong":77.606979,"eta":"","sch_arrivaltime":"15:04","sch_departuretime":"15:04","actual_arrivaltime":"","actual_departuretime":"","sch_tripstarttime":"13:55","sch_tripendtime":"13:55","lastlocationid":0,"currentlocationid":22267,"nextlocationid":0,"currentstop":null,"nextstop":null,"laststop":null,"stopCoveredStatus":0,"heading":265,"lastrefreshon":"09-03-2024 13:46:33","lastreceiveddatetimeflag":0,"tripposition":3}]},{"routeid":8443,"stationid":25819,"stationname":"Hebbala Bridge","from":"Hebbala Bridge","to":"Hebbala Bridge","routeno":"CHAKRA-15A","distance_on_station":36,"centerlat":13.04328,"centerlong":77.59036,"responsecode":200,"isnotify":0,"vehicleDetails":[{"vehicleid":22535,"vehiclenumber":"KA01F9491","servicetypeid":72,"servicetype":"Non AC/Ordinary","centerlat":13.104428,"centerlong":77.606979,"eta":"","sch_arrivaltime":"15:06","sch_departuretime":"15:06","actual_arrivaltime":"","actual_departuretime":"","sch_tripstarttime":"13:55","sch_tripendtime":"13:55","lastlocationid":0,"currentlocationid":22267,"nextlocationid":0,"currentstop":null,"nextstop":null,"laststop":null,"stopCoveredStatus":0,"heading":265,"lastrefreshon":"09-03-2024 13:46:33","lastreceiveddatetimeflag":0,"tripposition":1}]}],"mapData":[{"vehicleid":22535,"vehiclenumber":"KA01F9491","servicetypeid":72,"servicetype":"Non AC/Ordinary","centerlat":13.104428,"centerlong":77.606979,"eta":"","sch_arrivaltime":"15:06","sch_departuretime":"15:06","actual_arrivaltime":"","actual_departuretime":"","sch_tripstarttime":"13:55","sch_tripendtime":"13:55","lastlocationid":0,"currentlocationid":22267,"nextlocationid":0,"currentstop":null,"nextstop":null,"laststop":null,"stopCoveredStatus":0,"heading":265,"lastrefreshon":"09-03-2024 13:46:33","lastreceiveddatetimeflag":0,"tripposition":1}]},"down":{"data":[],"mapData":[]},"message":"Success","issuccess":true,"exception":null,"rowCount":0,"responsecode":200}