{"up":{"data":[{"routeid":14496,"stationid":35964,"stationname":"Depot-34 Gate","from":"Depot-34 Gate","to":"Bommanahalli","routeno":"D34-AECS-BGR-BMH","distance_on_station":0,"centerlat":12.87021,"centerlong":77.58571,"responsecode":200,"isnotify":0,"vehicleDetails":[{"vehicleid":22609,"vehiclenumber":"KA57F1399","servicetypeid":72,"servicetype":"Non AC/Ordinary","centerlat":12.872201,"centerlong":77.585838,"eta":"","sch_arrivaltime":"14:41","sch_departuretime":"14:41","actual_arrivaltime":"","actual_departuretime":"","sch_tripstarttime":"14:41","sch_tripendtime":"14:41","lastlocationid":0,"currentlocationid":35964,"nextlocationid":0,"currentstop":null,"nextstop":null,"laststop":null,"stopCoveredStatus":0,"heading":90,"lastrefreshon":"24-09-2024 13:53:50","lastreceiveddatetimeflag":1,"tripposition":3}]},{"routeid":14496,"stationid":27501,"stationname":"Nobo Nagara","from":"Depot-34 Gate","to":"Bommanahalli","routeno":"D34-AECS-BGR-BMH","distance_on_station":1.814,"centerlat":12.8682,"centerlong":77.59783,"responsecode":200,"isnotify":0,"vehicleDetails":[{"vehicleid":22609,"vehiclenumber":"KA57F1399","servicetypeid":72,"servicetype":"Non AC/Ordinary","centerlat":12.872201,"centerlong":77.585838,"eta":"","sch_arrivaltime":"14:46","sch_departuretime":"14:46","actual_arrivaltime":"","actual_departuretime":"","sch_tripstarttime":"14:41","sch_tripendtime":"14:41","lastlocationid":0,"currentlocationid":35964,"nextlocationid":0,"currentstop":null,"nextstop":null,"laststop":null,"stopCoveredStatus":0,"heading":90,"lastrefreshon":"24-09-2024 13:53:50","lastreceiveddatetimeflag":1,"tripposition":3}]},{"routeid":14496,"stationid":35541,"stationname":"AECS Dental College","from":"Depot-34 Gate","to":"Bommanahalli","routeno":"D34-AECS-BGR-BMH","distance_on_station":2.113,"centerlat":12.86541,"centerlong":77.59832,"responsecode":200,"isnotify":0,"vehicleDetails":[{"vehicleid":22609,"vehiclenumber":"KA57F1399","servicetypeid":72,"servicetype":"Non AC/Ordinary","centerlat":12.872201,"centerlong":77.585838,"eta":"","sch_arrivaltime":"14:47","sch_departuretime":"14:47","actual_arrivaltime":"","actual_departuretime":"","sch_tripstarttime":"14:41","sch_tripendtime":"14:41","lastlocationid":0,"currentlocationid":35964,"nextlocationid":0,"currentstop":null,"nextstop":null,"laststop":null,"stopCoveredStatus":0,"heading":90,"lastrefreshon":"24-09-2024 13:53:50","lastreceiveddatetimeflag":1,"tripposition":3}]},{"routeid":14496,"stationid":24340,"stationname":"Nobel Residency","from":"Depot-34 Gate","to":"Bommanahalli","routeno":"D34-AECS-BGR-BMH","distance_on_station":3.964,"centerlat":12.85879,"centerlong":77.61186,"responsecode":200,"isnotify":0,"vehicleDetails":[{"vehicleid":22609,"vehiclenumber":"KA57F1399","servicetypeid":72,"servicetype":"Non AC/Ordinary","centerlat":12.872201,"centerlong":77.585838,"eta":"","sch_arrivaltime":"14:52","sch_departuretime":"14:52","actual_arrivaltime":"","actual_departuretime":"","sch_tripstarttime":"14:41","sch_tripendtime":"14:41","lastlocationid":0,"currentlocationid":35964,"nextlocationid":0,"currentstop":null,"nextstop":null,"laststop":null,"stopCoveredStatus":0,"heading":90,"lastrefreshon":"24-09-2024 13:53:50","lastreceiveddatetimeflag":1,"tripposition":3}]},{"routeid":14496,"stationid":36307,"stationname":"Beguru","from":"Depot-34 Gate","to":"Bommanahalli","routeno":"D34-AECS-BGR-BMH","distance_on_station":6.142,"centerlat":12.87361,"centerlong":77.62535,"responsecode":200,"isnotify":0,"vehicleDetails":[{"vehicleid":22609,"vehiclenumber":"KA57F1399","servicetypeid":72,"servicetype":"Non AC/Ordinary","centerlat":12.872201,"centerlong":77.585838,"eta":"","sch_arrivaltime":"15:01","sch_departuretime":"15:01","actual_arrivaltime":"","actual_departuretime":"","sch_tripstarttime":"14:41","sch_tripendtime":"14:41","lastlocationid":0,"currentlocationid":35964,"nextlocationid":0,"currentstop":null,"nextstop":null,"laststop":null,"stopCoveredStatus":0,"heading":90,"lastrefreshon":"24-09-2024 13:53:50","lastreceiveddatetimeflag":1,"tripposition":3}]},{"routeid":14496,"stationid":24160,"stationname":"Beguru Lake","from":"Depot-34 Gate","to":"Bommanahalli","routeno":"D34-AECS-BGR-BMH","distance_on_station":6.628,"centerlat":12.87783,"centerlong":77.62549,"responsecode":200,"isnotify":0,"vehicleDetails":[{"vehicleid":22609,"vehiclenumber":"KA57F1399","servicetypeid":72,"servicetype":"Non AC/Ordinary","centerlat":12.872201,"centerlong":77.585838,"eta":"","sch_arrivaltime":"15:03","sch_departuretime":"15:03","actual_arrivaltime":"","actual_departuretime":"","sch_tripstarttime":"14:41","sch_tripendtime":"14:41","lastlocationid":0,"currentlocationid":35964,"nextlocationid":0,"currentstop":null,"nextstop":null,"laststop":null,"stopCoveredStatus":0,"heading":90,"lastrefreshon":"24-09-2024 13:53:50","lastreceiveddatetimeflag":1,"tripposition":3}]},{"routeid":14496,"stationid":23815,"stationname":"Canara Bank Begur","from":"Depot-34 Gate","to":"Bommanahalli","routeno":"D34-AECS-BGR-BMH","distance_on_station":7.422,"centerlat":12.88501,"centerlong":77.62508,"responsecode":200,"isnotify":0,"vehicleDetails":[{"vehicleid":22609,"vehiclenumber":"KA57F1399","servicetypeid":72,"servicetype":"Non AC/Ordinary","centerlat":12.872201,"centerlong":77.585838,"eta":"","sch_arrivaltime":"15:06","sch_departuretime":"15:06","actual_arrivaltime":"","actual_departuretime":"","sch_tripstarttime":"14:41","sch_tripendtime":"14:41","lastlocationid":0,"currentlocationid":35964,"nextlocationid":0,"currentstop":null,"nextstop":null,"laststop":null,"stopCoveredStatus":0,"heading":90,"lastrefreshon":"24-09-2024 13:53:50","lastreceiveddatetimeflag":1,"tripposition":3}]},{"routeid":14496,"stationid":23774,"stationname":"Hongasandra","from":"Depot-34 Gate","to":"Bommanahalli","routeno":"D34-AECS-BGR-BMH","distance_on_station":8.694,"centerlat":12.89713,"centerlong":77.62618,"responsecode":200,"isnotify":0,"vehicleDetails":[{"vehicleid":22609,"vehiclenumber":"KA57F1399","servicetypeid":72,"servicetype":"Non AC/Ordinary","centerlat":12.872201,"centerlong":77.585838,"eta":"","sch_arrivaltime":"15:14","sch_departuretime":"15:14","actual_arrivaltime":"","actual_departuretime":"","sch_tripstarttime":"14:41","sch_tripendtime":"14:41","lastlocationid":0,"currentlocationid":35964,"nextlocationid":0,"currentstop":null,"nextstop":null,"laststop":null,"stopCoveredStatus":0,"heading":90,"lastrefreshon":"24-09-2024 13:53:50","lastreceiveddatetimeflag":1,"tripposition":3}]},{"routeid":14496,"stationid":20675,"stationname":"Bommanahalli","from":"Depot-34 Gate","to":"Bommanahalli","routeno":"D34-AECS-BGR-BMH","distance_on_station":10.9,"centerlat":12.90477,"centerlong":77.62999,"responsecode":200,"isnotify":0,"vehicleDetails":[{"vehicleid":22609,"vehiclenumber":"KA57F1399","servicetypeid":72,"servicetype":"Non AC/Ordinary","centerlat":12.872201,"centerlong":77.585838,"eta":"","sch_arrivaltime":"15:21","sch_departuretime":"15:21","actual_arrivaltime":"","actual_departuretime":"","sch_tripstarttime":"14:41","sch_tripendtime":"14:41","lastlocationid":0,"currentlocationid":35964,"nextlocationid":0,"currentstop":null,"nextstop":null,"laststop":null,"stopCoveredStatus":0,"heading":90,"lastrefreshon":"24-09-2024 13:53:50","lastreceiveddatetimeflag":1,"tripposition":3}]}],"mapData":[{"vehicleid":22609,"vehiclenumber":"KA57F1399","servicetypeid":72,"servicetype":"Non AC/Ordinary","centerlat":12.872201,"centerlong":77.585838,"eta":"","sch_arrivaltime":"15:21","sch_departuretime":"15:21","actual_arrivaltime":"","actual_departuretime":"","sch_tripstarttime":"14:41","sch_tripendtime":"14:41","lastlocationid":0,"currentlocationid":35964,"nextlocationid":0,"currentstop":null,"nextstop":null,"laststop":null,"stopCoveredStatus":0,"heading":90,"lastrefreshon":"24-09-2024 13:53:50","lastreceiveddatetimeflag":1,"tripposition":3}]},"down":{"data":[],"mapData":[]},"message":"Success","issuccess":true,"exception":null,"rowCount":0,"responsecode":200}