{"up":{"data":[{"routeid":8240,"stationid":35964,"stationname":"Depot-34 Gate","from":"Depot-34 Gate","to":"Anjanapura","routeno":"D34G-ANP","distance_on_station":0,"centerlat":12.87021,"centerlong":77.58571,"responsecode":200,"isnotify":0,"vehicleDetails":[]},{"routeid":8240,"stationid":35060,"stationname":"BK Circle","from":"Depot-34 Gate","to":"Anjanapura","routeno":"D34G-ANP","distance_on_station":0,"centerlat":12.87056,"centerlong":77.58309,"responsecode":200,"isnotify":0,"vehicleDetails":[]},{"routeid":8240,"stationid":35114,"stationname":"Surabhi Layout","from":"Depot-34 Gate","to":"Anjanapura","routeno":"D34G-ANP","distance_on_station":0,"centerlat":12.8675,"centerlong":77.58184,"responsecode":200,"isnotify":0,"vehicleDetails":[]},{"routeid":8240,"stationid":35343,"stationname":"Jambu Savari Dinne","from":"Depot-34 Gate","to":"Anjanapura","routeno":"D34G-ANP","distance_on_station":0,"centerlat":12.86587,"centerlong":77.58093,"responsecode":200,"isnotify":0,"vehicleDetails":[]},{"routeid":8240,"stationid":23461,"stationname":"Royal Layout","from":"Depot-34 Gate","to":"Anjanapura","routeno":"D34G-ANP","distance_on_station":0,"centerlat":12.86924,"centerlong":77.57581,"responsecode":200,"isnotify":0,"vehicleDetails":[]},{"routeid":8240,"stationid":28166,"stationname":"Sarathi Nagara","from":"Depot-34 Gate","to":"Anjanapura","routeno":"D34G-ANP","distance_on_station":0,"centerlat":12.87387,"centerlong":77.57322,"responsecode":200,"isnotify":0,"vehicleDetails":[]},{"routeid":8240,"stationid":31616,"stationname":"Vinayaka Talkies","from":"Depot-34 Gate","to":"Anjanapura","routeno":"D34G-ANP","distance_on_station":0,"centerlat":12.87478,"centerlong":77.57,"responsecode":200,"isnotify":0,"vehicleDetails":[]},{"routeid":8240,"stationid":21965,"stationname":"Glass Factory","from":"Depot-34 Gate","to":"Anjanapura","routeno":"D34G-ANP","distance_on_station":0,"centerlat":12.8765,"centerlong":77.5669,"responsecode":200,"isnotify":0,"vehicleDetails":[]},{"routeid":8240,"stationid":21679,"stationname":"Avalahalli","from":"Depot-34 Gate","to":"Anjanapura","routeno":"D34G-ANP","distance_on_station":0,"centerlat":12.87283,"centerlong":77.56661,"responsecode":200,"isnotify":0,"vehicleDetails":[]},{"routeid":8240,"stationid":23365,"stationname":"Nandi Garden Kothanur","from":"Depot-34 Gate","to":"Anjanapura","routeno":"D34G-ANP","distance_on_station":0,"centerlat":12.86748,"centerlong":77.56566,"responsecode":200,"isnotify":0,"vehicleDetails":[]},{"routeid":8240,"stationid":23649,"stationname":"Anjanapura","from":"Depot-34 Gate","to":"Anjanapura","routeno":"D34G-ANP","distance_on_station":0,"centerlat":12.86196,"centerlong":77.56381,"responsecode":200,"isnotify":0,"vehicleDetails":[]}],"mapData":[]},"down":{"data":[{"routeid":8242,"stationid":23651,"stationname":"Anjanapura","from":"Anjanapura","to":"Depot-34 Gate","routeno":"D34G-ANP","distance_on_station":0,"centerlat":12.862,"centerlong":77.56385,"responsecode":200,"isnotify":0,"vehicleDetails":[]},{"routeid":8242,"stationid":23362,"stationname":"Nandi Garden Kothanur","from":"Anjanapura","to":"Depot-34 Gate","routeno":"D34G-ANP","distance_on_station":0,"centerlat":12.86745,"centerlong":77.56561,"responsecode":200,"isnotify":0,"vehicleDetails":[]},{"routeid":8242,"stationid":21682,"stationname":"Avalahalli","from":"Anjanapura","to":"Depot-34 Gate","routeno":"D34G-ANP","distance_on_station":0,"centerlat":12.8728,"centerlong":77.56655,"responsecode":200,"isnotify":0,"vehicleDetails":[]},{"routeid":8242,"stationid":21964,"stationname":"Glass Factory","from":"Anjanapura","to":"Depot-34 Gate","routeno":"D34G-ANP","distance_on_station":0,"centerlat":12.87655,"centerlong":77.5669,"responsecode":200,"isnotify":0,"vehicleDetails":[]},{"routeid":8242,"stationid":23488,"stationname":"Vinayaka Chitramandira","from":"Anjanapura","to":"Depot-34 Gate","routeno":"D34G-ANP","distance_on_station":0,"centerlat":12.87488,"centerlong":77.56994,"responsecode":200,"isnotify":0,"vehicleDetails":[]},{"routeid":8242,"stationid":35344,"stationname":"Sarathi Nagara","from":"Anjanapura","to":"Depot-34 Gate","routeno":"D34G-ANP","distance_on_station":0,"centerlat":12.87397,"centerlong":77.57312,"responsecode":200,"isnotify":0,"vehicleDetails":[]},{"routeid":8242,"stationid":23465,"stationname":"Royal Layout","from":"Anjanapura","to":"Depot-34 Gate","routeno":"D34G-ANP","distance_on_station":0,"centerlat":12.86932,"centerlong":77.5758,"responsecode":200,"isnotify":0,"vehicleDetails":[]},{"routeid":8242,"stationid":35091,"stationname":"Jambu Savari Dinne","from":"Anjanapura","to":"Depot-34 Gate","routeno":"D34G-ANP","distance_on_station":0,"centerlat":12.86577,"centerlong":77.5809,"responsecode":200,"isnotify":0,"vehicleDetails":[]},{"routeid":8242,"stationid":35351,"stationname":"Surabhi Layout","from":"Anjanapura","to":"Depot-34 Gate","routeno":"D34G-ANP","distance_on_station":0,"centerlat":12.86759,"centerlong":77.58183,"responsecode":200,"isnotify":0,"vehicleDetails":[]},{"routeid":8242,"stationid":32100,"stationname":"BK Circle","from":"Anjanapura","to":"Depot-34 Gate","routeno":"D34G-ANP","distance_on_station":0,"centerlat":12.87062,"centerlong":77.58325,"responsecode":200,"isnotify":0,"vehicleDetails":[]},{"routeid":8242,"stationid":32430,"stationname":"Depot-34 Gate","from":"Anjanapura","to":"Depot-34 Gate","routeno":"D34G-ANP","distance_on_station":0,"centerlat":12.87023,"centerlong":77.58567,"responsecode":200,"isnotify":0,"vehicleDetails":[]}],"mapData":[]},"message":"Success","issuccess":true,"exception":null,"rowCount":0,"responsecode":200}