{"up":{"data":[{"routeid":2875,"stationid":32435,"stationname":"Depot-40 Dasanapura","from":"Depot-40 Dasanapura","to":"Depot-40 Gate","routeno":"D40-D40G","distance_on_station":0,"centerlat":13.07402,"centerlong":77.44491,"responsecode":200,"isnotify":0,"vehicleDetails":[]},{"routeid":2875,"stationid":22973,"stationname":"Depot-40 Gate","from":"Depot-40 Dasanapura","to":"Depot-40 Gate","routeno":"D40-D40G","distance_on_station":0,"centerlat":13.06872,"centerlong":77.44766,"responsecode":200,"isnotify":0,"vehicleDetails":[]}],"mapData":[]},"down":{"data":[{"routeid":3208,"stationid":22973,"stationname":"Depot-40 Gate","from":"Depot-40 Gate","to":"Depot-40 Dasanapura","routeno":"D40-D40G","distance_on_station":0,"centerlat":13.06872,"centerlong":77.44766,"responsecode":200,"isnotify":0,"vehicleDetails":[]},{"routeid":3208,"stationid":32435,"stationname":"Depot-40 Dasanapura","from":"Depot-40 Gate","to":"Depot-40 Dasanapura","routeno":"D40-D40G","distance_on_station":0,"centerlat":13.07402,"centerlong":77.44491,"responsecode":200,"isnotify":0,"vehicleDetails":[]}],"mapData":[]},"message":"Success","issuccess":true,"exception":null,"rowCount":0,"responsecode":200}