{"up":{"data":[{"routeid":13798,"stationid":35044,"stationname":"Depot-45 Gate","from":"Depot-45 Gate","to":"Atturu","routeno":"D45-ATR","distance_on_station":0,"centerlat":13.08298,"centerlong":77.55066,"responsecode":200,"isnotify":0,"vehicleDetails":[{"vehicleid":20882,"vehiclenumber":"KA57F3624","servicetypeid":72,"servicetype":"Non AC/Ordinary","centerlat":13.084764,"centerlong":77.550301,"eta":"","sch_arrivaltime":"14:31","sch_departuretime":"14:31","actual_arrivaltime":"","actual_departuretime":"","sch_tripstarttime":"14:31","sch_tripendtime":"14:31","lastlocationid":0,"currentlocationid":35044,"nextlocationid":0,"currentstop":null,"nextstop":null,"laststop":null,"stopCoveredStatus":0,"heading":179,"lastrefreshon":"16-10-2024 14:18:35","lastreceiveddatetimeflag":0,"tripposition":3}]},{"routeid":13798,"stationid":22097,"stationname":"Jalli Machine","from":"Depot-45 Gate","to":"Atturu","routeno":"D45-ATR","distance_on_station":0.657,"centerlat":13.086,"centerlong":77.55526,"responsecode":200,"isnotify":0,"vehicleDetails":[{"vehicleid":20882,"vehiclenumber":"KA57F3624","servicetypeid":72,"servicetype":"Non AC/Ordinary","centerlat":13.084764,"centerlong":77.550301,"eta":"","sch_arrivaltime":"14:32","sch_departuretime":"14:32","actual_arrivaltime":"","actual_departuretime":"","sch_tripstarttime":"14:31","sch_tripendtime":"14:31","lastlocationid":0,"currentlocationid":35044,"nextlocationid":0,"currentstop":null,"nextstop":null,"laststop":null,"stopCoveredStatus":0,"heading":179,"lastrefreshon":"16-10-2024 14:18:35","lastreceiveddatetimeflag":0,"tripposition":3}]},{"routeid":13798,"stationid":21833,"stationname":"Chikka Bettahalli","from":"Depot-45 Gate","to":"Atturu","routeno":"D45-ATR","distance_on_station":1.102,"centerlat":13.08949,"centerlong":77.55624,"responsecode":200,"isnotify":0,"vehicleDetails":[{"vehicleid":20882,"vehiclenumber":"KA57F3624","servicetypeid":72,"servicetype":"Non AC/Ordinary","centerlat":13.084764,"centerlong":77.550301,"eta":"","sch_arrivaltime":"14:33","sch_departuretime":"14:33","actual_arrivaltime":"","actual_departuretime":"","sch_tripstarttime":"14:31","sch_tripendtime":"14:31","lastlocationid":0,"currentlocationid":35044,"nextlocationid":0,"currentstop":null,"nextstop":null,"laststop":null,"stopCoveredStatus":0,"heading":179,"lastrefreshon":"16-10-2024 14:18:35","lastreceiveddatetimeflag":0,"tripposition":3}]},{"routeid":13798,"stationid":21750,"stationname":"Bettahalli Layout","from":"Depot-45 Gate","to":"Atturu","routeno":"D45-ATR","distance_on_station":1.611,"centerlat":13.0924,"centerlong":77.55947,"responsecode":200,"isnotify":0,"vehicleDetails":[{"vehicleid":20882,"vehiclenumber":"KA57F3624","servicetypeid":72,"servicetype":"Non AC/Ordinary","centerlat":13.084764,"centerlong":77.550301,"eta":"","sch_arrivaltime":"14:34","sch_departuretime":"14:34","actual_arrivaltime":"","actual_departuretime":"","sch_tripstarttime":"14:31","sch_tripendtime":"14:31","lastlocationid":0,"currentlocationid":35044,"nextlocationid":0,"currentstop":null,"nextstop":null,"laststop":null,"stopCoveredStatus":0,"heading":179,"lastrefreshon":"16-10-2024 14:18:35","lastreceiveddatetimeflag":0,"tripposition":3}]},{"routeid":13798,"stationid":22552,"stationname":"Thirumala Dhaba","from":"Depot-45 Gate","to":"Atturu","routeno":"D45-ATR","distance_on_station":2.406,"centerlat":13.09774,"centerlong":77.56323,"responsecode":200,"isnotify":0,"vehicleDetails":[{"vehicleid":20882,"vehiclenumber":"KA57F3624","servicetypeid":72,"servicetype":"Non AC/Ordinary","centerlat":13.084764,"centerlong":77.550301,"eta":"","sch_arrivaltime":"14:35","sch_departuretime":"14:35","actual_arrivaltime":"","actual_departuretime":"","sch_tripstarttime":"14:31","sch_tripendtime":"14:31","lastlocationid":0,"currentlocationid":35044,"nextlocationid":0,"currentstop":null,"nextstop":null,"laststop":null,"stopCoveredStatus":0,"heading":179,"lastrefreshon":"16-10-2024 14:18:35","lastreceiveddatetimeflag":0,"tripposition":3}]},{"routeid":13798,"stationid":38903,"stationname":"Atturu Layout","from":"Depot-45 Gate","to":"Atturu","routeno":"D45-ATR","distance_on_station":2.851,"centerlat":13.09789,"centerlong":77.56707,"responsecode":200,"isnotify":0,"vehicleDetails":[{"vehicleid":20882,"vehiclenumber":"KA57F3624","servicetypeid":72,"servicetype":"Non AC/Ordinary","centerlat":13.084764,"centerlong":77.550301,"eta":"","sch_arrivaltime":"14:36","sch_departuretime":"14:36","actual_arrivaltime":"","actual_departuretime":"","sch_tripstarttime":"14:31","sch_tripendtime":"14:31","lastlocationid":0,"currentlocationid":35044,"nextlocationid":0,"currentstop":null,"nextstop":null,"laststop":null,"stopCoveredStatus":0,"heading":179,"lastrefreshon":"16-10-2024 14:18:35","lastreceiveddatetimeflag":0,"tripposition":3}]},{"routeid":13798,"stationid":29590,"stationname":"Atturu Layout Vegetable Market","from":"Depot-45 Gate","to":"Atturu","routeno":"D45-ATR","distance_on_station":3.201,"centerlat":13.10079,"centerlong":77.56685,"responsecode":200,"isnotify":0,"vehicleDetails":[{"vehicleid":20882,"vehiclenumber":"KA57F3624","servicetypeid":72,"servicetype":"Non AC/Ordinary","centerlat":13.084764,"centerlong":77.550301,"eta":"","sch_arrivaltime":"14:37","sch_departuretime":"14:37","actual_arrivaltime":"","actual_departuretime":"","sch_tripstarttime":"14:31","sch_tripendtime":"14:31","lastlocationid":0,"currentlocationid":35044,"nextlocationid":0,"currentstop":null,"nextstop":null,"laststop":null,"stopCoveredStatus":0,"heading":179,"lastrefreshon":"16-10-2024 14:18:35","lastreceiveddatetimeflag":0,"tripposition":3}]},{"routeid":13798,"stationid":23214,"stationname":"Atturu","from":"Depot-45 Gate","to":"Atturu","routeno":"D45-ATR","distance_on_station":3.9,"centerlat":13.10649,"centerlong":77.56577,"responsecode":200,"isnotify":0,"vehicleDetails":[{"vehicleid":20882,"vehiclenumber":"KA57F3624","servicetypeid":72,"servicetype":"Non AC/Ordinary","centerlat":13.084764,"centerlong":77.550301,"eta":"","sch_arrivaltime":"14:38","sch_departuretime":"14:38","actual_arrivaltime":"","actual_departuretime":"","sch_tripstarttime":"14:31","sch_tripendtime":"14:31","lastlocationid":0,"currentlocationid":35044,"nextlocationid":0,"currentstop":null,"nextstop":null,"laststop":null,"stopCoveredStatus":0,"heading":179,"lastrefreshon":"16-10-2024 14:18:35","lastreceiveddatetimeflag":0,"tripposition":3}]}],"mapData":[{"vehicleid":20882,"vehiclenumber":"KA57F3624","servicetypeid":72,"servicetype":"Non AC/Ordinary","centerlat":13.084764,"centerlong":77.550301,"eta":"","sch_arrivaltime":"14:38","sch_departuretime":"14:38","actual_arrivaltime":"","actual_departuretime":"","sch_tripstarttime":"14:31","sch_tripendtime":"14:31","lastlocationid":0,"currentlocationid":35044,"nextlocationid":0,"currentstop":null,"nextstop":null,"laststop":null,"stopCoveredStatus":0,"heading":179,"lastrefreshon":"16-10-2024 14:18:35","lastreceiveddatetimeflag":0,"tripposition":3}]},"down":{"data":[],"mapData":[]},"message":"Success","issuccess":true,"exception":null,"rowCount":0,"responsecode":200}