{"up":{"data":[{"routeid":6263,"stationid":36313,"stationname":"Depot-49 Bidadi","from":"Depot-49 Bidadi","to":"Bidadi","routeno":"D49-BDD","distance_on_station":0,"centerlat":12.80177,"centerlong":77.39285,"responsecode":200,"isnotify":0,"vehicleDetails":[{"vehicleid":26251,"vehiclenumber":"KA51AH5636","servicetypeid":72,"servicetype":"Non AC/Ordinary","centerlat":12.802436,"centerlong":77.397241,"eta":"","sch_arrivaltime":"14:05","sch_departuretime":"14:05","actual_arrivaltime":"14:07","actual_departuretime":"14:08","sch_tripstarttime":"14:05","sch_tripendtime":"14:05","lastlocationid":0,"currentlocationid":36313,"nextlocationid":0,"currentstop":null,"nextstop":null,"laststop":null,"stopCoveredStatus":1,"heading":60,"lastrefreshon":"09-03-2024 14:17:48","lastreceiveddatetimeflag":0,"tripposition":1}]},{"routeid":6263,"stationid":35913,"stationname":"Bidadi","from":"Depot-49 Bidadi","to":"Bidadi","routeno":"D49-BDD","distance_on_station":2.7,"centerlat":12.7969,"centerlong":77.38458,"responsecode":200,"isnotify":0,"vehicleDetails":[{"vehicleid":26251,"vehiclenumber":"KA51AH5636","servicetypeid":72,"servicetype":"Non AC/Ordinary","centerlat":12.802436,"centerlong":77.397241,"eta":"2024-03-09 14:22:00","sch_arrivaltime":"14:11","sch_departuretime":"14:11","actual_arrivaltime":"","actual_departuretime":"","sch_tripstarttime":"14:05","sch_tripendtime":"14:05","lastlocationid":0,"currentlocationid":36313,"nextlocationid":0,"currentstop":null,"nextstop":null,"laststop":null,"stopCoveredStatus":0,"heading":60,"lastrefreshon":"09-03-2024 14:17:48","lastreceiveddatetimeflag":0,"tripposition":1}]}],"mapData":[{"vehicleid":26251,"vehiclenumber":"KA51AH5636","servicetypeid":72,"servicetype":"Non AC/Ordinary","centerlat":12.802436,"centerlong":77.397241,"eta":"2024-03-09 14:22:00","sch_arrivaltime":"14:11","sch_departuretime":"14:11","actual_arrivaltime":"","actual_departuretime":"","sch_tripstarttime":"14:05","sch_tripendtime":"14:05","lastlocationid":0,"currentlocationid":36313,"nextlocationid":0,"currentstop":null,"nextstop":null,"laststop":null,"stopCoveredStatus":0,"heading":60,"lastrefreshon":"09-03-2024 14:17:48","lastreceiveddatetimeflag":0,"tripposition":1}]},"down":{"data":[],"mapData":[]},"message":"Success","issuccess":true,"exception":null,"rowCount":0,"responsecode":200}