{"up":{"data":[{"routeid":5937,"stationid":36234,"stationname":"Depot-50 Devanahalli","from":"Depot-50 Devanahalli","to":"Devanahalli Old Bus Stand","routeno":"D50-DVHOBS","distance_on_station":0,"centerlat":13.24698,"centerlong":77.71744,"responsecode":200,"isnotify":0,"vehicleDetails":[]},{"routeid":5937,"stationid":32461,"stationname":"Devanahalli Old Bus Stand","from":"Depot-50 Devanahalli","to":"Devanahalli Old Bus Stand","routeno":"D50-DVHOBS","distance_on_station":0,"centerlat":13.24853,"centerlong":77.71547,"responsecode":200,"isnotify":0,"vehicleDetails":[]}],"mapData":[]},"down":{"data":[{"routeid":5938,"stationid":32461,"stationname":"Devanahalli Old Bus Stand","from":"Devanahalli Old Bus Stand","to":"Depot-50 Devanahalli","routeno":"D50-DVHOBS","distance_on_station":0,"centerlat":13.24853,"centerlong":77.71547,"responsecode":200,"isnotify":0,"vehicleDetails":[]},{"routeid":5938,"stationid":36234,"stationname":"Depot-50 Devanahalli","from":"Devanahalli Old Bus Stand","to":"Depot-50 Devanahalli","routeno":"D50-DVHOBS","distance_on_station":0,"centerlat":13.24698,"centerlong":77.71744,"responsecode":200,"isnotify":0,"vehicleDetails":[]}],"mapData":[]},"message":"Success","issuccess":true,"exception":null,"rowCount":0,"responsecode":200}