{"up":{"data":[{"routeid":14400,"stationid":21887,"stationname":"Depot-31 Gate","from":"Depot-31 Gate","to":"Janapriya Township","routeno":"G-7 D31G-JPTS","distance_on_station":0,"centerlat":12.99306,"centerlong":77.52146,"responsecode":200,"isnotify":0,"vehicleDetails":[{"vehicleid":12156,"vehiclenumber":"KA01F4881","servicetypeid":72,"servicetype":"Non AC/Ordinary","centerlat":12.992376,"centerlong":77.521568,"eta":"","sch_arrivaltime":"18:31","sch_departuretime":"18:31","actual_arrivaltime":"","actual_departuretime":"","sch_tripstarttime":"18:31","sch_tripendtime":"18:31","lastlocationid":0,"currentlocationid":21887,"nextlocationid":0,"currentstop":null,"nextstop":null,"laststop":null,"stopCoveredStatus":0,"heading":0,"lastrefreshon":"27-09-2024 08:25:21","lastreceiveddatetimeflag":1,"tripposition":3}]},{"routeid":14400,"stationid":21204,"stationname":"Summanahalli","from":"Depot-31 Gate","to":"Janapriya Township","routeno":"G-7 D31G-JPTS","distance_on_station":0.759,"centerlat":12.98739,"centerlong":77.51914,"responsecode":200,"isnotify":0,"vehicleDetails":[{"vehicleid":12156,"vehiclenumber":"KA01F4881","servicetypeid":72,"servicetype":"Non AC/Ordinary","centerlat":12.992376,"centerlong":77.521568,"eta":"","sch_arrivaltime":"18:32","sch_departuretime":"18:32","actual_arrivaltime":"","actual_departuretime":"","sch_tripstarttime":"18:31","sch_tripendtime":"18:31","lastlocationid":0,"currentlocationid":21887,"nextlocationid":0,"currentstop":null,"nextstop":null,"laststop":null,"stopCoveredStatus":0,"heading":0,"lastrefreshon":"27-09-2024 08:25:21","lastreceiveddatetimeflag":1,"tripposition":3}]},{"routeid":14400,"stationid":20937,"stationname":"Kottigepalya","from":"Depot-31 Gate","to":"Janapriya Township","routeno":"G-7 D31G-JPTS","distance_on_station":1.237,"centerlat":12.98787,"centerlong":77.51509,"responsecode":200,"isnotify":0,"vehicleDetails":[{"vehicleid":12156,"vehiclenumber":"KA01F4881","servicetypeid":72,"servicetype":"Non AC/Ordinary","centerlat":12.992376,"centerlong":77.521568,"eta":"","sch_arrivaltime":"18:33","sch_departuretime":"18:33","actual_arrivaltime":"","actual_departuretime":"","sch_tripstarttime":"18:31","sch_tripendtime":"18:31","lastlocationid":0,"currentlocationid":21887,"nextlocationid":0,"currentstop":null,"nextstop":null,"laststop":null,"stopCoveredStatus":0,"heading":0,"lastrefreshon":"27-09-2024 08:25:21","lastreceiveddatetimeflag":1,"tripposition":3}]},{"routeid":14400,"stationid":21206,"stationname":"Sunkadakatte","from":"Depot-31 Gate","to":"Janapriya Township","routeno":"G-7 D31G-JPTS","distance_on_station":2.588,"centerlat":12.99018,"centerlong":77.5038,"responsecode":200,"isnotify":0,"vehicleDetails":[{"vehicleid":12156,"vehiclenumber":"KA01F4881","servicetypeid":72,"servicetype":"Non AC/Ordinary","centerlat":12.992376,"centerlong":77.521568,"eta":"","sch_arrivaltime":"18:36","sch_departuretime":"18:36","actual_arrivaltime":"","actual_departuretime":"","sch_tripstarttime":"18:31","sch_tripendtime":"18:31","lastlocationid":0,"currentlocationid":21887,"nextlocationid":0,"currentstop":null,"nextstop":null,"laststop":null,"stopCoveredStatus":0,"heading":0,"lastrefreshon":"27-09-2024 08:25:21","lastreceiveddatetimeflag":1,"tripposition":3}]},{"routeid":14400,"stationid":21530,"stationname":"Herohalli Cross","from":"Depot-31 Gate","to":"Janapriya Township","routeno":"G-7 D31G-JPTS","distance_on_station":3.919,"centerlat":12.98726,"centerlong":77.4925,"responsecode":200,"isnotify":0,"vehicleDetails":[{"vehicleid":12156,"vehiclenumber":"KA01F4881","servicetypeid":72,"servicetype":"Non AC/Ordinary","centerlat":12.992376,"centerlong":77.521568,"eta":"","sch_arrivaltime":"18:39","sch_departuretime":"18:39","actual_arrivaltime":"","actual_departuretime":"","sch_tripstarttime":"18:31","sch_tripendtime":"18:31","lastlocationid":0,"currentlocationid":21887,"nextlocationid":0,"currentstop":null,"nextstop":null,"laststop":null,"stopCoveredStatus":0,"heading":0,"lastrefreshon":"27-09-2024 08:25:21","lastreceiveddatetimeflag":1,"tripposition":3}]},{"routeid":14400,"stationid":21456,"stationname":"Anjananagara","from":"Depot-31 Gate","to":"Janapriya Township","routeno":"G-7 D31G-JPTS","distance_on_station":4.387,"centerlat":12.98614,"centerlong":77.48847,"responsecode":200,"isnotify":0,"vehicleDetails":[{"vehicleid":12156,"vehiclenumber":"KA01F4881","servicetypeid":72,"servicetype":"Non AC/Ordinary","centerlat":12.992376,"centerlong":77.521568,"eta":"","sch_arrivaltime":"18:40","sch_departuretime":"18:40","actual_arrivaltime":"","actual_departuretime":"","sch_tripstarttime":"18:31","sch_tripendtime":"18:31","lastlocationid":0,"currentlocationid":21887,"nextlocationid":0,"currentstop":null,"nextstop":null,"laststop":null,"stopCoveredStatus":0,"heading":0,"lastrefreshon":"27-09-2024 08:25:21","lastreceiveddatetimeflag":1,"tripposition":3}]},{"routeid":14400,"stationid":21508,"stationname":"East West College Cross","from":"Depot-31 Gate","to":"Janapriya Township","routeno":"G-7 D31G-JPTS","distance_on_station":4.636,"centerlat":12.98559,"centerlong":77.48632,"responsecode":200,"isnotify":0,"vehicleDetails":[{"vehicleid":12156,"vehiclenumber":"KA01F4881","servicetypeid":72,"servicetype":"Non AC/Ordinary","centerlat":12.992376,"centerlong":77.521568,"eta":"","sch_arrivaltime":"18:41","sch_departuretime":"18:41","actual_arrivaltime":"","actual_departuretime":"","sch_tripstarttime":"18:31","sch_tripendtime":"18:31","lastlocationid":0,"currentlocationid":21887,"nextlocationid":0,"currentstop":null,"nextstop":null,"laststop":null,"stopCoveredStatus":0,"heading":0,"lastrefreshon":"27-09-2024 08:25:21","lastreceiveddatetimeflag":1,"tripposition":3}]},{"routeid":14400,"stationid":21475,"stationname":"Byadarahalli","from":"Depot-31 Gate","to":"Janapriya Township","routeno":"G-7 D31G-JPTS","distance_on_station":5.114,"centerlat":12.98504,"centerlong":77.48214,"responsecode":200,"isnotify":0,"vehicleDetails":[{"vehicleid":12156,"vehiclenumber":"KA01F4881","servicetypeid":72,"servicetype":"Non AC/Ordinary","centerlat":12.992376,"centerlong":77.521568,"eta":"","sch_arrivaltime":"18:42","sch_departuretime":"18:42","actual_arrivaltime":"","actual_departuretime":"","sch_tripstarttime":"18:31","sch_tripendtime":"18:31","lastlocationid":0,"currentlocationid":21887,"nextlocationid":0,"currentstop":null,"nextstop":null,"laststop":null,"stopCoveredStatus":0,"heading":0,"lastrefreshon":"27-09-2024 08:25:21","lastreceiveddatetimeflag":1,"tripposition":3}]},{"routeid":14400,"stationid":21493,"stationname":"College Cross Byadarahalli","from":"Depot-31 Gate","to":"Janapriya Township","routeno":"G-7 D31G-JPTS","distance_on_station":5.405,"centerlat":12.98552,"centerlong":77.47964,"responsecode":200,"isnotify":0,"vehicleDetails":[{"vehicleid":12156,"vehiclenumber":"KA01F4881","servicetypeid":72,"servicetype":"Non AC/Ordinary","centerlat":12.992376,"centerlong":77.521568,"eta":"","sch_arrivaltime":"18:43","sch_departuretime":"18:43","actual_arrivaltime":"","actual_departuretime":"","sch_tripstarttime":"18:31","sch_tripendtime":"18:31","lastlocationid":0,"currentlocationid":21887,"nextlocationid":0,"currentstop":null,"nextstop":null,"laststop":null,"stopCoveredStatus":0,"heading":0,"lastrefreshon":"27-09-2024 08:25:21","lastreceiveddatetimeflag":1,"tripposition":3}]},{"routeid":14400,"stationid":21516,"stationname":"Gollarahatti","from":"Depot-31 Gate","to":"Janapriya Township","routeno":"G-7 D31G-JPTS","distance_on_station":6.247,"centerlat":12.98849,"centerlong":77.47281,"responsecode":200,"isnotify":0,"vehicleDetails":[{"vehicleid":12156,"vehiclenumber":"KA01F4881","servicetypeid":72,"servicetype":"Non AC/Ordinary","centerlat":12.992376,"centerlong":77.521568,"eta":"","sch_arrivaltime":"18:44","sch_departuretime":"18:44","actual_arrivaltime":"","actual_departuretime":"","sch_tripstarttime":"18:31","sch_tripendtime":"18:31","lastlocationid":0,"currentlocationid":21887,"nextlocationid":0,"currentstop":null,"nextstop":null,"laststop":null,"stopCoveredStatus":0,"heading":0,"lastrefreshon":"27-09-2024 08:25:21","lastreceiveddatetimeflag":1,"tripposition":3}]},{"routeid":14400,"stationid":21547,"stationname":"Kachohalli Gate","from":"Depot-31 Gate","to":"Janapriya Township","routeno":"G-7 D31G-JPTS","distance_on_station":6.746,"centerlat":12.99042,"centerlong":77.4688,"responsecode":200,"isnotify":0,"vehicleDetails":[{"vehicleid":12156,"vehiclenumber":"KA01F4881","servicetypeid":72,"servicetype":"Non AC/Ordinary","centerlat":12.992376,"centerlong":77.521568,"eta":"","sch_arrivaltime":"18:45","sch_departuretime":"18:45","actual_arrivaltime":"","actual_departuretime":"","sch_tripstarttime":"18:31","sch_tripendtime":"18:31","lastlocationid":0,"currentlocationid":21887,"nextlocationid":0,"currentstop":null,"nextstop":null,"laststop":null,"stopCoveredStatus":0,"heading":0,"lastrefreshon":"27-09-2024 08:25:21","lastreceiveddatetimeflag":1,"tripposition":3}]},{"routeid":14400,"stationid":21488,"stationname":"Chikka Gollarahatti","from":"Depot-31 Gate","to":"Janapriya Township","routeno":"G-7 D31G-JPTS","distance_on_station":7.131,"centerlat":12.99142,"centerlong":77.4656,"responsecode":200,"isnotify":0,"vehicleDetails":[{"vehicleid":12156,"vehiclenumber":"KA01F4881","servicetypeid":72,"servicetype":"Non AC/Ordinary","centerlat":12.992376,"centerlong":77.521568,"eta":"","sch_arrivaltime":"18:46","sch_departuretime":"18:46","actual_arrivaltime":"","actual_departuretime":"","sch_tripstarttime":"18:31","sch_tripendtime":"18:31","lastlocationid":0,"currentlocationid":21887,"nextlocationid":0,"currentstop":null,"nextstop":null,"laststop":null,"stopCoveredStatus":0,"heading":0,"lastrefreshon":"27-09-2024 08:25:21","lastreceiveddatetimeflag":1,"tripposition":3}]},{"routeid":14400,"stationid":21510,"stationname":"Forest Gate","from":"Depot-31 Gate","to":"Janapriya Township","routeno":"G-7 D31G-JPTS","distance_on_station":7.806,"centerlat":12.99176,"centerlong":77.45971,"responsecode":200,"isnotify":0,"vehicleDetails":[{"vehicleid":12156,"vehiclenumber":"KA01F4881","servicetypeid":72,"servicetype":"Non AC/Ordinary","centerlat":12.992376,"centerlong":77.521568,"eta":"","sch_arrivaltime":"18:47","sch_departuretime":"18:47","actual_arrivaltime":"","actual_departuretime":"","sch_tripstarttime":"18:31","sch_tripendtime":"18:31","lastlocationid":0,"currentlocationid":21887,"nextlocationid":0,"currentstop":null,"nextstop":null,"laststop":null,"stopCoveredStatus":0,"heading":0,"lastrefreshon":"27-09-2024 08:25:21","lastreceiveddatetimeflag":1,"tripposition":3}]},{"routeid":14400,"stationid":21562,"stationname":"Machohalli Gate","from":"Depot-31 Gate","to":"Janapriya Township","routeno":"G-7 D31G-JPTS","distance_on_station":8.409,"centerlat":12.99081,"centerlong":77.45445,"responsecode":200,"isnotify":0,"vehicleDetails":[{"vehicleid":12156,"vehiclenumber":"KA01F4881","servicetypeid":72,"servicetype":"Non AC/Ordinary","centerlat":12.992376,"centerlong":77.521568,"eta":"","sch_arrivaltime":"18:48","sch_departuretime":"18:48","actual_arrivaltime":"","actual_departuretime":"","sch_tripstarttime":"18:31","sch_tripendtime":"18:31","lastlocationid":0,"currentlocationid":21887,"nextlocationid":0,"currentstop":null,"nextstop":null,"laststop":null,"stopCoveredStatus":0,"heading":0,"lastrefreshon":"27-09-2024 08:25:21","lastreceiveddatetimeflag":1,"tripposition":3}]},{"routeid":14400,"stationid":30547,"stationname":"Kadabagere Cross","from":"Depot-31 Gate","to":"Janapriya Township","routeno":"G-7 D31G-JPTS","distance_on_station":9.074,"centerlat":12.98897,"centerlong":77.44898,"responsecode":200,"isnotify":0,"vehicleDetails":[{"vehicleid":12156,"vehiclenumber":"KA01F4881","servicetypeid":72,"servicetype":"Non AC/Ordinary","centerlat":12.992376,"centerlong":77.521568,"eta":"","sch_arrivaltime":"18:49","sch_departuretime":"18:49","actual_arrivaltime":"","actual_departuretime":"","sch_tripstarttime":"18:31","sch_tripendtime":"18:31","lastlocationid":0,"currentlocationid":21887,"nextlocationid":0,"currentstop":null,"nextstop":null,"laststop":null,"stopCoveredStatus":0,"heading":0,"lastrefreshon":"27-09-2024 08:25:21","lastreceiveddatetimeflag":1,"tripposition":3}]},{"routeid":14400,"stationid":34010,"stationname":"Mutturayanaswamy Temple","from":"Depot-31 Gate","to":"Janapriya Township","routeno":"G-7 D31G-JPTS","distance_on_station":9.948,"centerlat":12.99168,"centerlong":77.44264,"responsecode":200,"isnotify":0,"vehicleDetails":[{"vehicleid":12156,"vehiclenumber":"KA01F4881","servicetypeid":72,"servicetype":"Non AC/Ordinary","centerlat":12.992376,"centerlong":77.521568,"eta":"","sch_arrivaltime":"18:51","sch_departuretime":"18:51","actual_arrivaltime":"","actual_departuretime":"","sch_tripstarttime":"18:31","sch_tripendtime":"18:31","lastlocationid":0,"currentlocationid":21887,"nextlocationid":0,"currentstop":null,"nextstop":null,"laststop":null,"stopCoveredStatus":0,"heading":0,"lastrefreshon":"27-09-2024 08:25:21","lastreceiveddatetimeflag":1,"tripposition":3}]},{"routeid":14400,"stationid":33106,"stationname":"Janapriya Township","from":"Depot-31 Gate","to":"Janapriya Township","routeno":"G-7 D31G-JPTS","distance_on_station":10.8,"centerlat":12.99901,"centerlong":77.44272,"responsecode":200,"isnotify":0,"vehicleDetails":[{"vehicleid":12156,"vehiclenumber":"KA01F4881","servicetypeid":72,"servicetype":"Non AC/Ordinary","centerlat":12.992376,"centerlong":77.521568,"eta":"","sch_arrivaltime":"18:53","sch_departuretime":"18:53","actual_arrivaltime":"","actual_departuretime":"","sch_tripstarttime":"18:31","sch_tripendtime":"18:31","lastlocationid":0,"currentlocationid":21887,"nextlocationid":0,"currentstop":null,"nextstop":null,"laststop":null,"stopCoveredStatus":0,"heading":0,"lastrefreshon":"27-09-2024 08:25:21","lastreceiveddatetimeflag":1,"tripposition":3}]}],"mapData":[{"vehicleid":12156,"vehiclenumber":"KA01F4881","servicetypeid":72,"servicetype":"Non AC/Ordinary","centerlat":12.992376,"centerlong":77.521568,"eta":"","sch_arrivaltime":"18:53","sch_departuretime":"18:53","actual_arrivaltime":"","actual_departuretime":"","sch_tripstarttime":"18:31","sch_tripendtime":"18:31","lastlocationid":0,"currentlocationid":21887,"nextlocationid":0,"currentstop":null,"nextstop":null,"laststop":null,"stopCoveredStatus":0,"heading":0,"lastrefreshon":"27-09-2024 08:25:21","lastreceiveddatetimeflag":1,"tripposition":3}]},"down":{"data":[],"mapData":[]},"message":"Success","issuccess":true,"exception":null,"rowCount":0,"responsecode":200}