{"up":{"data":[{"routeid":15112,"stationid":24841,"stationname":"Depot-23 Kalyana Nagara","from":"Depot-23 Kalyana Nagara","to":"80 feet Road Kalyananagara","routeno":"KLN-80FTRD","distance_on_station":0,"centerlat":13.02655,"centerlong":77.63895,"responsecode":200,"isnotify":0,"vehicleDetails":[]},{"routeid":15112,"stationid":36441,"stationname":"Kalyananagara Bus Stand","from":"Depot-23 Kalyana Nagara","to":"80 feet Road Kalyananagara","routeno":"KLN-80FTRD","distance_on_station":0,"centerlat":13.02642,"centerlong":77.63839,"responsecode":200,"isnotify":0,"vehicleDetails":[]},{"routeid":15112,"stationid":20588,"stationname":"80 feet Road Kalyananagara","from":"Depot-23 Kalyana Nagara","to":"80 feet Road Kalyananagara","routeno":"KLN-80FTRD","distance_on_station":0,"centerlat":13.02564,"centerlong":77.6406,"responsecode":200,"isnotify":0,"vehicleDetails":[]}],"mapData":[]},"down":{"data":[{"routeid":15113,"stationid":20588,"stationname":"80 feet Road Kalyananagara","from":"80 feet Road Kalyananagara","to":"Depot-23 Kalyana Nagara","routeno":"KLN-80FTRD","distance_on_station":0,"centerlat":13.02564,"centerlong":77.6406,"responsecode":200,"isnotify":0,"vehicleDetails":[]},{"routeid":15113,"stationid":24841,"stationname":"Depot-23 Kalyana Nagara","from":"80 feet Road Kalyananagara","to":"Depot-23 Kalyana Nagara","routeno":"KLN-80FTRD","distance_on_station":0,"centerlat":13.02655,"centerlong":77.63895,"responsecode":200,"isnotify":0,"vehicleDetails":[]}],"mapData":[]},"message":"Success","issuccess":true,"exception":null,"rowCount":0,"responsecode":200}