{"up":{"data":[],"mapData":[]},"down":{"data":[{"routeid":14156,"stationid":34375,"stationname":"Rameshnagara","from":"Rameshnagara","to":"Depot-06 Gate","routeno":"MF-1F D6G-RMN","distance_on_station":0,"centerlat":12.96412,"centerlong":77.68212,"responsecode":200,"isnotify":0,"vehicleDetails":[{"vehicleid":18738,"vehiclenumber":"KA57F0047","servicetypeid":72,"servicetype":"Non AC/Ordinary","centerlat":12.966839,"centerlong":77.660851,"eta":"","sch_arrivaltime":"21:25","sch_departuretime":"21:25","actual_arrivaltime":"","actual_departuretime":"","sch_tripstarttime":"21:25","sch_tripendtime":"21:25","lastlocationid":0,"currentlocationid":26323,"nextlocationid":0,"currentstop":null,"nextstop":null,"laststop":null,"stopCoveredStatus":0,"heading":277,"lastrefreshon":"16-10-2024 13:24:30","lastreceiveddatetimeflag":0,"tripposition":3}]},{"routeid":14156,"stationid":21719,"stationname":"Basavanagara","from":"Rameshnagara","to":"Depot-06 Gate","routeno":"MF-1F D6G-RMN","distance_on_station":0.277,"centerlat":12.96664,"centerlong":77.68279,"responsecode":200,"isnotify":0,"vehicleDetails":[{"vehicleid":18738,"vehiclenumber":"KA57F0047","servicetypeid":72,"servicetype":"Non AC/Ordinary","centerlat":12.966839,"centerlong":77.660851,"eta":"","sch_arrivaltime":"21:26","sch_departuretime":"21:26","actual_arrivaltime":"","actual_departuretime":"","sch_tripstarttime":"21:25","sch_tripendtime":"21:25","lastlocationid":0,"currentlocationid":26323,"nextlocationid":0,"currentstop":null,"nextstop":null,"laststop":null,"stopCoveredStatus":0,"heading":277,"lastrefreshon":"16-10-2024 13:24:30","lastreceiveddatetimeflag":0,"tripposition":3}]},{"routeid":14156,"stationid":22517,"stationname":"Srirama Reddy Layout","from":"Rameshnagara","to":"Depot-06 Gate","routeno":"MF-1F D6G-RMN","distance_on_station":0.813,"centerlat":12.97175,"centerlong":77.68157,"responsecode":200,"isnotify":0,"vehicleDetails":[{"vehicleid":18738,"vehiclenumber":"KA57F0047","servicetypeid":72,"servicetype":"Non AC/Ordinary","centerlat":12.966839,"centerlong":77.660851,"eta":"","sch_arrivaltime":"21:28","sch_departuretime":"21:28","actual_arrivaltime":"","actual_departuretime":"","sch_tripstarttime":"21:25","sch_tripendtime":"21:25","lastlocationid":0,"currentlocationid":26323,"nextlocationid":0,"currentstop":null,"nextstop":null,"laststop":null,"stopCoveredStatus":0,"heading":277,"lastrefreshon":"16-10-2024 13:24:30","lastreceiveddatetimeflag":0,"tripposition":3}]},{"routeid":14156,"stationid":37193,"stationname":"Malleshpalya New Bus Station(Vignananagar)","from":"Rameshnagara","to":"Depot-06 Gate","routeno":"MF-1F D6G-RMN","distance_on_station":1.206,"centerlat":12.97269,"centerlong":77.67765,"responsecode":200,"isnotify":0,"vehicleDetails":[{"vehicleid":18738,"vehiclenumber":"KA57F0047","servicetypeid":72,"servicetype":"Non AC/Ordinary","centerlat":12.966839,"centerlong":77.660851,"eta":"","sch_arrivaltime":"21:30","sch_departuretime":"21:30","actual_arrivaltime":"","actual_departuretime":"","sch_tripstarttime":"21:25","sch_tripendtime":"21:25","lastlocationid":0,"currentlocationid":26323,"nextlocationid":0,"currentstop":null,"nextstop":null,"laststop":null,"stopCoveredStatus":0,"heading":277,"lastrefreshon":"16-10-2024 13:24:30","lastreceiveddatetimeflag":0,"tripposition":3}]},{"routeid":14156,"stationid":28872,"stationname":"Maruthinagara Malleshpalya","from":"Rameshnagara","to":"Depot-06 Gate","routeno":"MF-1F D6G-RMN","distance_on_station":1.466,"centerlat":12.97334,"centerlong":77.67506,"responsecode":200,"isnotify":0,"vehicleDetails":[{"vehicleid":18738,"vehiclenumber":"KA57F0047","servicetypeid":72,"servicetype":"Non AC/Ordinary","centerlat":12.966839,"centerlong":77.660851,"eta":"","sch_arrivaltime":"21:31","sch_departuretime":"21:31","actual_arrivaltime":"","actual_departuretime":"","sch_tripstarttime":"21:25","sch_tripendtime":"21:25","lastlocationid":0,"currentlocationid":26323,"nextlocationid":0,"currentstop":null,"nextstop":null,"laststop":null,"stopCoveredStatus":0,"heading":277,"lastrefreshon":"16-10-2024 13:24:30","lastreceiveddatetimeflag":0,"tripposition":3}]},{"routeid":14156,"stationid":22246,"stationname":"Malleshpalya","from":"Rameshnagara","to":"Depot-06 Gate","routeno":"MF-1F D6G-RMN","distance_on_station":1.939,"centerlat":12.97476,"centerlong":77.6704,"responsecode":200,"isnotify":0,"vehicleDetails":[{"vehicleid":18738,"vehiclenumber":"KA57F0047","servicetypeid":72,"servicetype":"Non AC/Ordinary","centerlat":12.966839,"centerlong":77.660851,"eta":"","sch_arrivaltime":"21:32","sch_departuretime":"21:32","actual_arrivaltime":"","actual_departuretime":"","sch_tripstarttime":"21:25","sch_tripendtime":"21:25","lastlocationid":0,"currentlocationid":26323,"nextlocationid":0,"currentstop":null,"nextstop":null,"laststop":null,"stopCoveredStatus":0,"heading":277,"lastrefreshon":"16-10-2024 13:24:30","lastreceiveddatetimeflag":0,"tripposition":3}]},{"routeid":14156,"stationid":21967,"stationname":"GM palya","from":"Rameshnagara","to":"Depot-06 Gate","routeno":"MF-1F D6G-RMN","distance_on_station":2.359,"centerlat":12.97518,"centerlong":77.66618,"responsecode":200,"isnotify":0,"vehicleDetails":[{"vehicleid":18738,"vehiclenumber":"KA57F0047","servicetypeid":72,"servicetype":"Non AC/Ordinary","centerlat":12.966839,"centerlong":77.660851,"eta":"","sch_arrivaltime":"21:33","sch_departuretime":"21:33","actual_arrivaltime":"","actual_departuretime":"","sch_tripstarttime":"21:25","sch_tripendtime":"21:25","lastlocationid":0,"currentlocationid":26323,"nextlocationid":0,"currentstop":null,"nextstop":null,"laststop":null,"stopCoveredStatus":0,"heading":277,"lastrefreshon":"16-10-2024 13:24:30","lastreceiveddatetimeflag":0,"tripposition":3}]},{"routeid":14156,"stationid":24153,"stationname":"BEML Gate","from":"Rameshnagara","to":"Depot-06 Gate","routeno":"MF-1F D6G-RMN","distance_on_station":3.28,"centerlat":12.9714,"centerlong":77.65873,"responsecode":200,"isnotify":0,"vehicleDetails":[{"vehicleid":18738,"vehiclenumber":"KA57F0047","servicetypeid":72,"servicetype":"Non AC/Ordinary","centerlat":12.966839,"centerlong":77.660851,"eta":"","sch_arrivaltime":"21:35","sch_departuretime":"21:35","actual_arrivaltime":"","actual_departuretime":"","sch_tripstarttime":"21:25","sch_tripendtime":"21:25","lastlocationid":0,"currentlocationid":26323,"nextlocationid":0,"currentstop":null,"nextstop":null,"laststop":null,"stopCoveredStatus":0,"heading":277,"lastrefreshon":"16-10-2024 13:24:30","lastreceiveddatetimeflag":0,"tripposition":3}]},{"routeid":14156,"stationid":26323,"stationname":"Jeevan Bheemanagara Cross","from":"Rameshnagara","to":"Depot-06 Gate","routeno":"MF-1F D6G-RMN","distance_on_station":3.861,"centerlat":12.96679,"centerlong":77.66134,"responsecode":200,"isnotify":0,"vehicleDetails":[{"vehicleid":18738,"vehiclenumber":"KA57F0047","servicetypeid":72,"servicetype":"Non AC/Ordinary","centerlat":12.966839,"centerlong":77.660851,"eta":"","sch_arrivaltime":"21:37","sch_departuretime":"21:37","actual_arrivaltime":"","actual_departuretime":"","sch_tripstarttime":"21:25","sch_tripendtime":"21:25","lastlocationid":0,"currentlocationid":26323,"nextlocationid":0,"currentstop":null,"nextstop":null,"laststop":null,"stopCoveredStatus":0,"heading":277,"lastrefreshon":"16-10-2024 13:24:30","lastreceiveddatetimeflag":0,"tripposition":3}]},{"routeid":14156,"stationid":27670,"stationname":"JBN Petrol Bunk","from":"Rameshnagara","to":"Depot-06 Gate","routeno":"MF-1F D6G-RMN","distance_on_station":4.37,"centerlat":12.9675,"centerlong":77.65613,"responsecode":200,"isnotify":0,"vehicleDetails":[{"vehicleid":18738,"vehiclenumber":"KA57F0047","servicetypeid":72,"servicetype":"Non AC/Ordinary","centerlat":12.966839,"centerlong":77.660851,"eta":"","sch_arrivaltime":"21:38","sch_departuretime":"21:38","actual_arrivaltime":"","actual_departuretime":"","sch_tripstarttime":"21:25","sch_tripendtime":"21:25","lastlocationid":0,"currentlocationid":26323,"nextlocationid":0,"currentstop":null,"nextstop":null,"laststop":null,"stopCoveredStatus":0,"heading":277,"lastrefreshon":"16-10-2024 13:24:30","lastreceiveddatetimeflag":0,"tripposition":3}]},{"routeid":14156,"stationid":22180,"stationname":"Kodihalli","from":"Rameshnagara","to":"Depot-06 Gate","routeno":"MF-1F D6G-RMN","distance_on_station":4.996,"centerlat":12.96851,"centerlong":77.64976,"responsecode":200,"isnotify":0,"vehicleDetails":[{"vehicleid":18738,"vehiclenumber":"KA57F0047","servicetypeid":72,"servicetype":"Non AC/Ordinary","centerlat":12.966839,"centerlong":77.660851,"eta":"","sch_arrivaltime":"21:40","sch_departuretime":"21:40","actual_arrivaltime":"","actual_departuretime":"","sch_tripstarttime":"21:25","sch_tripendtime":"21:25","lastlocationid":0,"currentlocationid":26323,"nextlocationid":0,"currentstop":null,"nextstop":null,"laststop":null,"stopCoveredStatus":0,"heading":277,"lastrefreshon":"16-10-2024 13:24:30","lastreceiveddatetimeflag":0,"tripposition":3}]},{"routeid":14156,"stationid":22549,"stationname":"Thippasandra","from":"Rameshnagara","to":"Depot-06 Gate","routeno":"MF-1F D6G-RMN","distance_on_station":5.666,"centerlat":12.97361,"centerlong":77.64689,"responsecode":200,"isnotify":0,"vehicleDetails":[{"vehicleid":18738,"vehiclenumber":"KA57F0047","servicetypeid":72,"servicetype":"Non AC/Ordinary","centerlat":12.966839,"centerlong":77.660851,"eta":"","sch_arrivaltime":"21:43","sch_departuretime":"21:43","actual_arrivaltime":"","actual_departuretime":"","sch_tripstarttime":"21:25","sch_tripendtime":"21:25","lastlocationid":0,"currentlocationid":26323,"nextlocationid":0,"currentstop":null,"nextstop":null,"laststop":null,"stopCoveredStatus":0,"heading":277,"lastrefreshon":"16-10-2024 13:24:30","lastreceiveddatetimeflag":0,"tripposition":3}]},{"routeid":14156,"stationid":24707,"stationname":"CMH Hospital","from":"Rameshnagara","to":"Depot-06 Gate","routeno":"MF-1F D6G-RMN","distance_on_station":6.157,"centerlat":12.97849,"centerlong":77.64655,"responsecode":200,"isnotify":0,"vehicleDetails":[{"vehicleid":18738,"vehiclenumber":"KA57F0047","servicetypeid":72,"servicetype":"Non AC/Ordinary","centerlat":12.966839,"centerlong":77.660851,"eta":"","sch_arrivaltime":"21:44","sch_departuretime":"21:44","actual_arrivaltime":"","actual_departuretime":"","sch_tripstarttime":"21:25","sch_tripendtime":"21:25","lastlocationid":0,"currentlocationid":26323,"nextlocationid":0,"currentstop":null,"nextstop":null,"laststop":null,"stopCoveredStatus":0,"heading":277,"lastrefreshon":"16-10-2024 13:24:30","lastreceiveddatetimeflag":0,"tripposition":3}]},{"routeid":14156,"stationid":22389,"stationname":"Indiranagara Police Station/KFC","from":"Rameshnagara","to":"Depot-06 Gate","routeno":"MF-1F D6G-RMN","distance_on_station":6.738,"centerlat":12.97857,"centerlong":77.6408,"responsecode":200,"isnotify":0,"vehicleDetails":[{"vehicleid":18738,"vehiclenumber":"KA57F0047","servicetypeid":72,"servicetype":"Non AC/Ordinary","centerlat":12.966839,"centerlong":77.660851,"eta":"","sch_arrivaltime":"21:46","sch_departuretime":"21:46","actual_arrivaltime":"","actual_departuretime":"","sch_tripstarttime":"21:25","sch_tripendtime":"21:25","lastlocationid":0,"currentlocationid":26323,"nextlocationid":0,"currentstop":null,"nextstop":null,"laststop":null,"stopCoveredStatus":0,"heading":277,"lastrefreshon":"16-10-2024 13:24:30","lastreceiveddatetimeflag":0,"tripposition":3}]},{"routeid":14156,"stationid":20671,"stationname":"Binnamangala","from":"Rameshnagara","to":"Depot-06 Gate","routeno":"MF-1F D6G-RMN","distance_on_station":7.328,"centerlat":12.98384,"centerlong":77.64002,"responsecode":200,"isnotify":0,"vehicleDetails":[{"vehicleid":18738,"vehiclenumber":"KA57F0047","servicetypeid":72,"servicetype":"Non AC/Ordinary","centerlat":12.966839,"centerlong":77.660851,"eta":"","sch_arrivaltime":"21:48","sch_departuretime":"21:48","actual_arrivaltime":"","actual_departuretime":"","sch_tripstarttime":"21:25","sch_tripendtime":"21:25","lastlocationid":0,"currentlocationid":26323,"nextlocationid":0,"currentstop":null,"nextstop":null,"laststop":null,"stopCoveredStatus":0,"heading":277,"lastrefreshon":"16-10-2024 13:24:30","lastreceiveddatetimeflag":0,"tripposition":3}]},{"routeid":14156,"stationid":20742,"stationname":"Depot-06 Gate","from":"Rameshnagara","to":"Depot-06 Gate","routeno":"MF-1F D6G-RMN","distance_on_station":7.9,"centerlat":12.9824,"centerlong":77.6344,"responsecode":200,"isnotify":0,"vehicleDetails":[{"vehicleid":18738,"vehiclenumber":"KA57F0047","servicetypeid":72,"servicetype":"Non AC/Ordinary","centerlat":12.966839,"centerlong":77.660851,"eta":"","sch_arrivaltime":"21:49","sch_departuretime":"21:49","actual_arrivaltime":"","actual_departuretime":"","sch_tripstarttime":"21:25","sch_tripendtime":"21:25","lastlocationid":0,"currentlocationid":26323,"nextlocationid":0,"currentstop":null,"nextstop":null,"laststop":null,"stopCoveredStatus":0,"heading":277,"lastrefreshon":"16-10-2024 13:24:30","lastreceiveddatetimeflag":0,"tripposition":3}]}],"mapData":[{"vehicleid":18738,"vehiclenumber":"KA57F0047","servicetypeid":72,"servicetype":"Non AC/Ordinary","centerlat":12.966839,"centerlong":77.660851,"eta":"","sch_arrivaltime":"21:49","sch_departuretime":"21:49","actual_arrivaltime":"","actual_departuretime":"","sch_tripstarttime":"21:25","sch_tripendtime":"21:25","lastlocationid":0,"currentlocationid":26323,"nextlocationid":0,"currentstop":null,"nextstop":null,"laststop":null,"stopCoveredStatus":0,"heading":277,"lastrefreshon":"16-10-2024 13:24:30","lastreceiveddatetimeflag":0,"tripposition":3}]},"message":"Success","issuccess":true,"exception":null,"rowCount":0,"responsecode":200}