{"up":{"data":[{"routeid":12510,"stationid":33956,"stationname":"MS Palya","from":"MS Palya","to":"Jalahalli Metro Station Arrival","routeno":"MF-23E","distance_on_station":0,"centerlat":13.08181,"centerlong":77.5482,"responsecode":200,"isnotify":0,"vehicleDetails":[{"vehicleid":22818,"vehiclenumber":"KA57F3554","servicetypeid":72,"servicetype":"Non AC/Ordinary","centerlat":13.058989,"centerlong":77.507027,"eta":"","sch_arrivaltime":"15:10","sch_departuretime":"15:10","actual_arrivaltime":"","actual_departuretime":"","sch_tripstarttime":"15:10","sch_tripendtime":"15:10","lastlocationid":0,"currentlocationid":20619,"nextlocationid":0,"currentstop":null,"nextstop":null,"laststop":null,"stopCoveredStatus":1,"heading":178,"lastrefreshon":"09-03-2024 15:30:28","lastreceiveddatetimeflag":0,"tripposition":1},{"vehicleid":22862,"vehiclenumber":"KA57F3628","servicetypeid":72,"servicetype":"Non AC/Ordinary","centerlat":13.093128,"centerlong":77.527443,"eta":"","sch_arrivaltime":"15:30","sch_departuretime":"15:30","actual_arrivaltime":"15:21","actual_departuretime":"15:21","sch_tripstarttime":"15:30","sch_tripendtime":"15:30","lastlocationid":0,"currentlocationid":25622,"nextlocationid":0,"currentstop":null,"nextstop":null,"laststop":null,"stopCoveredStatus":1,"heading":242,"lastrefreshon":"09-03-2024 15:29:46","lastreceiveddatetimeflag":0,"tripposition":1}]},{"routeid":12510,"stationid":28127,"stationname":"Sambhram College","from":"MS Palya","to":"Jalahalli Metro Station Arrival","routeno":"MF-23E","distance_on_station":0.821,"centerlat":13.08827,"centerlong":77.54666,"responsecode":200,"isnotify":0,"vehicleDetails":[{"vehicleid":22862,"vehiclenumber":"KA57F3628","servicetypeid":72,"servicetype":"Non AC/Ordinary","centerlat":13.093128,"centerlong":77.527443,"eta":"","sch_arrivaltime":"15:32","sch_departuretime":"15:32","actual_arrivaltime":"15:23","actual_departuretime":"15:23","sch_tripstarttime":"15:30","sch_tripendtime":"15:30","lastlocationid":0,"currentlocationid":25622,"nextlocationid":0,"currentstop":null,"nextstop":null,"laststop":null,"stopCoveredStatus":1,"heading":242,"lastrefreshon":"09-03-2024 15:29:46","lastreceiveddatetimeflag":0,"tripposition":1},{"vehicleid":22818,"vehiclenumber":"KA57F3554","servicetypeid":72,"servicetype":"Non AC/Ordinary","centerlat":13.058989,"centerlong":77.507027,"eta":"","sch_arrivaltime":"15:12","sch_departuretime":"15:12","actual_arrivaltime":"","actual_departuretime":"","sch_tripstarttime":"15:10","sch_tripendtime":"15:10","lastlocationid":0,"currentlocationid":20619,"nextlocationid":0,"currentstop":null,"nextstop":null,"laststop":null,"stopCoveredStatus":1,"heading":178,"lastrefreshon":"09-03-2024 15:30:28","lastreceiveddatetimeflag":0,"tripposition":3}]},{"routeid":12510,"stationid":29896,"stationname":"Best County","from":"MS Palya","to":"Jalahalli Metro Station Arrival","routeno":"MF-23E","distance_on_station":1.078,"centerlat":13.08932,"centerlong":77.54467,"responsecode":200,"isnotify":0,"vehicleDetails":[{"vehicleid":22862,"vehiclenumber":"KA57F3628","servicetypeid":72,"servicetype":"Non AC/Ordinary","centerlat":13.093128,"centerlong":77.527443,"eta":"","sch_arrivaltime":"15:33","sch_departuretime":"15:33","actual_arrivaltime":"15:24","actual_departuretime":"15:24","sch_tripstarttime":"15:30","sch_tripendtime":"15:30","lastlocationid":0,"currentlocationid":25622,"nextlocationid":0,"currentstop":null,"nextstop":null,"laststop":null,"stopCoveredStatus":1,"heading":242,"lastrefreshon":"09-03-2024 15:29:46","lastreceiveddatetimeflag":0,"tripposition":1},{"vehicleid":22818,"vehiclenumber":"KA57F3554","servicetypeid":72,"servicetype":"Non AC/Ordinary","centerlat":13.058989,"centerlong":77.507027,"eta":"","sch_arrivaltime":"15:13","sch_departuretime":"15:13","actual_arrivaltime":"","actual_departuretime":"","sch_tripstarttime":"15:10","sch_tripendtime":"15:10","lastlocationid":0,"currentlocationid":20619,"nextlocationid":0,"currentstop":null,"nextstop":null,"laststop":null,"stopCoveredStatus":1,"heading":178,"lastrefreshon":"09-03-2024 15:30:28","lastreceiveddatetimeflag":0,"tripposition":3}]},{"routeid":12510,"stationid":33339,"stationname":"Kanshiram Nagara","from":"MS Palya","to":"Jalahalli Metro Station Arrival","routeno":"MF-23E","distance_on_station":1.734,"centerlat":13.09061,"centerlong":77.5389,"responsecode":200,"isnotify":0,"vehicleDetails":[{"vehicleid":22862,"vehiclenumber":"KA57F3628","servicetypeid":72,"servicetype":"Non AC/Ordinary","centerlat":13.093128,"centerlong":77.527443,"eta":"","sch_arrivaltime":"15:34","sch_departuretime":"15:34","actual_arrivaltime":"15:26","actual_departuretime":"15:26","sch_tripstarttime":"15:30","sch_tripendtime":"15:30","lastlocationid":0,"currentlocationid":25622,"nextlocationid":0,"currentstop":null,"nextstop":null,"laststop":null,"stopCoveredStatus":1,"heading":242,"lastrefreshon":"09-03-2024 15:29:46","lastreceiveddatetimeflag":0,"tripposition":1},{"vehicleid":22818,"vehiclenumber":"KA57F3554","servicetypeid":72,"servicetype":"Non AC/Ordinary","centerlat":13.058989,"centerlong":77.507027,"eta":"","sch_arrivaltime":"15:14","sch_departuretime":"15:14","actual_arrivaltime":"","actual_departuretime":"","sch_tripstarttime":"15:10","sch_tripendtime":"15:10","lastlocationid":0,"currentlocationid":20619,"nextlocationid":0,"currentstop":null,"nextstop":null,"laststop":null,"stopCoveredStatus":1,"heading":178,"lastrefreshon":"09-03-2024 15:30:28","lastreceiveddatetimeflag":0,"tripposition":3}]},{"routeid":12510,"stationid":33685,"stationname":"Lakshmipura Cross","from":"MS Palya","to":"Jalahalli Metro Station Arrival","routeno":"MF-23E","distance_on_station":2.33,"centerlat":13.09209,"centerlong":77.53397,"responsecode":200,"isnotify":0,"vehicleDetails":[{"vehicleid":22862,"vehiclenumber":"KA57F3628","servicetypeid":72,"servicetype":"Non AC/Ordinary","centerlat":13.093128,"centerlong":77.527443,"eta":"","sch_arrivaltime":"15:35","sch_departuretime":"15:35","actual_arrivaltime":"15:27","actual_departuretime":"15:27","sch_tripstarttime":"15:30","sch_tripendtime":"15:30","lastlocationid":0,"currentlocationid":25622,"nextlocationid":0,"currentstop":null,"nextstop":null,"laststop":null,"stopCoveredStatus":1,"heading":242,"lastrefreshon":"09-03-2024 15:29:46","lastreceiveddatetimeflag":0,"tripposition":1},{"vehicleid":22818,"vehiclenumber":"KA57F3554","servicetypeid":72,"servicetype":"Non AC/Ordinary","centerlat":13.058989,"centerlong":77.507027,"eta":"","sch_arrivaltime":"15:15","sch_departuretime":"15:15","actual_arrivaltime":"","actual_departuretime":"","sch_tripstarttime":"15:10","sch_tripendtime":"15:10","lastlocationid":0,"currentlocationid":20619,"nextlocationid":0,"currentstop":null,"nextstop":null,"laststop":null,"stopCoveredStatus":1,"heading":178,"lastrefreshon":"09-03-2024 15:30:28","lastreceiveddatetimeflag":0,"tripposition":3}]},{"routeid":12510,"stationid":25622,"stationname":"Guni Agrahara","from":"MS Palya","to":"Jalahalli Metro Station Arrival","routeno":"MF-23E","distance_on_station":3.028,"centerlat":13.09354,"centerlong":77.52789,"responsecode":200,"isnotify":0,"vehicleDetails":[{"vehicleid":22862,"vehiclenumber":"KA57F3628","servicetypeid":72,"servicetype":"Non AC/Ordinary","centerlat":13.093128,"centerlong":77.527443,"eta":"","sch_arrivaltime":"15:36","sch_departuretime":"15:36","actual_arrivaltime":"15:29","actual_departuretime":"15:29","sch_tripstarttime":"15:30","sch_tripendtime":"15:30","lastlocationid":0,"currentlocationid":25622,"nextlocationid":0,"currentstop":null,"nextstop":null,"laststop":null,"stopCoveredStatus":1,"heading":242,"lastrefreshon":"09-03-2024 15:29:46","lastreceiveddatetimeflag":0,"tripposition":1},{"vehicleid":22818,"vehiclenumber":"KA57F3554","servicetypeid":72,"servicetype":"Non AC/Ordinary","centerlat":13.058989,"centerlong":77.507027,"eta":"","sch_arrivaltime":"15:16","sch_departuretime":"15:16","actual_arrivaltime":"","actual_departuretime":"","sch_tripstarttime":"15:10","sch_tripendtime":"15:10","lastlocationid":0,"currentlocationid":20619,"nextlocationid":0,"currentstop":null,"nextstop":null,"laststop":null,"stopCoveredStatus":1,"heading":178,"lastrefreshon":"09-03-2024 15:30:28","lastreceiveddatetimeflag":0,"tripposition":3}]},{"routeid":12510,"stationid":30925,"stationname":"Kebbepalya Gate","from":"MS Palya","to":"Jalahalli Metro Station Arrival","routeno":"MF-23E","distance_on_station":4.741,"centerlat":13.09008,"centerlong":77.51395,"responsecode":200,"isnotify":0,"vehicleDetails":[{"vehicleid":22862,"vehiclenumber":"KA57F3628","servicetypeid":72,"servicetype":"Non AC/Ordinary","centerlat":13.093128,"centerlong":77.527443,"eta":"2024-03-09 15:34:00","sch_arrivaltime":"15:40","sch_departuretime":"15:40","actual_arrivaltime":"","actual_departuretime":"","sch_tripstarttime":"15:30","sch_tripendtime":"15:30","lastlocationid":0,"currentlocationid":25622,"nextlocationid":0,"currentstop":null,"nextstop":null,"laststop":null,"stopCoveredStatus":0,"heading":242,"lastrefreshon":"09-03-2024 15:29:46","lastreceiveddatetimeflag":0,"tripposition":3},{"vehicleid":22818,"vehiclenumber":"KA57F3554","servicetypeid":72,"servicetype":"Non AC/Ordinary","centerlat":13.058989,"centerlong":77.507027,"eta":"","sch_arrivaltime":"15:20","sch_departuretime":"15:20","actual_arrivaltime":"","actual_departuretime":"","sch_tripstarttime":"15:10","sch_tripendtime":"15:10","lastlocationid":0,"currentlocationid":20619,"nextlocationid":0,"currentstop":null,"nextstop":null,"laststop":null,"stopCoveredStatus":1,"heading":178,"lastrefreshon":"09-03-2024 15:30:28","lastreceiveddatetimeflag":0,"tripposition":3}]},{"routeid":12510,"stationid":21948,"stationname":"Ganigarahalli","from":"MS Palya","to":"Jalahalli Metro Station Arrival","routeno":"MF-23E","distance_on_station":5.203,"centerlat":13.08911,"centerlong":77.51,"responsecode":200,"isnotify":0,"vehicleDetails":[{"vehicleid":22862,"vehiclenumber":"KA57F3628","servicetypeid":72,"servicetype":"Non AC/Ordinary","centerlat":13.093128,"centerlong":77.527443,"eta":"2024-03-09 15:35:00","sch_arrivaltime":"15:41","sch_departuretime":"15:41","actual_arrivaltime":"","actual_departuretime":"","sch_tripstarttime":"15:30","sch_tripendtime":"15:30","lastlocationid":0,"currentlocationid":25622,"nextlocationid":0,"currentstop":null,"nextstop":null,"laststop":null,"stopCoveredStatus":0,"heading":242,"lastrefreshon":"09-03-2024 15:29:46","lastreceiveddatetimeflag":0,"tripposition":3},{"vehicleid":22818,"vehiclenumber":"KA57F3554","servicetypeid":72,"servicetype":"Non AC/Ordinary","centerlat":13.058989,"centerlong":77.507027,"eta":"","sch_arrivaltime":"15:21","sch_departuretime":"15:21","actual_arrivaltime":"15:17","actual_departuretime":"15:17","sch_tripstarttime":"15:10","sch_tripendtime":"15:10","lastlocationid":0,"currentlocationid":20619,"nextlocationid":0,"currentstop":null,"nextstop":null,"laststop":null,"stopCoveredStatus":1,"heading":178,"lastrefreshon":"09-03-2024 15:30:28","lastreceiveddatetimeflag":0,"tripposition":1}]},{"routeid":12510,"stationid":20717,"stationname":"Chikka Banavara","from":"MS Palya","to":"Jalahalli Metro Station Arrival","routeno":"MF-23E","distance_on_station":6.609,"centerlat":13.08053,"centerlong":77.50259,"responsecode":200,"isnotify":0,"vehicleDetails":[{"vehicleid":22862,"vehiclenumber":"KA57F3628","servicetypeid":72,"servicetype":"Non AC/Ordinary","centerlat":13.093128,"centerlong":77.527443,"eta":"2024-03-09 15:39:00","sch_arrivaltime":"15:45","sch_departuretime":"15:45","actual_arrivaltime":"","actual_departuretime":"","sch_tripstarttime":"15:30","sch_tripendtime":"15:30","lastlocationid":0,"currentlocationid":25622,"nextlocationid":0,"currentstop":null,"nextstop":null,"laststop":null,"stopCoveredStatus":0,"heading":242,"lastrefreshon":"09-03-2024 15:29:46","lastreceiveddatetimeflag":0,"tripposition":3},{"vehicleid":22818,"vehiclenumber":"KA57F3554","servicetypeid":72,"servicetype":"Non AC/Ordinary","centerlat":13.058989,"centerlong":77.507027,"eta":"","sch_arrivaltime":"15:25","sch_departuretime":"15:25","actual_arrivaltime":"15:21","actual_departuretime":"15:21","sch_tripstarttime":"15:10","sch_tripendtime":"15:10","lastlocationid":0,"currentlocationid":20619,"nextlocationid":0,"currentstop":null,"nextstop":null,"laststop":null,"stopCoveredStatus":1,"heading":178,"lastrefreshon":"09-03-2024 15:30:28","lastreceiveddatetimeflag":0,"tripposition":1}]},{"routeid":12510,"stationid":21109,"stationname":"Chikkabanavara Railway Station","from":"MS Palya","to":"Jalahalli Metro Station Arrival","routeno":"MF-23E","distance_on_station":7.399,"centerlat":13.07523,"centerlong":77.50453,"responsecode":200,"isnotify":0,"vehicleDetails":[{"vehicleid":22818,"vehiclenumber":"KA57F3554","servicetypeid":72,"servicetype":"Non AC/Ordinary","centerlat":13.058989,"centerlong":77.507027,"eta":"","sch_arrivaltime":"15:27","sch_departuretime":"15:27","actual_arrivaltime":"15:24","actual_departuretime":"15:24","sch_tripstarttime":"15:10","sch_tripendtime":"15:10","lastlocationid":0,"currentlocationid":20619,"nextlocationid":0,"currentstop":null,"nextstop":null,"laststop":null,"stopCoveredStatus":1,"heading":178,"lastrefreshon":"09-03-2024 15:30:28","lastreceiveddatetimeflag":0,"tripposition":1},{"vehicleid":22862,"vehiclenumber":"KA57F3628","servicetypeid":72,"servicetype":"Non AC/Ordinary","centerlat":13.093128,"centerlong":77.527443,"eta":"2024-03-09 15:41:00","sch_arrivaltime":"15:47","sch_departuretime":"15:47","actual_arrivaltime":"","actual_departuretime":"","sch_tripstarttime":"15:30","sch_tripendtime":"15:30","lastlocationid":0,"currentlocationid":25622,"nextlocationid":0,"currentstop":null,"nextstop":null,"laststop":null,"stopCoveredStatus":0,"heading":242,"lastrefreshon":"09-03-2024 15:29:46","lastreceiveddatetimeflag":0,"tripposition":3}]},{"routeid":12510,"stationid":20873,"stationname":"Janapriya Apartment","from":"MS Palya","to":"Jalahalli Metro Station Arrival","routeno":"MF-23E","distance_on_station":7.687,"centerlat":13.07319,"centerlong":77.50318,"responsecode":200,"isnotify":0,"vehicleDetails":[{"vehicleid":22818,"vehiclenumber":"KA57F3554","servicetypeid":72,"servicetype":"Non AC/Ordinary","centerlat":13.058989,"centerlong":77.507027,"eta":"","sch_arrivaltime":"15:28","sch_departuretime":"15:28","actual_arrivaltime":"15:24","actual_departuretime":"15:25","sch_tripstarttime":"15:10","sch_tripendtime":"15:10","lastlocationid":0,"currentlocationid":20619,"nextlocationid":0,"currentstop":null,"nextstop":null,"laststop":null,"stopCoveredStatus":1,"heading":178,"lastrefreshon":"09-03-2024 15:30:28","lastreceiveddatetimeflag":0,"tripposition":1},{"vehicleid":22862,"vehiclenumber":"KA57F3628","servicetypeid":72,"servicetype":"Non AC/Ordinary","centerlat":13.093128,"centerlong":77.527443,"eta":"2024-03-09 15:42:00","sch_arrivaltime":"15:48","sch_departuretime":"15:48","actual_arrivaltime":"","actual_departuretime":"","sch_tripstarttime":"15:30","sch_tripendtime":"15:30","lastlocationid":0,"currentlocationid":25622,"nextlocationid":0,"currentstop":null,"nextstop":null,"laststop":null,"stopCoveredStatus":0,"heading":242,"lastrefreshon":"09-03-2024 15:29:46","lastreceiveddatetimeflag":0,"tripposition":3}]},{"routeid":12510,"stationid":21157,"stationname":"Sapthagiri Hospital","from":"MS Palya","to":"Jalahalli Metro Station Arrival","routeno":"MF-23E","distance_on_station":7.995,"centerlat":13.07066,"centerlong":77.50395,"responsecode":200,"isnotify":0,"vehicleDetails":[{"vehicleid":22818,"vehiclenumber":"KA57F3554","servicetypeid":72,"servicetype":"Non AC/Ordinary","centerlat":13.058989,"centerlong":77.507027,"eta":"","sch_arrivaltime":"15:29","sch_departuretime":"15:29","actual_arrivaltime":"15:26","actual_departuretime":"15:26","sch_tripstarttime":"15:10","sch_tripendtime":"15:10","lastlocationid":0,"currentlocationid":20619,"nextlocationid":0,"currentstop":null,"nextstop":null,"laststop":null,"stopCoveredStatus":1,"heading":178,"lastrefreshon":"09-03-2024 15:30:28","lastreceiveddatetimeflag":0,"tripposition":1},{"vehicleid":22862,"vehiclenumber":"KA57F3628","servicetypeid":72,"servicetype":"Non AC/Ordinary","centerlat":13.093128,"centerlong":77.527443,"eta":"2024-03-09 15:43:00","sch_arrivaltime":"15:49","sch_departuretime":"15:49","actual_arrivaltime":"","actual_departuretime":"","sch_tripstarttime":"15:30","sch_tripendtime":"15:30","lastlocationid":0,"currentlocationid":25622,"nextlocationid":0,"currentstop":null,"nextstop":null,"laststop":null,"stopCoveredStatus":0,"heading":242,"lastrefreshon":"09-03-2024 15:29:46","lastreceiveddatetimeflag":0,"tripposition":3}]},{"routeid":12510,"stationid":21155,"stationname":"Sapthagiri College","from":"MS Palya","to":"Jalahalli Metro Station Arrival","routeno":"MF-23E","distance_on_station":8.446,"centerlat":13.06675,"centerlong":77.50335,"responsecode":200,"isnotify":0,"vehicleDetails":[{"vehicleid":22818,"vehiclenumber":"KA57F3554","servicetypeid":72,"servicetype":"Non AC/Ordinary","centerlat":13.058989,"centerlong":77.507027,"eta":"","sch_arrivaltime":"15:30","sch_departuretime":"15:30","actual_arrivaltime":"15:27","actual_departuretime":"15:27","sch_tripstarttime":"15:10","sch_tripendtime":"15:10","lastlocationid":0,"currentlocationid":20619,"nextlocationid":0,"currentstop":null,"nextstop":null,"laststop":null,"stopCoveredStatus":1,"heading":178,"lastrefreshon":"09-03-2024 15:30:28","lastreceiveddatetimeflag":0,"tripposition":1},{"vehicleid":22862,"vehiclenumber":"KA57F3628","servicetypeid":72,"servicetype":"Non AC/Ordinary","centerlat":13.093128,"centerlong":77.527443,"eta":"2024-03-09 15:44:00","sch_arrivaltime":"15:50","sch_departuretime":"15:50","actual_arrivaltime":"","actual_departuretime":"","sch_tripstarttime":"15:30","sch_tripendtime":"15:30","lastlocationid":0,"currentlocationid":25622,"nextlocationid":0,"currentstop":null,"nextstop":null,"laststop":null,"stopCoveredStatus":0,"heading":242,"lastrefreshon":"09-03-2024 15:29:46","lastreceiveddatetimeflag":0,"tripposition":3}]},{"routeid":12510,"stationid":20676,"stationname":"Bone Mill","from":"MS Palya","to":"Jalahalli Metro Station Arrival","routeno":"MF-23E","distance_on_station":8.836,"centerlat":13.06385,"centerlong":77.50508,"responsecode":200,"isnotify":0,"vehicleDetails":[{"vehicleid":22818,"vehiclenumber":"KA57F3554","servicetypeid":72,"servicetype":"Non AC/Ordinary","centerlat":13.058989,"centerlong":77.507027,"eta":"","sch_arrivaltime":"15:31","sch_departuretime":"15:31","actual_arrivaltime":"15:28","actual_departuretime":"15:29","sch_tripstarttime":"15:10","sch_tripendtime":"15:10","lastlocationid":0,"currentlocationid":20619,"nextlocationid":0,"currentstop":null,"nextstop":null,"laststop":null,"stopCoveredStatus":1,"heading":178,"lastrefreshon":"09-03-2024 15:30:28","lastreceiveddatetimeflag":0,"tripposition":1},{"vehicleid":22862,"vehiclenumber":"KA57F3628","servicetypeid":72,"servicetype":"Non AC/Ordinary","centerlat":13.093128,"centerlong":77.527443,"eta":"2024-03-09 15:45:00","sch_arrivaltime":"15:51","sch_departuretime":"15:51","actual_arrivaltime":"","actual_departuretime":"","sch_tripstarttime":"15:30","sch_tripendtime":"15:30","lastlocationid":0,"currentlocationid":25622,"nextlocationid":0,"currentstop":null,"nextstop":null,"laststop":null,"stopCoveredStatus":0,"heading":242,"lastrefreshon":"09-03-2024 15:29:46","lastreceiveddatetimeflag":0,"tripposition":3}]},{"routeid":12510,"stationid":20619,"stationname":"Bagalagunte","from":"MS Palya","to":"Jalahalli Metro Station Arrival","routeno":"MF-23E","distance_on_station":9.719,"centerlat":13.05665,"centerlong":77.50735,"responsecode":200,"isnotify":0,"vehicleDetails":[{"vehicleid":22818,"vehiclenumber":"KA57F3554","servicetypeid":72,"servicetype":"Non AC/Ordinary","centerlat":13.058989,"centerlong":77.507027,"eta":"2024-03-09 15:31:00","sch_arrivaltime":"15:33","sch_departuretime":"15:33","actual_arrivaltime":"","actual_departuretime":"","sch_tripstarttime":"15:10","sch_tripendtime":"15:10","lastlocationid":0,"currentlocationid":20619,"nextlocationid":0,"currentstop":null,"nextstop":null,"laststop":null,"stopCoveredStatus":0,"heading":178,"lastrefreshon":"09-03-2024 15:30:28","lastreceiveddatetimeflag":0,"tripposition":3},{"vehicleid":22862,"vehiclenumber":"KA57F3628","servicetypeid":72,"servicetype":"Non AC/Ordinary","centerlat":13.093128,"centerlong":77.527443,"eta":"2024-03-09 15:47:00","sch_arrivaltime":"15:53","sch_departuretime":"15:53","actual_arrivaltime":"","actual_departuretime":"","sch_tripstarttime":"15:30","sch_tripendtime":"15:30","lastlocationid":0,"currentlocationid":25622,"nextlocationid":0,"currentstop":null,"nextstop":null,"laststop":null,"stopCoveredStatus":0,"heading":242,"lastrefreshon":"09-03-2024 15:29:46","lastreceiveddatetimeflag":0,"tripposition":3}]},{"routeid":12510,"stationid":21279,"stationname":"Widia School","from":"MS Palya","to":"Jalahalli Metro Station Arrival","routeno":"MF-23E","distance_on_station":10.335,"centerlat":13.05126,"centerlong":77.50786,"responsecode":200,"isnotify":0,"vehicleDetails":[{"vehicleid":22818,"vehiclenumber":"KA57F3554","servicetypeid":72,"servicetype":"Non AC/Ordinary","centerlat":13.058989,"centerlong":77.507027,"eta":"2024-03-09 15:33:00","sch_arrivaltime":"15:34","sch_departuretime":"15:34","actual_arrivaltime":"","actual_departuretime":"","sch_tripstarttime":"15:10","sch_tripendtime":"15:10","lastlocationid":0,"currentlocationid":20619,"nextlocationid":0,"currentstop":null,"nextstop":null,"laststop":null,"stopCoveredStatus":0,"heading":178,"lastrefreshon":"09-03-2024 15:30:28","lastreceiveddatetimeflag":0,"tripposition":3},{"vehicleid":22862,"vehiclenumber":"KA57F3628","servicetypeid":72,"servicetype":"Non AC/Ordinary","centerlat":13.093128,"centerlong":77.527443,"eta":"2024-03-09 15:49:00","sch_arrivaltime":"15:54","sch_departuretime":"15:54","actual_arrivaltime":"","actual_departuretime":"","sch_tripstarttime":"15:30","sch_tripendtime":"15:30","lastlocationid":0,"currentlocationid":25622,"nextlocationid":0,"currentstop":null,"nextstop":null,"laststop":null,"stopCoveredStatus":0,"heading":242,"lastrefreshon":"09-03-2024 15:29:46","lastreceiveddatetimeflag":0,"tripposition":3}]},{"routeid":12510,"stationid":20594,"stationname":"8th Mile Dasarahalli","from":"MS Palya","to":"Jalahalli Metro Station Arrival","routeno":"MF-23E","distance_on_station":11.073,"centerlat":13.04541,"centerlong":77.50795,"responsecode":200,"isnotify":0,"vehicleDetails":[{"vehicleid":22818,"vehiclenumber":"KA57F3554","servicetypeid":72,"servicetype":"Non AC/Ordinary","centerlat":13.058989,"centerlong":77.507027,"eta":"2024-03-09 15:35:00","sch_arrivaltime":"15:36","sch_departuretime":"15:36","actual_arrivaltime":"","actual_departuretime":"","sch_tripstarttime":"15:10","sch_tripendtime":"15:10","lastlocationid":0,"currentlocationid":20619,"nextlocationid":0,"currentstop":null,"nextstop":null,"laststop":null,"stopCoveredStatus":0,"heading":178,"lastrefreshon":"09-03-2024 15:30:28","lastreceiveddatetimeflag":0,"tripposition":3},{"vehicleid":22862,"vehiclenumber":"KA57F3628","servicetypeid":72,"servicetype":"Non AC/Ordinary","centerlat":13.093128,"centerlong":77.527443,"eta":"2024-03-09 15:51:00","sch_arrivaltime":"15:56","sch_departuretime":"15:56","actual_arrivaltime":"","actual_departuretime":"","sch_tripstarttime":"15:30","sch_tripendtime":"15:30","lastlocationid":0,"currentlocationid":25622,"nextlocationid":0,"currentstop":null,"nextstop":null,"laststop":null,"stopCoveredStatus":0,"heading":242,"lastrefreshon":"09-03-2024 15:29:46","lastreceiveddatetimeflag":0,"tripposition":3}]},{"routeid":12510,"stationid":21212,"stationname":"T Dasarahalli","from":"MS Palya","to":"Jalahalli Metro Station Arrival","routeno":"MF-23E","distance_on_station":11.689,"centerlat":13.04309,"centerlong":77.51288,"responsecode":200,"isnotify":0,"vehicleDetails":[{"vehicleid":22818,"vehiclenumber":"KA57F3554","servicetypeid":72,"servicetype":"Non AC/Ordinary","centerlat":13.058989,"centerlong":77.507027,"eta":"2024-03-09 15:37:00","sch_arrivaltime":"15:38","sch_departuretime":"15:38","actual_arrivaltime":"","actual_departuretime":"","sch_tripstarttime":"15:10","sch_tripendtime":"15:10","lastlocationid":0,"currentlocationid":20619,"nextlocationid":0,"currentstop":null,"nextstop":null,"laststop":null,"stopCoveredStatus":0,"heading":178,"lastrefreshon":"09-03-2024 15:30:28","lastreceiveddatetimeflag":0,"tripposition":3},{"vehicleid":22862,"vehiclenumber":"KA57F3628","servicetypeid":72,"servicetype":"Non AC/Ordinary","centerlat":13.093128,"centerlong":77.527443,"eta":"2024-03-09 15:52:00","sch_arrivaltime":"15:58","sch_departuretime":"15:58","actual_arrivaltime":"","actual_departuretime":"","sch_tripstarttime":"15:30","sch_tripendtime":"15:30","lastlocationid":0,"currentlocationid":25622,"nextlocationid":0,"currentstop":null,"nextstop":null,"laststop":null,"stopCoveredStatus":0,"heading":242,"lastrefreshon":"09-03-2024 15:29:46","lastreceiveddatetimeflag":0,"tripposition":3}]},{"routeid":12510,"stationid":36453,"stationname":"Jalahalli Metro Station Arrival","from":"MS Palya","to":"Jalahalli Metro Station Arrival","routeno":"MF-23E","distance_on_station":12.5,"centerlat":13.03971,"centerlong":77.5191,"responsecode":200,"isnotify":0,"vehicleDetails":[{"vehicleid":22818,"vehiclenumber":"KA57F3554","servicetypeid":72,"servicetype":"Non AC/Ordinary","centerlat":13.058989,"centerlong":77.507027,"eta":"2024-03-09 15:39:00","sch_arrivaltime":"15:41","sch_departuretime":"15:41","actual_arrivaltime":"","actual_departuretime":"","sch_tripstarttime":"15:10","sch_tripendtime":"15:10","lastlocationid":0,"currentlocationid":20619,"nextlocationid":0,"currentstop":null,"nextstop":null,"laststop":null,"stopCoveredStatus":0,"heading":178,"lastrefreshon":"09-03-2024 15:30:28","lastreceiveddatetimeflag":0,"tripposition":1},{"vehicleid":22862,"vehiclenumber":"KA57F3628","servicetypeid":72,"servicetype":"Non AC/Ordinary","centerlat":13.093128,"centerlong":77.527443,"eta":"2024-03-09 15:55:00","sch_arrivaltime":"16:01","sch_departuretime":"16:01","actual_arrivaltime":"","actual_departuretime":"","sch_tripstarttime":"15:30","sch_tripendtime":"15:30","lastlocationid":0,"currentlocationid":25622,"nextlocationid":0,"currentstop":null,"nextstop":null,"laststop":null,"stopCoveredStatus":0,"heading":242,"lastrefreshon":"09-03-2024 15:29:46","lastreceiveddatetimeflag":0,"tripposition":1}]}],"mapData":[{"vehicleid":22818,"vehiclenumber":"KA57F3554","servicetypeid":72,"servicetype":"Non AC/Ordinary","centerlat":13.058989,"centerlong":77.507027,"eta":"2024-03-09 15:39:00","sch_arrivaltime":"15:41","sch_departuretime":"15:41","actual_arrivaltime":"","actual_departuretime":"","sch_tripstarttime":"15:10","sch_tripendtime":"15:10","lastlocationid":0,"currentlocationid":20619,"nextlocationid":0,"currentstop":null,"nextstop":null,"laststop":null,"stopCoveredStatus":0,"heading":178,"lastrefreshon":"09-03-2024 15:30:28","lastreceiveddatetimeflag":0,"tripposition":1},{"vehicleid":22862,"vehiclenumber":"KA57F3628","servicetypeid":72,"servicetype":"Non AC/Ordinary","centerlat":13.093128,"centerlong":77.527443,"eta":"2024-03-09 15:55:00","sch_arrivaltime":"16:01","sch_departuretime":"16:01","actual_arrivaltime":"","actual_departuretime":"","sch_tripstarttime":"15:30","sch_tripendtime":"15:30","lastlocationid":0,"currentlocationid":25622,"nextlocationid":0,"currentstop":null,"nextstop":null,"laststop":null,"stopCoveredStatus":0,"heading":242,"lastrefreshon":"09-03-2024 15:29:46","lastreceiveddatetimeflag":0,"tripposition":1}]},"down":{"data":[{"routeid":12511,"stationid":35866,"stationname":"Jalahalli Metro Station","from":"Jalahalli Metro Station","to":"MS Palya","routeno":"MF-23E","distance_on_station":0,"centerlat":13.0396,"centerlong":77.51933,"responsecode":200,"isnotify":0,"vehicleDetails":[{"vehicleid":22696,"vehiclenumber":"KA57F1744","servicetypeid":72,"servicetype":"Non AC/Ordinary","centerlat":13.089042,"centerlong":77.510101,"eta":"","sch_arrivaltime":"15:05","sch_departuretime":"15:05","actual_arrivaltime":"","actual_departuretime":"","sch_tripstarttime":"15:05","sch_tripendtime":"15:05","lastlocationid":0,"currentlocationid":21949,"nextlocationid":0,"currentstop":null,"nextstop":null,"laststop":null,"stopCoveredStatus":1,"heading":98,"lastrefreshon":"09-03-2024 15:30:58","lastreceiveddatetimeflag":0,"tripposition":1}]},{"routeid":12511,"stationid":21211,"stationname":"T Dasarahalli","from":"Jalahalli Metro Station","to":"MS Palya","routeno":"MF-23E","distance_on_station":1.521,"centerlat":13.04283,"centerlong":77.51276,"responsecode":200,"isnotify":0,"vehicleDetails":[{"vehicleid":22696,"vehiclenumber":"KA57F1744","servicetypeid":72,"servicetype":"Non AC/Ordinary","centerlat":13.089042,"centerlong":77.510101,"eta":"","sch_arrivaltime":"15:11","sch_departuretime":"15:11","actual_arrivaltime":"","actual_departuretime":"","sch_tripstarttime":"15:05","sch_tripendtime":"15:05","lastlocationid":0,"currentlocationid":21949,"nextlocationid":0,"currentstop":null,"nextstop":null,"laststop":null,"stopCoveredStatus":1,"heading":98,"lastrefreshon":"09-03-2024 15:30:58","lastreceiveddatetimeflag":0,"tripposition":3}]},{"routeid":12511,"stationid":20593,"stationname":"8th Mile Dasarahalli","from":"Jalahalli Metro Station","to":"MS Palya","routeno":"MF-23E","distance_on_station":2.276,"centerlat":13.04622,"centerlong":77.50755,"responsecode":200,"isnotify":0,"vehicleDetails":[{"vehicleid":22696,"vehiclenumber":"KA57F1744","servicetypeid":72,"servicetype":"Non AC/Ordinary","centerlat":13.089042,"centerlong":77.510101,"eta":"","sch_arrivaltime":"15:14","sch_departuretime":"15:14","actual_arrivaltime":"","actual_departuretime":"","sch_tripstarttime":"15:05","sch_tripendtime":"15:05","lastlocationid":0,"currentlocationid":21949,"nextlocationid":0,"currentstop":null,"nextstop":null,"laststop":null,"stopCoveredStatus":1,"heading":98,"lastrefreshon":"09-03-2024 15:30:58","lastreceiveddatetimeflag":0,"tripposition":3}]},{"routeid":12511,"stationid":21278,"stationname":"Widia School","from":"Jalahalli Metro Station","to":"MS Palya","routeno":"MF-23E","distance_on_station":2.812,"centerlat":13.0511,"centerlong":77.50773,"responsecode":200,"isnotify":0,"vehicleDetails":[{"vehicleid":22696,"vehiclenumber":"KA57F1744","servicetypeid":72,"servicetype":"Non AC/Ordinary","centerlat":13.089042,"centerlong":77.510101,"eta":"","sch_arrivaltime":"15:15","sch_departuretime":"15:15","actual_arrivaltime":"","actual_departuretime":"","sch_tripstarttime":"15:05","sch_tripendtime":"15:05","lastlocationid":0,"currentlocationid":21949,"nextlocationid":0,"currentstop":null,"nextstop":null,"laststop":null,"stopCoveredStatus":1,"heading":98,"lastrefreshon":"09-03-2024 15:30:58","lastreceiveddatetimeflag":0,"tripposition":3}]},{"routeid":12511,"stationid":20620,"stationname":"Bagalagunte","from":"Jalahalli Metro Station","to":"MS Palya","routeno":"MF-23E","distance_on_station":3.395,"centerlat":13.05657,"centerlong":77.50728,"responsecode":200,"isnotify":0,"vehicleDetails":[{"vehicleid":22696,"vehiclenumber":"KA57F1744","servicetypeid":72,"servicetype":"Non AC/Ordinary","centerlat":13.089042,"centerlong":77.510101,"eta":"","sch_arrivaltime":"15:16","sch_departuretime":"15:16","actual_arrivaltime":"","actual_departuretime":"","sch_tripstarttime":"15:05","sch_tripendtime":"15:05","lastlocationid":0,"currentlocationid":21949,"nextlocationid":0,"currentstop":null,"nextstop":null,"laststop":null,"stopCoveredStatus":1,"heading":98,"lastrefreshon":"09-03-2024 15:30:58","lastreceiveddatetimeflag":0,"tripposition":3}]},{"routeid":12511,"stationid":28968,"stationname":"MEI Layout Arch","from":"Jalahalli Metro Station","to":"MS Palya","routeno":"MF-23E","distance_on_station":3.759,"centerlat":13.05997,"centerlong":77.50685,"responsecode":200,"isnotify":0,"vehicleDetails":[{"vehicleid":22696,"vehiclenumber":"KA57F1744","servicetypeid":72,"servicetype":"Non AC/Ordinary","centerlat":13.089042,"centerlong":77.510101,"eta":"","sch_arrivaltime":"15:17","sch_departuretime":"15:17","actual_arrivaltime":"","actual_departuretime":"","sch_tripstarttime":"15:05","sch_tripendtime":"15:05","lastlocationid":0,"currentlocationid":21949,"nextlocationid":0,"currentstop":null,"nextstop":null,"laststop":null,"stopCoveredStatus":1,"heading":98,"lastrefreshon":"09-03-2024 15:30:58","lastreceiveddatetimeflag":0,"tripposition":3}]},{"routeid":12511,"stationid":20678,"stationname":"Bone Mill","from":"Jalahalli Metro Station","to":"MS Palya","routeno":"MF-23E","distance_on_station":4.218,"centerlat":13.06385,"centerlong":77.50503,"responsecode":200,"isnotify":0,"vehicleDetails":[{"vehicleid":22696,"vehiclenumber":"KA57F1744","servicetypeid":72,"servicetype":"Non AC/Ordinary","centerlat":13.089042,"centerlong":77.510101,"eta":"","sch_arrivaltime":"15:19","sch_departuretime":"15:19","actual_arrivaltime":"","actual_departuretime":"","sch_tripstarttime":"15:05","sch_tripendtime":"15:05","lastlocationid":0,"currentlocationid":21949,"nextlocationid":0,"currentstop":null,"nextstop":null,"laststop":null,"stopCoveredStatus":1,"heading":98,"lastrefreshon":"09-03-2024 15:30:58","lastreceiveddatetimeflag":0,"tripposition":3}]},{"routeid":12511,"stationid":21154,"stationname":"Sapthagiri College","from":"Jalahalli Metro Station","to":"MS Palya","routeno":"MF-23E","distance_on_station":4.591,"centerlat":13.06685,"centerlong":77.50328,"responsecode":200,"isnotify":0,"vehicleDetails":[{"vehicleid":22696,"vehiclenumber":"KA57F1744","servicetypeid":72,"servicetype":"Non AC/Ordinary","centerlat":13.089042,"centerlong":77.510101,"eta":"","sch_arrivaltime":"15:20","sch_departuretime":"15:20","actual_arrivaltime":"","actual_departuretime":"","sch_tripstarttime":"15:05","sch_tripendtime":"15:05","lastlocationid":0,"currentlocationid":21949,"nextlocationid":0,"currentstop":null,"nextstop":null,"laststop":null,"stopCoveredStatus":1,"heading":98,"lastrefreshon":"09-03-2024 15:30:58","lastreceiveddatetimeflag":0,"tripposition":3}]},{"routeid":12511,"stationid":21156,"stationname":"Sapthagiri Hospital","from":"Jalahalli Metro Station","to":"MS Palya","routeno":"MF-23E","distance_on_station":5.002,"centerlat":13.07067,"centerlong":77.50382,"responsecode":200,"isnotify":0,"vehicleDetails":[{"vehicleid":22696,"vehiclenumber":"KA57F1744","servicetypeid":72,"servicetype":"Non AC/Ordinary","centerlat":13.089042,"centerlong":77.510101,"eta":"","sch_arrivaltime":"15:21","sch_departuretime":"15:21","actual_arrivaltime":"","actual_departuretime":"","sch_tripstarttime":"15:05","sch_tripendtime":"15:05","lastlocationid":0,"currentlocationid":21949,"nextlocationid":0,"currentstop":null,"nextstop":null,"laststop":null,"stopCoveredStatus":1,"heading":98,"lastrefreshon":"09-03-2024 15:30:58","lastreceiveddatetimeflag":0,"tripposition":3}]},{"routeid":12511,"stationid":20872,"stationname":"Janapriya Apartment","from":"Jalahalli Metro Station","to":"MS Palya","routeno":"MF-23E","distance_on_station":5.318,"centerlat":13.07349,"centerlong":77.50307,"responsecode":200,"isnotify":0,"vehicleDetails":[{"vehicleid":22696,"vehiclenumber":"KA57F1744","servicetypeid":72,"servicetype":"Non AC/Ordinary","centerlat":13.089042,"centerlong":77.510101,"eta":"","sch_arrivaltime":"15:22","sch_departuretime":"15:22","actual_arrivaltime":"15:22","actual_departuretime":"15:22","sch_tripstarttime":"15:05","sch_tripendtime":"15:05","lastlocationid":0,"currentlocationid":21949,"nextlocationid":0,"currentstop":null,"nextstop":null,"laststop":null,"stopCoveredStatus":1,"heading":98,"lastrefreshon":"09-03-2024 15:30:58","lastreceiveddatetimeflag":0,"tripposition":1}]},{"routeid":12511,"stationid":21108,"stationname":"Chikkabanavara Railway Station","from":"Jalahalli Metro Station","to":"MS Palya","routeno":"MF-23E","distance_on_station":5.604,"centerlat":13.07562,"centerlong":77.50465,"responsecode":200,"isnotify":0,"vehicleDetails":[{"vehicleid":22696,"vehiclenumber":"KA57F1744","servicetypeid":72,"servicetype":"Non AC/Ordinary","centerlat":13.089042,"centerlong":77.510101,"eta":"","sch_arrivaltime":"15:23","sch_departuretime":"15:23","actual_arrivaltime":"15:23","actual_departuretime":"15:24","sch_tripstarttime":"15:05","sch_tripendtime":"15:05","lastlocationid":0,"currentlocationid":21949,"nextlocationid":0,"currentstop":null,"nextstop":null,"laststop":null,"stopCoveredStatus":1,"heading":98,"lastrefreshon":"09-03-2024 15:30:58","lastreceiveddatetimeflag":0,"tripposition":1}]},{"routeid":12511,"stationid":38531,"stationname":"Chikka Banavara","from":"Jalahalli Metro Station","to":"MS Palya","routeno":"MF-23E","distance_on_station":6.293,"centerlat":13.08057,"centerlong":77.5026,"responsecode":200,"isnotify":0,"vehicleDetails":[{"vehicleid":22696,"vehiclenumber":"KA57F1744","servicetypeid":72,"servicetype":"Non AC/Ordinary","centerlat":13.089042,"centerlong":77.510101,"eta":"","sch_arrivaltime":"15:24","sch_departuretime":"15:24","actual_arrivaltime":"15:25","actual_departuretime":"15:25","sch_tripstarttime":"15:05","sch_tripendtime":"15:05","lastlocationid":0,"currentlocationid":21949,"nextlocationid":0,"currentstop":null,"nextstop":null,"laststop":null,"stopCoveredStatus":1,"heading":98,"lastrefreshon":"09-03-2024 15:30:58","lastreceiveddatetimeflag":0,"tripposition":1}]},{"routeid":12511,"stationid":21949,"stationname":"Ganigarahalli","from":"Jalahalli Metro Station","to":"MS Palya","routeno":"MF-23E","distance_on_station":7.661,"centerlat":13.08919,"centerlong":77.5106,"responsecode":200,"isnotify":0,"vehicleDetails":[{"vehicleid":22696,"vehiclenumber":"KA57F1744","servicetypeid":72,"servicetype":"Non AC/Ordinary","centerlat":13.089042,"centerlong":77.510101,"eta":"2024-03-09 15:32:00","sch_arrivaltime":"15:27","sch_departuretime":"15:27","actual_arrivaltime":"","actual_departuretime":"","sch_tripstarttime":"15:05","sch_tripendtime":"15:05","lastlocationid":0,"currentlocationid":21949,"nextlocationid":0,"currentstop":null,"nextstop":null,"laststop":null,"stopCoveredStatus":0,"heading":98,"lastrefreshon":"09-03-2024 15:30:58","lastreceiveddatetimeflag":0,"tripposition":3}]},{"routeid":12511,"stationid":33406,"stationname":"Kebbepalya Gate","from":"Jalahalli Metro Station","to":"MS Palya","routeno":"MF-23E","distance_on_station":8.034,"centerlat":13.09012,"centerlong":77.51389,"responsecode":200,"isnotify":0,"vehicleDetails":[{"vehicleid":22696,"vehiclenumber":"KA57F1744","servicetypeid":72,"servicetype":"Non AC/Ordinary","centerlat":13.089042,"centerlong":77.510101,"eta":"2024-03-09 15:33:00","sch_arrivaltime":"15:28","sch_departuretime":"15:28","actual_arrivaltime":"","actual_departuretime":"","sch_tripstarttime":"15:05","sch_tripendtime":"15:05","lastlocationid":0,"currentlocationid":21949,"nextlocationid":0,"currentstop":null,"nextstop":null,"laststop":null,"stopCoveredStatus":0,"heading":98,"lastrefreshon":"09-03-2024 15:30:58","lastreceiveddatetimeflag":0,"tripposition":3}]},{"routeid":12511,"stationid":34638,"stationname":"Somashettyhalli Cross","from":"Jalahalli Metro Station","to":"MS Palya","routeno":"MF-23E","distance_on_station":9.153,"centerlat":13.09288,"centerlong":77.52358,"responsecode":200,"isnotify":0,"vehicleDetails":[{"vehicleid":22696,"vehiclenumber":"KA57F1744","servicetypeid":72,"servicetype":"Non AC/Ordinary","centerlat":13.089042,"centerlong":77.510101,"eta":"2024-03-09 15:37:00","sch_arrivaltime":"15:30","sch_departuretime":"15:30","actual_arrivaltime":"","actual_departuretime":"","sch_tripstarttime":"15:05","sch_tripendtime":"15:05","lastlocationid":0,"currentlocationid":21949,"nextlocationid":0,"currentstop":null,"nextstop":null,"laststop":null,"stopCoveredStatus":0,"heading":98,"lastrefreshon":"09-03-2024 15:30:58","lastreceiveddatetimeflag":0,"tripposition":3}]},{"routeid":12511,"stationid":32794,"stationname":"Guni Agrahara","from":"Jalahalli Metro Station","to":"MS Palya","routeno":"MF-23E","distance_on_station":9.621,"centerlat":13.09357,"centerlong":77.52788,"responsecode":200,"isnotify":0,"vehicleDetails":[{"vehicleid":22696,"vehiclenumber":"KA57F1744","servicetypeid":72,"servicetype":"Non AC/Ordinary","centerlat":13.089042,"centerlong":77.510101,"eta":"2024-03-09 15:38:00","sch_arrivaltime":"15:31","sch_departuretime":"15:31","actual_arrivaltime":"","actual_departuretime":"","sch_tripstarttime":"15:05","sch_tripendtime":"15:05","lastlocationid":0,"currentlocationid":21949,"nextlocationid":0,"currentstop":null,"nextstop":null,"laststop":null,"stopCoveredStatus":0,"heading":98,"lastrefreshon":"09-03-2024 15:30:58","lastreceiveddatetimeflag":0,"tripposition":3}]},{"routeid":12511,"stationid":33684,"stationname":"Lakshmipura Cross","from":"Jalahalli Metro Station","to":"MS Palya","routeno":"MF-23E","distance_on_station":10.272,"centerlat":13.09209,"centerlong":77.534,"responsecode":200,"isnotify":0,"vehicleDetails":[{"vehicleid":22696,"vehiclenumber":"KA57F1744","servicetypeid":72,"servicetype":"Non AC/Ordinary","centerlat":13.089042,"centerlong":77.510101,"eta":"2024-03-09 15:41:00","sch_arrivaltime":"15:32","sch_departuretime":"15:32","actual_arrivaltime":"","actual_departuretime":"","sch_tripstarttime":"15:05","sch_tripendtime":"15:05","lastlocationid":0,"currentlocationid":21949,"nextlocationid":0,"currentstop":null,"nextstop":null,"laststop":null,"stopCoveredStatus":0,"heading":98,"lastrefreshon":"09-03-2024 15:30:58","lastreceiveddatetimeflag":0,"tripposition":3}]},{"routeid":12511,"stationid":30786,"stationname":"Kanshiram Nagara","from":"Jalahalli Metro Station","to":"MS Palya","routeno":"MF-23E","distance_on_station":10.826,"centerlat":13.09064,"centerlong":77.53892,"responsecode":200,"isnotify":0,"vehicleDetails":[{"vehicleid":22696,"vehiclenumber":"KA57F1744","servicetypeid":72,"servicetype":"Non AC/Ordinary","centerlat":13.089042,"centerlong":77.510101,"eta":"2024-03-09 15:42:00","sch_arrivaltime":"15:33","sch_departuretime":"15:33","actual_arrivaltime":"","actual_departuretime":"","sch_tripstarttime":"15:05","sch_tripendtime":"15:05","lastlocationid":0,"currentlocationid":21949,"nextlocationid":0,"currentstop":null,"nextstop":null,"laststop":null,"stopCoveredStatus":0,"heading":98,"lastrefreshon":"09-03-2024 15:30:58","lastreceiveddatetimeflag":0,"tripposition":3}]},{"routeid":12511,"stationid":31972,"stationname":"Best County","from":"Jalahalli Metro Station","to":"MS Palya","routeno":"MF-23E","distance_on_station":11.438,"centerlat":13.08935,"centerlong":77.5447,"responsecode":200,"isnotify":0,"vehicleDetails":[{"vehicleid":22696,"vehiclenumber":"KA57F1744","servicetypeid":72,"servicetype":"Non AC/Ordinary","centerlat":13.089042,"centerlong":77.510101,"eta":"2024-03-09 15:44:00","sch_arrivaltime":"15:35","sch_departuretime":"15:35","actual_arrivaltime":"","actual_departuretime":"","sch_tripstarttime":"15:05","sch_tripendtime":"15:05","lastlocationid":0,"currentlocationid":21949,"nextlocationid":0,"currentstop":null,"nextstop":null,"laststop":null,"stopCoveredStatus":0,"heading":98,"lastrefreshon":"09-03-2024 15:30:58","lastreceiveddatetimeflag":0,"tripposition":3}]},{"routeid":12511,"stationid":34459,"stationname":"Sambhram College","from":"Jalahalli Metro Station","to":"MS Palya","routeno":"MF-23E","distance_on_station":11.678,"centerlat":13.0883,"centerlong":77.54669,"responsecode":200,"isnotify":0,"vehicleDetails":[{"vehicleid":22696,"vehiclenumber":"KA57F1744","servicetypeid":72,"servicetype":"Non AC/Ordinary","centerlat":13.089042,"centerlong":77.510101,"eta":"2024-03-09 15:45:00","sch_arrivaltime":"15:36","sch_departuretime":"15:36","actual_arrivaltime":"","actual_departuretime":"","sch_tripstarttime":"15:05","sch_tripendtime":"15:05","lastlocationid":0,"currentlocationid":21949,"nextlocationid":0,"currentstop":null,"nextstop":null,"laststop":null,"stopCoveredStatus":0,"heading":98,"lastrefreshon":"09-03-2024 15:30:58","lastreceiveddatetimeflag":0,"tripposition":3}]},{"routeid":12511,"stationid":33957,"stationname":"MS Palya","from":"Jalahalli Metro Station","to":"MS Palya","routeno":"MF-23E","distance_on_station":12.5,"centerlat":13.08145,"centerlong":77.54831,"responsecode":200,"isnotify":0,"vehicleDetails":[{"vehicleid":22696,"vehiclenumber":"KA57F1744","servicetypeid":72,"servicetype":"Non AC/Ordinary","centerlat":13.089042,"centerlong":77.510101,"eta":"2024-03-09 15:48:00","sch_arrivaltime":"15:38","sch_departuretime":"15:38","actual_arrivaltime":"","actual_departuretime":"","sch_tripstarttime":"15:05","sch_tripendtime":"15:05","lastlocationid":0,"currentlocationid":21949,"nextlocationid":0,"currentstop":null,"nextstop":null,"laststop":null,"stopCoveredStatus":0,"heading":98,"lastrefreshon":"09-03-2024 15:30:58","lastreceiveddatetimeflag":0,"tripposition":1}]}],"mapData":[{"vehicleid":22696,"vehiclenumber":"KA57F1744","servicetypeid":72,"servicetype":"Non AC/Ordinary","centerlat":13.089042,"centerlong":77.510101,"eta":"2024-03-09 15:48:00","sch_arrivaltime":"15:38","sch_departuretime":"15:38","actual_arrivaltime":"","actual_departuretime":"","sch_tripstarttime":"15:05","sch_tripendtime":"15:05","lastlocationid":0,"currentlocationid":21949,"nextlocationid":0,"currentstop":null,"nextstop":null,"laststop":null,"stopCoveredStatus":0,"heading":98,"lastrefreshon":"09-03-2024 15:30:58","lastreceiveddatetimeflag":0,"tripposition":1}]},"message":"Success","issuccess":true,"exception":null,"rowCount":0,"responsecode":200}