{"up":{"data":[],"mapData":[]},"down":{"data":[{"routeid":12530,"stationid":33750,"stationname":"Makali","from":"Makali","to":"Jalahalli Metro Station Arrival","routeno":"MF-27","distance_on_station":0,"centerlat":13.06555,"centerlong":77.45442,"responsecode":200,"isnotify":0,"vehicleDetails":[{"vehicleid":18698,"vehiclenumber":"KA57F1879","servicetypeid":72,"servicetype":"Non AC/Ordinary","centerlat":13.042757,"centerlong":77.513878,"eta":"","sch_arrivaltime":"13:00","sch_departuretime":"13:00","actual_arrivaltime":"","actual_departuretime":"","sch_tripstarttime":"13:00","sch_tripendtime":"13:00","lastlocationid":0,"currentlocationid":21212,"nextlocationid":0,"currentstop":null,"nextstop":null,"laststop":null,"stopCoveredStatus":1,"heading":110,"lastrefreshon":"09-03-2024 12:48:09","lastreceiveddatetimeflag":0,"tripposition":1},{"vehicleid":18700,"vehiclenumber":"KA57F1889","servicetypeid":72,"servicetype":"Non AC/Ordinary","centerlat":13.042495,"centerlong":77.5149,"eta":"","sch_arrivaltime":"12:40","sch_departuretime":"12:40","actual_arrivaltime":"12:11","actual_departuretime":"12:11","sch_tripstarttime":"12:40","sch_tripendtime":"12:40","lastlocationid":0,"currentlocationid":21212,"nextlocationid":0,"currentstop":null,"nextstop":null,"laststop":null,"stopCoveredStatus":1,"heading":106,"lastrefreshon":"09-03-2024 12:48:22","lastreceiveddatetimeflag":0,"tripposition":1}]},{"routeid":12530,"stationid":33754,"stationname":"Makali Govt High School","from":"Makali","to":"Jalahalli Metro Station Arrival","routeno":"MF-27","distance_on_station":0.419,"centerlat":13.06894,"centerlong":77.45638,"responsecode":200,"isnotify":0,"vehicleDetails":[{"vehicleid":18700,"vehiclenumber":"KA57F1889","servicetypeid":72,"servicetype":"Non AC/Ordinary","centerlat":13.042495,"centerlong":77.5149,"eta":"","sch_arrivaltime":"12:41","sch_departuretime":"12:41","actual_arrivaltime":"","actual_departuretime":"","sch_tripstarttime":"12:40","sch_tripendtime":"12:40","lastlocationid":0,"currentlocationid":21212,"nextlocationid":0,"currentstop":null,"nextstop":null,"laststop":null,"stopCoveredStatus":1,"heading":106,"lastrefreshon":"09-03-2024 12:48:22","lastreceiveddatetimeflag":0,"tripposition":3},{"vehicleid":18698,"vehiclenumber":"KA57F1879","servicetypeid":72,"servicetype":"Non AC/Ordinary","centerlat":13.042757,"centerlong":77.513878,"eta":"","sch_arrivaltime":"13:01","sch_departuretime":"13:01","actual_arrivaltime":"","actual_departuretime":"","sch_tripstarttime":"13:00","sch_tripendtime":"13:00","lastlocationid":0,"currentlocationid":21212,"nextlocationid":0,"currentstop":null,"nextstop":null,"laststop":null,"stopCoveredStatus":1,"heading":110,"lastrefreshon":"09-03-2024 12:48:09","lastreceiveddatetimeflag":0,"tripposition":3}]},{"routeid":12530,"stationid":32898,"stationname":"Heggadadevanapura","from":"Makali","to":"Jalahalli Metro Station Arrival","routeno":"MF-27","distance_on_station":1.258,"centerlat":13.07598,"centerlong":77.45856,"responsecode":200,"isnotify":0,"vehicleDetails":[{"vehicleid":18700,"vehiclenumber":"KA57F1889","servicetypeid":72,"servicetype":"Non AC/Ordinary","centerlat":13.042495,"centerlong":77.5149,"eta":"","sch_arrivaltime":"12:42","sch_departuretime":"12:42","actual_arrivaltime":"12:15","actual_departuretime":"12:15","sch_tripstarttime":"12:40","sch_tripendtime":"12:40","lastlocationid":0,"currentlocationid":21212,"nextlocationid":0,"currentstop":null,"nextstop":null,"laststop":null,"stopCoveredStatus":1,"heading":106,"lastrefreshon":"09-03-2024 12:48:22","lastreceiveddatetimeflag":0,"tripposition":1},{"vehicleid":18698,"vehiclenumber":"KA57F1879","servicetypeid":72,"servicetype":"Non AC/Ordinary","centerlat":13.042757,"centerlong":77.513878,"eta":"","sch_arrivaltime":"13:02","sch_departuretime":"13:02","actual_arrivaltime":"","actual_departuretime":"","sch_tripstarttime":"13:00","sch_tripendtime":"13:00","lastlocationid":0,"currentlocationid":21212,"nextlocationid":0,"currentstop":null,"nextstop":null,"laststop":null,"stopCoveredStatus":1,"heading":110,"lastrefreshon":"09-03-2024 12:48:09","lastreceiveddatetimeflag":0,"tripposition":3}]},{"routeid":12530,"stationid":34231,"stationname":"Patel Thota Aluru","from":"Makali","to":"Jalahalli Metro Station Arrival","routeno":"MF-27","distance_on_station":1.767,"centerlat":13.08044,"centerlong":77.45963,"responsecode":200,"isnotify":0,"vehicleDetails":[{"vehicleid":18700,"vehiclenumber":"KA57F1889","servicetypeid":72,"servicetype":"Non AC/Ordinary","centerlat":13.042495,"centerlong":77.5149,"eta":"","sch_arrivaltime":"12:43","sch_departuretime":"12:43","actual_arrivaltime":"12:17","actual_departuretime":"12:17","sch_tripstarttime":"12:40","sch_tripendtime":"12:40","lastlocationid":0,"currentlocationid":21212,"nextlocationid":0,"currentstop":null,"nextstop":null,"laststop":null,"stopCoveredStatus":1,"heading":106,"lastrefreshon":"09-03-2024 12:48:22","lastreceiveddatetimeflag":0,"tripposition":1},{"vehicleid":18698,"vehiclenumber":"KA57F1879","servicetypeid":72,"servicetype":"Non AC/Ordinary","centerlat":13.042757,"centerlong":77.513878,"eta":"","sch_arrivaltime":"13:03","sch_departuretime":"13:03","actual_arrivaltime":"","actual_departuretime":"","sch_tripstarttime":"13:00","sch_tripendtime":"13:00","lastlocationid":0,"currentlocationid":21212,"nextlocationid":0,"currentstop":null,"nextstop":null,"laststop":null,"stopCoveredStatus":1,"heading":110,"lastrefreshon":"09-03-2024 12:48:09","lastreceiveddatetimeflag":0,"tripposition":3}]},{"routeid":12530,"stationid":29485,"stationname":"Aluru","from":"Makali","to":"Jalahalli Metro Station Arrival","routeno":"MF-27","distance_on_station":2.606,"centerlat":13.08495,"centerlong":77.46551,"responsecode":200,"isnotify":0,"vehicleDetails":[{"vehicleid":18700,"vehiclenumber":"KA57F1889","servicetypeid":72,"servicetype":"Non AC/Ordinary","centerlat":13.042495,"centerlong":77.5149,"eta":"","sch_arrivaltime":"12:44","sch_departuretime":"12:44","actual_arrivaltime":"","actual_departuretime":"","sch_tripstarttime":"12:40","sch_tripendtime":"12:40","lastlocationid":0,"currentlocationid":21212,"nextlocationid":0,"currentstop":null,"nextstop":null,"laststop":null,"stopCoveredStatus":1,"heading":106,"lastrefreshon":"09-03-2024 12:48:22","lastreceiveddatetimeflag":0,"tripposition":3},{"vehicleid":18698,"vehiclenumber":"KA57F1879","servicetypeid":72,"servicetype":"Non AC/Ordinary","centerlat":13.042757,"centerlong":77.513878,"eta":"","sch_arrivaltime":"13:04","sch_departuretime":"13:04","actual_arrivaltime":"","actual_departuretime":"","sch_tripstarttime":"13:00","sch_tripendtime":"13:00","lastlocationid":0,"currentlocationid":21212,"nextlocationid":0,"currentstop":null,"nextstop":null,"laststop":null,"stopCoveredStatus":1,"heading":110,"lastrefreshon":"09-03-2024 12:48:09","lastreceiveddatetimeflag":0,"tripposition":3}]},{"routeid":12530,"stationid":34477,"stationname":"Sasuveghatta Cross","from":"Makali","to":"Jalahalli Metro Station Arrival","routeno":"MF-27","distance_on_station":4.083,"centerlat":13.08473,"centerlong":77.47535,"responsecode":200,"isnotify":0,"vehicleDetails":[{"vehicleid":18700,"vehiclenumber":"KA57F1889","servicetypeid":72,"servicetype":"Non AC/Ordinary","centerlat":13.042495,"centerlong":77.5149,"eta":"","sch_arrivaltime":"12:47","sch_departuretime":"12:47","actual_arrivaltime":"12:21","actual_departuretime":"12:22","sch_tripstarttime":"12:40","sch_tripendtime":"12:40","lastlocationid":0,"currentlocationid":21212,"nextlocationid":0,"currentstop":null,"nextstop":null,"laststop":null,"stopCoveredStatus":1,"heading":106,"lastrefreshon":"09-03-2024 12:48:22","lastreceiveddatetimeflag":0,"tripposition":1},{"vehicleid":18698,"vehiclenumber":"KA57F1879","servicetypeid":72,"servicetype":"Non AC/Ordinary","centerlat":13.042757,"centerlong":77.513878,"eta":"","sch_arrivaltime":"13:07","sch_departuretime":"13:07","actual_arrivaltime":"","actual_departuretime":"","sch_tripstarttime":"13:00","sch_tripendtime":"13:00","lastlocationid":0,"currentlocationid":21212,"nextlocationid":0,"currentstop":null,"nextstop":null,"laststop":null,"stopCoveredStatus":1,"heading":110,"lastrefreshon":"09-03-2024 12:48:09","lastreceiveddatetimeflag":0,"tripposition":3}]},{"routeid":12530,"stationid":29434,"stationname":"Acharya Institute of Technology","from":"Makali","to":"Jalahalli Metro Station Arrival","routeno":"MF-27","distance_on_station":5.042,"centerlat":13.08353,"centerlong":77.48411,"responsecode":200,"isnotify":0,"vehicleDetails":[{"vehicleid":18700,"vehiclenumber":"KA57F1889","servicetypeid":72,"servicetype":"Non AC/Ordinary","centerlat":13.042495,"centerlong":77.5149,"eta":"","sch_arrivaltime":"12:50","sch_departuretime":"12:50","actual_arrivaltime":"12:25","actual_departuretime":"12:25","sch_tripstarttime":"12:40","sch_tripendtime":"12:40","lastlocationid":0,"currentlocationid":21212,"nextlocationid":0,"currentstop":null,"nextstop":null,"laststop":null,"stopCoveredStatus":1,"heading":106,"lastrefreshon":"09-03-2024 12:48:22","lastreceiveddatetimeflag":0,"tripposition":1},{"vehicleid":18698,"vehiclenumber":"KA57F1879","servicetypeid":72,"servicetype":"Non AC/Ordinary","centerlat":13.042757,"centerlong":77.513878,"eta":"","sch_arrivaltime":"13:10","sch_departuretime":"13:10","actual_arrivaltime":"","actual_departuretime":"","sch_tripstarttime":"13:00","sch_tripendtime":"13:00","lastlocationid":0,"currentlocationid":21212,"nextlocationid":0,"currentstop":null,"nextstop":null,"laststop":null,"stopCoveredStatus":1,"heading":110,"lastrefreshon":"09-03-2024 12:48:09","lastreceiveddatetimeflag":0,"tripposition":3}]},{"routeid":12530,"stationid":29435,"stationname":"Achyuthanagara Gate","from":"Makali","to":"Jalahalli Metro Station Arrival","routeno":"MF-27","distance_on_station":5.321,"centerlat":13.08423,"centerlong":77.48656,"responsecode":200,"isnotify":0,"vehicleDetails":[{"vehicleid":18700,"vehiclenumber":"KA57F1889","servicetypeid":72,"servicetype":"Non AC/Ordinary","centerlat":13.042495,"centerlong":77.5149,"eta":"","sch_arrivaltime":"12:51","sch_departuretime":"12:51","actual_arrivaltime":"12:26","actual_departuretime":"12:29","sch_tripstarttime":"12:40","sch_tripendtime":"12:40","lastlocationid":0,"currentlocationid":21212,"nextlocationid":0,"currentstop":null,"nextstop":null,"laststop":null,"stopCoveredStatus":1,"heading":106,"lastrefreshon":"09-03-2024 12:48:22","lastreceiveddatetimeflag":0,"tripposition":1},{"vehicleid":18698,"vehiclenumber":"KA57F1879","servicetypeid":72,"servicetype":"Non AC/Ordinary","centerlat":13.042757,"centerlong":77.513878,"eta":"","sch_arrivaltime":"13:11","sch_departuretime":"13:11","actual_arrivaltime":"","actual_departuretime":"","sch_tripstarttime":"13:00","sch_tripendtime":"13:00","lastlocationid":0,"currentlocationid":21212,"nextlocationid":0,"currentstop":null,"nextstop":null,"laststop":null,"stopCoveredStatus":1,"heading":110,"lastrefreshon":"09-03-2024 12:48:09","lastreceiveddatetimeflag":0,"tripposition":3}]},{"routeid":12530,"stationid":26878,"stationname":"Thammenahalli Cross","from":"Makali","to":"Jalahalli Metro Station Arrival","routeno":"MF-27","distance_on_station":5.561,"centerlat":13.08437,"centerlong":77.48876,"responsecode":200,"isnotify":0,"vehicleDetails":[{"vehicleid":18700,"vehiclenumber":"KA57F1889","servicetypeid":72,"servicetype":"Non AC/Ordinary","centerlat":13.042495,"centerlong":77.5149,"eta":"","sch_arrivaltime":"12:52","sch_departuretime":"12:52","actual_arrivaltime":"12:27","actual_departuretime":"12:27","sch_tripstarttime":"12:40","sch_tripendtime":"12:40","lastlocationid":0,"currentlocationid":21212,"nextlocationid":0,"currentstop":null,"nextstop":null,"laststop":null,"stopCoveredStatus":1,"heading":106,"lastrefreshon":"09-03-2024 12:48:22","lastreceiveddatetimeflag":0,"tripposition":1},{"vehicleid":18698,"vehiclenumber":"KA57F1879","servicetypeid":72,"servicetype":"Non AC/Ordinary","centerlat":13.042757,"centerlong":77.513878,"eta":"","sch_arrivaltime":"13:12","sch_departuretime":"13:12","actual_arrivaltime":"12:25","actual_departuretime":"12:25","sch_tripstarttime":"13:00","sch_tripendtime":"13:00","lastlocationid":0,"currentlocationid":21212,"nextlocationid":0,"currentstop":null,"nextstop":null,"laststop":null,"stopCoveredStatus":1,"heading":110,"lastrefreshon":"09-03-2024 12:48:09","lastreceiveddatetimeflag":0,"tripposition":1}]},{"routeid":12530,"stationid":32622,"stationname":"Ganapathi Nagara Raghavendra Badavane","from":"Makali","to":"Jalahalli Metro Station Arrival","routeno":"MF-27","distance_on_station":6.809,"centerlat":13.07897,"centerlong":77.49707,"responsecode":200,"isnotify":0,"vehicleDetails":[{"vehicleid":18700,"vehiclenumber":"KA57F1889","servicetypeid":72,"servicetype":"Non AC/Ordinary","centerlat":13.042495,"centerlong":77.5149,"eta":"","sch_arrivaltime":"12:55","sch_departuretime":"12:55","actual_arrivaltime":"12:30","actual_departuretime":"12:31","sch_tripstarttime":"12:40","sch_tripendtime":"12:40","lastlocationid":0,"currentlocationid":21212,"nextlocationid":0,"currentstop":null,"nextstop":null,"laststop":null,"stopCoveredStatus":1,"heading":106,"lastrefreshon":"09-03-2024 12:48:22","lastreceiveddatetimeflag":0,"tripposition":1},{"vehicleid":18698,"vehiclenumber":"KA57F1879","servicetypeid":72,"servicetype":"Non AC/Ordinary","centerlat":13.042757,"centerlong":77.513878,"eta":"","sch_arrivaltime":"13:15","sch_departuretime":"13:15","actual_arrivaltime":"12:28","actual_departuretime":"12:29","sch_tripstarttime":"13:00","sch_tripendtime":"13:00","lastlocationid":0,"currentlocationid":21212,"nextlocationid":0,"currentstop":null,"nextstop":null,"laststop":null,"stopCoveredStatus":1,"heading":110,"lastrefreshon":"09-03-2024 12:48:09","lastreceiveddatetimeflag":0,"tripposition":1}]},{"routeid":12530,"stationid":20873,"stationname":"Janapriya Apartment","from":"Makali","to":"Jalahalli Metro Station Arrival","routeno":"MF-27","distance_on_station":7.817,"centerlat":13.07319,"centerlong":77.50318,"responsecode":200,"isnotify":0,"vehicleDetails":[{"vehicleid":18698,"vehiclenumber":"KA57F1879","servicetypeid":72,"servicetype":"Non AC/Ordinary","centerlat":13.042757,"centerlong":77.513878,"eta":"","sch_arrivaltime":"13:17","sch_departuretime":"13:17","actual_arrivaltime":"12:31","actual_departuretime":"12:32","sch_tripstarttime":"13:00","sch_tripendtime":"13:00","lastlocationid":0,"currentlocationid":21212,"nextlocationid":0,"currentstop":null,"nextstop":null,"laststop":null,"stopCoveredStatus":1,"heading":110,"lastrefreshon":"09-03-2024 12:48:09","lastreceiveddatetimeflag":0,"tripposition":1},{"vehicleid":18700,"vehiclenumber":"KA57F1889","servicetypeid":72,"servicetype":"Non AC/Ordinary","centerlat":13.042495,"centerlong":77.5149,"eta":"","sch_arrivaltime":"12:57","sch_departuretime":"12:57","actual_arrivaltime":"12:33","actual_departuretime":"12:34","sch_tripstarttime":"12:40","sch_tripendtime":"12:40","lastlocationid":0,"currentlocationid":21212,"nextlocationid":0,"currentstop":null,"nextstop":null,"laststop":null,"stopCoveredStatus":1,"heading":106,"lastrefreshon":"09-03-2024 12:48:22","lastreceiveddatetimeflag":0,"tripposition":1}]},{"routeid":12530,"stationid":21157,"stationname":"Sapthagiri Hospital","from":"Makali","to":"Jalahalli Metro Station Arrival","routeno":"MF-27","distance_on_station":8.117,"centerlat":13.07066,"centerlong":77.50395,"responsecode":200,"isnotify":0,"vehicleDetails":[{"vehicleid":18698,"vehiclenumber":"KA57F1879","servicetypeid":72,"servicetype":"Non AC/Ordinary","centerlat":13.042757,"centerlong":77.513878,"eta":"","sch_arrivaltime":"13:18","sch_departuretime":"13:18","actual_arrivaltime":"12:33","actual_departuretime":"12:33","sch_tripstarttime":"13:00","sch_tripendtime":"13:00","lastlocationid":0,"currentlocationid":21212,"nextlocationid":0,"currentstop":null,"nextstop":null,"laststop":null,"stopCoveredStatus":1,"heading":110,"lastrefreshon":"09-03-2024 12:48:09","lastreceiveddatetimeflag":0,"tripposition":1},{"vehicleid":18700,"vehiclenumber":"KA57F1889","servicetypeid":72,"servicetype":"Non AC/Ordinary","centerlat":13.042495,"centerlong":77.5149,"eta":"","sch_arrivaltime":"12:58","sch_departuretime":"12:58","actual_arrivaltime":"12:34","actual_departuretime":"12:34","sch_tripstarttime":"12:40","sch_tripendtime":"12:40","lastlocationid":0,"currentlocationid":21212,"nextlocationid":0,"currentstop":null,"nextstop":null,"laststop":null,"stopCoveredStatus":1,"heading":106,"lastrefreshon":"09-03-2024 12:48:22","lastreceiveddatetimeflag":0,"tripposition":1}]},{"routeid":12530,"stationid":21155,"stationname":"Sapthagiri College","from":"Makali","to":"Jalahalli Metro Station Arrival","routeno":"MF-27","distance_on_station":8.556,"centerlat":13.06675,"centerlong":77.50335,"responsecode":200,"isnotify":0,"vehicleDetails":[{"vehicleid":18698,"vehiclenumber":"KA57F1879","servicetypeid":72,"servicetype":"Non AC/Ordinary","centerlat":13.042757,"centerlong":77.513878,"eta":"","sch_arrivaltime":"13:19","sch_departuretime":"13:19","actual_arrivaltime":"12:34","actual_departuretime":"12:34","sch_tripstarttime":"13:00","sch_tripendtime":"13:00","lastlocationid":0,"currentlocationid":21212,"nextlocationid":0,"currentstop":null,"nextstop":null,"laststop":null,"stopCoveredStatus":1,"heading":110,"lastrefreshon":"09-03-2024 12:48:09","lastreceiveddatetimeflag":0,"tripposition":1},{"vehicleid":18700,"vehiclenumber":"KA57F1889","servicetypeid":72,"servicetype":"Non AC/Ordinary","centerlat":13.042495,"centerlong":77.5149,"eta":"","sch_arrivaltime":"12:59","sch_departuretime":"12:59","actual_arrivaltime":"12:35","actual_departuretime":"12:36","sch_tripstarttime":"12:40","sch_tripendtime":"12:40","lastlocationid":0,"currentlocationid":21212,"nextlocationid":0,"currentstop":null,"nextstop":null,"laststop":null,"stopCoveredStatus":1,"heading":106,"lastrefreshon":"09-03-2024 12:48:22","lastreceiveddatetimeflag":0,"tripposition":1}]},{"routeid":12530,"stationid":20676,"stationname":"Bone Mill","from":"Makali","to":"Jalahalli Metro Station Arrival","routeno":"MF-27","distance_on_station":8.936,"centerlat":13.06385,"centerlong":77.50508,"responsecode":200,"isnotify":0,"vehicleDetails":[{"vehicleid":18698,"vehiclenumber":"KA57F1879","servicetypeid":72,"servicetype":"Non AC/Ordinary","centerlat":13.042757,"centerlong":77.513878,"eta":"","sch_arrivaltime":"13:20","sch_departuretime":"13:20","actual_arrivaltime":"12:35","actual_departuretime":"12:36","sch_tripstarttime":"13:00","sch_tripendtime":"13:00","lastlocationid":0,"currentlocationid":21212,"nextlocationid":0,"currentstop":null,"nextstop":null,"laststop":null,"stopCoveredStatus":1,"heading":110,"lastrefreshon":"09-03-2024 12:48:09","lastreceiveddatetimeflag":0,"tripposition":1},{"vehicleid":18700,"vehiclenumber":"KA57F1889","servicetypeid":72,"servicetype":"Non AC/Ordinary","centerlat":13.042495,"centerlong":77.5149,"eta":"","sch_arrivaltime":"13:00","sch_departuretime":"13:00","actual_arrivaltime":"12:37","actual_departuretime":"12:37","sch_tripstarttime":"12:40","sch_tripendtime":"12:40","lastlocationid":0,"currentlocationid":21212,"nextlocationid":0,"currentstop":null,"nextstop":null,"laststop":null,"stopCoveredStatus":1,"heading":106,"lastrefreshon":"09-03-2024 12:48:22","lastreceiveddatetimeflag":0,"tripposition":1}]},{"routeid":12530,"stationid":33918,"stationname":"MEI Layout Arch","from":"Makali","to":"Jalahalli Metro Station Arrival","routeno":"MF-27","distance_on_station":9.425,"centerlat":13.05999,"centerlong":77.50697,"responsecode":200,"isnotify":0,"vehicleDetails":[{"vehicleid":18698,"vehiclenumber":"KA57F1879","servicetypeid":72,"servicetype":"Non AC/Ordinary","centerlat":13.042757,"centerlong":77.513878,"eta":"","sch_arrivaltime":"13:21","sch_departuretime":"13:21","actual_arrivaltime":"12:37","actual_departuretime":"12:37","sch_tripstarttime":"13:00","sch_tripendtime":"13:00","lastlocationid":0,"currentlocationid":21212,"nextlocationid":0,"currentstop":null,"nextstop":null,"laststop":null,"stopCoveredStatus":1,"heading":110,"lastrefreshon":"09-03-2024 12:48:09","lastreceiveddatetimeflag":0,"tripposition":1},{"vehicleid":18700,"vehiclenumber":"KA57F1889","servicetypeid":72,"servicetype":"Non AC/Ordinary","centerlat":13.042495,"centerlong":77.5149,"eta":"","sch_arrivaltime":"13:01","sch_departuretime":"13:01","actual_arrivaltime":"12:39","actual_departuretime":"12:39","sch_tripstarttime":"12:40","sch_tripendtime":"12:40","lastlocationid":0,"currentlocationid":21212,"nextlocationid":0,"currentstop":null,"nextstop":null,"laststop":null,"stopCoveredStatus":1,"heading":106,"lastrefreshon":"09-03-2024 12:48:22","lastreceiveddatetimeflag":0,"tripposition":1}]},{"routeid":12530,"stationid":20619,"stationname":"Bagalagunte","from":"Makali","to":"Jalahalli Metro Station Arrival","routeno":"MF-27","distance_on_station":9.794,"centerlat":13.05665,"centerlong":77.50735,"responsecode":200,"isnotify":0,"vehicleDetails":[{"vehicleid":18698,"vehiclenumber":"KA57F1879","servicetypeid":72,"servicetype":"Non AC/Ordinary","centerlat":13.042757,"centerlong":77.513878,"eta":"","sch_arrivaltime":"13:22","sch_departuretime":"13:22","actual_arrivaltime":"12:39","actual_departuretime":"12:40","sch_tripstarttime":"13:00","sch_tripendtime":"13:00","lastlocationid":0,"currentlocationid":21212,"nextlocationid":0,"currentstop":null,"nextstop":null,"laststop":null,"stopCoveredStatus":1,"heading":110,"lastrefreshon":"09-03-2024 12:48:09","lastreceiveddatetimeflag":0,"tripposition":1},{"vehicleid":18700,"vehiclenumber":"KA57F1889","servicetypeid":72,"servicetype":"Non AC/Ordinary","centerlat":13.042495,"centerlong":77.5149,"eta":"","sch_arrivaltime":"13:02","sch_departuretime":"13:02","actual_arrivaltime":"12:40","actual_departuretime":"12:42","sch_tripstarttime":"12:40","sch_tripendtime":"12:40","lastlocationid":0,"currentlocationid":21212,"nextlocationid":0,"currentstop":null,"nextstop":null,"laststop":null,"stopCoveredStatus":1,"heading":106,"lastrefreshon":"09-03-2024 12:48:22","lastreceiveddatetimeflag":0,"tripposition":1}]},{"routeid":12530,"stationid":21279,"stationname":"Widia School","from":"Makali","to":"Jalahalli Metro Station Arrival","routeno":"MF-27","distance_on_station":10.393,"centerlat":13.05126,"centerlong":77.50786,"responsecode":200,"isnotify":0,"vehicleDetails":[{"vehicleid":18698,"vehiclenumber":"KA57F1879","servicetypeid":72,"servicetype":"Non AC/Ordinary","centerlat":13.042757,"centerlong":77.513878,"eta":"","sch_arrivaltime":"13:23","sch_departuretime":"13:23","actual_arrivaltime":"12:41","actual_departuretime":"12:41","sch_tripstarttime":"13:00","sch_tripendtime":"13:00","lastlocationid":0,"currentlocationid":21212,"nextlocationid":0,"currentstop":null,"nextstop":null,"laststop":null,"stopCoveredStatus":1,"heading":110,"lastrefreshon":"09-03-2024 12:48:09","lastreceiveddatetimeflag":0,"tripposition":1},{"vehicleid":18700,"vehiclenumber":"KA57F1889","servicetypeid":72,"servicetype":"Non AC/Ordinary","centerlat":13.042495,"centerlong":77.5149,"eta":"","sch_arrivaltime":"13:03","sch_departuretime":"13:03","actual_arrivaltime":"12:43","actual_departuretime":"12:44","sch_tripstarttime":"12:40","sch_tripendtime":"12:40","lastlocationid":0,"currentlocationid":21212,"nextlocationid":0,"currentstop":null,"nextstop":null,"laststop":null,"stopCoveredStatus":1,"heading":106,"lastrefreshon":"09-03-2024 12:48:22","lastreceiveddatetimeflag":0,"tripposition":1}]},{"routeid":12530,"stationid":20594,"stationname":"8th Mile Dasarahalli","from":"Makali","to":"Jalahalli Metro Station Arrival","routeno":"MF-27","distance_on_station":11.112,"centerlat":13.04541,"centerlong":77.50795,"responsecode":200,"isnotify":0,"vehicleDetails":[{"vehicleid":18698,"vehiclenumber":"KA57F1879","servicetypeid":72,"servicetype":"Non AC/Ordinary","centerlat":13.042757,"centerlong":77.513878,"eta":"","sch_arrivaltime":"13:25","sch_departuretime":"13:25","actual_arrivaltime":"12:44","actual_departuretime":"12:45","sch_tripstarttime":"13:00","sch_tripendtime":"13:00","lastlocationid":0,"currentlocationid":21212,"nextlocationid":0,"currentstop":null,"nextstop":null,"laststop":null,"stopCoveredStatus":1,"heading":110,"lastrefreshon":"09-03-2024 12:48:09","lastreceiveddatetimeflag":0,"tripposition":1},{"vehicleid":18700,"vehiclenumber":"KA57F1889","servicetypeid":72,"servicetype":"Non AC/Ordinary","centerlat":13.042495,"centerlong":77.5149,"eta":"","sch_arrivaltime":"13:05","sch_departuretime":"13:05","actual_arrivaltime":"12:45","actual_departuretime":"12:46","sch_tripstarttime":"12:40","sch_tripendtime":"12:40","lastlocationid":0,"currentlocationid":21212,"nextlocationid":0,"currentstop":null,"nextstop":null,"laststop":null,"stopCoveredStatus":1,"heading":106,"lastrefreshon":"09-03-2024 12:48:22","lastreceiveddatetimeflag":0,"tripposition":1}]},{"routeid":12530,"stationid":21212,"stationname":"T Dasarahalli","from":"Makali","to":"Jalahalli Metro Station Arrival","routeno":"MF-27","distance_on_station":11.711,"centerlat":13.04309,"centerlong":77.51288,"responsecode":200,"isnotify":0,"vehicleDetails":[{"vehicleid":18698,"vehiclenumber":"KA57F1879","servicetypeid":72,"servicetype":"Non AC/Ordinary","centerlat":13.042757,"centerlong":77.513878,"eta":"2024-03-09 12:48:00","sch_arrivaltime":"13:26","sch_departuretime":"13:26","actual_arrivaltime":"12:47","actual_departuretime":"12:47","sch_tripstarttime":"13:00","sch_tripendtime":"13:00","lastlocationid":0,"currentlocationid":21212,"nextlocationid":0,"currentstop":null,"nextstop":null,"laststop":null,"stopCoveredStatus":1,"heading":110,"lastrefreshon":"09-03-2024 12:48:09","lastreceiveddatetimeflag":0,"tripposition":1},{"vehicleid":18700,"vehiclenumber":"KA57F1889","servicetypeid":72,"servicetype":"Non AC/Ordinary","centerlat":13.042495,"centerlong":77.5149,"eta":"2024-03-09 12:48:00","sch_arrivaltime":"13:06","sch_departuretime":"13:06","actual_arrivaltime":"12:47","actual_departuretime":"12:47","sch_tripstarttime":"12:40","sch_tripendtime":"12:40","lastlocationid":0,"currentlocationid":21212,"nextlocationid":0,"currentstop":null,"nextstop":null,"laststop":null,"stopCoveredStatus":1,"heading":106,"lastrefreshon":"09-03-2024 12:48:22","lastreceiveddatetimeflag":0,"tripposition":1}]},{"routeid":12530,"stationid":20869,"stationname":"Jalahalli Cross","from":"Makali","to":"Jalahalli Metro Station Arrival","routeno":"MF-27","distance_on_station":12.46,"centerlat":13.0399,"centerlong":77.51879,"responsecode":200,"isnotify":0,"vehicleDetails":[{"vehicleid":18700,"vehiclenumber":"KA57F1889","servicetypeid":72,"servicetype":"Non AC/Ordinary","centerlat":13.042495,"centerlong":77.5149,"eta":"2024-03-09 12:49:00","sch_arrivaltime":"13:08","sch_departuretime":"13:08","actual_arrivaltime":"","actual_departuretime":"","sch_tripstarttime":"12:40","sch_tripendtime":"12:40","lastlocationid":0,"currentlocationid":21212,"nextlocationid":0,"currentstop":null,"nextstop":null,"laststop":null,"stopCoveredStatus":0,"heading":106,"lastrefreshon":"09-03-2024 12:48:22","lastreceiveddatetimeflag":0,"tripposition":3},{"vehicleid":18698,"vehiclenumber":"KA57F1879","servicetypeid":72,"servicetype":"Non AC/Ordinary","centerlat":13.042757,"centerlong":77.513878,"eta":"2024-03-09 12:50:00","sch_arrivaltime":"13:28","sch_departuretime":"13:28","actual_arrivaltime":"","actual_departuretime":"","sch_tripstarttime":"13:00","sch_tripendtime":"13:00","lastlocationid":0,"currentlocationid":21212,"nextlocationid":0,"currentstop":null,"nextstop":null,"laststop":null,"stopCoveredStatus":0,"heading":110,"lastrefreshon":"09-03-2024 12:48:09","lastreceiveddatetimeflag":0,"tripposition":3}]},{"routeid":12530,"stationid":36453,"stationname":"Jalahalli Metro Station Arrival","from":"Makali","to":"Jalahalli Metro Station Arrival","routeno":"MF-27","distance_on_station":12.5,"centerlat":13.03971,"centerlong":77.5191,"responsecode":200,"isnotify":0,"vehicleDetails":[{"vehicleid":18700,"vehiclenumber":"KA57F1889","servicetypeid":72,"servicetype":"Non AC/Ordinary","centerlat":13.042495,"centerlong":77.5149,"eta":"2024-03-09 12:50:00","sch_arrivaltime":"13:09","sch_departuretime":"13:09","actual_arrivaltime":"","actual_departuretime":"","sch_tripstarttime":"12:40","sch_tripendtime":"12:40","lastlocationid":0,"currentlocationid":21212,"nextlocationid":0,"currentstop":null,"nextstop":null,"laststop":null,"stopCoveredStatus":0,"heading":106,"lastrefreshon":"09-03-2024 12:48:22","lastreceiveddatetimeflag":0,"tripposition":1},{"vehicleid":18698,"vehiclenumber":"KA57F1879","servicetypeid":72,"servicetype":"Non AC/Ordinary","centerlat":13.042757,"centerlong":77.513878,"eta":"2024-03-09 12:51:00","sch_arrivaltime":"13:29","sch_departuretime":"13:29","actual_arrivaltime":"","actual_departuretime":"","sch_tripstarttime":"13:00","sch_tripendtime":"13:00","lastlocationid":0,"currentlocationid":21212,"nextlocationid":0,"currentstop":null,"nextstop":null,"laststop":null,"stopCoveredStatus":0,"heading":110,"lastrefreshon":"09-03-2024 12:48:09","lastreceiveddatetimeflag":0,"tripposition":1}]}],"mapData":[{"vehicleid":18698,"vehiclenumber":"KA57F1879","servicetypeid":72,"servicetype":"Non AC/Ordinary","centerlat":13.042757,"centerlong":77.513878,"eta":"2024-03-09 12:51:00","sch_arrivaltime":"13:29","sch_departuretime":"13:29","actual_arrivaltime":"","actual_departuretime":"","sch_tripstarttime":"13:00","sch_tripendtime":"13:00","lastlocationid":0,"currentlocationid":21212,"nextlocationid":0,"currentstop":null,"nextstop":null,"laststop":null,"stopCoveredStatus":0,"heading":110,"lastrefreshon":"09-03-2024 12:48:09","lastreceiveddatetimeflag":0,"tripposition":1},{"vehicleid":18700,"vehiclenumber":"KA57F1889","servicetypeid":72,"servicetype":"Non AC/Ordinary","centerlat":13.042495,"centerlong":77.5149,"eta":"2024-03-09 12:50:00","sch_arrivaltime":"13:09","sch_departuretime":"13:09","actual_arrivaltime":"","actual_departuretime":"","sch_tripstarttime":"12:40","sch_tripendtime":"12:40","lastlocationid":0,"currentlocationid":21212,"nextlocationid":0,"currentstop":null,"nextstop":null,"laststop":null,"stopCoveredStatus":0,"heading":106,"lastrefreshon":"09-03-2024 12:48:22","lastreceiveddatetimeflag":0,"tripposition":1}]},"message":"Success","issuccess":true,"exception":null,"rowCount":0,"responsecode":200}