{"up":{"data":[{"routeid":13089,"stationid":22190,"stationname":"Konanakunte Cross","from":"Konanakunte Cross","to":"Brigade Meadows Kanakapura Road","routeno":"MF-20","distance_on_station":0,"centerlat":12.89025,"centerlong":77.56431,"responsecode":200,"isnotify":0,"vehicleDetails":[{"vehicleid":22662,"vehiclenumber":"KA57F1582","servicetypeid":72,"servicetype":"Non AC/Ordinary","centerlat":12.813151,"centerlong":77.511971,"eta":"","sch_arrivaltime":"12:30","sch_departuretime":"12:30","actual_arrivaltime":"12:05","actual_departuretime":"12:05","sch_tripstarttime":"12:30","sch_tripendtime":"12:30","lastlocationid":0,"currentlocationid":36502,"nextlocationid":0,"currentstop":null,"nextstop":null,"laststop":null,"stopCoveredStatus":1,"heading":79,"lastrefreshon":"09-03-2024 12:43:04","lastreceiveddatetimeflag":0,"tripposition":1}]},{"routeid":13089,"stationid":38358,"stationname":"Konanakunte Cross  Metro Station","from":"Konanakunte Cross","to":"Brigade Meadows Kanakapura Road","routeno":"MF-20","distance_on_station":0.217,"centerlat":12.88907,"centerlong":77.56306,"responsecode":200,"isnotify":0,"vehicleDetails":[{"vehicleid":22662,"vehiclenumber":"KA57F1582","servicetypeid":72,"servicetype":"Non AC/Ordinary","centerlat":12.813151,"centerlong":77.511971,"eta":"","sch_arrivaltime":"12:31","sch_departuretime":"12:31","actual_arrivaltime":"12:06","actual_departuretime":"12:06","sch_tripstarttime":"12:30","sch_tripendtime":"12:30","lastlocationid":0,"currentlocationid":36502,"nextlocationid":0,"currentstop":null,"nextstop":null,"laststop":null,"stopCoveredStatus":1,"heading":79,"lastrefreshon":"09-03-2024 12:43:04","lastreceiveddatetimeflag":0,"tripposition":1}]},{"routeid":13089,"stationid":21909,"stationname":"Doddakallasandra","from":"Konanakunte Cross","to":"Brigade Meadows Kanakapura Road","routeno":"MF-20","distance_on_station":1.143,"centerlat":12.88574,"centerlong":77.5565,"responsecode":200,"isnotify":0,"vehicleDetails":[{"vehicleid":22662,"vehiclenumber":"KA57F1582","servicetypeid":72,"servicetype":"Non AC/Ordinary","centerlat":12.813151,"centerlong":77.511971,"eta":"","sch_arrivaltime":"12:32","sch_departuretime":"12:32","actual_arrivaltime":"12:07","actual_departuretime":"12:07","sch_tripstarttime":"12:30","sch_tripendtime":"12:30","lastlocationid":0,"currentlocationid":36502,"nextlocationid":0,"currentstop":null,"nextstop":null,"laststop":null,"stopCoveredStatus":1,"heading":79,"lastrefreshon":"09-03-2024 12:43:04","lastreceiveddatetimeflag":0,"tripposition":1}]},{"routeid":13089,"stationid":38362,"stationname":"Doddakallasandra Metro Station","from":"Konanakunte Cross","to":"Brigade Meadows Kanakapura Road","routeno":"MF-20","distance_on_station":1.589,"centerlat":12.88467,"centerlong":77.55312,"responsecode":200,"isnotify":0,"vehicleDetails":[{"vehicleid":22662,"vehiclenumber":"KA57F1582","servicetypeid":72,"servicetype":"Non AC/Ordinary","centerlat":12.813151,"centerlong":77.511971,"eta":"","sch_arrivaltime":"12:33","sch_departuretime":"12:33","actual_arrivaltime":"12:09","actual_departuretime":"12:09","sch_tripstarttime":"12:30","sch_tripendtime":"12:30","lastlocationid":0,"currentlocationid":36502,"nextlocationid":0,"currentstop":null,"nextstop":null,"laststop":null,"stopCoveredStatus":1,"heading":79,"lastrefreshon":"09-03-2024 12:43:04","lastreceiveddatetimeflag":0,"tripposition":1}]},{"routeid":13089,"stationid":21982,"stationname":"Gubbalala Gate","from":"Konanakunte Cross","to":"Brigade Meadows Kanakapura Road","routeno":"MF-20","distance_on_station":1.794,"centerlat":12.88423,"centerlong":77.55153,"responsecode":200,"isnotify":0,"vehicleDetails":[{"vehicleid":22662,"vehiclenumber":"KA57F1582","servicetypeid":72,"servicetype":"Non AC/Ordinary","centerlat":12.813151,"centerlong":77.511971,"eta":"","sch_arrivaltime":"12:34","sch_departuretime":"12:34","actual_arrivaltime":"","actual_departuretime":"","sch_tripstarttime":"12:30","sch_tripendtime":"12:30","lastlocationid":0,"currentlocationid":36502,"nextlocationid":0,"currentstop":null,"nextstop":null,"laststop":null,"stopCoveredStatus":1,"heading":79,"lastrefreshon":"09-03-2024 12:43:04","lastreceiveddatetimeflag":0,"tripposition":3}]},{"routeid":13089,"stationid":22408,"stationname":"Raghuvanahalli Cross","from":"Konanakunte Cross","to":"Brigade Meadows Kanakapura Road","routeno":"MF-20","distance_on_station":2.674,"centerlat":12.88067,"centerlong":77.54621,"responsecode":200,"isnotify":0,"vehicleDetails":[{"vehicleid":22662,"vehiclenumber":"KA57F1582","servicetypeid":72,"servicetype":"Non AC/Ordinary","centerlat":12.813151,"centerlong":77.511971,"eta":"","sch_arrivaltime":"12:35","sch_departuretime":"12:35","actual_arrivaltime":"12:11","actual_departuretime":"12:12","sch_tripstarttime":"12:30","sch_tripendtime":"12:30","lastlocationid":0,"currentlocationid":36502,"nextlocationid":0,"currentstop":null,"nextstop":null,"laststop":null,"stopCoveredStatus":1,"heading":79,"lastrefreshon":"09-03-2024 12:43:04","lastreceiveddatetimeflag":0,"tripposition":1}]},{"routeid":13089,"stationid":38360,"stationname":"Vajarahalli Metro Station","from":"Konanakunte Cross","to":"Brigade Meadows Kanakapura Road","routeno":"MF-20","distance_on_station":3.086,"centerlat":12.87768,"centerlong":77.54498,"responsecode":200,"isnotify":0,"vehicleDetails":[{"vehicleid":22662,"vehiclenumber":"KA57F1582","servicetypeid":72,"servicetype":"Non AC/Ordinary","centerlat":12.813151,"centerlong":77.511971,"eta":"","sch_arrivaltime":"12:36","sch_departuretime":"12:36","actual_arrivaltime":"12:14","actual_departuretime":"12:14","sch_tripstarttime":"12:30","sch_tripendtime":"12:30","lastlocationid":0,"currentlocationid":36502,"nextlocationid":0,"currentstop":null,"nextstop":null,"laststop":null,"stopCoveredStatus":1,"heading":79,"lastrefreshon":"09-03-2024 12:43:04","lastreceiveddatetimeflag":0,"tripposition":1}]},{"routeid":13089,"stationid":21723,"stationname":"Bayyanapalya","from":"Konanakunte Cross","to":"Brigade Meadows Kanakapura Road","routeno":"MF-20","distance_on_station":3.394,"centerlat":12.87558,"centerlong":77.54374,"responsecode":200,"isnotify":0,"vehicleDetails":[{"vehicleid":22662,"vehiclenumber":"KA57F1582","servicetypeid":72,"servicetype":"Non AC/Ordinary","centerlat":12.813151,"centerlong":77.511971,"eta":"","sch_arrivaltime":"12:37","sch_departuretime":"12:37","actual_arrivaltime":"12:14","actual_departuretime":"12:15","sch_tripstarttime":"12:30","sch_tripendtime":"12:30","lastlocationid":0,"currentlocationid":36502,"nextlocationid":0,"currentstop":null,"nextstop":null,"laststop":null,"stopCoveredStatus":1,"heading":79,"lastrefreshon":"09-03-2024 12:43:04","lastreceiveddatetimeflag":0,"tripposition":1}]},{"routeid":13089,"stationid":37739,"stationname":"Thalagattapura Metro Station","from":"Konanakunte Cross","to":"Brigade Meadows Kanakapura Road","routeno":"MF-20","distance_on_station":4.263,"centerlat":12.87128,"centerlong":77.53854,"responsecode":200,"isnotify":0,"vehicleDetails":[{"vehicleid":22662,"vehiclenumber":"KA57F1582","servicetypeid":72,"servicetype":"Non AC/Ordinary","centerlat":12.813151,"centerlong":77.511971,"eta":"","sch_arrivaltime":"12:38","sch_departuretime":"12:38","actual_arrivaltime":"","actual_departuretime":"","sch_tripstarttime":"12:30","sch_tripendtime":"12:30","lastlocationid":0,"currentlocationid":36502,"nextlocationid":0,"currentstop":null,"nextstop":null,"laststop":null,"stopCoveredStatus":1,"heading":79,"lastrefreshon":"09-03-2024 12:43:04","lastreceiveddatetimeflag":0,"tripposition":3}]},{"routeid":13089,"stationid":22538,"stationname":"Thalagattapura","from":"Konanakunte Cross","to":"Brigade Meadows Kanakapura Road","routeno":"MF-20","distance_on_station":4.549,"centerlat":12.86958,"centerlong":77.53705,"responsecode":200,"isnotify":0,"vehicleDetails":[{"vehicleid":22662,"vehiclenumber":"KA57F1582","servicetypeid":72,"servicetype":"Non AC/Ordinary","centerlat":12.813151,"centerlong":77.511971,"eta":"","sch_arrivaltime":"12:39","sch_departuretime":"12:39","actual_arrivaltime":"12:17","actual_departuretime":"12:17","sch_tripstarttime":"12:30","sch_tripendtime":"12:30","lastlocationid":0,"currentlocationid":36502,"nextlocationid":0,"currentstop":null,"nextstop":null,"laststop":null,"stopCoveredStatus":1,"heading":79,"lastrefreshon":"09-03-2024 12:43:04","lastreceiveddatetimeflag":0,"tripposition":1}]},{"routeid":13089,"stationid":22574,"stationname":"Vajramuneshwara Gate","from":"Konanakunte Cross","to":"Brigade Meadows Kanakapura Road","routeno":"MF-20","distance_on_station":5.303,"centerlat":12.86481,"centerlong":77.53334,"responsecode":200,"isnotify":0,"vehicleDetails":[{"vehicleid":22662,"vehiclenumber":"KA57F1582","servicetypeid":72,"servicetype":"Non AC/Ordinary","centerlat":12.813151,"centerlong":77.511971,"eta":"","sch_arrivaltime":"12:40","sch_departuretime":"12:40","actual_arrivaltime":"12:19","actual_departuretime":"12:19","sch_tripstarttime":"12:30","sch_tripendtime":"12:30","lastlocationid":0,"currentlocationid":36502,"nextlocationid":0,"currentstop":null,"nextstop":null,"laststop":null,"stopCoveredStatus":1,"heading":79,"lastrefreshon":"09-03-2024 12:43:04","lastreceiveddatetimeflag":0,"tripposition":1}]},{"routeid":13089,"stationid":35891,"stationname":"Silk Institute Metro Station","from":"Konanakunte Cross","to":"Brigade Meadows Kanakapura Road","routeno":"MF-20","distance_on_station":5.897,"centerlat":12.8616,"centerlong":77.52993,"responsecode":200,"isnotify":0,"vehicleDetails":[{"vehicleid":22662,"vehiclenumber":"KA57F1582","servicetypeid":72,"servicetype":"Non AC/Ordinary","centerlat":12.813151,"centerlong":77.511971,"eta":"","sch_arrivaltime":"12:41","sch_departuretime":"12:41","actual_arrivaltime":"12:20","actual_departuretime":"12:20","sch_tripstarttime":"12:30","sch_tripendtime":"12:30","lastlocationid":0,"currentlocationid":36502,"nextlocationid":0,"currentstop":null,"nextstop":null,"laststop":null,"stopCoveredStatus":1,"heading":79,"lastrefreshon":"09-03-2024 12:43:04","lastreceiveddatetimeflag":0,"tripposition":1}]},{"routeid":13089,"stationid":23600,"stationname":"Jyothi Farm","from":"Konanakunte Cross","to":"Brigade Meadows Kanakapura Road","routeno":"MF-20","distance_on_station":6.137,"centerlat":12.85993,"centerlong":77.52896,"responsecode":200,"isnotify":0,"vehicleDetails":[{"vehicleid":22662,"vehiclenumber":"KA57F1582","servicetypeid":72,"servicetype":"Non AC/Ordinary","centerlat":12.813151,"centerlong":77.511971,"eta":"","sch_arrivaltime":"12:42","sch_departuretime":"12:42","actual_arrivaltime":"12:21","actual_departuretime":"12:21","sch_tripstarttime":"12:30","sch_tripendtime":"12:30","lastlocationid":0,"currentlocationid":36502,"nextlocationid":0,"currentstop":null,"nextstop":null,"laststop":null,"stopCoveredStatus":1,"heading":79,"lastrefreshon":"09-03-2024 12:43:04","lastreceiveddatetimeflag":0,"tripposition":1}]},{"routeid":13089,"stationid":22363,"stationname":"NICE Road","from":"Konanakunte Cross","to":"Brigade Meadows Kanakapura Road","routeno":"MF-20","distance_on_station":6.606,"centerlat":12.85694,"centerlong":77.52685,"responsecode":200,"isnotify":0,"vehicleDetails":[{"vehicleid":22662,"vehiclenumber":"KA57F1582","servicetypeid":72,"servicetype":"Non AC/Ordinary","centerlat":12.813151,"centerlong":77.511971,"eta":"","sch_arrivaltime":"12:43","sch_departuretime":"12:43","actual_arrivaltime":"12:22","actual_departuretime":"12:22","sch_tripstarttime":"12:30","sch_tripendtime":"12:30","lastlocationid":0,"currentlocationid":36502,"nextlocationid":0,"currentstop":null,"nextstop":null,"laststop":null,"stopCoveredStatus":1,"heading":79,"lastrefreshon":"09-03-2024 12:43:04","lastreceiveddatetimeflag":0,"tripposition":1}]},{"routeid":13089,"stationid":21844,"stationname":"Chinnayyanapalya Silk Farm","from":"Konanakunte Cross","to":"Brigade Meadows Kanakapura Road","routeno":"MF-20","distance_on_station":7.234,"centerlat":12.85347,"centerlong":77.52329,"responsecode":200,"isnotify":0,"vehicleDetails":[{"vehicleid":22662,"vehiclenumber":"KA57F1582","servicetypeid":72,"servicetype":"Non AC/Ordinary","centerlat":12.813151,"centerlong":77.511971,"eta":"","sch_arrivaltime":"12:44","sch_departuretime":"12:44","actual_arrivaltime":"12:23","actual_departuretime":"12:24","sch_tripstarttime":"12:30","sch_tripendtime":"12:30","lastlocationid":0,"currentlocationid":36502,"nextlocationid":0,"currentstop":null,"nextstop":null,"laststop":null,"stopCoveredStatus":1,"heading":79,"lastrefreshon":"09-03-2024 12:43:04","lastreceiveddatetimeflag":0,"tripposition":1}]},{"routeid":13089,"stationid":21640,"stationname":"Agara Cross","from":"Konanakunte Cross","to":"Brigade Meadows Kanakapura Road","routeno":"MF-20","distance_on_station":7.806,"centerlat":12.84915,"centerlong":77.52219,"responsecode":200,"isnotify":0,"vehicleDetails":[{"vehicleid":22662,"vehiclenumber":"KA57F1582","servicetypeid":72,"servicetype":"Non AC/Ordinary","centerlat":12.813151,"centerlong":77.511971,"eta":"","sch_arrivaltime":"12:45","sch_departuretime":"12:45","actual_arrivaltime":"12:24","actual_departuretime":"12:24","sch_tripstarttime":"12:30","sch_tripendtime":"12:30","lastlocationid":0,"currentlocationid":36502,"nextlocationid":0,"currentstop":null,"nextstop":null,"laststop":null,"stopCoveredStatus":1,"heading":79,"lastrefreshon":"09-03-2024 12:43:04","lastreceiveddatetimeflag":0,"tripposition":1}]},{"routeid":13089,"stationid":22216,"stationname":"Kuppareddy Kere","from":"Konanakunte Cross","to":"Brigade Meadows Kanakapura Road","routeno":"MF-20","distance_on_station":8.789,"centerlat":12.84268,"centerlong":77.51789,"responsecode":200,"isnotify":0,"vehicleDetails":[{"vehicleid":22662,"vehiclenumber":"KA57F1582","servicetypeid":72,"servicetype":"Non AC/Ordinary","centerlat":12.813151,"centerlong":77.511971,"eta":"","sch_arrivaltime":"12:46","sch_departuretime":"12:46","actual_arrivaltime":"12:25","actual_departuretime":"12:25","sch_tripstarttime":"12:30","sch_tripendtime":"12:30","lastlocationid":0,"currentlocationid":36502,"nextlocationid":0,"currentstop":null,"nextstop":null,"laststop":null,"stopCoveredStatus":1,"heading":79,"lastrefreshon":"09-03-2024 12:43:04","lastreceiveddatetimeflag":0,"tripposition":1}]},{"routeid":13089,"stationid":22474,"stationname":"Shanimahathma Temple","from":"Konanakunte Cross","to":"Brigade Meadows Kanakapura Road","routeno":"MF-20","distance_on_station":9.52,"centerlat":12.83723,"centerlong":77.51612,"responsecode":200,"isnotify":0,"vehicleDetails":[{"vehicleid":22662,"vehiclenumber":"KA57F1582","servicetypeid":72,"servicetype":"Non AC/Ordinary","centerlat":12.813151,"centerlong":77.511971,"eta":"","sch_arrivaltime":"12:47","sch_departuretime":"12:47","actual_arrivaltime":"","actual_departuretime":"","sch_tripstarttime":"12:30","sch_tripendtime":"12:30","lastlocationid":0,"currentlocationid":36502,"nextlocationid":0,"currentstop":null,"nextstop":null,"laststop":null,"stopCoveredStatus":1,"heading":79,"lastrefreshon":"09-03-2024 12:43:04","lastreceiveddatetimeflag":0,"tripposition":3}]},{"routeid":13089,"stationid":22220,"stationname":"Lakshmipura","from":"Konanakunte Cross","to":"Brigade Meadows Kanakapura Road","routeno":"MF-20","distance_on_station":10.114,"centerlat":12.83328,"centerlong":77.51372,"responsecode":200,"isnotify":0,"vehicleDetails":[{"vehicleid":22662,"vehiclenumber":"KA57F1582","servicetypeid":72,"servicetype":"Non AC/Ordinary","centerlat":12.813151,"centerlong":77.511971,"eta":"","sch_arrivaltime":"12:48","sch_departuretime":"12:48","actual_arrivaltime":"12:28","actual_departuretime":"12:28","sch_tripstarttime":"12:30","sch_tripendtime":"12:30","lastlocationid":0,"currentlocationid":36502,"nextlocationid":0,"currentstop":null,"nextstop":null,"laststop":null,"stopCoveredStatus":1,"heading":79,"lastrefreshon":"09-03-2024 12:43:04","lastreceiveddatetimeflag":0,"tripposition":1}]},{"routeid":13089,"stationid":22437,"stationname":"Saalu Doddy","from":"Konanakunte Cross","to":"Brigade Meadows Kanakapura Road","routeno":"MF-20","distance_on_station":10.446,"centerlat":12.83077,"centerlong":77.51308,"responsecode":200,"isnotify":0,"vehicleDetails":[{"vehicleid":22662,"vehiclenumber":"KA57F1582","servicetypeid":72,"servicetype":"Non AC/Ordinary","centerlat":12.813151,"centerlong":77.511971,"eta":"","sch_arrivaltime":"12:49","sch_departuretime":"12:49","actual_arrivaltime":"12:29","actual_departuretime":"12:29","sch_tripstarttime":"12:30","sch_tripendtime":"12:30","lastlocationid":0,"currentlocationid":36502,"nextlocationid":0,"currentstop":null,"nextstop":null,"laststop":null,"stopCoveredStatus":1,"heading":79,"lastrefreshon":"09-03-2024 12:43:04","lastreceiveddatetimeflag":0,"tripposition":1}]},{"routeid":13089,"stationid":35673,"stationname":"Art Of Living Ravishankar Ashram","from":"Konanakunte Cross","to":"Brigade Meadows Kanakapura Road","routeno":"MF-20","distance_on_station":10.697,"centerlat":12.82883,"centerlong":77.51259,"responsecode":200,"isnotify":0,"vehicleDetails":[{"vehicleid":22662,"vehiclenumber":"KA57F1582","servicetypeid":72,"servicetype":"Non AC/Ordinary","centerlat":12.813151,"centerlong":77.511971,"eta":"","sch_arrivaltime":"12:50","sch_departuretime":"12:50","actual_arrivaltime":"","actual_departuretime":"","sch_tripstarttime":"12:30","sch_tripendtime":"12:30","lastlocationid":0,"currentlocationid":36502,"nextlocationid":0,"currentstop":null,"nextstop":null,"laststop":null,"stopCoveredStatus":1,"heading":79,"lastrefreshon":"09-03-2024 12:43:04","lastreceiveddatetimeflag":0,"tripposition":3}]},{"routeid":13089,"stationid":23601,"stationname":"Dayananda Sagar Vidya Samste","from":"Konanakunte Cross","to":"Brigade Meadows Kanakapura Road","routeno":"MF-20","distance_on_station":11.211,"centerlat":12.82498,"centerlong":77.51373,"responsecode":200,"isnotify":0,"vehicleDetails":[{"vehicleid":22662,"vehiclenumber":"KA57F1582","servicetypeid":72,"servicetype":"Non AC/Ordinary","centerlat":12.813151,"centerlong":77.511971,"eta":"","sch_arrivaltime":"12:51","sch_departuretime":"12:51","actual_arrivaltime":"12:30","actual_departuretime":"12:31","sch_tripstarttime":"12:30","sch_tripendtime":"12:30","lastlocationid":0,"currentlocationid":36502,"nextlocationid":0,"currentstop":null,"nextstop":null,"laststop":null,"stopCoveredStatus":1,"heading":79,"lastrefreshon":"09-03-2024 12:43:04","lastreceiveddatetimeflag":0,"tripposition":1}]},{"routeid":13089,"stationid":23602,"stationname":"Udipalya","from":"Konanakunte Cross","to":"Brigade Meadows Kanakapura Road","routeno":"MF-20","distance_on_station":11.817,"centerlat":12.82044,"centerlong":77.5142,"responsecode":200,"isnotify":0,"vehicleDetails":[{"vehicleid":22662,"vehiclenumber":"KA57F1582","servicetypeid":72,"servicetype":"Non AC/Ordinary","centerlat":12.813151,"centerlong":77.511971,"eta":"","sch_arrivaltime":"12:52","sch_departuretime":"12:52","actual_arrivaltime":"12:31","actual_departuretime":"12:31","sch_tripstarttime":"12:30","sch_tripendtime":"12:30","lastlocationid":0,"currentlocationid":36502,"nextlocationid":0,"currentstop":null,"nextstop":null,"laststop":null,"stopCoveredStatus":1,"heading":79,"lastrefreshon":"09-03-2024 12:43:04","lastreceiveddatetimeflag":0,"tripposition":1}]},{"routeid":13089,"stationid":36502,"stationname":"Brigade Meadows Kanakapura Road","from":"Konanakunte Cross","to":"Brigade Meadows Kanakapura Road","routeno":"MF-20","distance_on_station":13.6,"centerlat":12.81432,"centerlong":77.50684,"responsecode":200,"isnotify":0,"vehicleDetails":[{"vehicleid":22662,"vehiclenumber":"KA57F1582","servicetypeid":72,"servicetype":"Non AC/Ordinary","centerlat":12.813151,"centerlong":77.511971,"eta":"2024-03-09 12:44:00","sch_arrivaltime":"12:55","sch_departuretime":"12:55","actual_arrivaltime":"","actual_departuretime":"","sch_tripstarttime":"12:30","sch_tripendtime":"12:30","lastlocationid":0,"currentlocationid":36502,"nextlocationid":0,"currentstop":null,"nextstop":null,"laststop":null,"stopCoveredStatus":0,"heading":79,"lastrefreshon":"09-03-2024 12:43:04","lastreceiveddatetimeflag":0,"tripposition":1}]}],"mapData":[{"vehicleid":22662,"vehiclenumber":"KA57F1582","servicetypeid":72,"servicetype":"Non AC/Ordinary","centerlat":12.813151,"centerlong":77.511971,"eta":"2024-03-09 12:44:00","sch_arrivaltime":"12:55","sch_departuretime":"12:55","actual_arrivaltime":"","actual_departuretime":"","sch_tripstarttime":"12:30","sch_tripendtime":"12:30","lastlocationid":0,"currentlocationid":36502,"nextlocationid":0,"currentstop":null,"nextstop":null,"laststop":null,"stopCoveredStatus":0,"heading":79,"lastrefreshon":"09-03-2024 12:43:04","lastreceiveddatetimeflag":0,"tripposition":1}]},"down":{"data":[],"mapData":[]},"message":"Success","issuccess":true,"exception":null,"rowCount":0,"responsecode":200}