{"up":{"data":[{"routeid":10019,"stationid":20647,"stationname":"Bengaluru University Gate","from":"Bengaluru University Gate","to":"Ramasandra","routeno":"MF-39","distance_on_station":0,"centerlat":12.93582,"centerlong":77.51282,"responsecode":200,"isnotify":0,"vehicleDetails":[{"vehicleid":19159,"vehiclenumber":"KA57F2372","servicetypeid":72,"servicetype":"Non AC/Ordinary","centerlat":12.945754,"centerlong":77.468933,"eta":"","sch_arrivaltime":"15:05","sch_departuretime":"15:05","actual_arrivaltime":"14:57","actual_departuretime":"14:57","sch_tripstarttime":"15:05","sch_tripendtime":"15:05","lastlocationid":0,"currentlocationid":34372,"nextlocationid":0,"currentstop":null,"nextstop":null,"laststop":null,"stopCoveredStatus":1,"heading":267,"lastrefreshon":"09-03-2024 16:04:56","lastreceiveddatetimeflag":0,"tripposition":1},{"vehicleid":19193,"vehiclenumber":"KA01F8622","servicetypeid":72,"servicetype":"Non AC/Ordinary","centerlat":12.942097,"centerlong":77.482346,"eta":"","sch_arrivaltime":"15:50","sch_departuretime":"15:50","actual_arrivaltime":"15:47","actual_departuretime":"15:47","sch_tripstarttime":"15:50","sch_tripendtime":"15:50","lastlocationid":0,"currentlocationid":22735,"nextlocationid":0,"currentstop":null,"nextstop":null,"laststop":null,"stopCoveredStatus":1,"heading":272,"lastrefreshon":"09-03-2024 16:04:55","lastreceiveddatetimeflag":0,"tripposition":1}]},{"routeid":10019,"stationid":20650,"stationname":"BUC Ladies Hostel","from":"Bengaluru University Gate","to":"Ramasandra","routeno":"MF-39","distance_on_station":1.047,"centerlat":12.94174,"centerlong":77.5061,"responsecode":200,"isnotify":0,"vehicleDetails":[{"vehicleid":19159,"vehiclenumber":"KA57F2372","servicetypeid":72,"servicetype":"Non AC/Ordinary","centerlat":12.945754,"centerlong":77.468933,"eta":"","sch_arrivaltime":"15:08","sch_departuretime":"15:08","actual_arrivaltime":"14:59","actual_departuretime":"14:59","sch_tripstarttime":"15:05","sch_tripendtime":"15:05","lastlocationid":0,"currentlocationid":34372,"nextlocationid":0,"currentstop":null,"nextstop":null,"laststop":null,"stopCoveredStatus":1,"heading":267,"lastrefreshon":"09-03-2024 16:04:56","lastreceiveddatetimeflag":0,"tripposition":1},{"vehicleid":19193,"vehiclenumber":"KA01F8622","servicetypeid":72,"servicetype":"Non AC/Ordinary","centerlat":12.942097,"centerlong":77.482346,"eta":"","sch_arrivaltime":"15:53","sch_departuretime":"15:53","actual_arrivaltime":"15:49","actual_departuretime":"15:49","sch_tripstarttime":"15:50","sch_tripendtime":"15:50","lastlocationid":0,"currentlocationid":22735,"nextlocationid":0,"currentstop":null,"nextstop":null,"laststop":null,"stopCoveredStatus":1,"heading":272,"lastrefreshon":"09-03-2024 16:04:55","lastreceiveddatetimeflag":0,"tripposition":1}]},{"routeid":10019,"stationid":24363,"stationname":"BUC Library","from":"Bengaluru University Gate","to":"Ramasandra","routeno":"MF-39","distance_on_station":1.41,"centerlat":12.9443,"centerlong":77.50421,"responsecode":200,"isnotify":0,"vehicleDetails":[{"vehicleid":19159,"vehiclenumber":"KA57F2372","servicetypeid":72,"servicetype":"Non AC/Ordinary","centerlat":12.945754,"centerlong":77.468933,"eta":"","sch_arrivaltime":"15:09","sch_departuretime":"15:09","actual_arrivaltime":"15:00","actual_departuretime":"15:01","sch_tripstarttime":"15:05","sch_tripendtime":"15:05","lastlocationid":0,"currentlocationid":34372,"nextlocationid":0,"currentstop":null,"nextstop":null,"laststop":null,"stopCoveredStatus":1,"heading":267,"lastrefreshon":"09-03-2024 16:04:56","lastreceiveddatetimeflag":0,"tripposition":1},{"vehicleid":19193,"vehiclenumber":"KA01F8622","servicetypeid":72,"servicetype":"Non AC/Ordinary","centerlat":12.942097,"centerlong":77.482346,"eta":"","sch_arrivaltime":"15:54","sch_departuretime":"15:54","actual_arrivaltime":"15:50","actual_departuretime":"15:51","sch_tripstarttime":"15:50","sch_tripendtime":"15:50","lastlocationid":0,"currentlocationid":22735,"nextlocationid":0,"currentstop":null,"nextstop":null,"laststop":null,"stopCoveredStatus":1,"heading":272,"lastrefreshon":"09-03-2024 16:04:55","lastreceiveddatetimeflag":0,"tripposition":1}]},{"routeid":10019,"stationid":35428,"stationname":"BUC ADM Block","from":"Bengaluru University Gate","to":"Ramasandra","routeno":"MF-39","distance_on_station":2.188,"centerlat":12.95007,"centerlong":77.50069,"responsecode":200,"isnotify":0,"vehicleDetails":[{"vehicleid":19159,"vehiclenumber":"KA57F2372","servicetypeid":72,"servicetype":"Non AC/Ordinary","centerlat":12.945754,"centerlong":77.468933,"eta":"","sch_arrivaltime":"15:10","sch_departuretime":"15:10","actual_arrivaltime":"15:02","actual_departuretime":"15:02","sch_tripstarttime":"15:05","sch_tripendtime":"15:05","lastlocationid":0,"currentlocationid":34372,"nextlocationid":0,"currentstop":null,"nextstop":null,"laststop":null,"stopCoveredStatus":1,"heading":267,"lastrefreshon":"09-03-2024 16:04:56","lastreceiveddatetimeflag":0,"tripposition":1},{"vehicleid":19193,"vehiclenumber":"KA01F8622","servicetypeid":72,"servicetype":"Non AC/Ordinary","centerlat":12.942097,"centerlong":77.482346,"eta":"","sch_arrivaltime":"15:55","sch_departuretime":"15:55","actual_arrivaltime":"15:52","actual_departuretime":"15:52","sch_tripstarttime":"15:50","sch_tripendtime":"15:50","lastlocationid":0,"currentlocationid":22735,"nextlocationid":0,"currentstop":null,"nextstop":null,"laststop":null,"stopCoveredStatus":1,"heading":272,"lastrefreshon":"09-03-2024 16:04:55","lastreceiveddatetimeflag":0,"tripposition":1}]},{"routeid":10019,"stationid":21748,"stationname":"Bengaluru University Quarters","from":"Bengaluru University Gate","to":"Ramasandra","routeno":"MF-39","distance_on_station":2.479,"centerlat":12.95176,"centerlong":77.49972,"responsecode":200,"isnotify":0,"vehicleDetails":[{"vehicleid":19159,"vehiclenumber":"KA57F2372","servicetypeid":72,"servicetype":"Non AC/Ordinary","centerlat":12.945754,"centerlong":77.468933,"eta":"","sch_arrivaltime":"15:11","sch_departuretime":"15:11","actual_arrivaltime":"15:03","actual_departuretime":"15:04","sch_tripstarttime":"15:05","sch_tripendtime":"15:05","lastlocationid":0,"currentlocationid":34372,"nextlocationid":0,"currentstop":null,"nextstop":null,"laststop":null,"stopCoveredStatus":1,"heading":267,"lastrefreshon":"09-03-2024 16:04:56","lastreceiveddatetimeflag":0,"tripposition":1},{"vehicleid":19193,"vehiclenumber":"KA01F8622","servicetypeid":72,"servicetype":"Non AC/Ordinary","centerlat":12.942097,"centerlong":77.482346,"eta":"","sch_arrivaltime":"15:56","sch_departuretime":"15:56","actual_arrivaltime":"15:57","actual_departuretime":"15:58","sch_tripstarttime":"15:50","sch_tripendtime":"15:50","lastlocationid":0,"currentlocationid":22735,"nextlocationid":0,"currentstop":null,"nextstop":null,"laststop":null,"stopCoveredStatus":1,"heading":272,"lastrefreshon":"09-03-2024 16:04:55","lastreceiveddatetimeflag":0,"tripposition":1}]},{"routeid":10019,"stationid":22406,"stationname":"PVP School","from":"Bengaluru University Gate","to":"Ramasandra","routeno":"MF-39","distance_on_station":2.976,"centerlat":12.9484,"centerlong":77.49716,"responsecode":200,"isnotify":0,"vehicleDetails":[{"vehicleid":19159,"vehiclenumber":"KA57F2372","servicetypeid":72,"servicetype":"Non AC/Ordinary","centerlat":12.945754,"centerlong":77.468933,"eta":"","sch_arrivaltime":"15:12","sch_departuretime":"15:12","actual_arrivaltime":"15:05","actual_departuretime":"15:05","sch_tripstarttime":"15:05","sch_tripendtime":"15:05","lastlocationid":0,"currentlocationid":34372,"nextlocationid":0,"currentstop":null,"nextstop":null,"laststop":null,"stopCoveredStatus":1,"heading":267,"lastrefreshon":"09-03-2024 16:04:56","lastreceiveddatetimeflag":0,"tripposition":1},{"vehicleid":19193,"vehiclenumber":"KA01F8622","servicetypeid":72,"servicetype":"Non AC/Ordinary","centerlat":12.942097,"centerlong":77.482346,"eta":"","sch_arrivaltime":"15:57","sch_departuretime":"15:57","actual_arrivaltime":"15:58","actual_departuretime":"15:58","sch_tripstarttime":"15:50","sch_tripendtime":"15:50","lastlocationid":0,"currentlocationid":22735,"nextlocationid":0,"currentstop":null,"nextstop":null,"laststop":null,"stopCoveredStatus":1,"heading":272,"lastrefreshon":"09-03-2024 16:04:55","lastreceiveddatetimeflag":0,"tripposition":1}]},{"routeid":10019,"stationid":22264,"stationname":"Mariyappanapalya","from":"Bengaluru University Gate","to":"Ramasandra","routeno":"MF-39","distance_on_station":3.401,"centerlat":12.94515,"centerlong":77.49545,"responsecode":200,"isnotify":0,"vehicleDetails":[{"vehicleid":19159,"vehiclenumber":"KA57F2372","servicetypeid":72,"servicetype":"Non AC/Ordinary","centerlat":12.945754,"centerlong":77.468933,"eta":"","sch_arrivaltime":"15:13","sch_departuretime":"15:13","actual_arrivaltime":"15:06","actual_departuretime":"15:06","sch_tripstarttime":"15:05","sch_tripendtime":"15:05","lastlocationid":0,"currentlocationid":34372,"nextlocationid":0,"currentstop":null,"nextstop":null,"laststop":null,"stopCoveredStatus":1,"heading":267,"lastrefreshon":"09-03-2024 16:04:56","lastreceiveddatetimeflag":0,"tripposition":1},{"vehicleid":19193,"vehiclenumber":"KA01F8622","servicetypeid":72,"servicetype":"Non AC/Ordinary","centerlat":12.942097,"centerlong":77.482346,"eta":"","sch_arrivaltime":"15:58","sch_departuretime":"15:58","actual_arrivaltime":"15:59","actual_departuretime":"15:59","sch_tripstarttime":"15:50","sch_tripendtime":"15:50","lastlocationid":0,"currentlocationid":22735,"nextlocationid":0,"currentstop":null,"nextstop":null,"laststop":null,"stopCoveredStatus":1,"heading":272,"lastrefreshon":"09-03-2024 16:04:55","lastreceiveddatetimeflag":0,"tripposition":1}]},{"routeid":10019,"stationid":22162,"stationname":"Kenchanapura Cross","from":"Bengaluru University Gate","to":"Ramasandra","routeno":"MF-39","distance_on_station":3.879,"centerlat":12.94151,"centerlong":77.49343,"responsecode":200,"isnotify":0,"vehicleDetails":[{"vehicleid":19159,"vehiclenumber":"KA57F2372","servicetypeid":72,"servicetype":"Non AC/Ordinary","centerlat":12.945754,"centerlong":77.468933,"eta":"","sch_arrivaltime":"15:14","sch_departuretime":"15:14","actual_arrivaltime":"","actual_departuretime":"","sch_tripstarttime":"15:05","sch_tripendtime":"15:05","lastlocationid":0,"currentlocationid":34372,"nextlocationid":0,"currentstop":null,"nextstop":null,"laststop":null,"stopCoveredStatus":1,"heading":267,"lastrefreshon":"09-03-2024 16:04:56","lastreceiveddatetimeflag":0,"tripposition":3},{"vehicleid":19193,"vehiclenumber":"KA01F8622","servicetypeid":72,"servicetype":"Non AC/Ordinary","centerlat":12.942097,"centerlong":77.482346,"eta":"","sch_arrivaltime":"15:59","sch_departuretime":"15:59","actual_arrivaltime":"","actual_departuretime":"","sch_tripstarttime":"15:50","sch_tripendtime":"15:50","lastlocationid":0,"currentlocationid":22735,"nextlocationid":0,"currentstop":null,"nextstop":null,"laststop":null,"stopCoveredStatus":1,"heading":272,"lastrefreshon":"09-03-2024 16:04:55","lastreceiveddatetimeflag":0,"tripposition":3}]},{"routeid":10019,"stationid":32058,"stationname":"Bhuvaneshwari Nagara 1st Stage","from":"Bengaluru University Gate","to":"Ramasandra","routeno":"MF-39","distance_on_station":4.231,"centerlat":12.94222,"centerlong":77.49044,"responsecode":200,"isnotify":0,"vehicleDetails":[{"vehicleid":19159,"vehiclenumber":"KA57F2372","servicetypeid":72,"servicetype":"Non AC/Ordinary","centerlat":12.945754,"centerlong":77.468933,"eta":"","sch_arrivaltime":"15:15","sch_departuretime":"15:15","actual_arrivaltime":"15:09","actual_departuretime":"15:09","sch_tripstarttime":"15:05","sch_tripendtime":"15:05","lastlocationid":0,"currentlocationid":34372,"nextlocationid":0,"currentstop":null,"nextstop":null,"laststop":null,"stopCoveredStatus":1,"heading":267,"lastrefreshon":"09-03-2024 16:04:56","lastreceiveddatetimeflag":0,"tripposition":1},{"vehicleid":19193,"vehiclenumber":"KA01F8622","servicetypeid":72,"servicetype":"Non AC/Ordinary","centerlat":12.942097,"centerlong":77.482346,"eta":"","sch_arrivaltime":"16:00","sch_departuretime":"16:00","actual_arrivaltime":"16:02","actual_departuretime":"16:02","sch_tripstarttime":"15:50","sch_tripendtime":"15:50","lastlocationid":0,"currentlocationid":22735,"nextlocationid":0,"currentstop":null,"nextstop":null,"laststop":null,"stopCoveredStatus":1,"heading":272,"lastrefreshon":"09-03-2024 16:04:55","lastreceiveddatetimeflag":0,"tripposition":1}]},{"routeid":10019,"stationid":32059,"stationname":"Bhuvaneshwari Nagara 2nd Stage","from":"Bengaluru University Gate","to":"Ramasandra","routeno":"MF-39","distance_on_station":4.594,"centerlat":12.94262,"centerlong":77.48728,"responsecode":200,"isnotify":0,"vehicleDetails":[{"vehicleid":19159,"vehiclenumber":"KA57F2372","servicetypeid":72,"servicetype":"Non AC/Ordinary","centerlat":12.945754,"centerlong":77.468933,"eta":"","sch_arrivaltime":"15:16","sch_departuretime":"15:16","actual_arrivaltime":"15:10","actual_departuretime":"15:10","sch_tripstarttime":"15:05","sch_tripendtime":"15:05","lastlocationid":0,"currentlocationid":34372,"nextlocationid":0,"currentstop":null,"nextstop":null,"laststop":null,"stopCoveredStatus":1,"heading":267,"lastrefreshon":"09-03-2024 16:04:56","lastreceiveddatetimeflag":0,"tripposition":1},{"vehicleid":19193,"vehiclenumber":"KA01F8622","servicetypeid":72,"servicetype":"Non AC/Ordinary","centerlat":12.942097,"centerlong":77.482346,"eta":"2024-03-09 16:05:00","sch_arrivaltime":"16:01","sch_departuretime":"16:01","actual_arrivaltime":"16:03","actual_departuretime":"16:03","sch_tripstarttime":"15:50","sch_tripendtime":"15:50","lastlocationid":0,"currentlocationid":22735,"nextlocationid":0,"currentstop":null,"nextstop":null,"laststop":null,"stopCoveredStatus":1,"heading":272,"lastrefreshon":"09-03-2024 16:04:55","lastreceiveddatetimeflag":0,"tripposition":1}]},{"routeid":10019,"stationid":22735,"stationname":"Sonnenahalli Bridge","from":"Bengaluru University Gate","to":"Ramasandra","routeno":"MF-39","distance_on_station":5.03,"centerlat":12.94197,"centerlong":77.48357,"responsecode":200,"isnotify":0,"vehicleDetails":[{"vehicleid":19159,"vehiclenumber":"KA57F2372","servicetypeid":72,"servicetype":"Non AC/Ordinary","centerlat":12.945754,"centerlong":77.468933,"eta":"","sch_arrivaltime":"15:17","sch_departuretime":"15:17","actual_arrivaltime":"15:12","actual_departuretime":"15:12","sch_tripstarttime":"15:05","sch_tripendtime":"15:05","lastlocationid":0,"currentlocationid":34372,"nextlocationid":0,"currentstop":null,"nextstop":null,"laststop":null,"stopCoveredStatus":1,"heading":267,"lastrefreshon":"09-03-2024 16:04:56","lastreceiveddatetimeflag":0,"tripposition":1},{"vehicleid":19193,"vehiclenumber":"KA01F8622","servicetypeid":72,"servicetype":"Non AC/Ordinary","centerlat":12.942097,"centerlong":77.482346,"eta":"2024-03-09 16:06:00","sch_arrivaltime":"16:02","sch_departuretime":"16:02","actual_arrivaltime":"16:04","actual_departuretime":"16:04","sch_tripstarttime":"15:50","sch_tripendtime":"15:50","lastlocationid":0,"currentlocationid":22735,"nextlocationid":0,"currentstop":null,"nextstop":null,"laststop":null,"stopCoveredStatus":1,"heading":272,"lastrefreshon":"09-03-2024 16:04:55","lastreceiveddatetimeflag":0,"tripposition":1}]},{"routeid":10019,"stationid":34658,"stationname":"Sonnenahalli","from":"Bengaluru University Gate","to":"Ramasandra","routeno":"MF-39","distance_on_station":5.527,"centerlat":12.94205,"centerlong":77.47913,"responsecode":200,"isnotify":0,"vehicleDetails":[{"vehicleid":19159,"vehiclenumber":"KA57F2372","servicetypeid":72,"servicetype":"Non AC/Ordinary","centerlat":12.945754,"centerlong":77.468933,"eta":"","sch_arrivaltime":"15:18","sch_departuretime":"15:18","actual_arrivaltime":"","actual_departuretime":"","sch_tripstarttime":"15:05","sch_tripendtime":"15:05","lastlocationid":0,"currentlocationid":34372,"nextlocationid":0,"currentstop":null,"nextstop":null,"laststop":null,"stopCoveredStatus":1,"heading":267,"lastrefreshon":"09-03-2024 16:04:56","lastreceiveddatetimeflag":0,"tripposition":3},{"vehicleid":19193,"vehiclenumber":"KA01F8622","servicetypeid":72,"servicetype":"Non AC/Ordinary","centerlat":12.942097,"centerlong":77.482346,"eta":"2024-03-09 16:07:00","sch_arrivaltime":"16:03","sch_departuretime":"16:03","actual_arrivaltime":"","actual_departuretime":"","sch_tripstarttime":"15:50","sch_tripendtime":"15:50","lastlocationid":0,"currentlocationid":22735,"nextlocationid":0,"currentstop":null,"nextstop":null,"laststop":null,"stopCoveredStatus":0,"heading":272,"lastrefreshon":"09-03-2024 16:04:55","lastreceiveddatetimeflag":0,"tripposition":3}]},{"routeid":10019,"stationid":28331,"stationname":"Shivaji Hotel","from":"Bengaluru University Gate","to":"Ramasandra","routeno":"MF-39","distance_on_station":5.87,"centerlat":12.943,"centerlong":77.4766,"responsecode":200,"isnotify":0,"vehicleDetails":[{"vehicleid":19159,"vehiclenumber":"KA57F2372","servicetypeid":72,"servicetype":"Non AC/Ordinary","centerlat":12.945754,"centerlong":77.468933,"eta":"","sch_arrivaltime":"15:19","sch_departuretime":"15:19","actual_arrivaltime":"15:14","actual_departuretime":"15:14","sch_tripstarttime":"15:05","sch_tripendtime":"15:05","lastlocationid":0,"currentlocationid":34372,"nextlocationid":0,"currentstop":null,"nextstop":null,"laststop":null,"stopCoveredStatus":1,"heading":267,"lastrefreshon":"09-03-2024 16:04:56","lastreceiveddatetimeflag":0,"tripposition":1},{"vehicleid":19193,"vehiclenumber":"KA01F8622","servicetypeid":72,"servicetype":"Non AC/Ordinary","centerlat":12.942097,"centerlong":77.482346,"eta":"2024-03-09 16:08:00","sch_arrivaltime":"16:04","sch_departuretime":"16:04","actual_arrivaltime":"","actual_departuretime":"","sch_tripstarttime":"15:50","sch_tripendtime":"15:50","lastlocationid":0,"currentlocationid":22735,"nextlocationid":0,"currentstop":null,"nextstop":null,"laststop":null,"stopCoveredStatus":0,"heading":272,"lastrefreshon":"09-03-2024 16:04:55","lastreceiveddatetimeflag":0,"tripposition":3}]},{"routeid":10019,"stationid":32260,"stationname":"Chikka Basti","from":"Bengaluru University Gate","to":"Ramasandra","routeno":"MF-39","distance_on_station":6.15,"centerlat":12.94453,"centerlong":77.4751,"responsecode":200,"isnotify":0,"vehicleDetails":[{"vehicleid":19159,"vehiclenumber":"KA57F2372","servicetypeid":72,"servicetype":"Non AC/Ordinary","centerlat":12.945754,"centerlong":77.468933,"eta":"","sch_arrivaltime":"15:20","sch_departuretime":"15:20","actual_arrivaltime":"15:16","actual_departuretime":"15:16","sch_tripstarttime":"15:05","sch_tripendtime":"15:05","lastlocationid":0,"currentlocationid":34372,"nextlocationid":0,"currentstop":null,"nextstop":null,"laststop":null,"stopCoveredStatus":1,"heading":267,"lastrefreshon":"09-03-2024 16:04:56","lastreceiveddatetimeflag":0,"tripposition":1},{"vehicleid":19193,"vehiclenumber":"KA01F8622","servicetypeid":72,"servicetype":"Non AC/Ordinary","centerlat":12.942097,"centerlong":77.482346,"eta":"2024-03-09 16:09:00","sch_arrivaltime":"16:05","sch_departuretime":"16:05","actual_arrivaltime":"","actual_departuretime":"","sch_tripstarttime":"15:50","sch_tripendtime":"15:50","lastlocationid":0,"currentlocationid":22735,"nextlocationid":0,"currentstop":null,"nextstop":null,"laststop":null,"stopCoveredStatus":0,"heading":272,"lastrefreshon":"09-03-2024 16:04:55","lastreceiveddatetimeflag":0,"tripposition":3}]},{"routeid":10019,"stationid":34372,"stationname":"Ramasandra","from":"Bengaluru University Gate","to":"Ramasandra","routeno":"MF-39","distance_on_station":7,"centerlat":12.9455,"centerlong":77.46797,"responsecode":200,"isnotify":0,"vehicleDetails":[{"vehicleid":19159,"vehiclenumber":"KA57F2372","servicetypeid":72,"servicetype":"Non AC/Ordinary","centerlat":12.945754,"centerlong":77.468933,"eta":"2024-03-09 16:05:00","sch_arrivaltime":"15:24","sch_departuretime":"15:24","actual_arrivaltime":"","actual_departuretime":"","sch_tripstarttime":"15:05","sch_tripendtime":"15:05","lastlocationid":0,"currentlocationid":34372,"nextlocationid":0,"currentstop":null,"nextstop":null,"laststop":null,"stopCoveredStatus":0,"heading":267,"lastrefreshon":"09-03-2024 16:04:56","lastreceiveddatetimeflag":0,"tripposition":1},{"vehicleid":19193,"vehiclenumber":"KA01F8622","servicetypeid":72,"servicetype":"Non AC/Ordinary","centerlat":12.942097,"centerlong":77.482346,"eta":"2024-03-09 16:10:00","sch_arrivaltime":"16:09","sch_departuretime":"16:09","actual_arrivaltime":"","actual_departuretime":"","sch_tripstarttime":"15:50","sch_tripendtime":"15:50","lastlocationid":0,"currentlocationid":22735,"nextlocationid":0,"currentstop":null,"nextstop":null,"laststop":null,"stopCoveredStatus":0,"heading":272,"lastrefreshon":"09-03-2024 16:04:55","lastreceiveddatetimeflag":0,"tripposition":1}]}],"mapData":[{"vehicleid":19159,"vehiclenumber":"KA57F2372","servicetypeid":72,"servicetype":"Non AC/Ordinary","centerlat":12.945754,"centerlong":77.468933,"eta":"2024-03-09 16:05:00","sch_arrivaltime":"15:24","sch_departuretime":"15:24","actual_arrivaltime":"","actual_departuretime":"","sch_tripstarttime":"15:05","sch_tripendtime":"15:05","lastlocationid":0,"currentlocationid":34372,"nextlocationid":0,"currentstop":null,"nextstop":null,"laststop":null,"stopCoveredStatus":0,"heading":267,"lastrefreshon":"09-03-2024 16:04:56","lastreceiveddatetimeflag":0,"tripposition":1},{"vehicleid":19193,"vehiclenumber":"KA01F8622","servicetypeid":72,"servicetype":"Non AC/Ordinary","centerlat":12.942097,"centerlong":77.482346,"eta":"2024-03-09 16:10:00","sch_arrivaltime":"16:09","sch_departuretime":"16:09","actual_arrivaltime":"","actual_departuretime":"","sch_tripstarttime":"15:50","sch_tripendtime":"15:50","lastlocationid":0,"currentlocationid":22735,"nextlocationid":0,"currentstop":null,"nextstop":null,"laststop":null,"stopCoveredStatus":0,"heading":272,"lastrefreshon":"09-03-2024 16:04:55","lastreceiveddatetimeflag":0,"tripposition":1}]},"down":{"data":[{"routeid":10020,"stationid":34372,"stationname":"Ramasandra","from":"Ramasandra","to":"Bengaluru University Gate","routeno":"MF-39","distance_on_station":0,"centerlat":12.9455,"centerlong":77.46797,"responsecode":200,"isnotify":0,"vehicleDetails":[{"vehicleid":19126,"vehiclenumber":"KA57F1858","servicetypeid":72,"servicetype":"Non AC/Ordinary","centerlat":12.94515,"centerlong":77.473885,"eta":"","sch_arrivaltime":"16:10","sch_departuretime":"16:10","actual_arrivaltime":"16:02","actual_departuretime":"16:03","sch_tripstarttime":"16:10","sch_tripendtime":"16:10","lastlocationid":0,"currentlocationid":24480,"nextlocationid":0,"currentstop":null,"nextstop":null,"laststop":null,"stopCoveredStatus":1,"heading":94,"lastrefreshon":"09-03-2024 16:05:11","lastreceiveddatetimeflag":0,"tripposition":1}]},{"routeid":10020,"stationid":24480,"stationname":"Chikka Basti","from":"Ramasandra","to":"Bengaluru University Gate","routeno":"MF-39","distance_on_station":0.828,"centerlat":12.94466,"centerlong":77.47504,"responsecode":200,"isnotify":0,"vehicleDetails":[{"vehicleid":19126,"vehiclenumber":"KA57F1858","servicetypeid":72,"servicetype":"Non AC/Ordinary","centerlat":12.94515,"centerlong":77.473885,"eta":"2024-03-09 16:06:00","sch_arrivaltime":"16:12","sch_departuretime":"16:12","actual_arrivaltime":"","actual_departuretime":"","sch_tripstarttime":"16:10","sch_tripendtime":"16:10","lastlocationid":0,"currentlocationid":24480,"nextlocationid":0,"currentstop":null,"nextstop":null,"laststop":null,"stopCoveredStatus":0,"heading":94,"lastrefreshon":"09-03-2024 16:05:11","lastreceiveddatetimeflag":0,"tripposition":3}]},{"routeid":10020,"stationid":22733,"stationname":"Shivaji Hotel","from":"Ramasandra","to":"Bengaluru University Gate","routeno":"MF-39","distance_on_station":1.104,"centerlat":12.94311,"centerlong":77.47649,"responsecode":200,"isnotify":0,"vehicleDetails":[{"vehicleid":19126,"vehiclenumber":"KA57F1858","servicetypeid":72,"servicetype":"Non AC/Ordinary","centerlat":12.94515,"centerlong":77.473885,"eta":"2024-03-09 16:07:00","sch_arrivaltime":"16:13","sch_departuretime":"16:13","actual_arrivaltime":"","actual_departuretime":"","sch_tripstarttime":"16:10","sch_tripendtime":"16:10","lastlocationid":0,"currentlocationid":24480,"nextlocationid":0,"currentstop":null,"nextstop":null,"laststop":null,"stopCoveredStatus":0,"heading":94,"lastrefreshon":"09-03-2024 16:05:11","lastreceiveddatetimeflag":0,"tripposition":3}]},{"routeid":10020,"stationid":26582,"stationname":"Sonnenahalli","from":"Ramasandra","to":"Bengaluru University Gate","routeno":"MF-39","distance_on_station":1.461,"centerlat":12.94215,"centerlong":77.4792,"responsecode":200,"isnotify":0,"vehicleDetails":[{"vehicleid":19126,"vehiclenumber":"KA57F1858","servicetypeid":72,"servicetype":"Non AC/Ordinary","centerlat":12.94515,"centerlong":77.473885,"eta":"2024-03-09 16:08:00","sch_arrivaltime":"16:14","sch_departuretime":"16:14","actual_arrivaltime":"","actual_departuretime":"","sch_tripstarttime":"16:10","sch_tripendtime":"16:10","lastlocationid":0,"currentlocationid":24480,"nextlocationid":0,"currentstop":null,"nextstop":null,"laststop":null,"stopCoveredStatus":0,"heading":94,"lastrefreshon":"09-03-2024 16:05:11","lastreceiveddatetimeflag":0,"tripposition":3}]},{"routeid":10020,"stationid":30196,"stationname":"Sonnenahalli Bridge","from":"Ramasandra","to":"Bengaluru University Gate","routeno":"MF-39","distance_on_station":1.87,"centerlat":12.94208,"centerlong":77.48285,"responsecode":200,"isnotify":0,"vehicleDetails":[{"vehicleid":19126,"vehiclenumber":"KA57F1858","servicetypeid":72,"servicetype":"Non AC/Ordinary","centerlat":12.94515,"centerlong":77.473885,"eta":"2024-03-09 16:09:00","sch_arrivaltime":"16:15","sch_departuretime":"16:15","actual_arrivaltime":"","actual_departuretime":"","sch_tripstarttime":"16:10","sch_tripendtime":"16:10","lastlocationid":0,"currentlocationid":24480,"nextlocationid":0,"currentstop":null,"nextstop":null,"laststop":null,"stopCoveredStatus":0,"heading":94,"lastrefreshon":"09-03-2024 16:05:11","lastreceiveddatetimeflag":0,"tripposition":3}]},{"routeid":10020,"stationid":30052,"stationname":"Bhuvaneshwari Nagara 2nd Stage","from":"Ramasandra","to":"Bengaluru University Gate","routeno":"MF-39","distance_on_station":2.361,"centerlat":12.94259,"centerlong":77.48713,"responsecode":200,"isnotify":0,"vehicleDetails":[{"vehicleid":19126,"vehiclenumber":"KA57F1858","servicetypeid":72,"servicetype":"Non AC/Ordinary","centerlat":12.94515,"centerlong":77.473885,"eta":"2024-03-09 16:10:00","sch_arrivaltime":"16:16","sch_departuretime":"16:16","actual_arrivaltime":"","actual_departuretime":"","sch_tripstarttime":"16:10","sch_tripendtime":"16:10","lastlocationid":0,"currentlocationid":24480,"nextlocationid":0,"currentstop":null,"nextstop":null,"laststop":null,"stopCoveredStatus":0,"heading":94,"lastrefreshon":"09-03-2024 16:05:11","lastreceiveddatetimeflag":0,"tripposition":3}]},{"routeid":10020,"stationid":30050,"stationname":"Bhuvaneshwari Nagara 1st Stage","from":"Ramasandra","to":"Bengaluru University Gate","routeno":"MF-39","distance_on_station":2.708,"centerlat":12.94227,"centerlong":77.4903,"responsecode":200,"isnotify":0,"vehicleDetails":[{"vehicleid":19126,"vehiclenumber":"KA57F1858","servicetypeid":72,"servicetype":"Non AC/Ordinary","centerlat":12.94515,"centerlong":77.473885,"eta":"2024-03-09 16:11:00","sch_arrivaltime":"16:17","sch_departuretime":"16:17","actual_arrivaltime":"","actual_departuretime":"","sch_tripstarttime":"16:10","sch_tripendtime":"16:10","lastlocationid":0,"currentlocationid":24480,"nextlocationid":0,"currentstop":null,"nextstop":null,"laststop":null,"stopCoveredStatus":0,"heading":94,"lastrefreshon":"09-03-2024 16:05:11","lastreceiveddatetimeflag":0,"tripposition":3}]},{"routeid":10020,"stationid":22162,"stationname":"Kenchanapura Cross","from":"Ramasandra","to":"Bengaluru University Gate","routeno":"MF-39","distance_on_station":3.076,"centerlat":12.94151,"centerlong":77.49343,"responsecode":200,"isnotify":0,"vehicleDetails":[{"vehicleid":19126,"vehiclenumber":"KA57F1858","servicetypeid":72,"servicetype":"Non AC/Ordinary","centerlat":12.94515,"centerlong":77.473885,"eta":"2024-03-09 16:12:00","sch_arrivaltime":"16:18","sch_departuretime":"16:18","actual_arrivaltime":"","actual_departuretime":"","sch_tripstarttime":"16:10","sch_tripendtime":"16:10","lastlocationid":0,"currentlocationid":24480,"nextlocationid":0,"currentstop":null,"nextstop":null,"laststop":null,"stopCoveredStatus":0,"heading":94,"lastrefreshon":"09-03-2024 16:05:11","lastreceiveddatetimeflag":0,"tripposition":3}]},{"routeid":10020,"stationid":22265,"stationname":"Mariyappanapalya","from":"Ramasandra","to":"Bengaluru University Gate","routeno":"MF-39","distance_on_station":3.556,"centerlat":12.94527,"centerlong":77.4954,"responsecode":200,"isnotify":0,"vehicleDetails":[{"vehicleid":19126,"vehiclenumber":"KA57F1858","servicetypeid":72,"servicetype":"Non AC/Ordinary","centerlat":12.94515,"centerlong":77.473885,"eta":"2024-03-09 16:14:00","sch_arrivaltime":"16:19","sch_departuretime":"16:19","actual_arrivaltime":"","actual_departuretime":"","sch_tripstarttime":"16:10","sch_tripendtime":"16:10","lastlocationid":0,"currentlocationid":24480,"nextlocationid":0,"currentstop":null,"nextstop":null,"laststop":null,"stopCoveredStatus":0,"heading":94,"lastrefreshon":"09-03-2024 16:05:11","lastreceiveddatetimeflag":0,"tripposition":3}]},{"routeid":10020,"stationid":22407,"stationname":"PVP School","from":"Ramasandra","to":"Bengaluru University Gate","routeno":"MF-39","distance_on_station":4.006,"centerlat":12.94882,"centerlong":77.49715,"responsecode":200,"isnotify":0,"vehicleDetails":[{"vehicleid":19126,"vehiclenumber":"KA57F1858","servicetypeid":72,"servicetype":"Non AC/Ordinary","centerlat":12.94515,"centerlong":77.473885,"eta":"2024-03-09 16:15:00","sch_arrivaltime":"16:20","sch_departuretime":"16:20","actual_arrivaltime":"","actual_departuretime":"","sch_tripstarttime":"16:10","sch_tripendtime":"16:10","lastlocationid":0,"currentlocationid":24480,"nextlocationid":0,"currentstop":null,"nextstop":null,"laststop":null,"stopCoveredStatus":0,"heading":94,"lastrefreshon":"09-03-2024 16:05:11","lastreceiveddatetimeflag":0,"tripposition":3}]},{"routeid":10020,"stationid":24302,"stationname":"Bengaluru University Quarters","from":"Ramasandra","to":"Bengaluru University Gate","routeno":"MF-39","distance_on_station":4.537,"centerlat":12.95195,"centerlong":77.50025,"responsecode":200,"isnotify":0,"vehicleDetails":[{"vehicleid":19126,"vehiclenumber":"KA57F1858","servicetypeid":72,"servicetype":"Non AC/Ordinary","centerlat":12.94515,"centerlong":77.473885,"eta":"2024-03-09 16:17:00","sch_arrivaltime":"16:21","sch_departuretime":"16:21","actual_arrivaltime":"","actual_departuretime":"","sch_tripstarttime":"16:10","sch_tripendtime":"16:10","lastlocationid":0,"currentlocationid":24480,"nextlocationid":0,"currentstop":null,"nextstop":null,"laststop":null,"stopCoveredStatus":0,"heading":94,"lastrefreshon":"09-03-2024 16:05:11","lastreceiveddatetimeflag":0,"tripposition":3}]},{"routeid":10020,"stationid":20646,"stationname":"BUC ADM Block","from":"Ramasandra","to":"Bengaluru University Gate","routeno":"MF-39","distance_on_station":4.772,"centerlat":12.95005,"centerlong":77.50086,"responsecode":200,"isnotify":0,"vehicleDetails":[{"vehicleid":19126,"vehiclenumber":"KA57F1858","servicetypeid":72,"servicetype":"Non AC/Ordinary","centerlat":12.94515,"centerlong":77.473885,"eta":"2024-03-09 16:18:00","sch_arrivaltime":"16:22","sch_departuretime":"16:22","actual_arrivaltime":"","actual_departuretime":"","sch_tripstarttime":"16:10","sch_tripendtime":"16:10","lastlocationid":0,"currentlocationid":24480,"nextlocationid":0,"currentstop":null,"nextstop":null,"laststop":null,"stopCoveredStatus":0,"heading":94,"lastrefreshon":"09-03-2024 16:05:11","lastreceiveddatetimeflag":0,"tripposition":3}]},{"routeid":10020,"stationid":20652,"stationname":"BUC Library","from":"Ramasandra","to":"Bengaluru University Gate","routeno":"MF-39","distance_on_station":5.518,"centerlat":12.94439,"centerlong":77.50435,"responsecode":200,"isnotify":0,"vehicleDetails":[{"vehicleid":19126,"vehiclenumber":"KA57F1858","servicetypeid":72,"servicetype":"Non AC/Ordinary","centerlat":12.94515,"centerlong":77.473885,"eta":"2024-03-09 16:20:00","sch_arrivaltime":"16:23","sch_departuretime":"16:23","actual_arrivaltime":"","actual_departuretime":"","sch_tripstarttime":"16:10","sch_tripendtime":"16:10","lastlocationid":0,"currentlocationid":24480,"nextlocationid":0,"currentstop":null,"nextstop":null,"laststop":null,"stopCoveredStatus":0,"heading":94,"lastrefreshon":"09-03-2024 16:05:11","lastreceiveddatetimeflag":0,"tripposition":3}]},{"routeid":10020,"stationid":20651,"stationname":"BUC Ladies Hostel","from":"Ramasandra","to":"Bengaluru University Gate","routeno":"MF-39","distance_on_station":5.855,"centerlat":12.94187,"centerlong":77.50602,"responsecode":200,"isnotify":0,"vehicleDetails":[{"vehicleid":19126,"vehiclenumber":"KA57F1858","servicetypeid":72,"servicetype":"Non AC/Ordinary","centerlat":12.94515,"centerlong":77.473885,"eta":"2024-03-09 16:21:00","sch_arrivaltime":"16:24","sch_departuretime":"16:24","actual_arrivaltime":"","actual_departuretime":"","sch_tripstarttime":"16:10","sch_tripendtime":"16:10","lastlocationid":0,"currentlocationid":24480,"nextlocationid":0,"currentstop":null,"nextstop":null,"laststop":null,"stopCoveredStatus":0,"heading":94,"lastrefreshon":"09-03-2024 16:05:11","lastreceiveddatetimeflag":0,"tripposition":3}]},{"routeid":10020,"stationid":20649,"stationname":"Bengaluru University Gate","from":"Ramasandra","to":"Bengaluru University Gate","routeno":"MF-39","distance_on_station":7,"centerlat":12.93573,"centerlong":77.51332,"responsecode":200,"isnotify":0,"vehicleDetails":[{"vehicleid":19126,"vehiclenumber":"KA57F1858","servicetypeid":72,"servicetype":"Non AC/Ordinary","centerlat":12.94515,"centerlong":77.473885,"eta":"2024-03-09 16:24:00","sch_arrivaltime":"16:26","sch_departuretime":"16:26","actual_arrivaltime":"","actual_departuretime":"","sch_tripstarttime":"16:10","sch_tripendtime":"16:10","lastlocationid":0,"currentlocationid":24480,"nextlocationid":0,"currentstop":null,"nextstop":null,"laststop":null,"stopCoveredStatus":0,"heading":94,"lastrefreshon":"09-03-2024 16:05:11","lastreceiveddatetimeflag":0,"tripposition":1}]}],"mapData":[{"vehicleid":19126,"vehiclenumber":"KA57F1858","servicetypeid":72,"servicetype":"Non AC/Ordinary","centerlat":12.94515,"centerlong":77.473885,"eta":"2024-03-09 16:24:00","sch_arrivaltime":"16:26","sch_departuretime":"16:26","actual_arrivaltime":"","actual_departuretime":"","sch_tripstarttime":"16:10","sch_tripendtime":"16:10","lastlocationid":0,"currentlocationid":24480,"nextlocationid":0,"currentstop":null,"nextstop":null,"laststop":null,"stopCoveredStatus":0,"heading":94,"lastrefreshon":"09-03-2024 16:05:11","lastreceiveddatetimeflag":0,"tripposition":1}]},"message":"Success","issuccess":true,"exception":null,"rowCount":0,"responsecode":200}