{"up":{"data":[{"routeid":13062,"stationid":20902,"stationname":"Kadugodi Bus Station","from":"Kadugodi Bus Station","to":"Kadugodi Bus Station Arrival","routeno":"MF-4A","distance_on_station":0,"centerlat":12.99563,"centerlong":77.75855,"responsecode":200,"isnotify":0,"vehicleDetails":[{"vehicleid":3156,"vehiclenumber":"KA57F0263","servicetypeid":72,"servicetype":"Non AC/Ordinary","centerlat":12.99664,"centerlong":77.726311,"eta":"","sch_arrivaltime":"21:45","sch_departuretime":"21:45","actual_arrivaltime":"","actual_departuretime":"","sch_tripstarttime":"21:45","sch_tripendtime":"21:45","lastlocationid":0,"currentlocationid":20670,"nextlocationid":0,"currentstop":null,"nextstop":null,"laststop":null,"stopCoveredStatus":0,"heading":0,"lastrefreshon":"12-10-2024 17:36:13","lastreceiveddatetimeflag":1,"tripposition":3}]},{"routeid":13062,"stationid":20900,"stationname":"Kadugodi Bridge","from":"Kadugodi Bus Station","to":"Kadugodi Bus Station Arrival","routeno":"MF-4A","distance_on_station":0.175,"centerlat":12.99439,"centerlong":77.75775,"responsecode":200,"isnotify":0,"vehicleDetails":[{"vehicleid":3156,"vehiclenumber":"KA57F0263","servicetypeid":72,"servicetype":"Non AC/Ordinary","centerlat":12.99664,"centerlong":77.726311,"eta":"","sch_arrivaltime":"21:48","sch_departuretime":"21:48","actual_arrivaltime":"","actual_departuretime":"","sch_tripstarttime":"21:45","sch_tripendtime":"21:45","lastlocationid":0,"currentlocationid":20670,"nextlocationid":0,"currentstop":null,"nextstop":null,"laststop":null,"stopCoveredStatus":0,"heading":0,"lastrefreshon":"12-10-2024 17:36:13","lastreceiveddatetimeflag":1,"tripposition":3}]},{"routeid":13062,"stationid":22038,"stationname":"Hope Farm","from":"Kadugodi Bus Station","to":"Kadugodi Bus Station Arrival","routeno":"MF-4A","distance_on_station":1.657,"centerlat":12.98273,"centerlong":77.75223,"responsecode":200,"isnotify":0,"vehicleDetails":[{"vehicleid":3156,"vehiclenumber":"KA57F0263","servicetypeid":72,"servicetype":"Non AC/Ordinary","centerlat":12.99664,"centerlong":77.726311,"eta":"","sch_arrivaltime":"21:51","sch_departuretime":"21:51","actual_arrivaltime":"","actual_departuretime":"","sch_tripstarttime":"21:45","sch_tripendtime":"21:45","lastlocationid":0,"currentlocationid":20670,"nextlocationid":0,"currentstop":null,"nextstop":null,"laststop":null,"stopCoveredStatus":0,"heading":0,"lastrefreshon":"12-10-2024 17:36:13","lastreceiveddatetimeflag":1,"tripposition":3}]},{"routeid":13062,"stationid":22314,"stationname":"Munish Singh Hospital","from":"Kadugodi Bus Station","to":"Kadugodi Bus Station Arrival","routeno":"MF-4A","distance_on_station":2.285,"centerlat":12.97738,"centerlong":77.75122,"responsecode":200,"isnotify":0,"vehicleDetails":[{"vehicleid":3156,"vehiclenumber":"KA57F0263","servicetypeid":72,"servicetype":"Non AC/Ordinary","centerlat":12.99664,"centerlong":77.726311,"eta":"","sch_arrivaltime":"21:52","sch_departuretime":"21:52","actual_arrivaltime":"","actual_departuretime":"","sch_tripstarttime":"21:45","sch_tripendtime":"21:45","lastlocationid":0,"currentlocationid":20670,"nextlocationid":0,"currentstop":null,"nextstop":null,"laststop":null,"stopCoveredStatus":0,"heading":0,"lastrefreshon":"12-10-2024 17:36:13","lastreceiveddatetimeflag":1,"tripposition":3}]},{"routeid":13062,"stationid":31635,"stationname":"Whitefiled ACP Police Station","from":"Kadugodi Bus Station","to":"Kadugodi Bus Station Arrival","routeno":"MF-4A","distance_on_station":2.521,"centerlat":12.97533,"centerlong":77.75079,"responsecode":200,"isnotify":0,"vehicleDetails":[{"vehicleid":3156,"vehiclenumber":"KA57F0263","servicetypeid":72,"servicetype":"Non AC/Ordinary","centerlat":12.99664,"centerlong":77.726311,"eta":"","sch_arrivaltime":"21:53","sch_departuretime":"21:53","actual_arrivaltime":"","actual_departuretime":"","sch_tripstarttime":"21:45","sch_tripendtime":"21:45","lastlocationid":0,"currentlocationid":20670,"nextlocationid":0,"currentstop":null,"nextstop":null,"laststop":null,"stopCoveredStatus":0,"heading":0,"lastrefreshon":"12-10-2024 17:36:13","lastreceiveddatetimeflag":1,"tripposition":3}]},{"routeid":13062,"stationid":22441,"stationname":"Sai Baba General Hospital","from":"Kadugodi Bus Station","to":"Kadugodi Bus Station Arrival","routeno":"MF-4A","distance_on_station":2.614,"centerlat":12.97454,"centerlong":77.75065,"responsecode":200,"isnotify":0,"vehicleDetails":[{"vehicleid":3156,"vehiclenumber":"KA57F0263","servicetypeid":72,"servicetype":"Non AC/Ordinary","centerlat":12.99664,"centerlong":77.726311,"eta":"","sch_arrivaltime":"21:54","sch_departuretime":"21:54","actual_arrivaltime":"","actual_departuretime":"","sch_tripstarttime":"21:45","sch_tripendtime":"21:45","lastlocationid":0,"currentlocationid":20670,"nextlocationid":0,"currentstop":null,"nextstop":null,"laststop":null,"stopCoveredStatus":0,"heading":0,"lastrefreshon":"12-10-2024 17:36:13","lastreceiveddatetimeflag":1,"tripposition":3}]},{"routeid":13062,"stationid":22620,"stationname":"White Field Post Office","from":"Kadugodi Bus Station","to":"Kadugodi Bus Station Arrival","routeno":"MF-4A","distance_on_station":3.211,"centerlat":12.96932,"centerlong":77.74996,"responsecode":200,"isnotify":0,"vehicleDetails":[{"vehicleid":3156,"vehiclenumber":"KA57F0263","servicetypeid":72,"servicetype":"Non AC/Ordinary","centerlat":12.99664,"centerlong":77.726311,"eta":"","sch_arrivaltime":"21:55","sch_departuretime":"21:55","actual_arrivaltime":"","actual_departuretime":"","sch_tripstarttime":"21:45","sch_tripendtime":"21:45","lastlocationid":0,"currentlocationid":20670,"nextlocationid":0,"currentstop":null,"nextstop":null,"laststop":null,"stopCoveredStatus":0,"heading":0,"lastrefreshon":"12-10-2024 17:36:13","lastreceiveddatetimeflag":1,"tripposition":3}]},{"routeid":13062,"stationid":21783,"stationname":"Brooke Bond","from":"Kadugodi Bus Station","to":"Kadugodi Bus Station Arrival","routeno":"MF-4A","distance_on_station":3.777,"centerlat":12.96454,"centerlong":77.74869,"responsecode":200,"isnotify":0,"vehicleDetails":[{"vehicleid":3156,"vehiclenumber":"KA57F0263","servicetypeid":72,"servicetype":"Non AC/Ordinary","centerlat":12.99664,"centerlong":77.726311,"eta":"","sch_arrivaltime":"21:56","sch_departuretime":"21:56","actual_arrivaltime":"","actual_departuretime":"","sch_tripstarttime":"21:45","sch_tripendtime":"21:45","lastlocationid":0,"currentlocationid":20670,"nextlocationid":0,"currentstop":null,"nextstop":null,"laststop":null,"stopCoveredStatus":0,"heading":0,"lastrefreshon":"12-10-2024 17:36:13","lastreceiveddatetimeflag":1,"tripposition":3}]},{"routeid":13062,"stationid":21941,"stationname":"Forum Mall","from":"Kadugodi Bus Station","to":"Kadugodi Bus Station Arrival","routeno":"MF-4A","distance_on_station":4.405,"centerlat":12.95943,"centerlong":77.7468,"responsecode":200,"isnotify":0,"vehicleDetails":[{"vehicleid":3156,"vehiclenumber":"KA57F0263","servicetypeid":72,"servicetype":"Non AC/Ordinary","centerlat":12.99664,"centerlong":77.726311,"eta":"","sch_arrivaltime":"21:57","sch_departuretime":"21:57","actual_arrivaltime":"","actual_departuretime":"","sch_tripstarttime":"21:45","sch_tripendtime":"21:45","lastlocationid":0,"currentlocationid":20670,"nextlocationid":0,"currentstop":null,"nextstop":null,"laststop":null,"stopCoveredStatus":0,"heading":0,"lastrefreshon":"12-10-2024 17:36:13","lastreceiveddatetimeflag":1,"tripposition":3}]},{"routeid":13062,"stationid":22829,"stationname":"Varthur Kodi","from":"Kadugodi Bus Station","to":"Kadugodi Bus Station Arrival","routeno":"MF-4A","distance_on_station":4.837,"centerlat":12.95664,"centerlong":77.74472,"responsecode":200,"isnotify":0,"vehicleDetails":[{"vehicleid":3156,"vehiclenumber":"KA57F0263","servicetypeid":72,"servicetype":"Non AC/Ordinary","centerlat":12.99664,"centerlong":77.726311,"eta":"","sch_arrivaltime":"21:58","sch_departuretime":"21:58","actual_arrivaltime":"","actual_departuretime":"","sch_tripstarttime":"21:45","sch_tripendtime":"21:45","lastlocationid":0,"currentlocationid":20670,"nextlocationid":0,"currentstop":null,"nextstop":null,"laststop":null,"stopCoveredStatus":0,"heading":0,"lastrefreshon":"12-10-2024 17:36:13","lastreceiveddatetimeflag":1,"tripposition":3}]},{"routeid":13062,"stationid":22413,"stationname":"Ramagondanahalli","from":"Kadugodi Bus Station","to":"Kadugodi Bus Station Arrival","routeno":"MF-4A","distance_on_station":5.424,"centerlat":12.95695,"centerlong":77.73949,"responsecode":200,"isnotify":0,"vehicleDetails":[{"vehicleid":3156,"vehiclenumber":"KA57F0263","servicetypeid":72,"servicetype":"Non AC/Ordinary","centerlat":12.99664,"centerlong":77.726311,"eta":"","sch_arrivaltime":"21:59","sch_departuretime":"21:59","actual_arrivaltime":"","actual_departuretime":"","sch_tripstarttime":"21:45","sch_tripendtime":"21:45","lastlocationid":0,"currentlocationid":20670,"nextlocationid":0,"currentstop":null,"nextstop":null,"laststop":null,"stopCoveredStatus":0,"heading":0,"lastrefreshon":"12-10-2024 17:36:13","lastreceiveddatetimeflag":1,"tripposition":3}]},{"routeid":13062,"stationid":22488,"stationname":"Siddapura","from":"Kadugodi Bus Station","to":"Kadugodi Bus Station Arrival","routeno":"MF-4A","distance_on_station":6.432,"centerlat":12.95607,"centerlong":77.73057,"responsecode":200,"isnotify":0,"vehicleDetails":[{"vehicleid":3156,"vehiclenumber":"KA57F0263","servicetypeid":72,"servicetype":"Non AC/Ordinary","centerlat":12.99664,"centerlong":77.726311,"eta":"","sch_arrivaltime":"22:01","sch_departuretime":"22:01","actual_arrivaltime":"","actual_departuretime":"","sch_tripstarttime":"21:45","sch_tripendtime":"21:45","lastlocationid":0,"currentlocationid":20670,"nextlocationid":0,"currentstop":null,"nextstop":null,"laststop":null,"stopCoveredStatus":0,"heading":0,"lastrefreshon":"12-10-2024 17:36:13","lastreceiveddatetimeflag":1,"tripposition":3}]},{"routeid":13062,"stationid":22558,"stationname":"Thubarahalli","from":"Kadugodi Bus Station","to":"Kadugodi Bus Station Arrival","routeno":"MF-4A","distance_on_station":7.564,"centerlat":12.95575,"centerlong":77.72042,"responsecode":200,"isnotify":0,"vehicleDetails":[{"vehicleid":3156,"vehiclenumber":"KA57F0263","servicetypeid":72,"servicetype":"Non AC/Ordinary","centerlat":12.99664,"centerlong":77.726311,"eta":"","sch_arrivaltime":"22:10","sch_departuretime":"22:10","actual_arrivaltime":"","actual_departuretime":"","sch_tripstarttime":"21:45","sch_tripendtime":"21:45","lastlocationid":0,"currentlocationid":20670,"nextlocationid":0,"currentstop":null,"nextstop":null,"laststop":null,"stopCoveredStatus":0,"heading":0,"lastrefreshon":"12-10-2024 17:36:13","lastreceiveddatetimeflag":1,"tripposition":3}]},{"routeid":13062,"stationid":20960,"stationname":"Kundalahalli Gate","from":"Kadugodi Bus Station","to":"Kadugodi Bus Station Arrival","routeno":"MF-4A","distance_on_station":8.295,"centerlat":12.95674,"centerlong":77.71499,"responsecode":200,"isnotify":0,"vehicleDetails":[{"vehicleid":3156,"vehiclenumber":"KA57F0263","servicetypeid":72,"servicetype":"Non AC/Ordinary","centerlat":12.99664,"centerlong":77.726311,"eta":"","sch_arrivaltime":"22:14","sch_departuretime":"22:14","actual_arrivaltime":"","actual_departuretime":"","sch_tripstarttime":"21:45","sch_tripendtime":"21:45","lastlocationid":0,"currentlocationid":20670,"nextlocationid":0,"currentstop":null,"nextstop":null,"laststop":null,"stopCoveredStatus":0,"heading":0,"lastrefreshon":"12-10-2024 17:36:13","lastreceiveddatetimeflag":1,"tripposition":3}]},{"routeid":13062,"stationid":20956,"stationname":"Kundalahalli","from":"Kadugodi Bus Station","to":"Kadugodi Bus Station Arrival","routeno":"MF-4A","distance_on_station":8.491,"centerlat":12.95832,"centerlong":77.71566,"responsecode":200,"isnotify":0,"vehicleDetails":[{"vehicleid":3156,"vehiclenumber":"KA57F0263","servicetypeid":72,"servicetype":"Non AC/Ordinary","centerlat":12.99664,"centerlong":77.726311,"eta":"","sch_arrivaltime":"22:15","sch_departuretime":"22:15","actual_arrivaltime":"","actual_departuretime":"","sch_tripstarttime":"21:45","sch_tripendtime":"21:45","lastlocationid":0,"currentlocationid":20670,"nextlocationid":0,"currentstop":null,"nextstop":null,"laststop":null,"stopCoveredStatus":0,"heading":0,"lastrefreshon":"12-10-2024 17:36:13","lastreceiveddatetimeflag":1,"tripposition":3}]},{"routeid":13062,"stationid":20640,"stationname":"BEML Layout Gate","from":"Kadugodi Bus Station","to":"Kadugodi Bus Station Arrival","routeno":"MF-4A","distance_on_station":8.789,"centerlat":12.96083,"centerlong":77.71641,"responsecode":200,"isnotify":0,"vehicleDetails":[{"vehicleid":3156,"vehiclenumber":"KA57F0263","servicetypeid":72,"servicetype":"Non AC/Ordinary","centerlat":12.99664,"centerlong":77.726311,"eta":"","sch_arrivaltime":"22:16","sch_departuretime":"22:16","actual_arrivaltime":"","actual_departuretime":"","sch_tripstarttime":"21:45","sch_tripendtime":"21:45","lastlocationid":0,"currentlocationid":20670,"nextlocationid":0,"currentstop":null,"nextstop":null,"laststop":null,"stopCoveredStatus":0,"heading":0,"lastrefreshon":"12-10-2024 17:36:13","lastreceiveddatetimeflag":1,"tripposition":3}]},{"routeid":13062,"stationid":20596,"stationname":"AECS Layout Cross","from":"Kadugodi Bus Station","to":"Kadugodi Bus Station Arrival","routeno":"MF-4A","distance_on_station":9.324,"centerlat":12.96511,"centerlong":77.71827,"responsecode":200,"isnotify":0,"vehicleDetails":[{"vehicleid":3156,"vehiclenumber":"KA57F0263","servicetypeid":72,"servicetype":"Non AC/Ordinary","centerlat":12.99664,"centerlong":77.726311,"eta":"","sch_arrivaltime":"22:17","sch_departuretime":"22:17","actual_arrivaltime":"","actual_departuretime":"","sch_tripstarttime":"21:45","sch_tripendtime":"21:45","lastlocationid":0,"currentlocationid":20670,"nextlocationid":0,"currentstop":null,"nextstop":null,"laststop":null,"stopCoveredStatus":0,"heading":0,"lastrefreshon":"12-10-2024 17:36:13","lastreceiveddatetimeflag":1,"tripposition":3}]},{"routeid":13062,"stationid":20722,"stationname":"CMRIT College","from":"Kadugodi Bus Station","to":"Kadugodi Bus Station Arrival","routeno":"MF-4A","distance_on_station":9.983,"centerlat":12.96764,"centerlong":77.71389,"responsecode":200,"isnotify":0,"vehicleDetails":[{"vehicleid":3156,"vehiclenumber":"KA57F0263","servicetypeid":72,"servicetype":"Non AC/Ordinary","centerlat":12.99664,"centerlong":77.726311,"eta":"","sch_arrivaltime":"22:18","sch_departuretime":"22:18","actual_arrivaltime":"","actual_departuretime":"","sch_tripstarttime":"21:45","sch_tripendtime":"21:45","lastlocationid":0,"currentlocationid":20670,"nextlocationid":0,"currentstop":null,"nextstop":null,"laststop":null,"stopCoveredStatus":0,"heading":0,"lastrefreshon":"12-10-2024 17:36:13","lastreceiveddatetimeflag":1,"tripposition":3}]},{"routeid":13062,"stationid":20958,"stationname":"Kundalahalli Colony","from":"Kadugodi Bus Station","to":"Kadugodi Bus Station Arrival","routeno":"MF-4A","distance_on_station":10.323,"centerlat":12.97022,"centerlong":77.71248,"responsecode":200,"isnotify":0,"vehicleDetails":[{"vehicleid":3156,"vehiclenumber":"KA57F0263","servicetypeid":72,"servicetype":"Non AC/Ordinary","centerlat":12.99664,"centerlong":77.726311,"eta":"","sch_arrivaltime":"22:19","sch_departuretime":"22:19","actual_arrivaltime":"","actual_departuretime":"","sch_tripstarttime":"21:45","sch_tripendtime":"21:45","lastlocationid":0,"currentlocationid":20670,"nextlocationid":0,"currentstop":null,"nextstop":null,"laststop":null,"stopCoveredStatus":0,"heading":0,"lastrefreshon":"12-10-2024 17:36:13","lastreceiveddatetimeflag":1,"tripposition":3}]},{"routeid":13062,"stationid":20802,"stationname":"Graphite India","from":"Kadugodi Bus Station","to":"Kadugodi Bus Station Arrival","routeno":"MF-4A","distance_on_station":11.475,"centerlat":12.97821,"centerlong":77.71135,"responsecode":200,"isnotify":0,"vehicleDetails":[{"vehicleid":3156,"vehiclenumber":"KA57F0263","servicetypeid":72,"servicetype":"Non AC/Ordinary","centerlat":12.99664,"centerlong":77.726311,"eta":"","sch_arrivaltime":"22:21","sch_departuretime":"22:21","actual_arrivaltime":"","actual_departuretime":"","sch_tripstarttime":"21:45","sch_tripendtime":"21:45","lastlocationid":0,"currentlocationid":20670,"nextlocationid":0,"currentstop":null,"nextstop":null,"laststop":null,"stopCoveredStatus":0,"heading":0,"lastrefreshon":"12-10-2024 17:36:13","lastreceiveddatetimeflag":1,"tripposition":3}]},{"routeid":13062,"stationid":21153,"stationname":"SAP Labs","from":"Kadugodi Bus Station","to":"Kadugodi Bus Station Arrival","routeno":"MF-4A","distance_on_station":11.815,"centerlat":12.9778,"centerlong":77.7144,"responsecode":200,"isnotify":0,"vehicleDetails":[{"vehicleid":3156,"vehiclenumber":"KA57F0263","servicetypeid":72,"servicetype":"Non AC/Ordinary","centerlat":12.99664,"centerlong":77.726311,"eta":"","sch_arrivaltime":"22:22","sch_departuretime":"22:22","actual_arrivaltime":"","actual_departuretime":"","sch_tripstarttime":"21:45","sch_tripendtime":"21:45","lastlocationid":0,"currentlocationid":20670,"nextlocationid":0,"currentstop":null,"nextstop":null,"laststop":null,"stopCoveredStatus":0,"heading":0,"lastrefreshon":"12-10-2024 17:36:13","lastreceiveddatetimeflag":1,"tripposition":3}]},{"routeid":13062,"stationid":38798,"stationname":"Kundalahalli Metro Station","from":"Kadugodi Bus Station","to":"Kadugodi Bus Station Arrival","routeno":"MF-4A","distance_on_station":12.041,"centerlat":12.97753,"centerlong":77.71632,"responsecode":200,"isnotify":0,"vehicleDetails":[{"vehicleid":3156,"vehiclenumber":"KA57F0263","servicetypeid":72,"servicetype":"Non AC/Ordinary","centerlat":12.99664,"centerlong":77.726311,"eta":"","sch_arrivaltime":"22:23","sch_departuretime":"22:23","actual_arrivaltime":"","actual_departuretime":"","sch_tripstarttime":"21:45","sch_tripendtime":"21:45","lastlocationid":0,"currentlocationid":20670,"nextlocationid":0,"currentstop":null,"nextstop":null,"laststop":null,"stopCoveredStatus":0,"heading":0,"lastrefreshon":"12-10-2024 17:36:13","lastreceiveddatetimeflag":1,"tripposition":3}]},{"routeid":13062,"stationid":20849,"stationname":"I Gate","from":"Kadugodi Bus Station","to":"Kadugodi Bus Station Arrival","routeno":"MF-4A","distance_on_station":12.299,"centerlat":12.97734,"centerlong":77.71863,"responsecode":200,"isnotify":0,"vehicleDetails":[{"vehicleid":3156,"vehiclenumber":"KA57F0263","servicetypeid":72,"servicetype":"Non AC/Ordinary","centerlat":12.99664,"centerlong":77.726311,"eta":"","sch_arrivaltime":"22:24","sch_departuretime":"22:24","actual_arrivaltime":"","actual_departuretime":"","sch_tripstarttime":"21:45","sch_tripendtime":"21:45","lastlocationid":0,"currentlocationid":20670,"nextlocationid":0,"currentstop":null,"nextstop":null,"laststop":null,"stopCoveredStatus":0,"heading":0,"lastrefreshon":"12-10-2024 17:36:13","lastreceiveddatetimeflag":1,"tripposition":3}]},{"routeid":13062,"stationid":20949,"stationname":"KTPO","from":"Kadugodi Bus Station","to":"Kadugodi Bus Station Arrival","routeno":"MF-4A","distance_on_station":12.71,"centerlat":12.97702,"centerlong":77.72225,"responsecode":200,"isnotify":0,"vehicleDetails":[{"vehicleid":3156,"vehiclenumber":"KA57F0263","servicetypeid":72,"servicetype":"Non AC/Ordinary","centerlat":12.99664,"centerlong":77.726311,"eta":"","sch_arrivaltime":"22:25","sch_departuretime":"22:25","actual_arrivaltime":"","actual_departuretime":"","sch_tripstarttime":"21:45","sch_tripendtime":"21:45","lastlocationid":0,"currentlocationid":20670,"nextlocationid":0,"currentstop":null,"nextstop":null,"laststop":null,"stopCoveredStatus":0,"heading":0,"lastrefreshon":"12-10-2024 17:36:13","lastreceiveddatetimeflag":1,"tripposition":3}]},{"routeid":13062,"stationid":23656,"stationname":"White Field Bus Station (Vydehi Hospital)","from":"Kadugodi Bus Station","to":"Kadugodi Bus Station Arrival","routeno":"MF-4A","distance_on_station":13.297,"centerlat":12.9774,"centerlong":77.72693,"responsecode":200,"isnotify":0,"vehicleDetails":[{"vehicleid":3156,"vehiclenumber":"KA57F0263","servicetypeid":72,"servicetype":"Non AC/Ordinary","centerlat":12.99664,"centerlong":77.726311,"eta":"","sch_arrivaltime":"22:28","sch_departuretime":"22:28","actual_arrivaltime":"","actual_departuretime":"","sch_tripstarttime":"21:45","sch_tripendtime":"21:45","lastlocationid":0,"currentlocationid":20670,"nextlocationid":0,"currentstop":null,"nextstop":null,"laststop":null,"stopCoveredStatus":0,"heading":0,"lastrefreshon":"12-10-2024 17:36:13","lastreceiveddatetimeflag":1,"tripposition":3}]},{"routeid":13062,"stationid":21161,"stationname":"Sathya Sai Hospital","from":"Kadugodi Bus Station","to":"Kadugodi Bus Station Arrival","routeno":"MF-4A","distance_on_station":13.894,"centerlat":12.9823,"centerlong":77.72773,"responsecode":200,"isnotify":0,"vehicleDetails":[{"vehicleid":3156,"vehiclenumber":"KA57F0263","servicetypeid":72,"servicetype":"Non AC/Ordinary","centerlat":12.99664,"centerlong":77.726311,"eta":"","sch_arrivaltime":"22:31","sch_departuretime":"22:31","actual_arrivaltime":"","actual_departuretime":"","sch_tripstarttime":"21:45","sch_tripendtime":"21:45","lastlocationid":0,"currentlocationid":20670,"nextlocationid":0,"currentstop":null,"nextstop":null,"laststop":null,"stopCoveredStatus":0,"heading":0,"lastrefreshon":"12-10-2024 17:36:13","lastreceiveddatetimeflag":1,"tripposition":3}]},{"routeid":13062,"stationid":20670,"stationname":"Big Bazzar ITPL","from":"Kadugodi Bus Station","to":"Kadugodi Bus Station Arrival","routeno":"MF-4A","distance_on_station":14.81,"centerlat":12.98823,"centerlong":77.73197,"responsecode":200,"isnotify":0,"vehicleDetails":[{"vehicleid":3156,"vehiclenumber":"KA57F0263","servicetypeid":72,"servicetype":"Non AC/Ordinary","centerlat":12.99664,"centerlong":77.726311,"eta":"","sch_arrivaltime":"22:33","sch_departuretime":"22:33","actual_arrivaltime":"","actual_departuretime":"","sch_tripstarttime":"21:45","sch_tripendtime":"21:45","lastlocationid":0,"currentlocationid":20670,"nextlocationid":0,"currentstop":null,"nextstop":null,"laststop":null,"stopCoveredStatus":0,"heading":0,"lastrefreshon":"12-10-2024 17:36:13","lastreceiveddatetimeflag":1,"tripposition":3}]},{"routeid":13062,"stationid":21079,"stationname":"Pattandur Agrahara Gate","from":"Kadugodi Bus Station","to":"Kadugodi Bus Station Arrival","routeno":"MF-4A","distance_on_station":14.985,"centerlat":12.98803,"centerlong":77.73354,"responsecode":200,"isnotify":0,"vehicleDetails":[{"vehicleid":3156,"vehiclenumber":"KA57F0263","servicetypeid":72,"servicetype":"Non AC/Ordinary","centerlat":12.99664,"centerlong":77.726311,"eta":"","sch_arrivaltime":"22:34","sch_departuretime":"22:34","actual_arrivaltime":"","actual_departuretime":"","sch_tripstarttime":"21:45","sch_tripendtime":"21:45","lastlocationid":0,"currentlocationid":20670,"nextlocationid":0,"currentstop":null,"nextstop":null,"laststop":null,"stopCoveredStatus":0,"heading":0,"lastrefreshon":"12-10-2024 17:36:13","lastreceiveddatetimeflag":1,"tripposition":3}]},{"routeid":13062,"stationid":20866,"stationname":"ITPL","from":"Kadugodi Bus Station","to":"Kadugodi Bus Station Arrival","routeno":"MF-4A","distance_on_station":15.386,"centerlat":12.98766,"centerlong":77.73704,"responsecode":200,"isnotify":0,"vehicleDetails":[{"vehicleid":3156,"vehiclenumber":"KA57F0263","servicetypeid":72,"servicetype":"Non AC/Ordinary","centerlat":12.99664,"centerlong":77.726311,"eta":"","sch_arrivaltime":"22:36","sch_departuretime":"22:36","actual_arrivaltime":"","actual_departuretime":"","sch_tripstarttime":"21:45","sch_tripendtime":"21:45","lastlocationid":0,"currentlocationid":20670,"nextlocationid":0,"currentstop":null,"nextstop":null,"laststop":null,"stopCoveredStatus":0,"heading":0,"lastrefreshon":"12-10-2024 17:36:13","lastreceiveddatetimeflag":1,"tripposition":3}]},{"routeid":13062,"stationid":20801,"stationname":"GR Tech Park ITPL","from":"Kadugodi Bus Station","to":"Kadugodi Bus Station Arrival","routeno":"MF-4A","distance_on_station":16.106,"centerlat":12.98681,"centerlong":77.74338,"responsecode":200,"isnotify":0,"vehicleDetails":[{"vehicleid":3156,"vehiclenumber":"KA57F0263","servicetypeid":72,"servicetype":"Non AC/Ordinary","centerlat":12.99664,"centerlong":77.726311,"eta":"","sch_arrivaltime":"22:38","sch_departuretime":"22:38","actual_arrivaltime":"","actual_departuretime":"","sch_tripstarttime":"21:45","sch_tripendtime":"21:45","lastlocationid":0,"currentlocationid":20670,"nextlocationid":0,"currentstop":null,"nextstop":null,"laststop":null,"stopCoveredStatus":0,"heading":0,"lastrefreshon":"12-10-2024 17:36:13","lastreceiveddatetimeflag":1,"tripposition":3}]},{"routeid":13062,"stationid":20680,"stationname":"BPL","from":"Kadugodi Bus Station","to":"Kadugodi Bus Station Arrival","routeno":"MF-4A","distance_on_station":16.683,"centerlat":12.98525,"centerlong":77.74828,"responsecode":200,"isnotify":0,"vehicleDetails":[{"vehicleid":3156,"vehiclenumber":"KA57F0263","servicetypeid":72,"servicetype":"Non AC/Ordinary","centerlat":12.99664,"centerlong":77.726311,"eta":"","sch_arrivaltime":"22:39","sch_departuretime":"22:39","actual_arrivaltime":"","actual_departuretime":"","sch_tripstarttime":"21:45","sch_tripendtime":"21:45","lastlocationid":0,"currentlocationid":20670,"nextlocationid":0,"currentstop":null,"nextstop":null,"laststop":null,"stopCoveredStatus":0,"heading":0,"lastrefreshon":"12-10-2024 17:36:13","lastreceiveddatetimeflag":1,"tripposition":3}]},{"routeid":13062,"stationid":37509,"stationname":"Hope Farm","from":"Kadugodi Bus Station","to":"Kadugodi Bus Station Arrival","routeno":"MF-4A","distance_on_station":17.053,"centerlat":12.98424,"centerlong":77.75145,"responsecode":200,"isnotify":0,"vehicleDetails":[{"vehicleid":3156,"vehiclenumber":"KA57F0263","servicetypeid":72,"servicetype":"Non AC/Ordinary","centerlat":12.99664,"centerlong":77.726311,"eta":"","sch_arrivaltime":"22:40","sch_departuretime":"22:40","actual_arrivaltime":"","actual_departuretime":"","sch_tripstarttime":"21:45","sch_tripendtime":"21:45","lastlocationid":0,"currentlocationid":20670,"nextlocationid":0,"currentstop":null,"nextstop":null,"laststop":null,"stopCoveredStatus":0,"heading":0,"lastrefreshon":"12-10-2024 17:36:13","lastreceiveddatetimeflag":1,"tripposition":3}]},{"routeid":13062,"stationid":20901,"stationname":"Kadugodi Bridge","from":"Kadugodi Bus Station","to":"Kadugodi Bus Station Arrival","routeno":"MF-4A","distance_on_station":18.453,"centerlat":12.99448,"centerlong":77.75769,"responsecode":200,"isnotify":0,"vehicleDetails":[{"vehicleid":3156,"vehiclenumber":"KA57F0263","servicetypeid":72,"servicetype":"Non AC/Ordinary","centerlat":12.99664,"centerlong":77.726311,"eta":"","sch_arrivaltime":"22:42","sch_departuretime":"22:42","actual_arrivaltime":"","actual_departuretime":"","sch_tripstarttime":"21:45","sch_tripendtime":"21:45","lastlocationid":0,"currentlocationid":20670,"nextlocationid":0,"currentstop":null,"nextstop":null,"laststop":null,"stopCoveredStatus":0,"heading":0,"lastrefreshon":"12-10-2024 17:36:13","lastreceiveddatetimeflag":1,"tripposition":3}]},{"routeid":13062,"stationid":38642,"stationname":"Kadugodi Bus Station Arrival","from":"Kadugodi Bus Station","to":"Kadugodi Bus Station Arrival","routeno":"MF-4A","distance_on_station":18.7,"centerlat":12.99596,"centerlong":77.7585,"responsecode":200,"isnotify":0,"vehicleDetails":[{"vehicleid":3156,"vehiclenumber":"KA57F0263","servicetypeid":72,"servicetype":"Non AC/Ordinary","centerlat":12.99664,"centerlong":77.726311,"eta":"","sch_arrivaltime":"22:45","sch_departuretime":"22:45","actual_arrivaltime":"","actual_departuretime":"","sch_tripstarttime":"21:45","sch_tripendtime":"21:45","lastlocationid":0,"currentlocationid":20670,"nextlocationid":0,"currentstop":null,"nextstop":null,"laststop":null,"stopCoveredStatus":0,"heading":0,"lastrefreshon":"12-10-2024 17:36:13","lastreceiveddatetimeflag":1,"tripposition":3}]}],"mapData":[{"vehicleid":3156,"vehiclenumber":"KA57F0263","servicetypeid":72,"servicetype":"Non AC/Ordinary","centerlat":12.99664,"centerlong":77.726311,"eta":"","sch_arrivaltime":"22:45","sch_departuretime":"22:45","actual_arrivaltime":"","actual_departuretime":"","sch_tripstarttime":"21:45","sch_tripendtime":"21:45","lastlocationid":0,"currentlocationid":20670,"nextlocationid":0,"currentstop":null,"nextstop":null,"laststop":null,"stopCoveredStatus":0,"heading":0,"lastrefreshon":"12-10-2024 17:36:13","lastreceiveddatetimeflag":1,"tripposition":3}]},"down":{"data":[],"mapData":[]},"message":"Success","issuccess":true,"exception":null,"rowCount":0,"responsecode":200}