{"up":{"data":[{"routeid":5611,"stationid":37713,"stationname":"Sir M Vishweshwaraiah Railway Station","from":"Sir M Vishweshwaraiah Railway Station","to":"Electronic City Wipro Main Gate","routeno":"MF-500EB SMVR-ELCW","distance_on_station":0,"centerlat":12.99966,"centerlong":77.64099,"responsecode":200,"isnotify":0,"vehicleDetails":[{"vehicleid":15256,"vehiclenumber":"KA53F0041","servicetypeid":72,"servicetype":"Non AC/Ordinary","centerlat":12.835867,"centerlong":77.657082,"eta":"","sch_arrivaltime":"03:55","sch_departuretime":"03:55","actual_arrivaltime":"04:51","actual_departuretime":"04:52","sch_tripstarttime":"03:55","sch_tripendtime":"03:55","lastlocationid":0,"currentlocationid":20772,"nextlocationid":0,"currentstop":null,"nextstop":null,"laststop":null,"stopCoveredStatus":1,"heading":160,"lastrefreshon":"10-03-2024 06:44:15","lastreceiveddatetimeflag":0,"tripposition":1},{"vehicleid":15260,"vehiclenumber":"KA42F1709","servicetypeid":72,"servicetype":"Non AC/Ordinary","centerlat":12.835853,"centerlong":77.657745,"eta":"","sch_arrivaltime":"05:35","sch_departuretime":"05:35","actual_arrivaltime":"05:14","actual_departuretime":"05:14","sch_tripstarttime":"05:35","sch_tripendtime":"05:35","lastlocationid":0,"currentlocationid":20772,"nextlocationid":0,"currentstop":null,"nextstop":null,"laststop":null,"stopCoveredStatus":1,"heading":300,"lastrefreshon":"10-03-2024 06:44:27","lastreceiveddatetimeflag":0,"tripposition":1}]},{"routeid":5611,"stationid":22371,"stationname":"Old Baiyappanahalli","from":"Sir M Vishweshwaraiah Railway Station","to":"Electronic City Wipro Main Gate","routeno":"MF-500EB SMVR-ELCW","distance_on_station":0.75,"centerlat":12.99431,"centerlong":77.64424,"responsecode":200,"isnotify":0,"vehicleDetails":[{"vehicleid":15256,"vehiclenumber":"KA53F0041","servicetypeid":72,"servicetype":"Non AC/Ordinary","centerlat":12.835867,"centerlong":77.657082,"eta":"","sch_arrivaltime":"03:58","sch_departuretime":"03:58","actual_arrivaltime":"04:53","actual_departuretime":"04:54","sch_tripstarttime":"03:55","sch_tripendtime":"03:55","lastlocationid":0,"currentlocationid":20772,"nextlocationid":0,"currentstop":null,"nextstop":null,"laststop":null,"stopCoveredStatus":1,"heading":160,"lastrefreshon":"10-03-2024 06:44:15","lastreceiveddatetimeflag":0,"tripposition":1},{"vehicleid":15260,"vehiclenumber":"KA42F1709","servicetypeid":72,"servicetype":"Non AC/Ordinary","centerlat":12.835853,"centerlong":77.657745,"eta":"","sch_arrivaltime":"05:38","sch_departuretime":"05:38","actual_arrivaltime":"05:15","actual_departuretime":"05:16","sch_tripstarttime":"05:35","sch_tripendtime":"05:35","lastlocationid":0,"currentlocationid":20772,"nextlocationid":0,"currentstop":null,"nextstop":null,"laststop":null,"stopCoveredStatus":1,"heading":300,"lastrefreshon":"10-03-2024 06:44:27","lastreceiveddatetimeflag":0,"tripposition":1}]},{"routeid":5611,"stationid":21060,"stationname":"NGEF","from":"Sir M Vishweshwaraiah Railway Station","to":"Electronic City Wipro Main Gate","routeno":"MF-500EB SMVR-ELCW","distance_on_station":2.839,"centerlat":12.98787,"centerlong":77.64987,"responsecode":200,"isnotify":0,"vehicleDetails":[{"vehicleid":15256,"vehiclenumber":"KA53F0041","servicetypeid":72,"servicetype":"Non AC/Ordinary","centerlat":12.835867,"centerlong":77.657082,"eta":"","sch_arrivaltime":"04:01","sch_departuretime":"04:01","actual_arrivaltime":"04:58","actual_departuretime":"04:58","sch_tripstarttime":"03:55","sch_tripendtime":"03:55","lastlocationid":0,"currentlocationid":20772,"nextlocationid":0,"currentstop":null,"nextstop":null,"laststop":null,"stopCoveredStatus":1,"heading":160,"lastrefreshon":"10-03-2024 06:44:15","lastreceiveddatetimeflag":0,"tripposition":1},{"vehicleid":15260,"vehiclenumber":"KA42F1709","servicetypeid":72,"servicetype":"Non AC/Ordinary","centerlat":12.835853,"centerlong":77.657745,"eta":"","sch_arrivaltime":"05:41","sch_departuretime":"05:41","actual_arrivaltime":"","actual_departuretime":"","sch_tripstarttime":"05:35","sch_tripendtime":"05:35","lastlocationid":0,"currentlocationid":20772,"nextlocationid":0,"currentstop":null,"nextstop":null,"laststop":null,"stopCoveredStatus":1,"heading":300,"lastrefreshon":"10-03-2024 06:44:27","lastreceiveddatetimeflag":0,"tripposition":3}]},{"routeid":5611,"stationid":20634,"stationname":"Bayyappanahalli Metro Station","from":"Sir M Vishweshwaraiah Railway Station","to":"Electronic City Wipro Main Gate","routeno":"MF-500EB SMVR-ELCW","distance_on_station":3.439,"centerlat":12.99001,"centerlong":77.65454,"responsecode":200,"isnotify":0,"vehicleDetails":[{"vehicleid":15256,"vehiclenumber":"KA53F0041","servicetypeid":72,"servicetype":"Non AC/Ordinary","centerlat":12.835867,"centerlong":77.657082,"eta":"","sch_arrivaltime":"04:02","sch_departuretime":"04:02","actual_arrivaltime":"04:58","actual_departuretime":"04:59","sch_tripstarttime":"03:55","sch_tripendtime":"03:55","lastlocationid":0,"currentlocationid":20772,"nextlocationid":0,"currentstop":null,"nextstop":null,"laststop":null,"stopCoveredStatus":1,"heading":160,"lastrefreshon":"10-03-2024 06:44:15","lastreceiveddatetimeflag":0,"tripposition":1},{"vehicleid":15260,"vehiclenumber":"KA42F1709","servicetypeid":72,"servicetype":"Non AC/Ordinary","centerlat":12.835853,"centerlong":77.657745,"eta":"","sch_arrivaltime":"05:42","sch_departuretime":"05:42","actual_arrivaltime":"","actual_departuretime":"","sch_tripstarttime":"05:35","sch_tripendtime":"05:35","lastlocationid":0,"currentlocationid":20772,"nextlocationid":0,"currentstop":null,"nextstop":null,"laststop":null,"stopCoveredStatus":1,"heading":300,"lastrefreshon":"10-03-2024 06:44:27","lastreceiveddatetimeflag":0,"tripposition":3}]},{"routeid":5611,"stationid":20656,"stationname":"Benniganahalli","from":"Sir M Vishweshwaraiah Railway Station","to":"Electronic City Wipro Main Gate","routeno":"MF-500EB SMVR-ELCW","distance_on_station":4.575,"centerlat":12.99428,"centerlong":77.6633,"responsecode":200,"isnotify":0,"vehicleDetails":[{"vehicleid":15256,"vehiclenumber":"KA53F0041","servicetypeid":72,"servicetype":"Non AC/Ordinary","centerlat":12.835867,"centerlong":77.657082,"eta":"","sch_arrivaltime":"04:04","sch_departuretime":"04:04","actual_arrivaltime":"05:00","actual_departuretime":"05:00","sch_tripstarttime":"03:55","sch_tripendtime":"03:55","lastlocationid":0,"currentlocationid":20772,"nextlocationid":0,"currentstop":null,"nextstop":null,"laststop":null,"stopCoveredStatus":1,"heading":160,"lastrefreshon":"10-03-2024 06:44:15","lastreceiveddatetimeflag":0,"tripposition":1},{"vehicleid":15260,"vehiclenumber":"KA42F1709","servicetypeid":72,"servicetype":"Non AC/Ordinary","centerlat":12.835853,"centerlong":77.657745,"eta":"","sch_arrivaltime":"05:44","sch_departuretime":"05:44","actual_arrivaltime":"05:23","actual_departuretime":"05:24","sch_tripstarttime":"05:35","sch_tripendtime":"05:35","lastlocationid":0,"currentlocationid":20772,"nextlocationid":0,"currentstop":null,"nextstop":null,"laststop":null,"stopCoveredStatus":1,"heading":300,"lastrefreshon":"10-03-2024 06:44:27","lastreceiveddatetimeflag":0,"tripposition":1}]},{"routeid":5611,"stationid":21229,"stationname":"Tin Factory","from":"Sir M Vishweshwaraiah Railway Station","to":"Electronic City Wipro Main Gate","routeno":"MF-500EB SMVR-ELCW","distance_on_station":5.368,"centerlat":12.99709,"centerlong":77.66946,"responsecode":200,"isnotify":0,"vehicleDetails":[{"vehicleid":15256,"vehiclenumber":"KA53F0041","servicetypeid":72,"servicetype":"Non AC/Ordinary","centerlat":12.835867,"centerlong":77.657082,"eta":"","sch_arrivaltime":"04:05","sch_departuretime":"04:05","actual_arrivaltime":"05:01","actual_departuretime":"05:03","sch_tripstarttime":"03:55","sch_tripendtime":"03:55","lastlocationid":0,"currentlocationid":20772,"nextlocationid":0,"currentstop":null,"nextstop":null,"laststop":null,"stopCoveredStatus":1,"heading":160,"lastrefreshon":"10-03-2024 06:44:15","lastreceiveddatetimeflag":0,"tripposition":1},{"vehicleid":15260,"vehiclenumber":"KA42F1709","servicetypeid":72,"servicetype":"Non AC/Ordinary","centerlat":12.835853,"centerlong":77.657745,"eta":"","sch_arrivaltime":"05:45","sch_departuretime":"05:45","actual_arrivaltime":"05:25","actual_departuretime":"05:34","sch_tripstarttime":"05:35","sch_tripendtime":"05:35","lastlocationid":0,"currentlocationid":20772,"nextlocationid":0,"currentstop":null,"nextstop":null,"laststop":null,"stopCoveredStatus":1,"heading":300,"lastrefreshon":"10-03-2024 06:44:27","lastreceiveddatetimeflag":0,"tripposition":1}]},{"routeid":5611,"stationid":21112,"stationname":"KR Pura Railway Station","from":"Sir M Vishweshwaraiah Railway Station","to":"Electronic City Wipro Main Gate","routeno":"MF-500EB SMVR-ELCW","distance_on_station":6.214,"centerlat":13.00022,"centerlong":77.67597,"responsecode":200,"isnotify":0,"vehicleDetails":[{"vehicleid":15256,"vehiclenumber":"KA53F0041","servicetypeid":72,"servicetype":"Non AC/Ordinary","centerlat":12.835867,"centerlong":77.657082,"eta":"","sch_arrivaltime":"04:06","sch_departuretime":"04:06","actual_arrivaltime":"05:06","actual_departuretime":"05:07","sch_tripstarttime":"03:55","sch_tripendtime":"03:55","lastlocationid":0,"currentlocationid":20772,"nextlocationid":0,"currentstop":null,"nextstop":null,"laststop":null,"stopCoveredStatus":1,"heading":160,"lastrefreshon":"10-03-2024 06:44:15","lastreceiveddatetimeflag":0,"tripposition":1},{"vehicleid":15260,"vehiclenumber":"KA42F1709","servicetypeid":72,"servicetype":"Non AC/Ordinary","centerlat":12.835853,"centerlong":77.657745,"eta":"","sch_arrivaltime":"05:46","sch_departuretime":"05:46","actual_arrivaltime":"05:36","actual_departuretime":"05:36","sch_tripstarttime":"05:35","sch_tripendtime":"05:35","lastlocationid":0,"currentlocationid":20772,"nextlocationid":0,"currentstop":null,"nextstop":null,"laststop":null,"stopCoveredStatus":1,"heading":300,"lastrefreshon":"10-03-2024 06:44:27","lastreceiveddatetimeflag":0,"tripposition":1}]},{"routeid":5611,"stationid":20615,"stationname":"B Narayanapura Ring Road","from":"Sir M Vishweshwaraiah Railway Station","to":"Electronic City Wipro Main Gate","routeno":"MF-500EB SMVR-ELCW","distance_on_station":7.457,"centerlat":12.99583,"centerlong":77.68417,"responsecode":200,"isnotify":0,"vehicleDetails":[{"vehicleid":15256,"vehiclenumber":"KA53F0041","servicetypeid":72,"servicetype":"Non AC/Ordinary","centerlat":12.835867,"centerlong":77.657082,"eta":"","sch_arrivaltime":"04:07","sch_departuretime":"04:07","actual_arrivaltime":"05:12","actual_departuretime":"05:13","sch_tripstarttime":"03:55","sch_tripendtime":"03:55","lastlocationid":0,"currentlocationid":20772,"nextlocationid":0,"currentstop":null,"nextstop":null,"laststop":null,"stopCoveredStatus":1,"heading":160,"lastrefreshon":"10-03-2024 06:44:15","lastreceiveddatetimeflag":0,"tripposition":1},{"vehicleid":15260,"vehiclenumber":"KA42F1709","servicetypeid":72,"servicetype":"Non AC/Ordinary","centerlat":12.835853,"centerlong":77.657745,"eta":"","sch_arrivaltime":"05:47","sch_departuretime":"05:47","actual_arrivaltime":"05:38","actual_departuretime":"05:38","sch_tripstarttime":"05:35","sch_tripendtime":"05:35","lastlocationid":0,"currentlocationid":20772,"nextlocationid":0,"currentstop":null,"nextstop":null,"laststop":null,"stopCoveredStatus":1,"heading":300,"lastrefreshon":"10-03-2024 06:44:27","lastreceiveddatetimeflag":0,"tripposition":1}]},{"routeid":5611,"stationid":20977,"stationname":"Mahadevapura Ring Road","from":"Sir M Vishweshwaraiah Railway Station","to":"Electronic City Wipro Main Gate","routeno":"MF-500EB SMVR-ELCW","distance_on_station":8.55,"centerlat":12.98823,"centerlong":77.6895,"responsecode":200,"isnotify":0,"vehicleDetails":[{"vehicleid":15256,"vehiclenumber":"KA53F0041","servicetypeid":72,"servicetype":"Non AC/Ordinary","centerlat":12.835867,"centerlong":77.657082,"eta":"","sch_arrivaltime":"04:08","sch_departuretime":"04:08","actual_arrivaltime":"05:15","actual_departuretime":"05:16","sch_tripstarttime":"03:55","sch_tripendtime":"03:55","lastlocationid":0,"currentlocationid":20772,"nextlocationid":0,"currentstop":null,"nextstop":null,"laststop":null,"stopCoveredStatus":1,"heading":160,"lastrefreshon":"10-03-2024 06:44:15","lastreceiveddatetimeflag":0,"tripposition":1},{"vehicleid":15260,"vehiclenumber":"KA42F1709","servicetypeid":72,"servicetype":"Non AC/Ordinary","centerlat":12.835853,"centerlong":77.657745,"eta":"","sch_arrivaltime":"05:48","sch_departuretime":"05:48","actual_arrivaltime":"05:41","actual_departuretime":"05:41","sch_tripstarttime":"05:35","sch_tripendtime":"05:35","lastlocationid":0,"currentlocationid":20772,"nextlocationid":0,"currentstop":null,"nextstop":null,"laststop":null,"stopCoveredStatus":1,"heading":300,"lastrefreshon":"10-03-2024 06:44:27","lastreceiveddatetimeflag":0,"tripposition":1}]},{"routeid":5611,"stationid":20774,"stationname":"EMC2","from":"Sir M Vishweshwaraiah Railway Station","to":"Electronic City Wipro Main Gate","routeno":"MF-500EB SMVR-ELCW","distance_on_station":9.343,"centerlat":12.98256,"centerlong":77.69301,"responsecode":200,"isnotify":0,"vehicleDetails":[{"vehicleid":15256,"vehiclenumber":"KA53F0041","servicetypeid":72,"servicetype":"Non AC/Ordinary","centerlat":12.835867,"centerlong":77.657082,"eta":"","sch_arrivaltime":"04:09","sch_departuretime":"04:09","actual_arrivaltime":"05:17","actual_departuretime":"05:17","sch_tripstarttime":"03:55","sch_tripendtime":"03:55","lastlocationid":0,"currentlocationid":20772,"nextlocationid":0,"currentstop":null,"nextstop":null,"laststop":null,"stopCoveredStatus":1,"heading":160,"lastrefreshon":"10-03-2024 06:44:15","lastreceiveddatetimeflag":0,"tripposition":1},{"vehicleid":15260,"vehiclenumber":"KA42F1709","servicetypeid":72,"servicetype":"Non AC/Ordinary","centerlat":12.835853,"centerlong":77.657745,"eta":"","sch_arrivaltime":"05:49","sch_departuretime":"05:49","actual_arrivaltime":"05:43","actual_departuretime":"05:44","sch_tripstarttime":"05:35","sch_tripendtime":"05:35","lastlocationid":0,"currentlocationid":20772,"nextlocationid":0,"currentstop":null,"nextstop":null,"laststop":null,"stopCoveredStatus":1,"heading":300,"lastrefreshon":"10-03-2024 06:44:27","lastreceiveddatetimeflag":0,"tripposition":1}]},{"routeid":5611,"stationid":20762,"stationname":"Dodda Nekkundi Bridge/Rainbow Hospital","from":"Sir M Vishweshwaraiah Railway Station","to":"Electronic City Wipro Main Gate","routeno":"MF-500EB SMVR-ELCW","distance_on_station":10.286,"centerlat":12.97499,"centerlong":77.69764,"responsecode":200,"isnotify":0,"vehicleDetails":[{"vehicleid":15256,"vehiclenumber":"KA53F0041","servicetypeid":72,"servicetype":"Non AC/Ordinary","centerlat":12.835867,"centerlong":77.657082,"eta":"","sch_arrivaltime":"04:10","sch_departuretime":"04:10","actual_arrivaltime":"","actual_departuretime":"","sch_tripstarttime":"03:55","sch_tripendtime":"03:55","lastlocationid":0,"currentlocationid":20772,"nextlocationid":0,"currentstop":null,"nextstop":null,"laststop":null,"stopCoveredStatus":1,"heading":160,"lastrefreshon":"10-03-2024 06:44:15","lastreceiveddatetimeflag":0,"tripposition":3},{"vehicleid":15260,"vehiclenumber":"KA42F1709","servicetypeid":72,"servicetype":"Non AC/Ordinary","centerlat":12.835853,"centerlong":77.657745,"eta":"","sch_arrivaltime":"05:50","sch_departuretime":"05:50","actual_arrivaltime":"","actual_departuretime":"","sch_tripstarttime":"05:35","sch_tripendtime":"05:35","lastlocationid":0,"currentlocationid":20772,"nextlocationid":0,"currentstop":null,"nextstop":null,"laststop":null,"stopCoveredStatus":1,"heading":300,"lastrefreshon":"10-03-2024 06:44:27","lastreceiveddatetimeflag":0,"tripposition":3}]},{"routeid":5611,"stationid":20912,"stationname":"Karthik Nagara","from":"Sir M Vishweshwaraiah Railway Station","to":"Electronic City Wipro Main Gate","routeno":"MF-500EB SMVR-ELCW","distance_on_station":11.336,"centerlat":12.96821,"centerlong":77.7017,"responsecode":200,"isnotify":0,"vehicleDetails":[{"vehicleid":15256,"vehiclenumber":"KA53F0041","servicetypeid":72,"servicetype":"Non AC/Ordinary","centerlat":12.835867,"centerlong":77.657082,"eta":"","sch_arrivaltime":"04:11","sch_departuretime":"04:11","actual_arrivaltime":"05:21","actual_departuretime":"05:22","sch_tripstarttime":"03:55","sch_tripendtime":"03:55","lastlocationid":0,"currentlocationid":20772,"nextlocationid":0,"currentstop":null,"nextstop":null,"laststop":null,"stopCoveredStatus":1,"heading":160,"lastrefreshon":"10-03-2024 06:44:15","lastreceiveddatetimeflag":0,"tripposition":1},{"vehicleid":15260,"vehiclenumber":"KA42F1709","servicetypeid":72,"servicetype":"Non AC/Ordinary","centerlat":12.835853,"centerlong":77.657745,"eta":"","sch_arrivaltime":"05:51","sch_departuretime":"05:51","actual_arrivaltime":"05:47","actual_departuretime":"05:48","sch_tripstarttime":"05:35","sch_tripendtime":"05:35","lastlocationid":0,"currentlocationid":20772,"nextlocationid":0,"currentstop":null,"nextstop":null,"laststop":null,"stopCoveredStatus":1,"heading":300,"lastrefreshon":"10-03-2024 06:44:27","lastreceiveddatetimeflag":0,"tripposition":1}]},{"routeid":5611,"stationid":23194,"stationname":"Kalamandira Marathahalli Bridge","from":"Sir M Vishweshwaraiah Railway Station","to":"Electronic City Wipro Main Gate","routeno":"MF-500EB SMVR-ELCW","distance_on_station":12.343,"centerlat":12.95993,"centerlong":77.70143,"responsecode":200,"isnotify":0,"vehicleDetails":[{"vehicleid":15256,"vehiclenumber":"KA53F0041","servicetypeid":72,"servicetype":"Non AC/Ordinary","centerlat":12.835867,"centerlong":77.657082,"eta":"","sch_arrivaltime":"04:12","sch_departuretime":"04:12","actual_arrivaltime":"05:23","actual_departuretime":"05:24","sch_tripstarttime":"03:55","sch_tripendtime":"03:55","lastlocationid":0,"currentlocationid":20772,"nextlocationid":0,"currentstop":null,"nextstop":null,"laststop":null,"stopCoveredStatus":1,"heading":160,"lastrefreshon":"10-03-2024 06:44:15","lastreceiveddatetimeflag":0,"tripposition":1},{"vehicleid":15260,"vehiclenumber":"KA42F1709","servicetypeid":72,"servicetype":"Non AC/Ordinary","centerlat":12.835853,"centerlong":77.657745,"eta":"","sch_arrivaltime":"05:52","sch_departuretime":"05:52","actual_arrivaltime":"05:49","actual_departuretime":"05:49","sch_tripstarttime":"05:35","sch_tripendtime":"05:35","lastlocationid":0,"currentlocationid":20772,"nextlocationid":0,"currentstop":null,"nextstop":null,"laststop":null,"stopCoveredStatus":1,"heading":300,"lastrefreshon":"10-03-2024 06:44:27","lastreceiveddatetimeflag":0,"tripposition":1}]},{"routeid":5611,"stationid":21031,"stationname":"Multiplex Marathahalli","from":"Sir M Vishweshwaraiah Railway Station","to":"Electronic City Wipro Main Gate","routeno":"MF-500EB SMVR-ELCW","distance_on_station":13.275,"centerlat":12.95227,"centerlong":77.70002,"responsecode":200,"isnotify":0,"vehicleDetails":[{"vehicleid":15256,"vehiclenumber":"KA53F0041","servicetypeid":72,"servicetype":"Non AC/Ordinary","centerlat":12.835867,"centerlong":77.657082,"eta":"","sch_arrivaltime":"04:13","sch_departuretime":"04:13","actual_arrivaltime":"05:31","actual_departuretime":"05:32","sch_tripstarttime":"03:55","sch_tripendtime":"03:55","lastlocationid":0,"currentlocationid":20772,"nextlocationid":0,"currentstop":null,"nextstop":null,"laststop":null,"stopCoveredStatus":1,"heading":160,"lastrefreshon":"10-03-2024 06:44:15","lastreceiveddatetimeflag":0,"tripposition":1},{"vehicleid":15260,"vehiclenumber":"KA42F1709","servicetypeid":72,"servicetype":"Non AC/Ordinary","centerlat":12.835853,"centerlong":77.657745,"eta":"","sch_arrivaltime":"05:53","sch_departuretime":"05:53","actual_arrivaltime":"05:50","actual_departuretime":"05:51","sch_tripstarttime":"05:35","sch_tripendtime":"05:35","lastlocationid":0,"currentlocationid":20772,"nextlocationid":0,"currentstop":null,"nextstop":null,"laststop":null,"stopCoveredStatus":1,"heading":300,"lastrefreshon":"10-03-2024 06:44:27","lastreceiveddatetimeflag":0,"tripposition":1}]},{"routeid":5611,"stationid":20894,"stationname":"Kadubisanahalli","from":"Sir M Vishweshwaraiah Railway Station","to":"Electronic City Wipro Main Gate","routeno":"MF-500EB SMVR-ELCW","distance_on_station":14.614,"centerlat":12.94259,"centerlong":77.69717,"responsecode":200,"isnotify":0,"vehicleDetails":[{"vehicleid":15256,"vehiclenumber":"KA53F0041","servicetypeid":72,"servicetype":"Non AC/Ordinary","centerlat":12.835867,"centerlong":77.657082,"eta":"","sch_arrivaltime":"04:15","sch_departuretime":"04:15","actual_arrivaltime":"05:36","actual_departuretime":"05:36","sch_tripstarttime":"03:55","sch_tripendtime":"03:55","lastlocationid":0,"currentlocationid":20772,"nextlocationid":0,"currentstop":null,"nextstop":null,"laststop":null,"stopCoveredStatus":1,"heading":160,"lastrefreshon":"10-03-2024 06:44:15","lastreceiveddatetimeflag":0,"tripposition":1},{"vehicleid":15260,"vehiclenumber":"KA42F1709","servicetypeid":72,"servicetype":"Non AC/Ordinary","centerlat":12.835853,"centerlong":77.657745,"eta":"","sch_arrivaltime":"05:55","sch_departuretime":"05:55","actual_arrivaltime":"05:53","actual_departuretime":"05:53","sch_tripstarttime":"05:35","sch_tripendtime":"05:35","lastlocationid":0,"currentlocationid":20772,"nextlocationid":0,"currentstop":null,"nextstop":null,"laststop":null,"stopCoveredStatus":1,"heading":300,"lastrefreshon":"10-03-2024 06:44:27","lastreceiveddatetimeflag":0,"tripposition":1}]},{"routeid":5611,"stationid":21058,"stationname":"New Horizon College","from":"Sir M Vishweshwaraiah Railway Station","to":"Electronic City Wipro Main Gate","routeno":"MF-500EB SMVR-ELCW","distance_on_station":15.589,"centerlat":12.93544,"centerlong":77.69123,"responsecode":200,"isnotify":0,"vehicleDetails":[{"vehicleid":15256,"vehiclenumber":"KA53F0041","servicetypeid":72,"servicetype":"Non AC/Ordinary","centerlat":12.835867,"centerlong":77.657082,"eta":"","sch_arrivaltime":"04:16","sch_departuretime":"04:16","actual_arrivaltime":"05:38","actual_departuretime":"05:39","sch_tripstarttime":"03:55","sch_tripendtime":"03:55","lastlocationid":0,"currentlocationid":20772,"nextlocationid":0,"currentstop":null,"nextstop":null,"laststop":null,"stopCoveredStatus":1,"heading":160,"lastrefreshon":"10-03-2024 06:44:15","lastreceiveddatetimeflag":0,"tripposition":1},{"vehicleid":15260,"vehiclenumber":"KA42F1709","servicetypeid":72,"servicetype":"Non AC/Ordinary","centerlat":12.835853,"centerlong":77.657745,"eta":"","sch_arrivaltime":"05:56","sch_departuretime":"05:56","actual_arrivaltime":"05:55","actual_departuretime":"05:55","sch_tripstarttime":"05:35","sch_tripendtime":"05:35","lastlocationid":0,"currentlocationid":20772,"nextlocationid":0,"currentstop":null,"nextstop":null,"laststop":null,"stopCoveredStatus":1,"heading":300,"lastrefreshon":"10-03-2024 06:44:27","lastreceiveddatetimeflag":0,"tripposition":1}]},{"routeid":5611,"stationid":20753,"stationname":"Devarabisanahalli Ring Road","from":"Sir M Vishweshwaraiah Railway Station","to":"Electronic City Wipro Main Gate","routeno":"MF-500EB SMVR-ELCW","distance_on_station":16.286,"centerlat":12.93145,"centerlong":77.68686,"responsecode":200,"isnotify":0,"vehicleDetails":[{"vehicleid":15256,"vehiclenumber":"KA53F0041","servicetypeid":72,"servicetype":"Non AC/Ordinary","centerlat":12.835867,"centerlong":77.657082,"eta":"","sch_arrivaltime":"04:17","sch_departuretime":"04:17","actual_arrivaltime":"05:40","actual_departuretime":"05:41","sch_tripstarttime":"03:55","sch_tripendtime":"03:55","lastlocationid":0,"currentlocationid":20772,"nextlocationid":0,"currentstop":null,"nextstop":null,"laststop":null,"stopCoveredStatus":1,"heading":160,"lastrefreshon":"10-03-2024 06:44:15","lastreceiveddatetimeflag":0,"tripposition":1},{"vehicleid":15260,"vehiclenumber":"KA42F1709","servicetypeid":72,"servicetype":"Non AC/Ordinary","centerlat":12.835853,"centerlong":77.657745,"eta":"","sch_arrivaltime":"05:57","sch_departuretime":"05:57","actual_arrivaltime":"05:57","actual_departuretime":"05:57","sch_tripstarttime":"05:35","sch_tripendtime":"05:35","lastlocationid":0,"currentlocationid":20772,"nextlocationid":0,"currentstop":null,"nextstop":null,"laststop":null,"stopCoveredStatus":1,"heading":300,"lastrefreshon":"10-03-2024 06:44:27","lastreceiveddatetimeflag":0,"tripposition":1}]},{"routeid":5611,"stationid":20770,"stationname":"Eco Space","from":"Sir M Vishweshwaraiah Railway Station","to":"Electronic City Wipro Main Gate","routeno":"MF-500EB SMVR-ELCW","distance_on_station":17.143,"centerlat":12.92776,"centerlong":77.68049,"responsecode":200,"isnotify":0,"vehicleDetails":[{"vehicleid":15256,"vehiclenumber":"KA53F0041","servicetypeid":72,"servicetype":"Non AC/Ordinary","centerlat":12.835867,"centerlong":77.657082,"eta":"","sch_arrivaltime":"04:18","sch_departuretime":"04:18","actual_arrivaltime":"05:42","actual_departuretime":"05:43","sch_tripstarttime":"03:55","sch_tripendtime":"03:55","lastlocationid":0,"currentlocationid":20772,"nextlocationid":0,"currentstop":null,"nextstop":null,"laststop":null,"stopCoveredStatus":1,"heading":160,"lastrefreshon":"10-03-2024 06:44:15","lastreceiveddatetimeflag":0,"tripposition":1},{"vehicleid":15260,"vehiclenumber":"KA42F1709","servicetypeid":72,"servicetype":"Non AC/Ordinary","centerlat":12.835853,"centerlong":77.657745,"eta":"","sch_arrivaltime":"05:58","sch_departuretime":"05:58","actual_arrivaltime":"","actual_departuretime":"","sch_tripstarttime":"05:35","sch_tripendtime":"05:35","lastlocationid":0,"currentlocationid":20772,"nextlocationid":0,"currentstop":null,"nextstop":null,"laststop":null,"stopCoveredStatus":1,"heading":300,"lastrefreshon":"10-03-2024 06:44:27","lastreceiveddatetimeflag":0,"tripposition":3}]},{"routeid":5611,"stationid":20639,"stationname":"Bellanduru City Light Appartment","from":"Sir M Vishweshwaraiah Railway Station","to":"Electronic City Wipro Main Gate","routeno":"MF-500EB SMVR-ELCW","distance_on_station":18.15,"centerlat":12.92412,"centerlong":77.67278,"responsecode":200,"isnotify":0,"vehicleDetails":[{"vehicleid":15256,"vehiclenumber":"KA53F0041","servicetypeid":72,"servicetype":"Non AC/Ordinary","centerlat":12.835867,"centerlong":77.657082,"eta":"","sch_arrivaltime":"04:19","sch_departuretime":"04:19","actual_arrivaltime":"05:45","actual_departuretime":"05:45","sch_tripstarttime":"03:55","sch_tripendtime":"03:55","lastlocationid":0,"currentlocationid":20772,"nextlocationid":0,"currentstop":null,"nextstop":null,"laststop":null,"stopCoveredStatus":1,"heading":160,"lastrefreshon":"10-03-2024 06:44:15","lastreceiveddatetimeflag":0,"tripposition":1},{"vehicleid":15260,"vehiclenumber":"KA42F1709","servicetypeid":72,"servicetype":"Non AC/Ordinary","centerlat":12.835853,"centerlong":77.657745,"eta":"","sch_arrivaltime":"05:59","sch_departuretime":"05:59","actual_arrivaltime":"06:01","actual_departuretime":"06:01","sch_tripstarttime":"05:35","sch_tripendtime":"05:35","lastlocationid":0,"currentlocationid":20772,"nextlocationid":0,"currentstop":null,"nextstop":null,"laststop":null,"stopCoveredStatus":1,"heading":300,"lastrefreshon":"10-03-2024 06:44:27","lastreceiveddatetimeflag":0,"tripposition":1}]},{"routeid":5611,"stationid":21091,"stationname":"Bellanduru Petrol Bunk","from":"Sir M Vishweshwaraiah Railway Station","to":"Electronic City Wipro Main Gate","routeno":"MF-500EB SMVR-ELCW","distance_on_station":18.439,"centerlat":12.92309,"centerlong":77.6705,"responsecode":200,"isnotify":0,"vehicleDetails":[{"vehicleid":15256,"vehiclenumber":"KA53F0041","servicetypeid":72,"servicetype":"Non AC/Ordinary","centerlat":12.835867,"centerlong":77.657082,"eta":"","sch_arrivaltime":"04:20","sch_departuretime":"04:20","actual_arrivaltime":"05:45","actual_departuretime":"05:45","sch_tripstarttime":"03:55","sch_tripendtime":"03:55","lastlocationid":0,"currentlocationid":20772,"nextlocationid":0,"currentstop":null,"nextstop":null,"laststop":null,"stopCoveredStatus":1,"heading":160,"lastrefreshon":"10-03-2024 06:44:15","lastreceiveddatetimeflag":0,"tripposition":1},{"vehicleid":15260,"vehiclenumber":"KA42F1709","servicetypeid":72,"servicetype":"Non AC/Ordinary","centerlat":12.835853,"centerlong":77.657745,"eta":"","sch_arrivaltime":"06:00","sch_departuretime":"06:00","actual_arrivaltime":"06:01","actual_departuretime":"06:02","sch_tripstarttime":"05:35","sch_tripendtime":"05:35","lastlocationid":0,"currentlocationid":20772,"nextlocationid":0,"currentstop":null,"nextstop":null,"laststop":null,"stopCoveredStatus":1,"heading":300,"lastrefreshon":"10-03-2024 06:44:27","lastreceiveddatetimeflag":0,"tripposition":1}]},{"routeid":5611,"stationid":20888,"stationname":"Sarjapura Ring Road Junction","from":"Sir M Vishweshwaraiah Railway Station","to":"Electronic City Wipro Main Gate","routeno":"MF-500EB SMVR-ELCW","distance_on_station":18.729,"centerlat":12.92203,"centerlong":77.66825,"responsecode":200,"isnotify":0,"vehicleDetails":[{"vehicleid":15256,"vehiclenumber":"KA53F0041","servicetypeid":72,"servicetype":"Non AC/Ordinary","centerlat":12.835867,"centerlong":77.657082,"eta":"","sch_arrivaltime":"04:21","sch_departuretime":"04:21","actual_arrivaltime":"05:46","actual_departuretime":"05:46","sch_tripstarttime":"03:55","sch_tripendtime":"03:55","lastlocationid":0,"currentlocationid":20772,"nextlocationid":0,"currentstop":null,"nextstop":null,"laststop":null,"stopCoveredStatus":1,"heading":160,"lastrefreshon":"10-03-2024 06:44:15","lastreceiveddatetimeflag":0,"tripposition":1},{"vehicleid":15260,"vehiclenumber":"KA42F1709","servicetypeid":72,"servicetype":"Non AC/Ordinary","centerlat":12.835853,"centerlong":77.657745,"eta":"","sch_arrivaltime":"06:01","sch_departuretime":"06:01","actual_arrivaltime":"06:02","actual_departuretime":"06:02","sch_tripstarttime":"05:35","sch_tripendtime":"05:35","lastlocationid":0,"currentlocationid":20772,"nextlocationid":0,"currentstop":null,"nextstop":null,"laststop":null,"stopCoveredStatus":1,"heading":300,"lastrefreshon":"10-03-2024 06:44:27","lastreceiveddatetimeflag":0,"tripposition":1}]},{"routeid":5611,"stationid":30401,"stationname":"Sarjapura Road Ibbaluru Junction","from":"Sir M Vishweshwaraiah Railway Station","to":"Electronic City Wipro Main Gate","routeno":"MF-500EB SMVR-ELCW","distance_on_station":19.125,"centerlat":12.9204,"centerlong":77.66585,"responsecode":200,"isnotify":0,"vehicleDetails":[{"vehicleid":15256,"vehiclenumber":"KA53F0041","servicetypeid":72,"servicetype":"Non AC/Ordinary","centerlat":12.835867,"centerlong":77.657082,"eta":"","sch_arrivaltime":"04:22","sch_departuretime":"04:22","actual_arrivaltime":"05:46","actual_departuretime":"05:47","sch_tripstarttime":"03:55","sch_tripendtime":"03:55","lastlocationid":0,"currentlocationid":20772,"nextlocationid":0,"currentstop":null,"nextstop":null,"laststop":null,"stopCoveredStatus":1,"heading":160,"lastrefreshon":"10-03-2024 06:44:15","lastreceiveddatetimeflag":0,"tripposition":1},{"vehicleid":15260,"vehiclenumber":"KA42F1709","servicetypeid":72,"servicetype":"Non AC/Ordinary","centerlat":12.835853,"centerlong":77.657745,"eta":"","sch_arrivaltime":"06:02","sch_departuretime":"06:02","actual_arrivaltime":"06:03","actual_departuretime":"06:03","sch_tripstarttime":"05:35","sch_tripendtime":"05:35","lastlocationid":0,"currentlocationid":20772,"nextlocationid":0,"currentstop":null,"nextstop":null,"laststop":null,"stopCoveredStatus":1,"heading":300,"lastrefreshon":"10-03-2024 06:44:27","lastreceiveddatetimeflag":0,"tripposition":1}]},{"routeid":5611,"stationid":23896,"stationname":"Bellanduru Gate SJP Road","from":"Sir M Vishweshwaraiah Railway Station","to":"Electronic City Wipro Main Gate","routeno":"MF-500EB SMVR-ELCW","distance_on_station":19.65,"centerlat":12.91858,"centerlong":77.66991,"responsecode":200,"isnotify":0,"vehicleDetails":[{"vehicleid":15256,"vehiclenumber":"KA53F0041","servicetypeid":72,"servicetype":"Non AC/Ordinary","centerlat":12.835867,"centerlong":77.657082,"eta":"","sch_arrivaltime":"04:23","sch_departuretime":"04:23","actual_arrivaltime":"05:47","actual_departuretime":"05:48","sch_tripstarttime":"03:55","sch_tripendtime":"03:55","lastlocationid":0,"currentlocationid":20772,"nextlocationid":0,"currentstop":null,"nextstop":null,"laststop":null,"stopCoveredStatus":1,"heading":160,"lastrefreshon":"10-03-2024 06:44:15","lastreceiveddatetimeflag":0,"tripposition":1},{"vehicleid":15260,"vehiclenumber":"KA42F1709","servicetypeid":72,"servicetype":"Non AC/Ordinary","centerlat":12.835853,"centerlong":77.657745,"eta":"","sch_arrivaltime":"06:03","sch_departuretime":"06:03","actual_arrivaltime":"06:04","actual_departuretime":"06:04","sch_tripstarttime":"05:35","sch_tripendtime":"05:35","lastlocationid":0,"currentlocationid":20772,"nextlocationid":0,"currentstop":null,"nextstop":null,"laststop":null,"stopCoveredStatus":1,"heading":300,"lastrefreshon":"10-03-2024 06:44:27","lastreceiveddatetimeflag":0,"tripposition":1}]},{"routeid":5611,"stationid":23897,"stationname":"Kaikondrahalli","from":"Sir M Vishweshwaraiah Railway Station","to":"Electronic City Wipro Main Gate","routeno":"MF-500EB SMVR-ELCW","distance_on_station":20.721,"centerlat":12.91404,"centerlong":77.67756,"responsecode":200,"isnotify":0,"vehicleDetails":[{"vehicleid":15256,"vehiclenumber":"KA53F0041","servicetypeid":72,"servicetype":"Non AC/Ordinary","centerlat":12.835867,"centerlong":77.657082,"eta":"","sch_arrivaltime":"04:24","sch_departuretime":"04:24","actual_arrivaltime":"05:49","actual_departuretime":"05:49","sch_tripstarttime":"03:55","sch_tripendtime":"03:55","lastlocationid":0,"currentlocationid":20772,"nextlocationid":0,"currentstop":null,"nextstop":null,"laststop":null,"stopCoveredStatus":1,"heading":160,"lastrefreshon":"10-03-2024 06:44:15","lastreceiveddatetimeflag":0,"tripposition":1},{"vehicleid":15260,"vehiclenumber":"KA42F1709","servicetypeid":72,"servicetype":"Non AC/Ordinary","centerlat":12.835853,"centerlong":77.657745,"eta":"","sch_arrivaltime":"06:04","sch_departuretime":"06:04","actual_arrivaltime":"06:06","actual_departuretime":"06:06","sch_tripstarttime":"05:35","sch_tripendtime":"05:35","lastlocationid":0,"currentlocationid":20772,"nextlocationid":0,"currentstop":null,"nextstop":null,"laststop":null,"stopCoveredStatus":1,"heading":300,"lastrefreshon":"10-03-2024 06:44:27","lastreceiveddatetimeflag":0,"tripposition":1}]},{"routeid":5611,"stationid":23386,"stationname":"Kasavanahalli","from":"Sir M Vishweshwaraiah Railway Station","to":"Electronic City Wipro Main Gate","routeno":"MF-500EB SMVR-ELCW","distance_on_station":21.9,"centerlat":12.90489,"centerlong":77.67605,"responsecode":200,"isnotify":0,"vehicleDetails":[{"vehicleid":15256,"vehiclenumber":"KA53F0041","servicetypeid":72,"servicetype":"Non AC/Ordinary","centerlat":12.835867,"centerlong":77.657082,"eta":"","sch_arrivaltime":"04:28","sch_departuretime":"04:28","actual_arrivaltime":"","actual_departuretime":"","sch_tripstarttime":"03:55","sch_tripendtime":"03:55","lastlocationid":0,"currentlocationid":20772,"nextlocationid":0,"currentstop":null,"nextstop":null,"laststop":null,"stopCoveredStatus":1,"heading":160,"lastrefreshon":"10-03-2024 06:44:15","lastreceiveddatetimeflag":0,"tripposition":3},{"vehicleid":15260,"vehiclenumber":"KA42F1709","servicetypeid":72,"servicetype":"Non AC/Ordinary","centerlat":12.835853,"centerlong":77.657745,"eta":"","sch_arrivaltime":"06:08","sch_departuretime":"06:08","actual_arrivaltime":"06:10","actual_departuretime":"06:10","sch_tripstarttime":"05:35","sch_tripendtime":"05:35","lastlocationid":0,"currentlocationid":20772,"nextlocationid":0,"currentstop":null,"nextstop":null,"laststop":null,"stopCoveredStatus":1,"heading":300,"lastrefreshon":"10-03-2024 06:44:27","lastreceiveddatetimeflag":0,"tripposition":1}]},{"routeid":5611,"stationid":35101,"stationname":"Amrutha Engineering College","from":"Sir M Vishweshwaraiah Railway Station","to":"Electronic City Wipro Main Gate","routeno":"MF-500EB SMVR-ELCW","distance_on_station":22.875,"centerlat":12.8968,"centerlong":77.6752,"responsecode":200,"isnotify":0,"vehicleDetails":[{"vehicleid":15256,"vehiclenumber":"KA53F0041","servicetypeid":72,"servicetype":"Non AC/Ordinary","centerlat":12.835867,"centerlong":77.657082,"eta":"","sch_arrivaltime":"04:30","sch_departuretime":"04:30","actual_arrivaltime":"05:55","actual_departuretime":"05:55","sch_tripstarttime":"03:55","sch_tripendtime":"03:55","lastlocationid":0,"currentlocationid":20772,"nextlocationid":0,"currentstop":null,"nextstop":null,"laststop":null,"stopCoveredStatus":1,"heading":160,"lastrefreshon":"10-03-2024 06:44:15","lastreceiveddatetimeflag":0,"tripposition":1},{"vehicleid":15260,"vehiclenumber":"KA42F1709","servicetypeid":72,"servicetype":"Non AC/Ordinary","centerlat":12.835853,"centerlong":77.657745,"eta":"","sch_arrivaltime":"06:10","sch_departuretime":"06:10","actual_arrivaltime":"06:12","actual_departuretime":"06:12","sch_tripstarttime":"05:35","sch_tripendtime":"05:35","lastlocationid":0,"currentlocationid":20772,"nextlocationid":0,"currentstop":null,"nextstop":null,"laststop":null,"stopCoveredStatus":1,"heading":300,"lastrefreshon":"10-03-2024 06:44:27","lastreceiveddatetimeflag":0,"tripposition":1}]},{"routeid":5611,"stationid":24667,"stationname":"Choodasandra Circle","from":"Sir M Vishweshwaraiah Railway Station","to":"Electronic City Wipro Main Gate","routeno":"MF-500EB SMVR-ELCW","distance_on_station":23.893,"centerlat":12.88853,"centerlong":77.67299,"responsecode":200,"isnotify":0,"vehicleDetails":[{"vehicleid":15256,"vehiclenumber":"KA53F0041","servicetypeid":72,"servicetype":"Non AC/Ordinary","centerlat":12.835867,"centerlong":77.657082,"eta":"","sch_arrivaltime":"04:32","sch_departuretime":"04:32","actual_arrivaltime":"05:58","actual_departuretime":"05:58","sch_tripstarttime":"03:55","sch_tripendtime":"03:55","lastlocationid":0,"currentlocationid":20772,"nextlocationid":0,"currentstop":null,"nextstop":null,"laststop":null,"stopCoveredStatus":1,"heading":160,"lastrefreshon":"10-03-2024 06:44:15","lastreceiveddatetimeflag":0,"tripposition":1},{"vehicleid":15260,"vehiclenumber":"KA42F1709","servicetypeid":72,"servicetype":"Non AC/Ordinary","centerlat":12.835853,"centerlong":77.657745,"eta":"","sch_arrivaltime":"06:12","sch_departuretime":"06:12","actual_arrivaltime":"06:15","actual_departuretime":"06:15","sch_tripstarttime":"05:35","sch_tripendtime":"05:35","lastlocationid":0,"currentlocationid":20772,"nextlocationid":0,"currentstop":null,"nextstop":null,"laststop":null,"stopCoveredStatus":1,"heading":300,"lastrefreshon":"10-03-2024 06:44:27","lastreceiveddatetimeflag":0,"tripposition":1}]},{"routeid":5611,"stationid":23388,"stationname":"KSRP Training Centre","from":"Sir M Vishweshwaraiah Railway Station","to":"Electronic City Wipro Main Gate","routeno":"MF-500EB SMVR-ELCW","distance_on_station":24.214,"centerlat":12.88588,"centerlong":77.67244,"responsecode":200,"isnotify":0,"vehicleDetails":[{"vehicleid":15256,"vehiclenumber":"KA53F0041","servicetypeid":72,"servicetype":"Non AC/Ordinary","centerlat":12.835867,"centerlong":77.657082,"eta":"","sch_arrivaltime":"04:33","sch_departuretime":"04:33","actual_arrivaltime":"","actual_departuretime":"","sch_tripstarttime":"03:55","sch_tripendtime":"03:55","lastlocationid":0,"currentlocationid":20772,"nextlocationid":0,"currentstop":null,"nextstop":null,"laststop":null,"stopCoveredStatus":1,"heading":160,"lastrefreshon":"10-03-2024 06:44:15","lastreceiveddatetimeflag":0,"tripposition":3},{"vehicleid":15260,"vehiclenumber":"KA42F1709","servicetypeid":72,"servicetype":"Non AC/Ordinary","centerlat":12.835853,"centerlong":77.657745,"eta":"","sch_arrivaltime":"06:13","sch_departuretime":"06:13","actual_arrivaltime":"06:15","actual_departuretime":"06:16","sch_tripstarttime":"05:35","sch_tripendtime":"05:35","lastlocationid":0,"currentlocationid":20772,"nextlocationid":0,"currentstop":null,"nextstop":null,"laststop":null,"stopCoveredStatus":1,"heading":300,"lastrefreshon":"10-03-2024 06:44:27","lastreceiveddatetimeflag":0,"tripposition":1}]},{"routeid":5611,"stationid":28003,"stationname":"Rayasandra","from":"Sir M Vishweshwaraiah Railway Station","to":"Electronic City Wipro Main Gate","routeno":"MF-500EB SMVR-ELCW","distance_on_station":24.986,"centerlat":12.87939,"centerlong":77.67211,"responsecode":200,"isnotify":0,"vehicleDetails":[{"vehicleid":15256,"vehiclenumber":"KA53F0041","servicetypeid":72,"servicetype":"Non AC/Ordinary","centerlat":12.835867,"centerlong":77.657082,"eta":"","sch_arrivaltime":"04:35","sch_departuretime":"04:35","actual_arrivaltime":"06:01","actual_departuretime":"06:01","sch_tripstarttime":"03:55","sch_tripendtime":"03:55","lastlocationid":0,"currentlocationid":20772,"nextlocationid":0,"currentstop":null,"nextstop":null,"laststop":null,"stopCoveredStatus":1,"heading":160,"lastrefreshon":"10-03-2024 06:44:15","lastreceiveddatetimeflag":0,"tripposition":1},{"vehicleid":15260,"vehiclenumber":"KA42F1709","servicetypeid":72,"servicetype":"Non AC/Ordinary","centerlat":12.835853,"centerlong":77.657745,"eta":"","sch_arrivaltime":"06:15","sch_departuretime":"06:15","actual_arrivaltime":"06:18","actual_departuretime":"06:18","sch_tripstarttime":"05:35","sch_tripendtime":"05:35","lastlocationid":0,"currentlocationid":20772,"nextlocationid":0,"currentstop":null,"nextstop":null,"laststop":null,"stopCoveredStatus":1,"heading":300,"lastrefreshon":"10-03-2024 06:44:27","lastreceiveddatetimeflag":0,"tripposition":1}]},{"routeid":5611,"stationid":28004,"stationname":"Rayasandra Circle","from":"Sir M Vishweshwaraiah Railway Station","to":"Electronic City Wipro Main Gate","routeno":"MF-500EB SMVR-ELCW","distance_on_station":25.446,"centerlat":12.87569,"centerlong":77.67126,"responsecode":200,"isnotify":0,"vehicleDetails":[{"vehicleid":15256,"vehiclenumber":"KA53F0041","servicetypeid":72,"servicetype":"Non AC/Ordinary","centerlat":12.835867,"centerlong":77.657082,"eta":"","sch_arrivaltime":"04:36","sch_departuretime":"04:36","actual_arrivaltime":"06:02","actual_departuretime":"06:02","sch_tripstarttime":"03:55","sch_tripendtime":"03:55","lastlocationid":0,"currentlocationid":20772,"nextlocationid":0,"currentstop":null,"nextstop":null,"laststop":null,"stopCoveredStatus":1,"heading":160,"lastrefreshon":"10-03-2024 06:44:15","lastreceiveddatetimeflag":0,"tripposition":1},{"vehicleid":15260,"vehiclenumber":"KA42F1709","servicetypeid":72,"servicetype":"Non AC/Ordinary","centerlat":12.835853,"centerlong":77.657745,"eta":"","sch_arrivaltime":"06:16","sch_departuretime":"06:16","actual_arrivaltime":"06:19","actual_departuretime":"06:19","sch_tripstarttime":"05:35","sch_tripendtime":"05:35","lastlocationid":0,"currentlocationid":20772,"nextlocationid":0,"currentstop":null,"nextstop":null,"laststop":null,"stopCoveredStatus":1,"heading":300,"lastrefreshon":"10-03-2024 06:44:27","lastreceiveddatetimeflag":0,"tripposition":1}]},{"routeid":5611,"stationid":23389,"stationname":"Bengaluru Central Jail","from":"Sir M Vishweshwaraiah Railway Station","to":"Electronic City Wipro Main Gate","routeno":"MF-500EB SMVR-ELCW","distance_on_station":26.057,"centerlat":12.87368,"centerlong":77.66638,"responsecode":200,"isnotify":0,"vehicleDetails":[{"vehicleid":15256,"vehiclenumber":"KA53F0041","servicetypeid":72,"servicetype":"Non AC/Ordinary","centerlat":12.835867,"centerlong":77.657082,"eta":"","sch_arrivaltime":"04:37","sch_departuretime":"04:37","actual_arrivaltime":"06:04","actual_departuretime":"06:04","sch_tripstarttime":"03:55","sch_tripendtime":"03:55","lastlocationid":0,"currentlocationid":20772,"nextlocationid":0,"currentstop":null,"nextstop":null,"laststop":null,"stopCoveredStatus":1,"heading":160,"lastrefreshon":"10-03-2024 06:44:15","lastreceiveddatetimeflag":0,"tripposition":1},{"vehicleid":15260,"vehiclenumber":"KA42F1709","servicetypeid":72,"servicetype":"Non AC/Ordinary","centerlat":12.835853,"centerlong":77.657745,"eta":"","sch_arrivaltime":"06:17","sch_departuretime":"06:17","actual_arrivaltime":"06:21","actual_departuretime":"06:21","sch_tripstarttime":"05:35","sch_tripendtime":"05:35","lastlocationid":0,"currentlocationid":20772,"nextlocationid":0,"currentstop":null,"nextstop":null,"laststop":null,"stopCoveredStatus":1,"heading":300,"lastrefreshon":"10-03-2024 06:44:27","lastreceiveddatetimeflag":0,"tripposition":1}]},{"routeid":5611,"stationid":24169,"stationname":"New MICO Gate","from":"Sir M Vishweshwaraiah Railway Station","to":"Electronic City Wipro Main Gate","routeno":"MF-500EB SMVR-ELCW","distance_on_station":27.086,"centerlat":12.87029,"centerlong":77.6583,"responsecode":200,"isnotify":0,"vehicleDetails":[{"vehicleid":15256,"vehiclenumber":"KA53F0041","servicetypeid":72,"servicetype":"Non AC/Ordinary","centerlat":12.835867,"centerlong":77.657082,"eta":"","sch_arrivaltime":"04:39","sch_departuretime":"04:39","actual_arrivaltime":"06:06","actual_departuretime":"06:06","sch_tripstarttime":"03:55","sch_tripendtime":"03:55","lastlocationid":0,"currentlocationid":20772,"nextlocationid":0,"currentstop":null,"nextstop":null,"laststop":null,"stopCoveredStatus":1,"heading":160,"lastrefreshon":"10-03-2024 06:44:15","lastreceiveddatetimeflag":0,"tripposition":1},{"vehicleid":15260,"vehiclenumber":"KA42F1709","servicetypeid":72,"servicetype":"Non AC/Ordinary","centerlat":12.835853,"centerlong":77.657745,"eta":"","sch_arrivaltime":"06:19","sch_departuretime":"06:19","actual_arrivaltime":"06:23","actual_departuretime":"06:23","sch_tripstarttime":"05:35","sch_tripendtime":"05:35","lastlocationid":0,"currentlocationid":20772,"nextlocationid":0,"currentstop":null,"nextstop":null,"laststop":null,"stopCoveredStatus":1,"heading":300,"lastrefreshon":"10-03-2024 06:44:27","lastreceiveddatetimeflag":0,"tripposition":1}]},{"routeid":5611,"stationid":32951,"stationname":"Hosa Road","from":"Sir M Vishweshwaraiah Railway Station","to":"Electronic City Wipro Main Gate","routeno":"MF-500EB SMVR-ELCW","distance_on_station":27.589,"centerlat":12.87041,"centerlong":77.65403,"responsecode":200,"isnotify":0,"vehicleDetails":[{"vehicleid":15256,"vehiclenumber":"KA53F0041","servicetypeid":72,"servicetype":"Non AC/Ordinary","centerlat":12.835867,"centerlong":77.657082,"eta":"","sch_arrivaltime":"04:40","sch_departuretime":"04:40","actual_arrivaltime":"06:07","actual_departuretime":"06:07","sch_tripstarttime":"03:55","sch_tripendtime":"03:55","lastlocationid":0,"currentlocationid":20772,"nextlocationid":0,"currentstop":null,"nextstop":null,"laststop":null,"stopCoveredStatus":1,"heading":160,"lastrefreshon":"10-03-2024 06:44:15","lastreceiveddatetimeflag":0,"tripposition":1},{"vehicleid":15260,"vehiclenumber":"KA42F1709","servicetypeid":72,"servicetype":"Non AC/Ordinary","centerlat":12.835853,"centerlong":77.657745,"eta":"","sch_arrivaltime":"06:20","sch_departuretime":"06:20","actual_arrivaltime":"06:24","actual_departuretime":"06:24","sch_tripstarttime":"05:35","sch_tripendtime":"05:35","lastlocationid":0,"currentlocationid":20772,"nextlocationid":0,"currentstop":null,"nextstop":null,"laststop":null,"stopCoveredStatus":1,"heading":300,"lastrefreshon":"10-03-2024 06:44:27","lastreceiveddatetimeflag":0,"tripposition":1}]},{"routeid":5611,"stationid":22380,"stationname":"Electronic City PESIT College","from":"Sir M Vishweshwaraiah Railway Station","to":"Electronic City Wipro Main Gate","routeno":"MF-500EB SMVR-ELCW","distance_on_station":29.389,"centerlat":12.85881,"centerlong":77.6624,"responsecode":200,"isnotify":0,"vehicleDetails":[{"vehicleid":15256,"vehiclenumber":"KA53F0041","servicetypeid":72,"servicetype":"Non AC/Ordinary","centerlat":12.835867,"centerlong":77.657082,"eta":"","sch_arrivaltime":"04:41","sch_departuretime":"04:41","actual_arrivaltime":"06:10","actual_departuretime":"06:10","sch_tripstarttime":"03:55","sch_tripendtime":"03:55","lastlocationid":0,"currentlocationid":20772,"nextlocationid":0,"currentstop":null,"nextstop":null,"laststop":null,"stopCoveredStatus":1,"heading":160,"lastrefreshon":"10-03-2024 06:44:15","lastreceiveddatetimeflag":0,"tripposition":1},{"vehicleid":15260,"vehiclenumber":"KA42F1709","servicetypeid":72,"servicetype":"Non AC/Ordinary","centerlat":12.835853,"centerlong":77.657745,"eta":"","sch_arrivaltime":"06:21","sch_departuretime":"06:21","actual_arrivaltime":"06:27","actual_departuretime":"06:27","sch_tripstarttime":"05:35","sch_tripendtime":"05:35","lastlocationid":0,"currentlocationid":20772,"nextlocationid":0,"currentstop":null,"nextstop":null,"laststop":null,"stopCoveredStatus":1,"heading":300,"lastrefreshon":"10-03-2024 06:44:27","lastreceiveddatetimeflag":0,"tripposition":1}]},{"routeid":5611,"stationid":20934,"stationname":"Konappana Agarhara","from":"Sir M Vishweshwaraiah Railway Station","to":"Electronic City Wipro Main Gate","routeno":"MF-500EB SMVR-ELCW","distance_on_station":29.839,"centerlat":12.85577,"centerlong":77.66411,"responsecode":200,"isnotify":0,"vehicleDetails":[{"vehicleid":15256,"vehiclenumber":"KA53F0041","servicetypeid":72,"servicetype":"Non AC/Ordinary","centerlat":12.835867,"centerlong":77.657082,"eta":"","sch_arrivaltime":"04:43","sch_departuretime":"04:43","actual_arrivaltime":"06:11","actual_departuretime":"06:11","sch_tripstarttime":"03:55","sch_tripendtime":"03:55","lastlocationid":0,"currentlocationid":20772,"nextlocationid":0,"currentstop":null,"nextstop":null,"laststop":null,"stopCoveredStatus":1,"heading":160,"lastrefreshon":"10-03-2024 06:44:15","lastreceiveddatetimeflag":0,"tripposition":1},{"vehicleid":15260,"vehiclenumber":"KA42F1709","servicetypeid":72,"servicetype":"Non AC/Ordinary","centerlat":12.835853,"centerlong":77.657745,"eta":"","sch_arrivaltime":"06:23","sch_departuretime":"06:23","actual_arrivaltime":"06:28","actual_departuretime":"06:28","sch_tripstarttime":"05:35","sch_tripendtime":"05:35","lastlocationid":0,"currentlocationid":20772,"nextlocationid":0,"currentstop":null,"nextstop":null,"laststop":null,"stopCoveredStatus":1,"heading":300,"lastrefreshon":"10-03-2024 06:44:27","lastreceiveddatetimeflag":0,"tripposition":1}]},{"routeid":5611,"stationid":20732,"stationname":"Crown Plaza","from":"Sir M Vishweshwaraiah Railway Station","to":"Electronic City Wipro Main Gate","routeno":"MF-500EB SMVR-ELCW","distance_on_station":30.654,"centerlat":12.851,"centerlong":77.66032,"responsecode":200,"isnotify":0,"vehicleDetails":[{"vehicleid":15256,"vehiclenumber":"KA53F0041","servicetypeid":72,"servicetype":"Non AC/Ordinary","centerlat":12.835867,"centerlong":77.657082,"eta":"","sch_arrivaltime":"04:44","sch_departuretime":"04:44","actual_arrivaltime":"06:13","actual_departuretime":"06:13","sch_tripstarttime":"03:55","sch_tripendtime":"03:55","lastlocationid":0,"currentlocationid":20772,"nextlocationid":0,"currentstop":null,"nextstop":null,"laststop":null,"stopCoveredStatus":1,"heading":160,"lastrefreshon":"10-03-2024 06:44:15","lastreceiveddatetimeflag":0,"tripposition":1},{"vehicleid":15260,"vehiclenumber":"KA42F1709","servicetypeid":72,"servicetype":"Non AC/Ordinary","centerlat":12.835853,"centerlong":77.657745,"eta":"","sch_arrivaltime":"06:24","sch_departuretime":"06:24","actual_arrivaltime":"06:30","actual_departuretime":"06:30","sch_tripstarttime":"05:35","sch_tripendtime":"05:35","lastlocationid":0,"currentlocationid":20772,"nextlocationid":0,"currentstop":null,"nextstop":null,"laststop":null,"stopCoveredStatus":1,"heading":300,"lastrefreshon":"10-03-2024 06:44:27","lastreceiveddatetimeflag":0,"tripposition":1}]},{"routeid":5611,"stationid":20858,"stationname":"Infosys Parking Lot","from":"Sir M Vishweshwaraiah Railway Station","to":"Electronic City Wipro Main Gate","routeno":"MF-500EB SMVR-ELCW","distance_on_station":31.039,"centerlat":12.84993,"centerlong":77.66299,"responsecode":200,"isnotify":0,"vehicleDetails":[{"vehicleid":15256,"vehiclenumber":"KA53F0041","servicetypeid":72,"servicetype":"Non AC/Ordinary","centerlat":12.835867,"centerlong":77.657082,"eta":"","sch_arrivaltime":"04:45","sch_departuretime":"04:45","actual_arrivaltime":"","actual_departuretime":"","sch_tripstarttime":"03:55","sch_tripendtime":"03:55","lastlocationid":0,"currentlocationid":20772,"nextlocationid":0,"currentstop":null,"nextstop":null,"laststop":null,"stopCoveredStatus":1,"heading":160,"lastrefreshon":"10-03-2024 06:44:15","lastreceiveddatetimeflag":0,"tripposition":3},{"vehicleid":15260,"vehiclenumber":"KA42F1709","servicetypeid":72,"servicetype":"Non AC/Ordinary","centerlat":12.835853,"centerlong":77.657745,"eta":"","sch_arrivaltime":"06:25","sch_departuretime":"06:25","actual_arrivaltime":"06:31","actual_departuretime":"06:31","sch_tripstarttime":"05:35","sch_tripendtime":"05:35","lastlocationid":0,"currentlocationid":20772,"nextlocationid":0,"currentstop":null,"nextstop":null,"laststop":null,"stopCoveredStatus":1,"heading":300,"lastrefreshon":"10-03-2024 06:44:27","lastreceiveddatetimeflag":0,"tripposition":1}]},{"routeid":5611,"stationid":20662,"stationname":"BHEL","from":"Sir M Vishweshwaraiah Railway Station","to":"Electronic City Wipro Main Gate","routeno":"MF-500EB SMVR-ELCW","distance_on_station":31.832,"centerlat":12.84492,"centerlong":77.66026,"responsecode":200,"isnotify":0,"vehicleDetails":[{"vehicleid":15256,"vehiclenumber":"KA53F0041","servicetypeid":72,"servicetype":"Non AC/Ordinary","centerlat":12.835867,"centerlong":77.657082,"eta":"","sch_arrivaltime":"04:47","sch_departuretime":"04:47","actual_arrivaltime":"06:15","actual_departuretime":"06:16","sch_tripstarttime":"03:55","sch_tripendtime":"03:55","lastlocationid":0,"currentlocationid":20772,"nextlocationid":0,"currentstop":null,"nextstop":null,"laststop":null,"stopCoveredStatus":1,"heading":160,"lastrefreshon":"10-03-2024 06:44:15","lastreceiveddatetimeflag":0,"tripposition":1},{"vehicleid":15260,"vehiclenumber":"KA42F1709","servicetypeid":72,"servicetype":"Non AC/Ordinary","centerlat":12.835853,"centerlong":77.657745,"eta":"","sch_arrivaltime":"06:27","sch_departuretime":"06:27","actual_arrivaltime":"06:33","actual_departuretime":"06:34","sch_tripstarttime":"05:35","sch_tripendtime":"05:35","lastlocationid":0,"currentlocationid":20772,"nextlocationid":0,"currentstop":null,"nextstop":null,"laststop":null,"stopCoveredStatus":1,"heading":300,"lastrefreshon":"10-03-2024 06:44:27","lastreceiveddatetimeflag":0,"tripposition":1}]},{"routeid":5611,"stationid":21282,"stationname":"Wipro Gate Shikaripalya Cross","from":"Sir M Vishweshwaraiah Railway Station","to":"Electronic City Wipro Main Gate","routeno":"MF-500EB SMVR-ELCW","distance_on_station":32.571,"centerlat":12.83905,"centerlong":77.6591,"responsecode":200,"isnotify":0,"vehicleDetails":[{"vehicleid":15256,"vehiclenumber":"KA53F0041","servicetypeid":72,"servicetype":"Non AC/Ordinary","centerlat":12.835867,"centerlong":77.657082,"eta":"","sch_arrivaltime":"04:48","sch_departuretime":"04:48","actual_arrivaltime":"06:17","actual_departuretime":"06:17","sch_tripstarttime":"03:55","sch_tripendtime":"03:55","lastlocationid":0,"currentlocationid":20772,"nextlocationid":0,"currentstop":null,"nextstop":null,"laststop":null,"stopCoveredStatus":1,"heading":160,"lastrefreshon":"10-03-2024 06:44:15","lastreceiveddatetimeflag":0,"tripposition":1},{"vehicleid":15260,"vehiclenumber":"KA42F1709","servicetypeid":72,"servicetype":"Non AC/Ordinary","centerlat":12.835853,"centerlong":77.657745,"eta":"2024-03-10 06:45:00","sch_arrivaltime":"06:28","sch_departuretime":"06:28","actual_arrivaltime":"","actual_departuretime":"","sch_tripstarttime":"05:35","sch_tripendtime":"05:35","lastlocationid":0,"currentlocationid":20772,"nextlocationid":0,"currentstop":null,"nextstop":null,"laststop":null,"stopCoveredStatus":0,"heading":300,"lastrefreshon":"10-03-2024 06:44:27","lastreceiveddatetimeflag":0,"tripposition":3}]},{"routeid":5611,"stationid":20772,"stationname":"Electronic City Wipro Main Gate","from":"Sir M Vishweshwaraiah Railway Station","to":"Electronic City Wipro Main Gate","routeno":"MF-500EB SMVR-ELCW","distance_on_station":33,"centerlat":12.83594,"centerlong":77.65742,"responsecode":200,"isnotify":0,"vehicleDetails":[{"vehicleid":15256,"vehiclenumber":"KA53F0041","servicetypeid":72,"servicetype":"Non AC/Ordinary","centerlat":12.835867,"centerlong":77.657082,"eta":"","sch_arrivaltime":"04:49","sch_departuretime":"04:49","actual_arrivaltime":"06:18","actual_departuretime":"","sch_tripstarttime":"03:55","sch_tripendtime":"03:55","lastlocationid":0,"currentlocationid":20772,"nextlocationid":0,"currentstop":null,"nextstop":null,"laststop":null,"stopCoveredStatus":1,"heading":160,"lastrefreshon":"10-03-2024 06:44:15","lastreceiveddatetimeflag":0,"tripposition":1},{"vehicleid":15260,"vehiclenumber":"KA42F1709","servicetypeid":72,"servicetype":"Non AC/Ordinary","centerlat":12.835853,"centerlong":77.657745,"eta":"2024-03-10 06:46:00","sch_arrivaltime":"06:29","sch_departuretime":"06:29","actual_arrivaltime":"","actual_departuretime":"","sch_tripstarttime":"05:35","sch_tripendtime":"05:35","lastlocationid":0,"currentlocationid":20772,"nextlocationid":0,"currentstop":null,"nextstop":null,"laststop":null,"stopCoveredStatus":0,"heading":300,"lastrefreshon":"10-03-2024 06:44:27","lastreceiveddatetimeflag":0,"tripposition":1}]}],"mapData":[{"vehicleid":15256,"vehiclenumber":"KA53F0041","servicetypeid":72,"servicetype":"Non AC/Ordinary","centerlat":12.835867,"centerlong":77.657082,"eta":"","sch_arrivaltime":"04:49","sch_departuretime":"04:49","actual_arrivaltime":"06:18","actual_departuretime":"","sch_tripstarttime":"03:55","sch_tripendtime":"03:55","lastlocationid":0,"currentlocationid":20772,"nextlocationid":0,"currentstop":null,"nextstop":null,"laststop":null,"stopCoveredStatus":1,"heading":160,"lastrefreshon":"10-03-2024 06:44:15","lastreceiveddatetimeflag":0,"tripposition":1},{"vehicleid":15260,"vehiclenumber":"KA42F1709","servicetypeid":72,"servicetype":"Non AC/Ordinary","centerlat":12.835853,"centerlong":77.657745,"eta":"2024-03-10 06:46:00","sch_arrivaltime":"06:29","sch_departuretime":"06:29","actual_arrivaltime":"","actual_departuretime":"","sch_tripstarttime":"05:35","sch_tripendtime":"05:35","lastlocationid":0,"currentlocationid":20772,"nextlocationid":0,"currentstop":null,"nextstop":null,"laststop":null,"stopCoveredStatus":0,"heading":300,"lastrefreshon":"10-03-2024 06:44:27","lastreceiveddatetimeflag":0,"tripposition":1}]},"down":{"data":[],"mapData":[]},"message":"Success","issuccess":true,"exception":null,"rowCount":0,"responsecode":200}