{"up":{"data":[{"routeid":13992,"stationid":35395,"stationname":"Vijayanagara Bus Station","from":"Vijayanagara Bus Station","to":"Nagarabhavi Circle","routeno":"VTTMC-MDP-NBC","distance_on_station":0,"centerlat":12.96558,"centerlong":77.53492,"responsecode":200,"isnotify":0,"vehicleDetails":[]},{"routeid":13992,"stationid":21011,"stationname":"Maruthi Mandira","from":"Vijayanagara Bus Station","to":"Nagarabhavi Circle","routeno":"VTTMC-MDP-NBC","distance_on_station":0,"centerlat":12.96783,"centerlong":77.53611,"responsecode":200,"isnotify":0,"vehicleDetails":[]},{"routeid":13992,"stationid":35407,"stationname":"Vijayanagara","from":"Vijayanagara Bus Station","to":"Nagarabhavi Circle","routeno":"VTTMC-MDP-NBC","distance_on_station":0,"centerlat":12.97311,"centerlong":77.53816,"responsecode":200,"isnotify":0,"vehicleDetails":[]},{"routeid":13992,"stationid":21977,"stationname":"Govindarajanagara","from":"Vijayanagara Bus Station","to":"Nagarabhavi Circle","routeno":"VTTMC-MDP-NBC","distance_on_station":0,"centerlat":12.97559,"centerlong":77.53666,"responsecode":200,"isnotify":0,"vehicleDetails":[]},{"routeid":13992,"stationid":22405,"stationname":"Prashanth Nagara","from":"Vijayanagara Bus Station","to":"Nagarabhavi Circle","routeno":"VTTMC-MDP-NBC","distance_on_station":0,"centerlat":12.97562,"centerlong":77.53124,"responsecode":200,"isnotify":0,"vehicleDetails":[]},{"routeid":13992,"stationid":28163,"stationname":"Saraswathi Nagara","from":"Vijayanagara Bus Station","to":"Nagarabhavi Circle","routeno":"VTTMC-MDP-NBC","distance_on_station":0,"centerlat":12.9736,"centerlong":77.53031,"responsecode":200,"isnotify":0,"vehicleDetails":[]},{"routeid":13992,"stationid":21588,"stationname":"Priyadarshini Layout","from":"Vijayanagara Bus Station","to":"Nagarabhavi Circle","routeno":"VTTMC-MDP-NBC","distance_on_station":0,"centerlat":12.97128,"centerlong":77.52681,"responsecode":200,"isnotify":0,"vehicleDetails":[]},{"routeid":13992,"stationid":22296,"stationname":"Moodalapalya","from":"Vijayanagara Bus Station","to":"Nagarabhavi Circle","routeno":"VTTMC-MDP-NBC","distance_on_station":0,"centerlat":12.97071,"centerlong":77.52499,"responsecode":200,"isnotify":0,"vehicleDetails":[]},{"routeid":13992,"stationid":22139,"stationname":"Kalyananagara","from":"Vijayanagara Bus Station","to":"Nagarabhavi Circle","routeno":"VTTMC-MDP-NBC","distance_on_station":0,"centerlat":12.96753,"centerlong":77.52388,"responsecode":200,"isnotify":0,"vehicleDetails":[]},{"routeid":13992,"stationid":21798,"stationname":"Byraveshwaranagara","from":"Vijayanagara Bus Station","to":"Nagarabhavi Circle","routeno":"VTTMC-MDP-NBC","distance_on_station":0,"centerlat":12.96519,"centerlong":77.52334,"responsecode":200,"isnotify":0,"vehicleDetails":[]},{"routeid":13992,"stationid":22268,"stationname":"Maruthi Nagara","from":"Vijayanagara Bus Station","to":"Nagarabhavi Circle","routeno":"VTTMC-MDP-NBC","distance_on_station":0,"centerlat":12.96176,"centerlong":77.52189,"responsecode":200,"isnotify":0,"vehicleDetails":[]},{"routeid":13992,"stationid":35384,"stationname":"Nagarabhavi Circle","from":"Vijayanagara Bus Station","to":"Nagarabhavi Circle","routeno":"VTTMC-MDP-NBC","distance_on_station":0,"centerlat":12.95859,"centerlong":77.519,"responsecode":200,"isnotify":0,"vehicleDetails":[]}],"mapData":[]},"down":{"data":[{"routeid":13993,"stationid":35384,"stationname":"Nagarabhavi Circle","from":"Nagarabhavi Circle","to":"Vijayanagara Bus Station","routeno":"VTTMC-MDP-NBC","distance_on_station":0,"centerlat":12.95859,"centerlong":77.519,"responsecode":200,"isnotify":0,"vehicleDetails":[]},{"routeid":13993,"stationid":21569,"stationname":"Maruthi Nagara","from":"Nagarabhavi Circle","to":"Vijayanagara Bus Station","routeno":"VTTMC-MDP-NBC","distance_on_station":0,"centerlat":12.96178,"centerlong":77.5217,"responsecode":200,"isnotify":0,"vehicleDetails":[]},{"routeid":13993,"stationid":21478,"stationname":"Byraveshwaranagara","from":"Nagarabhavi Circle","to":"Vijayanagara Bus Station","routeno":"VTTMC-MDP-NBC","distance_on_station":0,"centerlat":12.96501,"centerlong":77.52338,"responsecode":200,"isnotify":0,"vehicleDetails":[]},{"routeid":13993,"stationid":21552,"stationname":"Kalyananagara","from":"Nagarabhavi Circle","to":"Vijayanagara Bus Station","routeno":"VTTMC-MDP-NBC","distance_on_station":0,"centerlat":12.96736,"centerlong":77.52379,"responsecode":200,"isnotify":0,"vehicleDetails":[]},{"routeid":13993,"stationid":21573,"stationname":"Moodalapalya","from":"Nagarabhavi Circle","to":"Vijayanagara Bus Station","routeno":"VTTMC-MDP-NBC","distance_on_station":0,"centerlat":12.97054,"centerlong":77.5249,"responsecode":200,"isnotify":0,"vehicleDetails":[]},{"routeid":13993,"stationid":27756,"stationname":"Priyadarshini Layout","from":"Nagarabhavi Circle","to":"Vijayanagara Bus Station","routeno":"VTTMC-MDP-NBC","distance_on_station":0,"centerlat":12.97112,"centerlong":77.52676,"responsecode":200,"isnotify":0,"vehicleDetails":[]},{"routeid":13993,"stationid":21597,"stationname":"Saraswathi Nagara","from":"Nagarabhavi Circle","to":"Vijayanagara Bus Station","routeno":"VTTMC-MDP-NBC","distance_on_station":0,"centerlat":12.9738,"centerlong":77.53041,"responsecode":200,"isnotify":0,"vehicleDetails":[]},{"routeid":13993,"stationid":21587,"stationname":"Prashanth Nagara","from":"Nagarabhavi Circle","to":"Vijayanagara Bus Station","routeno":"VTTMC-MDP-NBC","distance_on_station":0,"centerlat":12.97551,"centerlong":77.53118,"responsecode":200,"isnotify":0,"vehicleDetails":[]},{"routeid":13993,"stationid":21519,"stationname":"Govindarajanagara","from":"Nagarabhavi Circle","to":"Vijayanagara Bus Station","routeno":"VTTMC-MDP-NBC","distance_on_station":0,"centerlat":12.97561,"centerlong":77.53646,"responsecode":200,"isnotify":0,"vehicleDetails":[]},{"routeid":13993,"stationid":21623,"stationname":"Vijayanagara","from":"Nagarabhavi Circle","to":"Vijayanagara Bus Station","routeno":"VTTMC-MDP-NBC","distance_on_station":0,"centerlat":12.97197,"centerlong":77.53786,"responsecode":200,"isnotify":0,"vehicleDetails":[]},{"routeid":13993,"stationid":21010,"stationname":"Maruthi Mandira","from":"Nagarabhavi Circle","to":"Vijayanagara Bus Station","routeno":"VTTMC-MDP-NBC","distance_on_station":0,"centerlat":12.96784,"centerlong":77.53629,"responsecode":200,"isnotify":0,"vehicleDetails":[]},{"routeid":13993,"stationid":35395,"stationname":"Vijayanagara Bus Station","from":"Nagarabhavi Circle","to":"Vijayanagara Bus Station","routeno":"VTTMC-MDP-NBC","distance_on_station":0,"centerlat":12.96558,"centerlong":77.53492,"responsecode":200,"isnotify":0,"vehicleDetails":[]}],"mapData":[]},"message":"Success","issuccess":true,"exception":null,"rowCount":0,"responsecode":200}